Copyright 1986-2022 Xilinx, Inc. All Rights Reserved. Copyright 2022-2023 Advanced Micro Devices, Inc. All Rights Reserved.
------------------------------------------------------------------------------------------------------------------------------------------------------------------------------------------------------------------------------------------------------------
| Tool Version : Vivado v.2023.1 (win64) Build 3865809 Sun May  7 15:05:29 MDT 2023
| Date         : Sun May  3 20:02:25 2026
| Host         : GN9HD17Q running 64-bit major release  (build 9200)
| Command      : report_timing_summary -max_paths 10 -report_unconstrained -file reactive_scene_top_ps_timing_summary_routed.rpt -pb reactive_scene_top_ps_timing_summary_routed.pb -rpx reactive_scene_top_ps_timing_summary_routed.rpx -warn_on_violation
| Design       : reactive_scene_top_ps
| Device       : 7z010-clg400
| Speed File   : -1  PRODUCTION 1.12 2019-11-22
| Design State : Routed
------------------------------------------------------------------------------------------------------------------------------------------------------------------------------------------------------------------------------------------------------------

Timing Summary Report

------------------------------------------------------------------------------------------------
| Timer Settings
| --------------
------------------------------------------------------------------------------------------------

  Enable Multi Corner Analysis               :  Yes
  Enable Pessimism Removal                   :  Yes
  Pessimism Removal Resolution               :  Nearest Common Node
  Enable Input Delay Default Clock           :  No
  Enable Preset / Clear Arcs                 :  No
  Disable Flight Delays                      :  No
  Ignore I/O Paths                           :  No
  Timing Early Launch at Borrowing Latches   :  No
  Borrow Time for Max Delay Exceptions       :  Yes
  Merge Timing Exceptions                    :  Yes

  Corner  Analyze    Analyze    
  Name    Max Paths  Min Paths  
  ------  ---------  ---------  
  Slow    Yes        Yes        
  Fast    Yes        Yes        


------------------------------------------------------------------------------------------------
| Report Methodology
| ------------------
------------------------------------------------------------------------------------------------

Rule       Severity  Description                                                                                            Violations  
---------  --------  -----------------------------------------------------------------------------------------------------  ----------  
DPIR-1     Warning   Asynchronous driver check                                                                              16          
LUTAR-1    Warning   LUT drives async reset alert                                                                           1           
TIMING-9   Warning   Unknown CDC Logic                                                                                      1           
TIMING-18  Warning   Missing input or output delay                                                                          13          
TIMING-28  Warning   Auto-derived clock referenced by a timing constraint                                                   2           
TIMING-47  Warning   False path, asynchronous clock group or max delay datapath only constraint between synchronous clocks  1           
ULMTCS-1   Warning   Control Sets use limits recommend reduction                                                            1           
XDCB-5     Warning   Runtime inefficient way to find pin objects                                                            1           

Note: This report is based on the most recent report_methodology run and may not be up-to-date. Run report_methodology on the current design for the latest report.



check_timing report

Table of Contents
-----------------
1. checking no_clock (0)
2. checking constant_clock (0)
3. checking pulse_width_clock (0)
4. checking unconstrained_internal_endpoints (0)
5. checking no_input_delay (5)
6. checking no_output_delay (5)
7. checking multiple_clock (0)
8. checking generated_clocks (0)
9. checking loops (0)
10. checking partial_input_delay (0)
11. checking partial_output_delay (0)
12. checking latch_loops (0)

1. checking no_clock (0)
------------------------
 There are 0 register/latch pins with no clock.


2. checking constant_clock (0)
------------------------------
 There are 0 register/latch pins with constant_clock.


3. checking pulse_width_clock (0)
---------------------------------
 There are 0 register/latch pins which need pulse_width check


4. checking unconstrained_internal_endpoints (0)
------------------------------------------------
 There are 0 pins that are not constrained for maximum delay.

 There are 0 pins that are not constrained for maximum delay due to constant clock.


5. checking no_input_delay (5)
------------------------------
 There are 5 input ports with no input delay specified. (HIGH)

 There are 0 input ports with no input delay but user has a false path constraint.


6. checking no_output_delay (5)
-------------------------------
 There are 5 ports with no output delay specified. (HIGH)

 There are 0 ports with no output delay but user has a false path constraint

 There are 0 ports with no output delay but with a timing clock defined on it or propagating through it


7. checking multiple_clock (0)
------------------------------
 There are 0 register/latch pins with multiple clocks.


8. checking generated_clocks (0)
--------------------------------
 There are 0 generated clocks that are not connected to a clock source.


9. checking loops (0)
---------------------
 There are 0 combinational loops in the design.


10. checking partial_input_delay (0)
------------------------------------
 There are 0 input ports with partial input delay specified.


11. checking partial_output_delay (0)
-------------------------------------
 There are 0 ports with partial output delay specified.


12. checking latch_loops (0)
----------------------------
 There are 0 combinational latch loops in the design through latch input



------------------------------------------------------------------------------------------------
| Design Timing Summary
| ---------------------
------------------------------------------------------------------------------------------------

    WNS(ns)      TNS(ns)  TNS Failing Endpoints  TNS Total Endpoints      WHS(ns)      THS(ns)  THS Failing Endpoints  THS Total Endpoints     WPWS(ns)     TPWS(ns)  TPWS Failing Endpoints  TPWS Total Endpoints  
    -------      -------  ---------------------  -------------------      -------      -------  ---------------------  -------------------     --------     --------  ----------------------  --------------------  
      0.642        0.000                      0                19633        0.014        0.000                      0                19633        2.000        0.000                       0                  7032  


All user specified timing constraints are met.


------------------------------------------------------------------------------------------------
| Clock Summary
| -------------
------------------------------------------------------------------------------------------------

Clock        Waveform(ns)         Period(ns)      Frequency(MHz)
-----        ------------         ----------      --------------
clk_fpga_0   {0.000 5.000}        10.000          100.000         
sys_clk_pin  {0.000 4.000}        8.000           125.000         
  clkfb      {0.000 4.000}        8.000           125.000         
  clkout0    {0.000 20.000}       40.000          25.000          
  clkout1    {0.000 4.000}        8.000           125.000         


------------------------------------------------------------------------------------------------
| Intra Clock Table
| -----------------
------------------------------------------------------------------------------------------------

Clock             WNS(ns)      TNS(ns)  TNS Failing Endpoints  TNS Total Endpoints      WHS(ns)      THS(ns)  THS Failing Endpoints  THS Total Endpoints     WPWS(ns)     TPWS(ns)  TPWS Failing Endpoints  TPWS Total Endpoints  
-----             -------      -------  ---------------------  -------------------      -------      -------  ---------------------  -------------------     --------     --------  ----------------------  --------------------  
clk_fpga_0          2.769        0.000                      0                18513        0.014        0.000                      0                18513        3.750        0.000                       0                  6511  
sys_clk_pin         0.642        0.000                      0                  821        0.184        0.000                      0                  821        2.000        0.000                       0                   289  
  clkfb                                                                                                                                                         6.751        0.000                       0                     2  
  clkout0          24.049        0.000                      0                  299        0.122        0.000                      0                  299       19.500        0.000                       0                   220  
  clkout1                                                                                                                                                       5.845        0.000                       0                    10  


------------------------------------------------------------------------------------------------
| Inter Clock Table
| -----------------
------------------------------------------------------------------------------------------------

From Clock    To Clock          WNS(ns)      TNS(ns)  TNS Failing Endpoints  TNS Total Endpoints      WHS(ns)      THS(ns)  THS Failing Endpoints  THS Total Endpoints  
----------    --------          -------      -------  ---------------------  -------------------      -------      -------  ---------------------  -------------------  


------------------------------------------------------------------------------------------------
| Other Path Groups Table
| -----------------------
------------------------------------------------------------------------------------------------

Path Group    From Clock    To Clock          WNS(ns)      TNS(ns)  TNS Failing Endpoints  TNS Total Endpoints      WHS(ns)      THS(ns)  THS Failing Endpoints  THS Total Endpoints  
----------    ----------    --------          -------      -------  ---------------------  -------------------      -------      -------  ---------------------  -------------------  


------------------------------------------------------------------------------------------------
| User Ignored Path Table
| -----------------------
------------------------------------------------------------------------------------------------

Path Group    From Clock    To Clock    
----------    ----------    --------    
(none)                      clk_fpga_0    
(none)        clk_fpga_0    clk_fpga_0    
(none)                      clkout0       
(none)        clk_fpga_0    clkout0       
(none)        sys_clk_pin   clkout0       


------------------------------------------------------------------------------------------------
| Unconstrained Path Table
| ------------------------
------------------------------------------------------------------------------------------------

Path Group    From Clock    To Clock    
----------    ----------    --------    
(none)                                    
(none)        clkfb                       
(none)        clkout0                     
(none)        clkout1                     
(none)                      clk_fpga_0    
(none)                      clkout0       
(none)                      sys_clk_pin   


------------------------------------------------------------------------------------------------
| Timing Details
| --------------
------------------------------------------------------------------------------------------------


---------------------------------------------------------------------------------------------------
From Clock:  clk_fpga_0
  To Clock:  clk_fpga_0

Setup :            0  Failing Endpoints,  Worst Slack        2.769ns,  Total Violation        0.000ns
Hold  :            0  Failing Endpoints,  Worst Slack        0.014ns,  Total Violation        0.000ns
PW    :            0  Failing Endpoints,  Worst Slack        3.750ns,  Total Violation        0.000ns
---------------------------------------------------------------------------------------------------


Max Delay Paths
--------------------------------------------------------------------------------------
Slack (MET) :             2.769ns  (required time - arrival time)
  Source:                 u_ps/design_1_i/axi_bram_ctrl_0/U0/gext_inst.abcv4_0_ext_inst/GEN_AXI4.I_FULL_AXI/GEN_ARB.I_SNG_PORT/aw_active_reg/C
                            (rising edge-triggered cell FDRE clocked by clk_fpga_0  {rise@0.000ns fall@5.000ns period=10.000ns})
  Destination:            u_ps/design_1_i/axi_bram_ctrl_0_bram_0/U0/inst_blk_mem_gen/gnbram.gnativebmg.native_blk_mem_gen/valid.cstr/ramloop[28].ram.r/prim_init.ram/DEVICE_7SERIES.NO_BMM_INFO.TRUE_DP.SIMPLE_PRIM36.ram/WEA[0]
                            (rising edge-triggered cell RAMB36E1 clocked by clk_fpga_0  {rise@0.000ns fall@5.000ns period=10.000ns})
  Path Group:             clk_fpga_0
  Path Type:              Setup (Max at Slow Process Corner)
  Requirement:            10.000ns  (clk_fpga_0 rise@10.000ns - clk_fpga_0 rise@0.000ns)
  Data Path Delay:        6.220ns  (logic 0.606ns (9.742%)  route 5.614ns (90.258%))
  Logic Levels:           1  (LUT2=1)
  Clock Path Skew:        -0.122ns (DCD - SCD + CPR)
    Destination Clock Delay (DCD):    2.730ns = ( 12.730 - 10.000 ) 
    Source Clock Delay      (SCD):    2.982ns
    Clock Pessimism Removal (CPR):    0.130ns
  Clock Uncertainty:      0.154ns  ((TSJ^2 + TIJ^2)^1/2 + DJ) / 2 + PE
    Total System Jitter     (TSJ):    0.071ns
    Total Input Jitter      (TIJ):    0.300ns
    Discrete Jitter          (DJ):    0.000ns
    Phase Error              (PE):    0.000ns

    Location             Delay type                Incr(ns)  Path(ns)    Netlist Resource(s)
  -------------------------------------------------------------------    -------------------
                         (clock clk_fpga_0 rise edge)
                                                      0.000     0.000 r  
    PS7_X0Y0             PS7                          0.000     0.000 r  u_ps/design_1_i/processing_system7_0/inst/PS7_i/FCLKCLK[0]
                         net (fo=1, routed)           1.207     1.207    u_ps/design_1_i/processing_system7_0/inst/FCLK_CLK_unbuffered[0]
    BUFGCTRL_X0Y0        BUFG (Prop_bufg_I_O)         0.101     1.308 r  u_ps/design_1_i/processing_system7_0/inst/buffer_fclk_clk_0.FCLK_CLK_0_BUFG/O
                         net (fo=6511, routed)        1.674     2.982    u_ps/design_1_i/axi_bram_ctrl_0/U0/gext_inst.abcv4_0_ext_inst/GEN_AXI4.I_FULL_AXI/GEN_ARB.I_SNG_PORT/s_axi_aclk
    SLICE_X27Y47         FDRE                                         r  u_ps/design_1_i/axi_bram_ctrl_0/U0/gext_inst.abcv4_0_ext_inst/GEN_AXI4.I_FULL_AXI/GEN_ARB.I_SNG_PORT/aw_active_reg/C
  -------------------------------------------------------------------    -------------------
    SLICE_X27Y47         FDRE (Prop_fdre_C_Q)         0.456     3.438 r  u_ps/design_1_i/axi_bram_ctrl_0/U0/gext_inst.abcv4_0_ext_inst/GEN_AXI4.I_FULL_AXI/GEN_ARB.I_SNG_PORT/aw_active_reg/Q
                         net (fo=11, routed)          1.006     4.444    u_ps/design_1_i/axi_bram_ctrl_0/U0/gext_inst.abcv4_0_ext_inst/GEN_AXI4.I_FULL_AXI/GEN_ARB.I_SNG_PORT/Arb2AW_Active
    SLICE_X25Y44         LUT2 (Prop_lut2_I0_O)        0.150     4.594 r  u_ps/design_1_i/axi_bram_ctrl_0/U0/gext_inst.abcv4_0_ext_inst/GEN_AXI4.I_FULL_AXI/GEN_ARB.I_SNG_PORT/bram_we_a[0]_INST_0/O
                         net (fo=29, routed)          4.609     9.202    u_ps/design_1_i/axi_bram_ctrl_0_bram_0/U0/inst_blk_mem_gen/gnbram.gnativebmg.native_blk_mem_gen/valid.cstr/ramloop[28].ram.r/prim_init.ram/wea[0]
    RAMB36_X0Y2          RAMB36E1                                     r  u_ps/design_1_i/axi_bram_ctrl_0_bram_0/U0/inst_blk_mem_gen/gnbram.gnativebmg.native_blk_mem_gen/valid.cstr/ramloop[28].ram.r/prim_init.ram/DEVICE_7SERIES.NO_BMM_INFO.TRUE_DP.SIMPLE_PRIM36.ram/WEA[0]
  -------------------------------------------------------------------    -------------------

                         (clock clk_fpga_0 rise edge)
                                                     10.000    10.000 r  
    PS7_X0Y0             PS7                          0.000    10.000 r  u_ps/design_1_i/processing_system7_0/inst/PS7_i/FCLKCLK[0]
                         net (fo=1, routed)           1.101    11.101    u_ps/design_1_i/processing_system7_0/inst/FCLK_CLK_unbuffered[0]
    BUFGCTRL_X0Y0        BUFG (Prop_bufg_I_O)         0.091    11.192 r  u_ps/design_1_i/processing_system7_0/inst/buffer_fclk_clk_0.FCLK_CLK_0_BUFG/O
                         net (fo=6511, routed)        1.538    12.730    u_ps/design_1_i/axi_bram_ctrl_0_bram_0/U0/inst_blk_mem_gen/gnbram.gnativebmg.native_blk_mem_gen/valid.cstr/ramloop[28].ram.r/prim_init.ram/clka
    RAMB36_X0Y2          RAMB36E1                                     r  u_ps/design_1_i/axi_bram_ctrl_0_bram_0/U0/inst_blk_mem_gen/gnbram.gnativebmg.native_blk_mem_gen/valid.cstr/ramloop[28].ram.r/prim_init.ram/DEVICE_7SERIES.NO_BMM_INFO.TRUE_DP.SIMPLE_PRIM36.ram/CLKARDCLK
                         clock pessimism              0.130    12.860    
                         clock uncertainty           -0.154    12.706    
    RAMB36_X0Y2          RAMB36E1 (Setup_ramb36e1_CLKARDCLK_WEA[0])
                                                     -0.734    11.972    u_ps/design_1_i/axi_bram_ctrl_0_bram_0/U0/inst_blk_mem_gen/gnbram.gnativebmg.native_blk_mem_gen/valid.cstr/ramloop[28].ram.r/prim_init.ram/DEVICE_7SERIES.NO_BMM_INFO.TRUE_DP.SIMPLE_PRIM36.ram
  -------------------------------------------------------------------
                         required time                         11.972    
                         arrival time                          -9.202    
  -------------------------------------------------------------------
                         slack                                  2.769    

Slack (MET) :             2.847ns  (required time - arrival time)
  Source:                 u_ps/design_1_i/axi_bram_ctrl_0/U0/gext_inst.abcv4_0_ext_inst/GEN_AXI4.I_FULL_AXI/GEN_ARB.I_SNG_PORT/aw_active_reg/C
                            (rising edge-triggered cell FDRE clocked by clk_fpga_0  {rise@0.000ns fall@5.000ns period=10.000ns})
  Destination:            u_ps/design_1_i/axi_bram_ctrl_0_bram_0/U0/inst_blk_mem_gen/gnbram.gnativebmg.native_blk_mem_gen/valid.cstr/ramloop[21].ram.r/prim_init.ram/DEVICE_7SERIES.NO_BMM_INFO.TRUE_DP.SIMPLE_PRIM36.ram/WEA[0]
                            (rising edge-triggered cell RAMB36E1 clocked by clk_fpga_0  {rise@0.000ns fall@5.000ns period=10.000ns})
  Path Group:             clk_fpga_0
  Path Type:              Setup (Max at Slow Process Corner)
  Requirement:            10.000ns  (clk_fpga_0 rise@10.000ns - clk_fpga_0 rise@0.000ns)
  Data Path Delay:        6.148ns  (logic 0.606ns (9.858%)  route 5.542ns (90.142%))
  Logic Levels:           1  (LUT2=1)
  Clock Path Skew:        -0.117ns (DCD - SCD + CPR)
    Destination Clock Delay (DCD):    2.735ns = ( 12.735 - 10.000 ) 
    Source Clock Delay      (SCD):    2.982ns
    Clock Pessimism Removal (CPR):    0.130ns
  Clock Uncertainty:      0.154ns  ((TSJ^2 + TIJ^2)^1/2 + DJ) / 2 + PE
    Total System Jitter     (TSJ):    0.071ns
    Total Input Jitter      (TIJ):    0.300ns
    Discrete Jitter          (DJ):    0.000ns
    Phase Error              (PE):    0.000ns

    Location             Delay type                Incr(ns)  Path(ns)    Netlist Resource(s)
  -------------------------------------------------------------------    -------------------
                         (clock clk_fpga_0 rise edge)
                                                      0.000     0.000 r  
    PS7_X0Y0             PS7                          0.000     0.000 r  u_ps/design_1_i/processing_system7_0/inst/PS7_i/FCLKCLK[0]
                         net (fo=1, routed)           1.207     1.207    u_ps/design_1_i/processing_system7_0/inst/FCLK_CLK_unbuffered[0]
    BUFGCTRL_X0Y0        BUFG (Prop_bufg_I_O)         0.101     1.308 r  u_ps/design_1_i/processing_system7_0/inst/buffer_fclk_clk_0.FCLK_CLK_0_BUFG/O
                         net (fo=6511, routed)        1.674     2.982    u_ps/design_1_i/axi_bram_ctrl_0/U0/gext_inst.abcv4_0_ext_inst/GEN_AXI4.I_FULL_AXI/GEN_ARB.I_SNG_PORT/s_axi_aclk
    SLICE_X27Y47         FDRE                                         r  u_ps/design_1_i/axi_bram_ctrl_0/U0/gext_inst.abcv4_0_ext_inst/GEN_AXI4.I_FULL_AXI/GEN_ARB.I_SNG_PORT/aw_active_reg/C
  -------------------------------------------------------------------    -------------------
    SLICE_X27Y47         FDRE (Prop_fdre_C_Q)         0.456     3.438 r  u_ps/design_1_i/axi_bram_ctrl_0/U0/gext_inst.abcv4_0_ext_inst/GEN_AXI4.I_FULL_AXI/GEN_ARB.I_SNG_PORT/aw_active_reg/Q
                         net (fo=11, routed)          1.006     4.444    u_ps/design_1_i/axi_bram_ctrl_0/U0/gext_inst.abcv4_0_ext_inst/GEN_AXI4.I_FULL_AXI/GEN_ARB.I_SNG_PORT/Arb2AW_Active
    SLICE_X25Y44         LUT2 (Prop_lut2_I0_O)        0.150     4.594 r  u_ps/design_1_i/axi_bram_ctrl_0/U0/gext_inst.abcv4_0_ext_inst/GEN_AXI4.I_FULL_AXI/GEN_ARB.I_SNG_PORT/bram_we_a[0]_INST_0/O
                         net (fo=29, routed)          4.536     9.130    u_ps/design_1_i/axi_bram_ctrl_0_bram_0/U0/inst_blk_mem_gen/gnbram.gnativebmg.native_blk_mem_gen/valid.cstr/ramloop[21].ram.r/prim_init.ram/wea[0]
    RAMB36_X0Y0          RAMB36E1                                     r  u_ps/design_1_i/axi_bram_ctrl_0_bram_0/U0/inst_blk_mem_gen/gnbram.gnativebmg.native_blk_mem_gen/valid.cstr/ramloop[21].ram.r/prim_init.ram/DEVICE_7SERIES.NO_BMM_INFO.TRUE_DP.SIMPLE_PRIM36.ram/WEA[0]
  -------------------------------------------------------------------    -------------------

                         (clock clk_fpga_0 rise edge)
                                                     10.000    10.000 r  
    PS7_X0Y0             PS7                          0.000    10.000 r  u_ps/design_1_i/processing_system7_0/inst/PS7_i/FCLKCLK[0]
                         net (fo=1, routed)           1.101    11.101    u_ps/design_1_i/processing_system7_0/inst/FCLK_CLK_unbuffered[0]
    BUFGCTRL_X0Y0        BUFG (Prop_bufg_I_O)         0.091    11.192 r  u_ps/design_1_i/processing_system7_0/inst/buffer_fclk_clk_0.FCLK_CLK_0_BUFG/O
                         net (fo=6511, routed)        1.543    12.735    u_ps/design_1_i/axi_bram_ctrl_0_bram_0/U0/inst_blk_mem_gen/gnbram.gnativebmg.native_blk_mem_gen/valid.cstr/ramloop[21].ram.r/prim_init.ram/clka
    RAMB36_X0Y0          RAMB36E1                                     r  u_ps/design_1_i/axi_bram_ctrl_0_bram_0/U0/inst_blk_mem_gen/gnbram.gnativebmg.native_blk_mem_gen/valid.cstr/ramloop[21].ram.r/prim_init.ram/DEVICE_7SERIES.NO_BMM_INFO.TRUE_DP.SIMPLE_PRIM36.ram/CLKARDCLK
                         clock pessimism              0.130    12.865    
                         clock uncertainty           -0.154    12.711    
    RAMB36_X0Y0          RAMB36E1 (Setup_ramb36e1_CLKARDCLK_WEA[0])
                                                     -0.734    11.977    u_ps/design_1_i/axi_bram_ctrl_0_bram_0/U0/inst_blk_mem_gen/gnbram.gnativebmg.native_blk_mem_gen/valid.cstr/ramloop[21].ram.r/prim_init.ram/DEVICE_7SERIES.NO_BMM_INFO.TRUE_DP.SIMPLE_PRIM36.ram
  -------------------------------------------------------------------
                         required time                         11.977    
                         arrival time                          -9.130    
  -------------------------------------------------------------------
                         slack                                  2.847    

Slack (MET) :             2.925ns  (required time - arrival time)
  Source:                 u_ps/design_1_i/axi_smc/inst/m00_exit_pipeline/m00_exit/inst/w_reg/state_reg[m_valid_i]/C
                            (rising edge-triggered cell FDRE clocked by clk_fpga_0  {rise@0.000ns fall@5.000ns period=10.000ns})
  Destination:            u_ps/design_1_i/axi_bram_ctrl_0_bram_0/U0/inst_blk_mem_gen/gnbram.gnativebmg.native_blk_mem_gen/valid.cstr/ramloop[25].ram.r/prim_init.ram/DEVICE_7SERIES.NO_BMM_INFO.TRUE_DP.SIMPLE_PRIM36.ram/REGCEAREGCE
                            (rising edge-triggered cell RAMB36E1 clocked by clk_fpga_0  {rise@0.000ns fall@5.000ns period=10.000ns})
  Path Group:             clk_fpga_0
  Path Type:              Setup (Max at Slow Process Corner)
  Requirement:            10.000ns  (clk_fpga_0 rise@10.000ns - clk_fpga_0 rise@0.000ns)
  Data Path Delay:        6.240ns  (logic 0.958ns (15.352%)  route 5.282ns (84.648%))
  Logic Levels:           2  (LUT4=1 LUT5=1)
  Clock Path Skew:        -0.117ns (DCD - SCD + CPR)
    Destination Clock Delay (DCD):    2.733ns = ( 12.733 - 10.000 ) 
    Source Clock Delay      (SCD):    2.980ns
    Clock Pessimism Removal (CPR):    0.130ns
  Clock Uncertainty:      0.154ns  ((TSJ^2 + TIJ^2)^1/2 + DJ) / 2 + PE
    Total System Jitter     (TSJ):    0.071ns
    Total Input Jitter      (TIJ):    0.300ns
    Discrete Jitter          (DJ):    0.000ns
    Phase Error              (PE):    0.000ns

    Location             Delay type                Incr(ns)  Path(ns)    Netlist Resource(s)
  -------------------------------------------------------------------    -------------------
                         (clock clk_fpga_0 rise edge)
                                                      0.000     0.000 r  
    PS7_X0Y0             PS7                          0.000     0.000 r  u_ps/design_1_i/processing_system7_0/inst/PS7_i/FCLKCLK[0]
                         net (fo=1, routed)           1.207     1.207    u_ps/design_1_i/processing_system7_0/inst/FCLK_CLK_unbuffered[0]
    BUFGCTRL_X0Y0        BUFG (Prop_bufg_I_O)         0.101     1.308 r  u_ps/design_1_i/processing_system7_0/inst/buffer_fclk_clk_0.FCLK_CLK_0_BUFG/O
                         net (fo=6511, routed)        1.672     2.980    u_ps/design_1_i/axi_smc/inst/m00_exit_pipeline/m00_exit/inst/w_reg/aclk
    SLICE_X27Y42         FDRE                                         r  u_ps/design_1_i/axi_smc/inst/m00_exit_pipeline/m00_exit/inst/w_reg/state_reg[m_valid_i]/C
  -------------------------------------------------------------------    -------------------
    SLICE_X27Y42         FDRE (Prop_fdre_C_Q)         0.456     3.436 f  u_ps/design_1_i/axi_smc/inst/m00_exit_pipeline/m00_exit/inst/w_reg/state_reg[m_valid_i]/Q
                         net (fo=15, routed)          0.980     4.416    u_ps/design_1_i/axi_bram_ctrl_0/U0/gext_inst.abcv4_0_ext_inst/GEN_AXI4.I_FULL_AXI/I_WR_CHNL/s_axi_wvalid
    SLICE_X27Y46         LUT5 (Prop_lut5_I4_O)        0.152     4.568 f  u_ps/design_1_i/axi_bram_ctrl_0/U0/gext_inst.abcv4_0_ext_inst/GEN_AXI4.I_FULL_AXI/I_WR_CHNL/GEN_WDATA_SM_NO_ECC_SNG_REG_WREADY.bram_en_int_i_1/O
                         net (fo=25, routed)          3.676     8.243    u_ps/design_1_i/axi_bram_ctrl_0_bram_0/U0/inst_blk_mem_gen/gnbram.gnativebmg.native_blk_mem_gen/valid.cstr/ramloop[25].ram.r/prim_init.ram/pwropt_2
    SLICE_X6Y10          LUT4 (Prop_lut4_I0_O)        0.350     8.593 r  u_ps/design_1_i/axi_bram_ctrl_0_bram_0/U0/inst_blk_mem_gen/gnbram.gnativebmg.native_blk_mem_gen/valid.cstr/ramloop[25].ram.r/prim_init.ram/DEVICE_7SERIES.NO_BMM_INFO.TRUE_DP.SIMPLE_PRIM36.ram_REGCEAREGCE_cooolgate_en_gate_23/O
                         net (fo=1, routed)           0.627     9.220    u_ps/design_1_i/axi_bram_ctrl_0_bram_0/U0/inst_blk_mem_gen/gnbram.gnativebmg.native_blk_mem_gen/valid.cstr/ramloop[25].ram.r/prim_init.ram/DEVICE_7SERIES.NO_BMM_INFO.TRUE_DP.SIMPLE_PRIM36.ram_REGCEAREGCE_cooolgate_en_sig_16
    RAMB36_X0Y1          RAMB36E1                                     r  u_ps/design_1_i/axi_bram_ctrl_0_bram_0/U0/inst_blk_mem_gen/gnbram.gnativebmg.native_blk_mem_gen/valid.cstr/ramloop[25].ram.r/prim_init.ram/DEVICE_7SERIES.NO_BMM_INFO.TRUE_DP.SIMPLE_PRIM36.ram/REGCEAREGCE
  -------------------------------------------------------------------    -------------------

                         (clock clk_fpga_0 rise edge)
                                                     10.000    10.000 r  
    PS7_X0Y0             PS7                          0.000    10.000 r  u_ps/design_1_i/processing_system7_0/inst/PS7_i/FCLKCLK[0]
                         net (fo=1, routed)           1.101    11.101    u_ps/design_1_i/processing_system7_0/inst/FCLK_CLK_unbuffered[0]
    BUFGCTRL_X0Y0        BUFG (Prop_bufg_I_O)         0.091    11.192 r  u_ps/design_1_i/processing_system7_0/inst/buffer_fclk_clk_0.FCLK_CLK_0_BUFG/O
                         net (fo=6511, routed)        1.541    12.733    u_ps/design_1_i/axi_bram_ctrl_0_bram_0/U0/inst_blk_mem_gen/gnbram.gnativebmg.native_blk_mem_gen/valid.cstr/ramloop[25].ram.r/prim_init.ram/clka
    RAMB36_X0Y1          RAMB36E1                                     r  u_ps/design_1_i/axi_bram_ctrl_0_bram_0/U0/inst_blk_mem_gen/gnbram.gnativebmg.native_blk_mem_gen/valid.cstr/ramloop[25].ram.r/prim_init.ram/DEVICE_7SERIES.NO_BMM_INFO.TRUE_DP.SIMPLE_PRIM36.ram/CLKARDCLK
                         clock pessimism              0.130    12.863    
                         clock uncertainty           -0.154    12.709    
    RAMB36_X0Y1          RAMB36E1 (Setup_ramb36e1_CLKARDCLK_REGCEAREGCE)
                                                     -0.564    12.145    u_ps/design_1_i/axi_bram_ctrl_0_bram_0/U0/inst_blk_mem_gen/gnbram.gnativebmg.native_blk_mem_gen/valid.cstr/ramloop[25].ram.r/prim_init.ram/DEVICE_7SERIES.NO_BMM_INFO.TRUE_DP.SIMPLE_PRIM36.ram
  -------------------------------------------------------------------
                         required time                         12.145    
                         arrival time                          -9.220    
  -------------------------------------------------------------------
                         slack                                  2.925    

Slack (MET) :             3.028ns  (required time - arrival time)
  Source:                 u_ps/design_1_i/axi_bram_ctrl_0/U0/gext_inst.abcv4_0_ext_inst/GEN_AXI4.I_FULL_AXI/GEN_ARB.I_SNG_PORT/aw_active_reg/C
                            (rising edge-triggered cell FDRE clocked by clk_fpga_0  {rise@0.000ns fall@5.000ns period=10.000ns})
  Destination:            u_ps/design_1_i/axi_bram_ctrl_0_bram_0/U0/inst_blk_mem_gen/gnbram.gnativebmg.native_blk_mem_gen/valid.cstr/ramloop[25].ram.r/prim_init.ram/DEVICE_7SERIES.NO_BMM_INFO.TRUE_DP.SIMPLE_PRIM36.ram/WEA[0]
                            (rising edge-triggered cell RAMB36E1 clocked by clk_fpga_0  {rise@0.000ns fall@5.000ns period=10.000ns})
  Path Group:             clk_fpga_0
  Path Type:              Setup (Max at Slow Process Corner)
  Requirement:            10.000ns  (clk_fpga_0 rise@10.000ns - clk_fpga_0 rise@0.000ns)
  Data Path Delay:        5.965ns  (logic 0.606ns (10.160%)  route 5.359ns (89.840%))
  Logic Levels:           1  (LUT2=1)
  Clock Path Skew:        -0.119ns (DCD - SCD + CPR)
    Destination Clock Delay (DCD):    2.733ns = ( 12.733 - 10.000 ) 
    Source Clock Delay      (SCD):    2.982ns
    Clock Pessimism Removal (CPR):    0.130ns
  Clock Uncertainty:      0.154ns  ((TSJ^2 + TIJ^2)^1/2 + DJ) / 2 + PE
    Total System Jitter     (TSJ):    0.071ns
    Total Input Jitter      (TIJ):    0.300ns
    Discrete Jitter          (DJ):    0.000ns
    Phase Error              (PE):    0.000ns

    Location             Delay type                Incr(ns)  Path(ns)    Netlist Resource(s)
  -------------------------------------------------------------------    -------------------
                         (clock clk_fpga_0 rise edge)
                                                      0.000     0.000 r  
    PS7_X0Y0             PS7                          0.000     0.000 r  u_ps/design_1_i/processing_system7_0/inst/PS7_i/FCLKCLK[0]
                         net (fo=1, routed)           1.207     1.207    u_ps/design_1_i/processing_system7_0/inst/FCLK_CLK_unbuffered[0]
    BUFGCTRL_X0Y0        BUFG (Prop_bufg_I_O)         0.101     1.308 r  u_ps/design_1_i/processing_system7_0/inst/buffer_fclk_clk_0.FCLK_CLK_0_BUFG/O
                         net (fo=6511, routed)        1.674     2.982    u_ps/design_1_i/axi_bram_ctrl_0/U0/gext_inst.abcv4_0_ext_inst/GEN_AXI4.I_FULL_AXI/GEN_ARB.I_SNG_PORT/s_axi_aclk
    SLICE_X27Y47         FDRE                                         r  u_ps/design_1_i/axi_bram_ctrl_0/U0/gext_inst.abcv4_0_ext_inst/GEN_AXI4.I_FULL_AXI/GEN_ARB.I_SNG_PORT/aw_active_reg/C
  -------------------------------------------------------------------    -------------------
    SLICE_X27Y47         FDRE (Prop_fdre_C_Q)         0.456     3.438 r  u_ps/design_1_i/axi_bram_ctrl_0/U0/gext_inst.abcv4_0_ext_inst/GEN_AXI4.I_FULL_AXI/GEN_ARB.I_SNG_PORT/aw_active_reg/Q
                         net (fo=11, routed)          1.006     4.444    u_ps/design_1_i/axi_bram_ctrl_0/U0/gext_inst.abcv4_0_ext_inst/GEN_AXI4.I_FULL_AXI/GEN_ARB.I_SNG_PORT/Arb2AW_Active
    SLICE_X25Y44         LUT2 (Prop_lut2_I0_O)        0.150     4.594 r  u_ps/design_1_i/axi_bram_ctrl_0/U0/gext_inst.abcv4_0_ext_inst/GEN_AXI4.I_FULL_AXI/GEN_ARB.I_SNG_PORT/bram_we_a[0]_INST_0/O
                         net (fo=29, routed)          4.353     8.947    u_ps/design_1_i/axi_bram_ctrl_0_bram_0/U0/inst_blk_mem_gen/gnbram.gnativebmg.native_blk_mem_gen/valid.cstr/ramloop[25].ram.r/prim_init.ram/wea[0]
    RAMB36_X0Y1          RAMB36E1                                     r  u_ps/design_1_i/axi_bram_ctrl_0_bram_0/U0/inst_blk_mem_gen/gnbram.gnativebmg.native_blk_mem_gen/valid.cstr/ramloop[25].ram.r/prim_init.ram/DEVICE_7SERIES.NO_BMM_INFO.TRUE_DP.SIMPLE_PRIM36.ram/WEA[0]
  -------------------------------------------------------------------    -------------------

                         (clock clk_fpga_0 rise edge)
                                                     10.000    10.000 r  
    PS7_X0Y0             PS7                          0.000    10.000 r  u_ps/design_1_i/processing_system7_0/inst/PS7_i/FCLKCLK[0]
                         net (fo=1, routed)           1.101    11.101    u_ps/design_1_i/processing_system7_0/inst/FCLK_CLK_unbuffered[0]
    BUFGCTRL_X0Y0        BUFG (Prop_bufg_I_O)         0.091    11.192 r  u_ps/design_1_i/processing_system7_0/inst/buffer_fclk_clk_0.FCLK_CLK_0_BUFG/O
                         net (fo=6511, routed)        1.541    12.733    u_ps/design_1_i/axi_bram_ctrl_0_bram_0/U0/inst_blk_mem_gen/gnbram.gnativebmg.native_blk_mem_gen/valid.cstr/ramloop[25].ram.r/prim_init.ram/clka
    RAMB36_X0Y1          RAMB36E1                                     r  u_ps/design_1_i/axi_bram_ctrl_0_bram_0/U0/inst_blk_mem_gen/gnbram.gnativebmg.native_blk_mem_gen/valid.cstr/ramloop[25].ram.r/prim_init.ram/DEVICE_7SERIES.NO_BMM_INFO.TRUE_DP.SIMPLE_PRIM36.ram/CLKARDCLK
                         clock pessimism              0.130    12.863    
                         clock uncertainty           -0.154    12.709    
    RAMB36_X0Y1          RAMB36E1 (Setup_ramb36e1_CLKARDCLK_WEA[0])
                                                     -0.734    11.975    u_ps/design_1_i/axi_bram_ctrl_0_bram_0/U0/inst_blk_mem_gen/gnbram.gnativebmg.native_blk_mem_gen/valid.cstr/ramloop[25].ram.r/prim_init.ram/DEVICE_7SERIES.NO_BMM_INFO.TRUE_DP.SIMPLE_PRIM36.ram
  -------------------------------------------------------------------
                         required time                         11.975    
                         arrival time                          -8.947    
  -------------------------------------------------------------------
                         slack                                  3.028    

Slack (MET) :             3.084ns  (required time - arrival time)
  Source:                 u_ps/design_1_i/axi_smc/inst/m00_exit_pipeline/m00_exit/inst/w_reg/state_reg[m_valid_i]/C
                            (rising edge-triggered cell FDRE clocked by clk_fpga_0  {rise@0.000ns fall@5.000ns period=10.000ns})
  Destination:            u_ps/design_1_i/axi_bram_ctrl_0_bram_0/U0/inst_blk_mem_gen/gnbram.gnativebmg.native_blk_mem_gen/valid.cstr/ramloop[21].ram.r/prim_init.ram/DEVICE_7SERIES.NO_BMM_INFO.TRUE_DP.SIMPLE_PRIM36.ram/REGCEAREGCE
                            (rising edge-triggered cell RAMB36E1 clocked by clk_fpga_0  {rise@0.000ns fall@5.000ns period=10.000ns})
  Path Group:             clk_fpga_0
  Path Type:              Setup (Max at Slow Process Corner)
  Requirement:            10.000ns  (clk_fpga_0 rise@10.000ns - clk_fpga_0 rise@0.000ns)
  Data Path Delay:        6.287ns  (logic 0.934ns (14.856%)  route 5.353ns (85.144%))
  Logic Levels:           2  (LUT4=1 LUT5=1)
  Clock Path Skew:        -0.115ns (DCD - SCD + CPR)
    Destination Clock Delay (DCD):    2.735ns = ( 12.735 - 10.000 ) 
    Source Clock Delay      (SCD):    2.980ns
    Clock Pessimism Removal (CPR):    0.130ns
  Clock Uncertainty:      0.154ns  ((TSJ^2 + TIJ^2)^1/2 + DJ) / 2 + PE
    Total System Jitter     (TSJ):    0.071ns
    Total Input Jitter      (TIJ):    0.300ns
    Discrete Jitter          (DJ):    0.000ns
    Phase Error              (PE):    0.000ns

    Location             Delay type                Incr(ns)  Path(ns)    Netlist Resource(s)
  -------------------------------------------------------------------    -------------------
                         (clock clk_fpga_0 rise edge)
                                                      0.000     0.000 r  
    PS7_X0Y0             PS7                          0.000     0.000 r  u_ps/design_1_i/processing_system7_0/inst/PS7_i/FCLKCLK[0]
                         net (fo=1, routed)           1.207     1.207    u_ps/design_1_i/processing_system7_0/inst/FCLK_CLK_unbuffered[0]
    BUFGCTRL_X0Y0        BUFG (Prop_bufg_I_O)         0.101     1.308 r  u_ps/design_1_i/processing_system7_0/inst/buffer_fclk_clk_0.FCLK_CLK_0_BUFG/O
                         net (fo=6511, routed)        1.672     2.980    u_ps/design_1_i/axi_smc/inst/m00_exit_pipeline/m00_exit/inst/w_reg/aclk
    SLICE_X27Y42         FDRE                                         r  u_ps/design_1_i/axi_smc/inst/m00_exit_pipeline/m00_exit/inst/w_reg/state_reg[m_valid_i]/C
  -------------------------------------------------------------------    -------------------
    SLICE_X27Y42         FDRE (Prop_fdre_C_Q)         0.456     3.436 f  u_ps/design_1_i/axi_smc/inst/m00_exit_pipeline/m00_exit/inst/w_reg/state_reg[m_valid_i]/Q
                         net (fo=15, routed)          0.980     4.416    u_ps/design_1_i/axi_bram_ctrl_0/U0/gext_inst.abcv4_0_ext_inst/GEN_AXI4.I_FULL_AXI/I_WR_CHNL/s_axi_wvalid
    SLICE_X27Y46         LUT5 (Prop_lut5_I4_O)        0.152     4.568 f  u_ps/design_1_i/axi_bram_ctrl_0/U0/gext_inst.abcv4_0_ext_inst/GEN_AXI4.I_FULL_AXI/I_WR_CHNL/GEN_WDATA_SM_NO_ECC_SNG_REG_WREADY.bram_en_int_i_1/O
                         net (fo=25, routed)          3.676     8.243    u_ps/design_1_i/axi_bram_ctrl_0_bram_0/U0/inst_blk_mem_gen/gnbram.gnativebmg.native_blk_mem_gen/valid.cstr/ramloop[21].ram.r/prim_init.ram/pwropt_1
    SLICE_X6Y10          LUT4 (Prop_lut4_I1_O)        0.326     8.569 r  u_ps/design_1_i/axi_bram_ctrl_0_bram_0/U0/inst_blk_mem_gen/gnbram.gnativebmg.native_blk_mem_gen/valid.cstr/ramloop[21].ram.r/prim_init.ram/DEVICE_7SERIES.NO_BMM_INFO.TRUE_DP.SIMPLE_PRIM36.ram_REGCEAREGCE_cooolgate_en_gate_41/O
                         net (fo=1, routed)           0.698     9.267    u_ps/design_1_i/axi_bram_ctrl_0_bram_0/U0/inst_blk_mem_gen/gnbram.gnativebmg.native_blk_mem_gen/valid.cstr/ramloop[21].ram.r/prim_init.ram/DEVICE_7SERIES.NO_BMM_INFO.TRUE_DP.SIMPLE_PRIM36.ram_REGCEAREGCE_cooolgate_en_sig_25
    RAMB36_X0Y0          RAMB36E1                                     r  u_ps/design_1_i/axi_bram_ctrl_0_bram_0/U0/inst_blk_mem_gen/gnbram.gnativebmg.native_blk_mem_gen/valid.cstr/ramloop[21].ram.r/prim_init.ram/DEVICE_7SERIES.NO_BMM_INFO.TRUE_DP.SIMPLE_PRIM36.ram/REGCEAREGCE
  -------------------------------------------------------------------    -------------------

                         (clock clk_fpga_0 rise edge)
                                                     10.000    10.000 r  
    PS7_X0Y0             PS7                          0.000    10.000 r  u_ps/design_1_i/processing_system7_0/inst/PS7_i/FCLKCLK[0]
                         net (fo=1, routed)           1.101    11.101    u_ps/design_1_i/processing_system7_0/inst/FCLK_CLK_unbuffered[0]
    BUFGCTRL_X0Y0        BUFG (Prop_bufg_I_O)         0.091    11.192 r  u_ps/design_1_i/processing_system7_0/inst/buffer_fclk_clk_0.FCLK_CLK_0_BUFG/O
                         net (fo=6511, routed)        1.543    12.735    u_ps/design_1_i/axi_bram_ctrl_0_bram_0/U0/inst_blk_mem_gen/gnbram.gnativebmg.native_blk_mem_gen/valid.cstr/ramloop[21].ram.r/prim_init.ram/clka
    RAMB36_X0Y0          RAMB36E1                                     r  u_ps/design_1_i/axi_bram_ctrl_0_bram_0/U0/inst_blk_mem_gen/gnbram.gnativebmg.native_blk_mem_gen/valid.cstr/ramloop[21].ram.r/prim_init.ram/DEVICE_7SERIES.NO_BMM_INFO.TRUE_DP.SIMPLE_PRIM36.ram/CLKARDCLK
                         clock pessimism              0.130    12.865    
                         clock uncertainty           -0.154    12.711    
    RAMB36_X0Y0          RAMB36E1 (Setup_ramb36e1_CLKARDCLK_REGCEAREGCE)
                                                     -0.360    12.351    u_ps/design_1_i/axi_bram_ctrl_0_bram_0/U0/inst_blk_mem_gen/gnbram.gnativebmg.native_blk_mem_gen/valid.cstr/ramloop[21].ram.r/prim_init.ram/DEVICE_7SERIES.NO_BMM_INFO.TRUE_DP.SIMPLE_PRIM36.ram
  -------------------------------------------------------------------
                         required time                         12.351    
                         arrival time                          -9.267    
  -------------------------------------------------------------------
                         slack                                  3.084    

Slack (MET) :             3.109ns  (required time - arrival time)
  Source:                 u_ps/design_1_i/axi_smc/inst/s00_entry_pipeline/s00_mmu/inst/r_sreg/state_reg[s_ready_i]/C
                            (rising edge-triggered cell FDRE clocked by clk_fpga_0  {rise@0.000ns fall@5.000ns period=10.000ns})
  Destination:            u_ps/design_1_i/axi_smc/inst/s00_entry_pipeline/s00_si_converter/inst/converter.wrap_narrow_inst/gen_thread_loop[0].r_payld_fifo/cmd_fifo/fifoaddr_reg[0]/CE
                            (rising edge-triggered cell FDSE clocked by clk_fpga_0  {rise@0.000ns fall@5.000ns period=10.000ns})
  Path Group:             clk_fpga_0
  Path Type:              Setup (Max at Slow Process Corner)
  Requirement:            10.000ns  (clk_fpga_0 rise@10.000ns - clk_fpga_0 rise@0.000ns)
  Data Path Delay:        6.202ns  (logic 1.227ns (19.782%)  route 4.975ns (80.218%))
  Logic Levels:           4  (LUT5=3 LUT6=1)
  Clock Path Skew:        -0.121ns (DCD - SCD + CPR)
    Destination Clock Delay (DCD):    2.683ns = ( 12.684 - 10.000 ) 
    Source Clock Delay      (SCD):    3.035ns
    Clock Pessimism Removal (CPR):    0.230ns
  Clock Uncertainty:      0.154ns  ((TSJ^2 + TIJ^2)^1/2 + DJ) / 2 + PE
    Total System Jitter     (TSJ):    0.071ns
    Total Input Jitter      (TIJ):    0.300ns
    Discrete Jitter          (DJ):    0.000ns
    Phase Error              (PE):    0.000ns

    Location             Delay type                Incr(ns)  Path(ns)    Netlist Resource(s)
  -------------------------------------------------------------------    -------------------
                         (clock clk_fpga_0 rise edge)
                                                      0.000     0.000 r  
    PS7_X0Y0             PS7                          0.000     0.000 r  u_ps/design_1_i/processing_system7_0/inst/PS7_i/FCLKCLK[0]
                         net (fo=1, routed)           1.207     1.207    u_ps/design_1_i/processing_system7_0/inst/FCLK_CLK_unbuffered[0]
    BUFGCTRL_X0Y0        BUFG (Prop_bufg_I_O)         0.101     1.308 r  u_ps/design_1_i/processing_system7_0/inst/buffer_fclk_clk_0.FCLK_CLK_0_BUFG/O
                         net (fo=6511, routed)        1.727     3.035    u_ps/design_1_i/axi_smc/inst/s00_entry_pipeline/s00_mmu/inst/r_sreg/aclk
    SLICE_X2Y42          FDRE                                         r  u_ps/design_1_i/axi_smc/inst/s00_entry_pipeline/s00_mmu/inst/r_sreg/state_reg[s_ready_i]/C
  -------------------------------------------------------------------    -------------------
    SLICE_X2Y42          FDRE (Prop_fdre_C_Q)         0.456     3.491 r  u_ps/design_1_i/axi_smc/inst/s00_entry_pipeline/s00_mmu/inst/r_sreg/state_reg[s_ready_i]/Q
                         net (fo=34, routed)          1.822     5.313    u_ps/design_1_i/axi_smc/inst/s00_entry_pipeline/s00_si_converter/inst/converter.wrap_narrow_inst/gen_thread_arb.r_thread_arb/s_axi_rready
    SLICE_X7Y21          LUT6 (Prop_lut6_I1_O)        0.124     5.437 r  u_ps/design_1_i/axi_smc/inst/s00_entry_pipeline/s00_si_converter/inst/converter.wrap_narrow_inst/gen_thread_arb.r_thread_arb/mesg_reg[40]_i_2__0/O
                         net (fo=5, routed)           0.406     5.843    u_ps/design_1_i/axi_smc/inst/s00_entry_pipeline/s00_si_converter/inst/converter.wrap_narrow_inst/gen_thread_loop[0].r_payld_fifo/cmd_fifo/r_burst_continue16_out
    SLICE_X6Y21          LUT5 (Prop_lut5_I4_O)        0.124     5.967 r  u_ps/design_1_i/axi_smc/inst/s00_entry_pipeline/s00_si_converter/inst/converter.wrap_narrow_inst/gen_thread_loop[0].r_payld_fifo/cmd_fifo/mesg_reg[40]_i_1__0/O
                         net (fo=42, routed)          1.292     7.259    u_ps/design_1_i/axi_smc/inst/s00_entry_pipeline/s00_si_converter/inst/converter.wrap_narrow_inst/gen_thread_loop[0].r_payld_fifo/cmd_fifo/m_valid_i
    SLICE_X16Y15         LUT5 (Prop_lut5_I0_O)        0.150     7.409 r  u_ps/design_1_i/axi_smc/inst/s00_entry_pipeline/s00_si_converter/inst/converter.wrap_narrow_inst/gen_thread_loop[0].r_payld_fifo/cmd_fifo/cmd_len_qq[7]_i_1__0/O
                         net (fo=15, routed)          0.881     8.290    u_ps/design_1_i/axi_smc/inst/s00_entry_pipeline/s00_si_converter/inst/converter.wrap_narrow_inst/gen_thread_loop[0].r_payld_fifo/cmd_fifo/cmd_len_qq
    SLICE_X14Y18         LUT5 (Prop_lut5_I1_O)        0.373     8.663 r  u_ps/design_1_i/axi_smc/inst/s00_entry_pipeline/s00_si_converter/inst/converter.wrap_narrow_inst/gen_thread_loop[0].r_payld_fifo/cmd_fifo/fifoaddr[3]_i_1__2/O
                         net (fo=4, routed)           0.574     9.237    u_ps/design_1_i/axi_smc/inst/s00_entry_pipeline/s00_si_converter/inst/converter.wrap_narrow_inst/gen_thread_loop[0].r_payld_fifo/cmd_fifo/fifoaddr[3]_i_1__2_n_0
    SLICE_X14Y18         FDSE                                         r  u_ps/design_1_i/axi_smc/inst/s00_entry_pipeline/s00_si_converter/inst/converter.wrap_narrow_inst/gen_thread_loop[0].r_payld_fifo/cmd_fifo/fifoaddr_reg[0]/CE
  -------------------------------------------------------------------    -------------------

                         (clock clk_fpga_0 rise edge)
                                                     10.000    10.000 r  
    PS7_X0Y0             PS7                          0.000    10.000 r  u_ps/design_1_i/processing_system7_0/inst/PS7_i/FCLKCLK[0]
                         net (fo=1, routed)           1.101    11.101    u_ps/design_1_i/processing_system7_0/inst/FCLK_CLK_unbuffered[0]
    BUFGCTRL_X0Y0        BUFG (Prop_bufg_I_O)         0.091    11.192 r  u_ps/design_1_i/processing_system7_0/inst/buffer_fclk_clk_0.FCLK_CLK_0_BUFG/O
                         net (fo=6511, routed)        1.491    12.683    u_ps/design_1_i/axi_smc/inst/s00_entry_pipeline/s00_si_converter/inst/converter.wrap_narrow_inst/gen_thread_loop[0].r_payld_fifo/cmd_fifo/aclk
    SLICE_X14Y18         FDSE                                         r  u_ps/design_1_i/axi_smc/inst/s00_entry_pipeline/s00_si_converter/inst/converter.wrap_narrow_inst/gen_thread_loop[0].r_payld_fifo/cmd_fifo/fifoaddr_reg[0]/C
                         clock pessimism              0.230    12.914    
                         clock uncertainty           -0.154    12.760    
    SLICE_X14Y18         FDSE (Setup_fdse_C_CE)      -0.413    12.347    u_ps/design_1_i/axi_smc/inst/s00_entry_pipeline/s00_si_converter/inst/converter.wrap_narrow_inst/gen_thread_loop[0].r_payld_fifo/cmd_fifo/fifoaddr_reg[0]
  -------------------------------------------------------------------
                         required time                         12.347    
                         arrival time                          -9.237    
  -------------------------------------------------------------------
                         slack                                  3.109    

Slack (MET) :             3.109ns  (required time - arrival time)
  Source:                 u_ps/design_1_i/axi_smc/inst/s00_entry_pipeline/s00_mmu/inst/r_sreg/state_reg[s_ready_i]/C
                            (rising edge-triggered cell FDRE clocked by clk_fpga_0  {rise@0.000ns fall@5.000ns period=10.000ns})
  Destination:            u_ps/design_1_i/axi_smc/inst/s00_entry_pipeline/s00_si_converter/inst/converter.wrap_narrow_inst/gen_thread_loop[0].r_payld_fifo/cmd_fifo/fifoaddr_reg[1]/CE
                            (rising edge-triggered cell FDSE clocked by clk_fpga_0  {rise@0.000ns fall@5.000ns period=10.000ns})
  Path Group:             clk_fpga_0
  Path Type:              Setup (Max at Slow Process Corner)
  Requirement:            10.000ns  (clk_fpga_0 rise@10.000ns - clk_fpga_0 rise@0.000ns)
  Data Path Delay:        6.202ns  (logic 1.227ns (19.782%)  route 4.975ns (80.218%))
  Logic Levels:           4  (LUT5=3 LUT6=1)
  Clock Path Skew:        -0.121ns (DCD - SCD + CPR)
    Destination Clock Delay (DCD):    2.683ns = ( 12.684 - 10.000 ) 
    Source Clock Delay      (SCD):    3.035ns
    Clock Pessimism Removal (CPR):    0.230ns
  Clock Uncertainty:      0.154ns  ((TSJ^2 + TIJ^2)^1/2 + DJ) / 2 + PE
    Total System Jitter     (TSJ):    0.071ns
    Total Input Jitter      (TIJ):    0.300ns
    Discrete Jitter          (DJ):    0.000ns
    Phase Error              (PE):    0.000ns

    Location             Delay type                Incr(ns)  Path(ns)    Netlist Resource(s)
  -------------------------------------------------------------------    -------------------
                         (clock clk_fpga_0 rise edge)
                                                      0.000     0.000 r  
    PS7_X0Y0             PS7                          0.000     0.000 r  u_ps/design_1_i/processing_system7_0/inst/PS7_i/FCLKCLK[0]
                         net (fo=1, routed)           1.207     1.207    u_ps/design_1_i/processing_system7_0/inst/FCLK_CLK_unbuffered[0]
    BUFGCTRL_X0Y0        BUFG (Prop_bufg_I_O)         0.101     1.308 r  u_ps/design_1_i/processing_system7_0/inst/buffer_fclk_clk_0.FCLK_CLK_0_BUFG/O
                         net (fo=6511, routed)        1.727     3.035    u_ps/design_1_i/axi_smc/inst/s00_entry_pipeline/s00_mmu/inst/r_sreg/aclk
    SLICE_X2Y42          FDRE                                         r  u_ps/design_1_i/axi_smc/inst/s00_entry_pipeline/s00_mmu/inst/r_sreg/state_reg[s_ready_i]/C
  -------------------------------------------------------------------    -------------------
    SLICE_X2Y42          FDRE (Prop_fdre_C_Q)         0.456     3.491 r  u_ps/design_1_i/axi_smc/inst/s00_entry_pipeline/s00_mmu/inst/r_sreg/state_reg[s_ready_i]/Q
                         net (fo=34, routed)          1.822     5.313    u_ps/design_1_i/axi_smc/inst/s00_entry_pipeline/s00_si_converter/inst/converter.wrap_narrow_inst/gen_thread_arb.r_thread_arb/s_axi_rready
    SLICE_X7Y21          LUT6 (Prop_lut6_I1_O)        0.124     5.437 r  u_ps/design_1_i/axi_smc/inst/s00_entry_pipeline/s00_si_converter/inst/converter.wrap_narrow_inst/gen_thread_arb.r_thread_arb/mesg_reg[40]_i_2__0/O
                         net (fo=5, routed)           0.406     5.843    u_ps/design_1_i/axi_smc/inst/s00_entry_pipeline/s00_si_converter/inst/converter.wrap_narrow_inst/gen_thread_loop[0].r_payld_fifo/cmd_fifo/r_burst_continue16_out
    SLICE_X6Y21          LUT5 (Prop_lut5_I4_O)        0.124     5.967 r  u_ps/design_1_i/axi_smc/inst/s00_entry_pipeline/s00_si_converter/inst/converter.wrap_narrow_inst/gen_thread_loop[0].r_payld_fifo/cmd_fifo/mesg_reg[40]_i_1__0/O
                         net (fo=42, routed)          1.292     7.259    u_ps/design_1_i/axi_smc/inst/s00_entry_pipeline/s00_si_converter/inst/converter.wrap_narrow_inst/gen_thread_loop[0].r_payld_fifo/cmd_fifo/m_valid_i
    SLICE_X16Y15         LUT5 (Prop_lut5_I0_O)        0.150     7.409 r  u_ps/design_1_i/axi_smc/inst/s00_entry_pipeline/s00_si_converter/inst/converter.wrap_narrow_inst/gen_thread_loop[0].r_payld_fifo/cmd_fifo/cmd_len_qq[7]_i_1__0/O
                         net (fo=15, routed)          0.881     8.290    u_ps/design_1_i/axi_smc/inst/s00_entry_pipeline/s00_si_converter/inst/converter.wrap_narrow_inst/gen_thread_loop[0].r_payld_fifo/cmd_fifo/cmd_len_qq
    SLICE_X14Y18         LUT5 (Prop_lut5_I1_O)        0.373     8.663 r  u_ps/design_1_i/axi_smc/inst/s00_entry_pipeline/s00_si_converter/inst/converter.wrap_narrow_inst/gen_thread_loop[0].r_payld_fifo/cmd_fifo/fifoaddr[3]_i_1__2/O
                         net (fo=4, routed)           0.574     9.237    u_ps/design_1_i/axi_smc/inst/s00_entry_pipeline/s00_si_converter/inst/converter.wrap_narrow_inst/gen_thread_loop[0].r_payld_fifo/cmd_fifo/fifoaddr[3]_i_1__2_n_0
    SLICE_X14Y18         FDSE                                         r  u_ps/design_1_i/axi_smc/inst/s00_entry_pipeline/s00_si_converter/inst/converter.wrap_narrow_inst/gen_thread_loop[0].r_payld_fifo/cmd_fifo/fifoaddr_reg[1]/CE
  -------------------------------------------------------------------    -------------------

                         (clock clk_fpga_0 rise edge)
                                                     10.000    10.000 r  
    PS7_X0Y0             PS7                          0.000    10.000 r  u_ps/design_1_i/processing_system7_0/inst/PS7_i/FCLKCLK[0]
                         net (fo=1, routed)           1.101    11.101    u_ps/design_1_i/processing_system7_0/inst/FCLK_CLK_unbuffered[0]
    BUFGCTRL_X0Y0        BUFG (Prop_bufg_I_O)         0.091    11.192 r  u_ps/design_1_i/processing_system7_0/inst/buffer_fclk_clk_0.FCLK_CLK_0_BUFG/O
                         net (fo=6511, routed)        1.491    12.683    u_ps/design_1_i/axi_smc/inst/s00_entry_pipeline/s00_si_converter/inst/converter.wrap_narrow_inst/gen_thread_loop[0].r_payld_fifo/cmd_fifo/aclk
    SLICE_X14Y18         FDSE                                         r  u_ps/design_1_i/axi_smc/inst/s00_entry_pipeline/s00_si_converter/inst/converter.wrap_narrow_inst/gen_thread_loop[0].r_payld_fifo/cmd_fifo/fifoaddr_reg[1]/C
                         clock pessimism              0.230    12.914    
                         clock uncertainty           -0.154    12.760    
    SLICE_X14Y18         FDSE (Setup_fdse_C_CE)      -0.413    12.347    u_ps/design_1_i/axi_smc/inst/s00_entry_pipeline/s00_si_converter/inst/converter.wrap_narrow_inst/gen_thread_loop[0].r_payld_fifo/cmd_fifo/fifoaddr_reg[1]
  -------------------------------------------------------------------
                         required time                         12.347    
                         arrival time                          -9.237    
  -------------------------------------------------------------------
                         slack                                  3.109    

Slack (MET) :             3.109ns  (required time - arrival time)
  Source:                 u_ps/design_1_i/axi_smc/inst/s00_entry_pipeline/s00_mmu/inst/r_sreg/state_reg[s_ready_i]/C
                            (rising edge-triggered cell FDRE clocked by clk_fpga_0  {rise@0.000ns fall@5.000ns period=10.000ns})
  Destination:            u_ps/design_1_i/axi_smc/inst/s00_entry_pipeline/s00_si_converter/inst/converter.wrap_narrow_inst/gen_thread_loop[0].r_payld_fifo/cmd_fifo/fifoaddr_reg[2]/CE
                            (rising edge-triggered cell FDSE clocked by clk_fpga_0  {rise@0.000ns fall@5.000ns period=10.000ns})
  Path Group:             clk_fpga_0
  Path Type:              Setup (Max at Slow Process Corner)
  Requirement:            10.000ns  (clk_fpga_0 rise@10.000ns - clk_fpga_0 rise@0.000ns)
  Data Path Delay:        6.202ns  (logic 1.227ns (19.782%)  route 4.975ns (80.218%))
  Logic Levels:           4  (LUT5=3 LUT6=1)
  Clock Path Skew:        -0.121ns (DCD - SCD + CPR)
    Destination Clock Delay (DCD):    2.683ns = ( 12.684 - 10.000 ) 
    Source Clock Delay      (SCD):    3.035ns
    Clock Pessimism Removal (CPR):    0.230ns
  Clock Uncertainty:      0.154ns  ((TSJ^2 + TIJ^2)^1/2 + DJ) / 2 + PE
    Total System Jitter     (TSJ):    0.071ns
    Total Input Jitter      (TIJ):    0.300ns
    Discrete Jitter          (DJ):    0.000ns
    Phase Error              (PE):    0.000ns

    Location             Delay type                Incr(ns)  Path(ns)    Netlist Resource(s)
  -------------------------------------------------------------------    -------------------
                         (clock clk_fpga_0 rise edge)
                                                      0.000     0.000 r  
    PS7_X0Y0             PS7                          0.000     0.000 r  u_ps/design_1_i/processing_system7_0/inst/PS7_i/FCLKCLK[0]
                         net (fo=1, routed)           1.207     1.207    u_ps/design_1_i/processing_system7_0/inst/FCLK_CLK_unbuffered[0]
    BUFGCTRL_X0Y0        BUFG (Prop_bufg_I_O)         0.101     1.308 r  u_ps/design_1_i/processing_system7_0/inst/buffer_fclk_clk_0.FCLK_CLK_0_BUFG/O
                         net (fo=6511, routed)        1.727     3.035    u_ps/design_1_i/axi_smc/inst/s00_entry_pipeline/s00_mmu/inst/r_sreg/aclk
    SLICE_X2Y42          FDRE                                         r  u_ps/design_1_i/axi_smc/inst/s00_entry_pipeline/s00_mmu/inst/r_sreg/state_reg[s_ready_i]/C
  -------------------------------------------------------------------    -------------------
    SLICE_X2Y42          FDRE (Prop_fdre_C_Q)         0.456     3.491 r  u_ps/design_1_i/axi_smc/inst/s00_entry_pipeline/s00_mmu/inst/r_sreg/state_reg[s_ready_i]/Q
                         net (fo=34, routed)          1.822     5.313    u_ps/design_1_i/axi_smc/inst/s00_entry_pipeline/s00_si_converter/inst/converter.wrap_narrow_inst/gen_thread_arb.r_thread_arb/s_axi_rready
    SLICE_X7Y21          LUT6 (Prop_lut6_I1_O)        0.124     5.437 r  u_ps/design_1_i/axi_smc/inst/s00_entry_pipeline/s00_si_converter/inst/converter.wrap_narrow_inst/gen_thread_arb.r_thread_arb/mesg_reg[40]_i_2__0/O
                         net (fo=5, routed)           0.406     5.843    u_ps/design_1_i/axi_smc/inst/s00_entry_pipeline/s00_si_converter/inst/converter.wrap_narrow_inst/gen_thread_loop[0].r_payld_fifo/cmd_fifo/r_burst_continue16_out
    SLICE_X6Y21          LUT5 (Prop_lut5_I4_O)        0.124     5.967 r  u_ps/design_1_i/axi_smc/inst/s00_entry_pipeline/s00_si_converter/inst/converter.wrap_narrow_inst/gen_thread_loop[0].r_payld_fifo/cmd_fifo/mesg_reg[40]_i_1__0/O
                         net (fo=42, routed)          1.292     7.259    u_ps/design_1_i/axi_smc/inst/s00_entry_pipeline/s00_si_converter/inst/converter.wrap_narrow_inst/gen_thread_loop[0].r_payld_fifo/cmd_fifo/m_valid_i
    SLICE_X16Y15         LUT5 (Prop_lut5_I0_O)        0.150     7.409 r  u_ps/design_1_i/axi_smc/inst/s00_entry_pipeline/s00_si_converter/inst/converter.wrap_narrow_inst/gen_thread_loop[0].r_payld_fifo/cmd_fifo/cmd_len_qq[7]_i_1__0/O
                         net (fo=15, routed)          0.881     8.290    u_ps/design_1_i/axi_smc/inst/s00_entry_pipeline/s00_si_converter/inst/converter.wrap_narrow_inst/gen_thread_loop[0].r_payld_fifo/cmd_fifo/cmd_len_qq
    SLICE_X14Y18         LUT5 (Prop_lut5_I1_O)        0.373     8.663 r  u_ps/design_1_i/axi_smc/inst/s00_entry_pipeline/s00_si_converter/inst/converter.wrap_narrow_inst/gen_thread_loop[0].r_payld_fifo/cmd_fifo/fifoaddr[3]_i_1__2/O
                         net (fo=4, routed)           0.574     9.237    u_ps/design_1_i/axi_smc/inst/s00_entry_pipeline/s00_si_converter/inst/converter.wrap_narrow_inst/gen_thread_loop[0].r_payld_fifo/cmd_fifo/fifoaddr[3]_i_1__2_n_0
    SLICE_X14Y18         FDSE                                         r  u_ps/design_1_i/axi_smc/inst/s00_entry_pipeline/s00_si_converter/inst/converter.wrap_narrow_inst/gen_thread_loop[0].r_payld_fifo/cmd_fifo/fifoaddr_reg[2]/CE
  -------------------------------------------------------------------    -------------------

                         (clock clk_fpga_0 rise edge)
                                                     10.000    10.000 r  
    PS7_X0Y0             PS7                          0.000    10.000 r  u_ps/design_1_i/processing_system7_0/inst/PS7_i/FCLKCLK[0]
                         net (fo=1, routed)           1.101    11.101    u_ps/design_1_i/processing_system7_0/inst/FCLK_CLK_unbuffered[0]
    BUFGCTRL_X0Y0        BUFG (Prop_bufg_I_O)         0.091    11.192 r  u_ps/design_1_i/processing_system7_0/inst/buffer_fclk_clk_0.FCLK_CLK_0_BUFG/O
                         net (fo=6511, routed)        1.491    12.683    u_ps/design_1_i/axi_smc/inst/s00_entry_pipeline/s00_si_converter/inst/converter.wrap_narrow_inst/gen_thread_loop[0].r_payld_fifo/cmd_fifo/aclk
    SLICE_X14Y18         FDSE                                         r  u_ps/design_1_i/axi_smc/inst/s00_entry_pipeline/s00_si_converter/inst/converter.wrap_narrow_inst/gen_thread_loop[0].r_payld_fifo/cmd_fifo/fifoaddr_reg[2]/C
                         clock pessimism              0.230    12.914    
                         clock uncertainty           -0.154    12.760    
    SLICE_X14Y18         FDSE (Setup_fdse_C_CE)      -0.413    12.347    u_ps/design_1_i/axi_smc/inst/s00_entry_pipeline/s00_si_converter/inst/converter.wrap_narrow_inst/gen_thread_loop[0].r_payld_fifo/cmd_fifo/fifoaddr_reg[2]
  -------------------------------------------------------------------
                         required time                         12.347    
                         arrival time                          -9.237    
  -------------------------------------------------------------------
                         slack                                  3.109    

Slack (MET) :             3.109ns  (required time - arrival time)
  Source:                 u_ps/design_1_i/axi_smc/inst/s00_entry_pipeline/s00_mmu/inst/r_sreg/state_reg[s_ready_i]/C
                            (rising edge-triggered cell FDRE clocked by clk_fpga_0  {rise@0.000ns fall@5.000ns period=10.000ns})
  Destination:            u_ps/design_1_i/axi_smc/inst/s00_entry_pipeline/s00_si_converter/inst/converter.wrap_narrow_inst/gen_thread_loop[0].r_payld_fifo/cmd_fifo/fifoaddr_reg[3]/CE
                            (rising edge-triggered cell FDSE clocked by clk_fpga_0  {rise@0.000ns fall@5.000ns period=10.000ns})
  Path Group:             clk_fpga_0
  Path Type:              Setup (Max at Slow Process Corner)
  Requirement:            10.000ns  (clk_fpga_0 rise@10.000ns - clk_fpga_0 rise@0.000ns)
  Data Path Delay:        6.202ns  (logic 1.227ns (19.782%)  route 4.975ns (80.218%))
  Logic Levels:           4  (LUT5=3 LUT6=1)
  Clock Path Skew:        -0.121ns (DCD - SCD + CPR)
    Destination Clock Delay (DCD):    2.683ns = ( 12.684 - 10.000 ) 
    Source Clock Delay      (SCD):    3.035ns
    Clock Pessimism Removal (CPR):    0.230ns
  Clock Uncertainty:      0.154ns  ((TSJ^2 + TIJ^2)^1/2 + DJ) / 2 + PE
    Total System Jitter     (TSJ):    0.071ns
    Total Input Jitter      (TIJ):    0.300ns
    Discrete Jitter          (DJ):    0.000ns
    Phase Error              (PE):    0.000ns

    Location             Delay type                Incr(ns)  Path(ns)    Netlist Resource(s)
  -------------------------------------------------------------------    -------------------
                         (clock clk_fpga_0 rise edge)
                                                      0.000     0.000 r  
    PS7_X0Y0             PS7                          0.000     0.000 r  u_ps/design_1_i/processing_system7_0/inst/PS7_i/FCLKCLK[0]
                         net (fo=1, routed)           1.207     1.207    u_ps/design_1_i/processing_system7_0/inst/FCLK_CLK_unbuffered[0]
    BUFGCTRL_X0Y0        BUFG (Prop_bufg_I_O)         0.101     1.308 r  u_ps/design_1_i/processing_system7_0/inst/buffer_fclk_clk_0.FCLK_CLK_0_BUFG/O
                         net (fo=6511, routed)        1.727     3.035    u_ps/design_1_i/axi_smc/inst/s00_entry_pipeline/s00_mmu/inst/r_sreg/aclk
    SLICE_X2Y42          FDRE                                         r  u_ps/design_1_i/axi_smc/inst/s00_entry_pipeline/s00_mmu/inst/r_sreg/state_reg[s_ready_i]/C
  -------------------------------------------------------------------    -------------------
    SLICE_X2Y42          FDRE (Prop_fdre_C_Q)         0.456     3.491 r  u_ps/design_1_i/axi_smc/inst/s00_entry_pipeline/s00_mmu/inst/r_sreg/state_reg[s_ready_i]/Q
                         net (fo=34, routed)          1.822     5.313    u_ps/design_1_i/axi_smc/inst/s00_entry_pipeline/s00_si_converter/inst/converter.wrap_narrow_inst/gen_thread_arb.r_thread_arb/s_axi_rready
    SLICE_X7Y21          LUT6 (Prop_lut6_I1_O)        0.124     5.437 r  u_ps/design_1_i/axi_smc/inst/s00_entry_pipeline/s00_si_converter/inst/converter.wrap_narrow_inst/gen_thread_arb.r_thread_arb/mesg_reg[40]_i_2__0/O
                         net (fo=5, routed)           0.406     5.843    u_ps/design_1_i/axi_smc/inst/s00_entry_pipeline/s00_si_converter/inst/converter.wrap_narrow_inst/gen_thread_loop[0].r_payld_fifo/cmd_fifo/r_burst_continue16_out
    SLICE_X6Y21          LUT5 (Prop_lut5_I4_O)        0.124     5.967 r  u_ps/design_1_i/axi_smc/inst/s00_entry_pipeline/s00_si_converter/inst/converter.wrap_narrow_inst/gen_thread_loop[0].r_payld_fifo/cmd_fifo/mesg_reg[40]_i_1__0/O
                         net (fo=42, routed)          1.292     7.259    u_ps/design_1_i/axi_smc/inst/s00_entry_pipeline/s00_si_converter/inst/converter.wrap_narrow_inst/gen_thread_loop[0].r_payld_fifo/cmd_fifo/m_valid_i
    SLICE_X16Y15         LUT5 (Prop_lut5_I0_O)        0.150     7.409 r  u_ps/design_1_i/axi_smc/inst/s00_entry_pipeline/s00_si_converter/inst/converter.wrap_narrow_inst/gen_thread_loop[0].r_payld_fifo/cmd_fifo/cmd_len_qq[7]_i_1__0/O
                         net (fo=15, routed)          0.881     8.290    u_ps/design_1_i/axi_smc/inst/s00_entry_pipeline/s00_si_converter/inst/converter.wrap_narrow_inst/gen_thread_loop[0].r_payld_fifo/cmd_fifo/cmd_len_qq
    SLICE_X14Y18         LUT5 (Prop_lut5_I1_O)        0.373     8.663 r  u_ps/design_1_i/axi_smc/inst/s00_entry_pipeline/s00_si_converter/inst/converter.wrap_narrow_inst/gen_thread_loop[0].r_payld_fifo/cmd_fifo/fifoaddr[3]_i_1__2/O
                         net (fo=4, routed)           0.574     9.237    u_ps/design_1_i/axi_smc/inst/s00_entry_pipeline/s00_si_converter/inst/converter.wrap_narrow_inst/gen_thread_loop[0].r_payld_fifo/cmd_fifo/fifoaddr[3]_i_1__2_n_0
    SLICE_X14Y18         FDSE                                         r  u_ps/design_1_i/axi_smc/inst/s00_entry_pipeline/s00_si_converter/inst/converter.wrap_narrow_inst/gen_thread_loop[0].r_payld_fifo/cmd_fifo/fifoaddr_reg[3]/CE
  -------------------------------------------------------------------    -------------------

                         (clock clk_fpga_0 rise edge)
                                                     10.000    10.000 r  
    PS7_X0Y0             PS7                          0.000    10.000 r  u_ps/design_1_i/processing_system7_0/inst/PS7_i/FCLKCLK[0]
                         net (fo=1, routed)           1.101    11.101    u_ps/design_1_i/processing_system7_0/inst/FCLK_CLK_unbuffered[0]
    BUFGCTRL_X0Y0        BUFG (Prop_bufg_I_O)         0.091    11.192 r  u_ps/design_1_i/processing_system7_0/inst/buffer_fclk_clk_0.FCLK_CLK_0_BUFG/O
                         net (fo=6511, routed)        1.491    12.683    u_ps/design_1_i/axi_smc/inst/s00_entry_pipeline/s00_si_converter/inst/converter.wrap_narrow_inst/gen_thread_loop[0].r_payld_fifo/cmd_fifo/aclk
    SLICE_X14Y18         FDSE                                         r  u_ps/design_1_i/axi_smc/inst/s00_entry_pipeline/s00_si_converter/inst/converter.wrap_narrow_inst/gen_thread_loop[0].r_payld_fifo/cmd_fifo/fifoaddr_reg[3]/C
                         clock pessimism              0.230    12.914    
                         clock uncertainty           -0.154    12.760    
    SLICE_X14Y18         FDSE (Setup_fdse_C_CE)      -0.413    12.347    u_ps/design_1_i/axi_smc/inst/s00_entry_pipeline/s00_si_converter/inst/converter.wrap_narrow_inst/gen_thread_loop[0].r_payld_fifo/cmd_fifo/fifoaddr_reg[3]
  -------------------------------------------------------------------
                         required time                         12.347    
                         arrival time                          -9.237    
  -------------------------------------------------------------------
                         slack                                  3.109    

Slack (MET) :             3.131ns  (required time - arrival time)
  Source:                 u_ps/design_1_i/axi_smc/inst/s00_entry_pipeline/s00_si_converter/inst/areset_reg/C
                            (rising edge-triggered cell FDRE clocked by clk_fpga_0  {rise@0.000ns fall@5.000ns period=10.000ns})
  Destination:            u_ps/design_1_i/axi_smc/inst/s00_entry_pipeline/s00_si_converter/inst/converter.wrap_narrow_inst/gen_thread_loop[1].r_payld_fifo/read_offset_reg[2]/D
                            (rising edge-triggered cell FDRE clocked by clk_fpga_0  {rise@0.000ns fall@5.000ns period=10.000ns})
  Path Group:             clk_fpga_0
  Path Type:              Setup (Max at Slow Process Corner)
  Requirement:            10.000ns  (clk_fpga_0 rise@10.000ns - clk_fpga_0 rise@0.000ns)
  Data Path Delay:        6.576ns  (logic 0.996ns (15.147%)  route 5.580ns (84.853%))
  Logic Levels:           2  (LUT4=1 LUT6=1)
  Clock Path Skew:        -0.169ns (DCD - SCD + CPR)
    Destination Clock Delay (DCD):    2.693ns = ( 12.693 - 10.000 ) 
    Source Clock Delay      (SCD):    2.977ns
    Clock Pessimism Removal (CPR):    0.116ns
  Clock Uncertainty:      0.154ns  ((TSJ^2 + TIJ^2)^1/2 + DJ) / 2 + PE
    Total System Jitter     (TSJ):    0.071ns
    Total Input Jitter      (TIJ):    0.300ns
    Discrete Jitter          (DJ):    0.000ns
    Phase Error              (PE):    0.000ns

    Location             Delay type                Incr(ns)  Path(ns)    Netlist Resource(s)
  -------------------------------------------------------------------    -------------------
                         (clock clk_fpga_0 rise edge)
                                                      0.000     0.000 r  
    PS7_X0Y0             PS7                          0.000     0.000 r  u_ps/design_1_i/processing_system7_0/inst/PS7_i/FCLKCLK[0]
                         net (fo=1, routed)           1.207     1.207    u_ps/design_1_i/processing_system7_0/inst/FCLK_CLK_unbuffered[0]
    BUFGCTRL_X0Y0        BUFG (Prop_bufg_I_O)         0.101     1.308 r  u_ps/design_1_i/processing_system7_0/inst/buffer_fclk_clk_0.FCLK_CLK_0_BUFG/O
                         net (fo=6511, routed)        1.669     2.977    u_ps/design_1_i/axi_smc/inst/s00_entry_pipeline/s00_si_converter/inst/aclk
    SLICE_X8Y57          FDRE                                         r  u_ps/design_1_i/axi_smc/inst/s00_entry_pipeline/s00_si_converter/inst/areset_reg/C
  -------------------------------------------------------------------    -------------------
    SLICE_X8Y57          FDRE (Prop_fdre_C_Q)         0.518     3.495 f  u_ps/design_1_i/axi_smc/inst/s00_entry_pipeline/s00_si_converter/inst/areset_reg/Q
                         net (fo=399, routed)         5.097     8.592    u_ps/design_1_i/axi_smc/inst/s00_entry_pipeline/s00_si_converter/inst/converter.wrap_narrow_inst/gen_thread_loop[1].r_payld_fifo/areset
    SLICE_X8Y15          LUT4 (Prop_lut4_I0_O)        0.150     8.742 r  u_ps/design_1_i/axi_smc/inst/s00_entry_pipeline/s00_si_converter/inst/converter.wrap_narrow_inst/gen_thread_loop[1].r_payld_fifo/read_offset[3]_i_7__1/O
                         net (fo=2, routed)           0.483     9.225    u_ps/design_1_i/axi_smc/inst/s00_entry_pipeline/s00_si_converter/inst/converter.wrap_narrow_inst/gen_thread_loop[1].r_payld_fifo/cmd_fifo/read_offset_reg[2]_0
    SLICE_X7Y15          LUT6 (Prop_lut6_I5_O)        0.328     9.553 r  u_ps/design_1_i/axi_smc/inst/s00_entry_pipeline/s00_si_converter/inst/converter.wrap_narrow_inst/gen_thread_loop[1].r_payld_fifo/cmd_fifo/read_offset[2]_i_1/O
                         net (fo=1, routed)           0.000     9.553    u_ps/design_1_i/axi_smc/inst/s00_entry_pipeline/s00_si_converter/inst/converter.wrap_narrow_inst/gen_thread_loop[1].r_payld_fifo/cmd_fifo_n_1
    SLICE_X7Y15          FDRE                                         r  u_ps/design_1_i/axi_smc/inst/s00_entry_pipeline/s00_si_converter/inst/converter.wrap_narrow_inst/gen_thread_loop[1].r_payld_fifo/read_offset_reg[2]/D
  -------------------------------------------------------------------    -------------------

                         (clock clk_fpga_0 rise edge)
                                                     10.000    10.000 r  
    PS7_X0Y0             PS7                          0.000    10.000 r  u_ps/design_1_i/processing_system7_0/inst/PS7_i/FCLKCLK[0]
                         net (fo=1, routed)           1.101    11.101    u_ps/design_1_i/processing_system7_0/inst/FCLK_CLK_unbuffered[0]
    BUFGCTRL_X0Y0        BUFG (Prop_bufg_I_O)         0.091    11.192 r  u_ps/design_1_i/processing_system7_0/inst/buffer_fclk_clk_0.FCLK_CLK_0_BUFG/O
                         net (fo=6511, routed)        1.500    12.692    u_ps/design_1_i/axi_smc/inst/s00_entry_pipeline/s00_si_converter/inst/converter.wrap_narrow_inst/gen_thread_loop[1].r_payld_fifo/aclk
    SLICE_X7Y15          FDRE                                         r  u_ps/design_1_i/axi_smc/inst/s00_entry_pipeline/s00_si_converter/inst/converter.wrap_narrow_inst/gen_thread_loop[1].r_payld_fifo/read_offset_reg[2]/C
                         clock pessimism              0.116    12.808    
                         clock uncertainty           -0.154    12.654    
    SLICE_X7Y15          FDRE (Setup_fdre_C_D)        0.029    12.683    u_ps/design_1_i/axi_smc/inst/s00_entry_pipeline/s00_si_converter/inst/converter.wrap_narrow_inst/gen_thread_loop[1].r_payld_fifo/read_offset_reg[2]
  -------------------------------------------------------------------
                         required time                         12.683    
                         arrival time                          -9.553    
  -------------------------------------------------------------------
                         slack                                  3.131    





Min Delay Paths
--------------------------------------------------------------------------------------
Slack (MET) :             0.014ns  (arrival time - required time)
  Source:                 u_ps/design_1_i/axi_smc/inst/switchboards/aw_switchboard/inst/gen_mi[0].inst_opipe_payld/gen_pipe[1].pipe_reg[1][113]/C
                            (rising edge-triggered cell FDRE clocked by clk_fpga_0  {rise@0.000ns fall@5.000ns period=10.000ns})
  Destination:            u_ps/design_1_i/axi_smc/inst/m00_nodes/m00_aw_node/inst/inst_mi_handler/gen_normal_area.inst_fifo_node_payld/gen_xpm_memory_fifo.inst_fifo/gen_mem_rep[0].inst_xpm_memory/xpm_memory_base_inst/gen_wr_a.gen_word_narrow.mem_reg_0_31_108_113/RAMC_D1/I
                            (rising edge-triggered cell RAMD32 clocked by clk_fpga_0  {rise@0.000ns fall@5.000ns period=10.000ns})
  Path Group:             clk_fpga_0
  Path Type:              Hold (Min at Fast Process Corner)
  Requirement:            0.000ns  (clk_fpga_0 rise@0.000ns - clk_fpga_0 rise@0.000ns)
  Data Path Delay:        0.339ns  (logic 0.128ns (37.742%)  route 0.211ns (62.258%))
  Logic Levels:           0  
  Clock Path Skew:        0.264ns (DCD - SCD - CPR)
    Destination Clock Delay (DCD):    1.197ns
    Source Clock Delay      (SCD):    0.899ns
    Clock Pessimism Removal (CPR):    0.034ns

    Location             Delay type                Incr(ns)  Path(ns)    Netlist Resource(s)
  -------------------------------------------------------------------    -------------------
                         (clock clk_fpga_0 rise edge)
                                                      0.000     0.000 r  
    PS7_X0Y0             PS7                          0.000     0.000 r  u_ps/design_1_i/processing_system7_0/inst/PS7_i/FCLKCLK[0]
                         net (fo=1, routed)           0.315     0.315    u_ps/design_1_i/processing_system7_0/inst/FCLK_CLK_unbuffered[0]
    BUFGCTRL_X0Y0        BUFG (Prop_bufg_I_O)         0.026     0.341 r  u_ps/design_1_i/processing_system7_0/inst/buffer_fclk_clk_0.FCLK_CLK_0_BUFG/O
                         net (fo=6511, routed)        0.558     0.899    u_ps/design_1_i/axi_smc/inst/switchboards/aw_switchboard/inst/gen_mi[0].inst_opipe_payld/aclk
    SLICE_X21Y54         FDRE                                         r  u_ps/design_1_i/axi_smc/inst/switchboards/aw_switchboard/inst/gen_mi[0].inst_opipe_payld/gen_pipe[1].pipe_reg[1][113]/C
  -------------------------------------------------------------------    -------------------
    SLICE_X21Y54         FDRE (Prop_fdre_C_Q)         0.128     1.027 r  u_ps/design_1_i/axi_smc/inst/switchboards/aw_switchboard/inst/gen_mi[0].inst_opipe_payld/gen_pipe[1].pipe_reg[1][113]/Q
                         net (fo=2, routed)           0.211     1.238    u_ps/design_1_i/axi_smc/inst/m00_nodes/m00_aw_node/inst/inst_mi_handler/gen_normal_area.inst_fifo_node_payld/gen_xpm_memory_fifo.inst_fifo/gen_mem_rep[0].inst_xpm_memory/xpm_memory_base_inst/gen_wr_a.gen_word_narrow.mem_reg_0_31_108_113/DIC1
    SLICE_X24Y53         RAMD32                                       r  u_ps/design_1_i/axi_smc/inst/m00_nodes/m00_aw_node/inst/inst_mi_handler/gen_normal_area.inst_fifo_node_payld/gen_xpm_memory_fifo.inst_fifo/gen_mem_rep[0].inst_xpm_memory/xpm_memory_base_inst/gen_wr_a.gen_word_narrow.mem_reg_0_31_108_113/RAMC_D1/I
  -------------------------------------------------------------------    -------------------

                         (clock clk_fpga_0 rise edge)
                                                      0.000     0.000 r  
    PS7_X0Y0             PS7                          0.000     0.000 r  u_ps/design_1_i/processing_system7_0/inst/PS7_i/FCLKCLK[0]
                         net (fo=1, routed)           0.341     0.341    u_ps/design_1_i/processing_system7_0/inst/FCLK_CLK_unbuffered[0]
    BUFGCTRL_X0Y0        BUFG (Prop_bufg_I_O)         0.029     0.370 r  u_ps/design_1_i/processing_system7_0/inst/buffer_fclk_clk_0.FCLK_CLK_0_BUFG/O
                         net (fo=6511, routed)        0.827     1.197    u_ps/design_1_i/axi_smc/inst/m00_nodes/m00_aw_node/inst/inst_mi_handler/gen_normal_area.inst_fifo_node_payld/gen_xpm_memory_fifo.inst_fifo/gen_mem_rep[0].inst_xpm_memory/xpm_memory_base_inst/gen_wr_a.gen_word_narrow.mem_reg_0_31_108_113/WCLK
    SLICE_X24Y53         RAMD32                                       r  u_ps/design_1_i/axi_smc/inst/m00_nodes/m00_aw_node/inst/inst_mi_handler/gen_normal_area.inst_fifo_node_payld/gen_xpm_memory_fifo.inst_fifo/gen_mem_rep[0].inst_xpm_memory/xpm_memory_base_inst/gen_wr_a.gen_word_narrow.mem_reg_0_31_108_113/RAMC_D1/CLK
                         clock pessimism             -0.034     1.163    
    SLICE_X24Y53         RAMD32 (Hold_ramd32_CLK_I)
                                                      0.061     1.224    u_ps/design_1_i/axi_smc/inst/m00_nodes/m00_aw_node/inst/inst_mi_handler/gen_normal_area.inst_fifo_node_payld/gen_xpm_memory_fifo.inst_fifo/gen_mem_rep[0].inst_xpm_memory/xpm_memory_base_inst/gen_wr_a.gen_word_narrow.mem_reg_0_31_108_113/RAMC_D1
  -------------------------------------------------------------------
                         required time                         -1.224    
                         arrival time                           1.238    
  -------------------------------------------------------------------
                         slack                                  0.014    

Slack (MET) :             0.020ns  (arrival time - required time)
  Source:                 u_ps/design_1_i/axi_smc/inst/s00_nodes/s00_w_node/inst/inst_mi_handler/gen_normal_area.inst_fifo_node_payld/gen_xpm_memory_fifo.inst_fifo/gen_mem_rep[0].inst_xpm_memory/xpm_memory_base_inst/gen_rd_b.gen_rd_b_synth_template.gen_rf_narrow_reg.doutb_reg_reg[18]/C
                            (rising edge-triggered cell FDRE clocked by clk_fpga_0  {rise@0.000ns fall@5.000ns period=10.000ns})
  Destination:            u_ps/design_1_i/axi_smc/inst/switchboards/w_switchboard/inst/gen_mi[0].inst_opipe_payld/gen_pipe[1].pipe_reg[1][18]/D
                            (rising edge-triggered cell FDRE clocked by clk_fpga_0  {rise@0.000ns fall@5.000ns period=10.000ns})
  Path Group:             clk_fpga_0
  Path Type:              Hold (Min at Fast Process Corner)
  Requirement:            0.000ns  (clk_fpga_0 rise@0.000ns - clk_fpga_0 rise@0.000ns)
  Data Path Delay:        0.305ns  (logic 0.148ns (48.497%)  route 0.157ns (51.503%))
  Logic Levels:           0  
  Clock Path Skew:        0.263ns (DCD - SCD - CPR)
    Destination Clock Delay (DCD):    1.198ns
    Source Clock Delay      (SCD):    0.901ns
    Clock Pessimism Removal (CPR):    0.034ns

    Location             Delay type                Incr(ns)  Path(ns)    Netlist Resource(s)
  -------------------------------------------------------------------    -------------------
                         (clock clk_fpga_0 rise edge)
                                                      0.000     0.000 r  
    PS7_X0Y0             PS7                          0.000     0.000 r  u_ps/design_1_i/processing_system7_0/inst/PS7_i/FCLKCLK[0]
                         net (fo=1, routed)           0.315     0.315    u_ps/design_1_i/processing_system7_0/inst/FCLK_CLK_unbuffered[0]
    BUFGCTRL_X0Y0        BUFG (Prop_bufg_I_O)         0.026     0.341 r  u_ps/design_1_i/processing_system7_0/inst/buffer_fclk_clk_0.FCLK_CLK_0_BUFG/O
                         net (fo=6511, routed)        0.560     0.901    u_ps/design_1_i/axi_smc/inst/s00_nodes/s00_w_node/inst/inst_mi_handler/gen_normal_area.inst_fifo_node_payld/gen_xpm_memory_fifo.inst_fifo/gen_mem_rep[0].inst_xpm_memory/xpm_memory_base_inst/clka
    SLICE_X20Y45         FDRE                                         r  u_ps/design_1_i/axi_smc/inst/s00_nodes/s00_w_node/inst/inst_mi_handler/gen_normal_area.inst_fifo_node_payld/gen_xpm_memory_fifo.inst_fifo/gen_mem_rep[0].inst_xpm_memory/xpm_memory_base_inst/gen_rd_b.gen_rd_b_synth_template.gen_rf_narrow_reg.doutb_reg_reg[18]/C
  -------------------------------------------------------------------    -------------------
    SLICE_X20Y45         FDRE (Prop_fdre_C_Q)         0.148     1.049 r  u_ps/design_1_i/axi_smc/inst/s00_nodes/s00_w_node/inst/inst_mi_handler/gen_normal_area.inst_fifo_node_payld/gen_xpm_memory_fifo.inst_fifo/gen_mem_rep[0].inst_xpm_memory/xpm_memory_base_inst/gen_rd_b.gen_rd_b_synth_template.gen_rf_narrow_reg.doutb_reg_reg[18]/Q
                         net (fo=1, routed)           0.157     1.206    u_ps/design_1_i/axi_smc/inst/switchboards/w_switchboard/inst/gen_mi[0].inst_opipe_payld/s_sc_payld[6]
    SLICE_X23Y45         FDRE                                         r  u_ps/design_1_i/axi_smc/inst/switchboards/w_switchboard/inst/gen_mi[0].inst_opipe_payld/gen_pipe[1].pipe_reg[1][18]/D
  -------------------------------------------------------------------    -------------------

                         (clock clk_fpga_0 rise edge)
                                                      0.000     0.000 r  
    PS7_X0Y0             PS7                          0.000     0.000 r  u_ps/design_1_i/processing_system7_0/inst/PS7_i/FCLKCLK[0]
                         net (fo=1, routed)           0.341     0.341    u_ps/design_1_i/processing_system7_0/inst/FCLK_CLK_unbuffered[0]
    BUFGCTRL_X0Y0        BUFG (Prop_bufg_I_O)         0.029     0.370 r  u_ps/design_1_i/processing_system7_0/inst/buffer_fclk_clk_0.FCLK_CLK_0_BUFG/O
                         net (fo=6511, routed)        0.828     1.198    u_ps/design_1_i/axi_smc/inst/switchboards/w_switchboard/inst/gen_mi[0].inst_opipe_payld/aclk
    SLICE_X23Y45         FDRE                                         r  u_ps/design_1_i/axi_smc/inst/switchboards/w_switchboard/inst/gen_mi[0].inst_opipe_payld/gen_pipe[1].pipe_reg[1][18]/C
                         clock pessimism             -0.034     1.164    
    SLICE_X23Y45         FDRE (Hold_fdre_C_D)         0.022     1.186    u_ps/design_1_i/axi_smc/inst/switchboards/w_switchboard/inst/gen_mi[0].inst_opipe_payld/gen_pipe[1].pipe_reg[1][18]
  -------------------------------------------------------------------
                         required time                         -1.186    
                         arrival time                           1.206    
  -------------------------------------------------------------------
                         slack                                  0.020    

Slack (MET) :             0.026ns  (arrival time - required time)
  Source:                 u_ps/design_1_i/axi_smc/inst/s00_nodes/s00_ar_node/inst/inst_mi_handler/gen_normal_area.inst_fifo_node_payld/gen_xpm_memory_fifo.inst_fifo/gen_mem_rep[0].inst_xpm_memory/xpm_memory_base_inst/gen_rd_b.gen_rd_b_synth_template.gen_rf_narrow_reg.doutb_reg_reg[108]/C
                            (rising edge-triggered cell FDRE clocked by clk_fpga_0  {rise@0.000ns fall@5.000ns period=10.000ns})
  Destination:            u_ps/design_1_i/axi_smc/inst/switchboards/ar_switchboard/inst/gen_mi[0].inst_opipe_payld/gen_pipe[1].pipe_reg[1][108]/D
                            (rising edge-triggered cell FDRE clocked by clk_fpga_0  {rise@0.000ns fall@5.000ns period=10.000ns})
  Path Group:             clk_fpga_0
  Path Type:              Hold (Min at Fast Process Corner)
  Requirement:            0.000ns  (clk_fpga_0 rise@0.000ns - clk_fpga_0 rise@0.000ns)
  Data Path Delay:        0.305ns  (logic 0.148ns (48.497%)  route 0.157ns (51.503%))
  Logic Levels:           0  
  Clock Path Skew:        0.262ns (DCD - SCD - CPR)
    Destination Clock Delay (DCD):    1.193ns
    Source Clock Delay      (SCD):    0.897ns
    Clock Pessimism Removal (CPR):    0.034ns

    Location             Delay type                Incr(ns)  Path(ns)    Netlist Resource(s)
  -------------------------------------------------------------------    -------------------
                         (clock clk_fpga_0 rise edge)
                                                      0.000     0.000 r  
    PS7_X0Y0             PS7                          0.000     0.000 r  u_ps/design_1_i/processing_system7_0/inst/PS7_i/FCLKCLK[0]
                         net (fo=1, routed)           0.315     0.315    u_ps/design_1_i/processing_system7_0/inst/FCLK_CLK_unbuffered[0]
    BUFGCTRL_X0Y0        BUFG (Prop_bufg_I_O)         0.026     0.341 r  u_ps/design_1_i/processing_system7_0/inst/buffer_fclk_clk_0.FCLK_CLK_0_BUFG/O
                         net (fo=6511, routed)        0.556     0.897    u_ps/design_1_i/axi_smc/inst/s00_nodes/s00_ar_node/inst/inst_mi_handler/gen_normal_area.inst_fifo_node_payld/gen_xpm_memory_fifo.inst_fifo/gen_mem_rep[0].inst_xpm_memory/xpm_memory_base_inst/clka
    SLICE_X20Y35         FDRE                                         r  u_ps/design_1_i/axi_smc/inst/s00_nodes/s00_ar_node/inst/inst_mi_handler/gen_normal_area.inst_fifo_node_payld/gen_xpm_memory_fifo.inst_fifo/gen_mem_rep[0].inst_xpm_memory/xpm_memory_base_inst/gen_rd_b.gen_rd_b_synth_template.gen_rf_narrow_reg.doutb_reg_reg[108]/C
  -------------------------------------------------------------------    -------------------
    SLICE_X20Y35         FDRE (Prop_fdre_C_Q)         0.148     1.045 r  u_ps/design_1_i/axi_smc/inst/s00_nodes/s00_ar_node/inst/inst_mi_handler/gen_normal_area.inst_fifo_node_payld/gen_xpm_memory_fifo.inst_fifo/gen_mem_rep[0].inst_xpm_memory/xpm_memory_base_inst/gen_rd_b.gen_rd_b_synth_template.gen_rf_narrow_reg.doutb_reg_reg[108]/Q
                         net (fo=1, routed)           0.157     1.202    u_ps/design_1_i/axi_smc/inst/switchboards/ar_switchboard/inst/gen_mi[0].inst_opipe_payld/s_sc_payld[47]
    SLICE_X23Y35         FDRE                                         r  u_ps/design_1_i/axi_smc/inst/switchboards/ar_switchboard/inst/gen_mi[0].inst_opipe_payld/gen_pipe[1].pipe_reg[1][108]/D
  -------------------------------------------------------------------    -------------------

                         (clock clk_fpga_0 rise edge)
                                                      0.000     0.000 r  
    PS7_X0Y0             PS7                          0.000     0.000 r  u_ps/design_1_i/processing_system7_0/inst/PS7_i/FCLKCLK[0]
                         net (fo=1, routed)           0.341     0.341    u_ps/design_1_i/processing_system7_0/inst/FCLK_CLK_unbuffered[0]
    BUFGCTRL_X0Y0        BUFG (Prop_bufg_I_O)         0.029     0.370 r  u_ps/design_1_i/processing_system7_0/inst/buffer_fclk_clk_0.FCLK_CLK_0_BUFG/O
                         net (fo=6511, routed)        0.823     1.193    u_ps/design_1_i/axi_smc/inst/switchboards/ar_switchboard/inst/gen_mi[0].inst_opipe_payld/aclk
    SLICE_X23Y35         FDRE                                         r  u_ps/design_1_i/axi_smc/inst/switchboards/ar_switchboard/inst/gen_mi[0].inst_opipe_payld/gen_pipe[1].pipe_reg[1][108]/C
                         clock pessimism             -0.034     1.159    
    SLICE_X23Y35         FDRE (Hold_fdre_C_D)         0.017     1.176    u_ps/design_1_i/axi_smc/inst/switchboards/ar_switchboard/inst/gen_mi[0].inst_opipe_payld/gen_pipe[1].pipe_reg[1][108]
  -------------------------------------------------------------------
                         required time                         -1.176    
                         arrival time                           1.202    
  -------------------------------------------------------------------
                         slack                                  0.026    

Slack (MET) :             0.026ns  (arrival time - required time)
  Source:                 u_ps/design_1_i/axi_smc/inst/s00_nodes/s00_w_node/inst/inst_mi_handler/gen_normal_area.inst_fifo_node_payld/gen_xpm_memory_fifo.inst_fifo/gen_mem_rep[0].inst_xpm_memory/xpm_memory_base_inst/gen_rd_b.gen_rd_b_synth_template.gen_rf_narrow_reg.doutb_reg_reg[40]/C
                            (rising edge-triggered cell FDRE clocked by clk_fpga_0  {rise@0.000ns fall@5.000ns period=10.000ns})
  Destination:            u_ps/design_1_i/axi_smc/inst/switchboards/w_switchboard/inst/gen_mi[0].inst_opipe_payld/gen_pipe[1].pipe_reg[1][40]/D
                            (rising edge-triggered cell FDRE clocked by clk_fpga_0  {rise@0.000ns fall@5.000ns period=10.000ns})
  Path Group:             clk_fpga_0
  Path Type:              Hold (Min at Fast Process Corner)
  Requirement:            0.000ns  (clk_fpga_0 rise@0.000ns - clk_fpga_0 rise@0.000ns)
  Data Path Delay:        0.309ns  (logic 0.148ns (47.933%)  route 0.161ns (52.067%))
  Logic Levels:           0  
  Clock Path Skew:        0.263ns (DCD - SCD - CPR)
    Destination Clock Delay (DCD):    1.198ns
    Source Clock Delay      (SCD):    0.901ns
    Clock Pessimism Removal (CPR):    0.034ns

    Location             Delay type                Incr(ns)  Path(ns)    Netlist Resource(s)
  -------------------------------------------------------------------    -------------------
                         (clock clk_fpga_0 rise edge)
                                                      0.000     0.000 r  
    PS7_X0Y0             PS7                          0.000     0.000 r  u_ps/design_1_i/processing_system7_0/inst/PS7_i/FCLKCLK[0]
                         net (fo=1, routed)           0.315     0.315    u_ps/design_1_i/processing_system7_0/inst/FCLK_CLK_unbuffered[0]
    BUFGCTRL_X0Y0        BUFG (Prop_bufg_I_O)         0.026     0.341 r  u_ps/design_1_i/processing_system7_0/inst/buffer_fclk_clk_0.FCLK_CLK_0_BUFG/O
                         net (fo=6511, routed)        0.560     0.901    u_ps/design_1_i/axi_smc/inst/s00_nodes/s00_w_node/inst/inst_mi_handler/gen_normal_area.inst_fifo_node_payld/gen_xpm_memory_fifo.inst_fifo/gen_mem_rep[0].inst_xpm_memory/xpm_memory_base_inst/clka
    SLICE_X20Y44         FDRE                                         r  u_ps/design_1_i/axi_smc/inst/s00_nodes/s00_w_node/inst/inst_mi_handler/gen_normal_area.inst_fifo_node_payld/gen_xpm_memory_fifo.inst_fifo/gen_mem_rep[0].inst_xpm_memory/xpm_memory_base_inst/gen_rd_b.gen_rd_b_synth_template.gen_rf_narrow_reg.doutb_reg_reg[40]/C
  -------------------------------------------------------------------    -------------------
    SLICE_X20Y44         FDRE (Prop_fdre_C_Q)         0.148     1.049 r  u_ps/design_1_i/axi_smc/inst/s00_nodes/s00_w_node/inst/inst_mi_handler/gen_normal_area.inst_fifo_node_payld/gen_xpm_memory_fifo.inst_fifo/gen_mem_rep[0].inst_xpm_memory/xpm_memory_base_inst/gen_rd_b.gen_rd_b_synth_template.gen_rf_narrow_reg.doutb_reg_reg[40]/Q
                         net (fo=1, routed)           0.161     1.209    u_ps/design_1_i/axi_smc/inst/switchboards/w_switchboard/inst/gen_mi[0].inst_opipe_payld/s_sc_payld[28]
    SLICE_X22Y44         FDRE                                         r  u_ps/design_1_i/axi_smc/inst/switchboards/w_switchboard/inst/gen_mi[0].inst_opipe_payld/gen_pipe[1].pipe_reg[1][40]/D
  -------------------------------------------------------------------    -------------------

                         (clock clk_fpga_0 rise edge)
                                                      0.000     0.000 r  
    PS7_X0Y0             PS7                          0.000     0.000 r  u_ps/design_1_i/processing_system7_0/inst/PS7_i/FCLKCLK[0]
                         net (fo=1, routed)           0.341     0.341    u_ps/design_1_i/processing_system7_0/inst/FCLK_CLK_unbuffered[0]
    BUFGCTRL_X0Y0        BUFG (Prop_bufg_I_O)         0.029     0.370 r  u_ps/design_1_i/processing_system7_0/inst/buffer_fclk_clk_0.FCLK_CLK_0_BUFG/O
                         net (fo=6511, routed)        0.828     1.198    u_ps/design_1_i/axi_smc/inst/switchboards/w_switchboard/inst/gen_mi[0].inst_opipe_payld/aclk
    SLICE_X22Y44         FDRE                                         r  u_ps/design_1_i/axi_smc/inst/switchboards/w_switchboard/inst/gen_mi[0].inst_opipe_payld/gen_pipe[1].pipe_reg[1][40]/C
                         clock pessimism             -0.034     1.164    
    SLICE_X22Y44         FDRE (Hold_fdre_C_D)         0.019     1.183    u_ps/design_1_i/axi_smc/inst/switchboards/w_switchboard/inst/gen_mi[0].inst_opipe_payld/gen_pipe[1].pipe_reg[1][40]
  -------------------------------------------------------------------
                         required time                         -1.183    
                         arrival time                           1.209    
  -------------------------------------------------------------------
                         slack                                  0.026    

Slack (MET) :             0.027ns  (arrival time - required time)
  Source:                 u_ps/design_1_i/axi_smc/inst/s00_entry_pipeline/s00_mmu/inst/aw_reg_stall/m_vector_i_reg[1026]/C
                            (rising edge-triggered cell FDRE clocked by clk_fpga_0  {rise@0.000ns fall@5.000ns period=10.000ns})
  Destination:            u_ps/design_1_i/axi_smc/inst/s00_entry_pipeline/s00_transaction_regulator/inst/gen_endpoint.gen_w_multithread.w_multithread/gen_pipe.sr_acmd_reg[1026]/D
                            (rising edge-triggered cell FDRE clocked by clk_fpga_0  {rise@0.000ns fall@5.000ns period=10.000ns})
  Path Group:             clk_fpga_0
  Path Type:              Hold (Min at Fast Process Corner)
  Requirement:            0.000ns  (clk_fpga_0 rise@0.000ns - clk_fpga_0 rise@0.000ns)
  Data Path Delay:        0.342ns  (logic 0.141ns (41.273%)  route 0.201ns (58.727%))
  Logic Levels:           0  
  Clock Path Skew:        0.267ns (DCD - SCD - CPR)
    Destination Clock Delay (DCD):    1.204ns
    Source Clock Delay      (SCD):    0.908ns
    Clock Pessimism Removal (CPR):    0.029ns

    Location             Delay type                Incr(ns)  Path(ns)    Netlist Resource(s)
  -------------------------------------------------------------------    -------------------
                         (clock clk_fpga_0 rise edge)
                                                      0.000     0.000 r  
    PS7_X0Y0             PS7                          0.000     0.000 r  u_ps/design_1_i/processing_system7_0/inst/PS7_i/FCLKCLK[0]
                         net (fo=1, routed)           0.315     0.315    u_ps/design_1_i/processing_system7_0/inst/FCLK_CLK_unbuffered[0]
    BUFGCTRL_X0Y0        BUFG (Prop_bufg_I_O)         0.026     0.341 r  u_ps/design_1_i/processing_system7_0/inst/buffer_fclk_clk_0.FCLK_CLK_0_BUFG/O
                         net (fo=6511, routed)        0.567     0.908    u_ps/design_1_i/axi_smc/inst/s00_entry_pipeline/s00_mmu/inst/aw_reg_stall/aclk
    SLICE_X7Y48          FDRE                                         r  u_ps/design_1_i/axi_smc/inst/s00_entry_pipeline/s00_mmu/inst/aw_reg_stall/m_vector_i_reg[1026]/C
  -------------------------------------------------------------------    -------------------
    SLICE_X7Y48          FDRE (Prop_fdre_C_Q)         0.141     1.049 r  u_ps/design_1_i/axi_smc/inst/s00_entry_pipeline/s00_mmu/inst/aw_reg_stall/m_vector_i_reg[1026]/Q
                         net (fo=1, routed)           0.201     1.249    u_ps/design_1_i/axi_smc/inst/s00_entry_pipeline/s00_transaction_regulator/inst/gen_endpoint.gen_w_multithread.w_multithread/D[17]
    SLICE_X7Y51          FDRE                                         r  u_ps/design_1_i/axi_smc/inst/s00_entry_pipeline/s00_transaction_regulator/inst/gen_endpoint.gen_w_multithread.w_multithread/gen_pipe.sr_acmd_reg[1026]/D
  -------------------------------------------------------------------    -------------------

                         (clock clk_fpga_0 rise edge)
                                                      0.000     0.000 r  
    PS7_X0Y0             PS7                          0.000     0.000 r  u_ps/design_1_i/processing_system7_0/inst/PS7_i/FCLKCLK[0]
                         net (fo=1, routed)           0.341     0.341    u_ps/design_1_i/processing_system7_0/inst/FCLK_CLK_unbuffered[0]
    BUFGCTRL_X0Y0        BUFG (Prop_bufg_I_O)         0.029     0.370 r  u_ps/design_1_i/processing_system7_0/inst/buffer_fclk_clk_0.FCLK_CLK_0_BUFG/O
                         net (fo=6511, routed)        0.834     1.204    u_ps/design_1_i/axi_smc/inst/s00_entry_pipeline/s00_transaction_regulator/inst/gen_endpoint.gen_w_multithread.w_multithread/aclk
    SLICE_X7Y51          FDRE                                         r  u_ps/design_1_i/axi_smc/inst/s00_entry_pipeline/s00_transaction_regulator/inst/gen_endpoint.gen_w_multithread.w_multithread/gen_pipe.sr_acmd_reg[1026]/C
                         clock pessimism             -0.029     1.175    
    SLICE_X7Y51          FDRE (Hold_fdre_C_D)         0.047     1.222    u_ps/design_1_i/axi_smc/inst/s00_entry_pipeline/s00_transaction_regulator/inst/gen_endpoint.gen_w_multithread.w_multithread/gen_pipe.sr_acmd_reg[1026]
  -------------------------------------------------------------------
                         required time                         -1.222    
                         arrival time                           1.249    
  -------------------------------------------------------------------
                         slack                                  0.027    

Slack (MET) :             0.029ns  (arrival time - required time)
  Source:                 u_ps/design_1_i/axi_smc/inst/m00_nodes/m00_w_node/inst/inst_mi_handler/gen_normal_area.inst_fifo_node_payld/gen_xpm_memory_fifo.inst_fifo/gen_mem_rep[0].inst_xpm_memory/xpm_memory_base_inst/gen_rd_b.gen_rd_b_synth_template.gen_rf_narrow_reg.doutb_reg_reg[43]/C
                            (rising edge-triggered cell FDRE clocked by clk_fpga_0  {rise@0.000ns fall@5.000ns period=10.000ns})
  Destination:            u_ps/design_1_i/axi_smc/inst/m00_exit_pipeline/m00_exit/inst/w_reg/skid_buffer_reg[1047]/D
                            (rising edge-triggered cell FDRE clocked by clk_fpga_0  {rise@0.000ns fall@5.000ns period=10.000ns})
  Path Group:             clk_fpga_0
  Path Type:              Hold (Min at Fast Process Corner)
  Requirement:            0.000ns  (clk_fpga_0 rise@0.000ns - clk_fpga_0 rise@0.000ns)
  Data Path Delay:        0.371ns  (logic 0.164ns (44.242%)  route 0.207ns (55.758%))
  Logic Levels:           0  
  Clock Path Skew:        0.265ns (DCD - SCD - CPR)
    Destination Clock Delay (DCD):    1.199ns
    Source Clock Delay      (SCD):    0.900ns
    Clock Pessimism Removal (CPR):    0.034ns

    Location             Delay type                Incr(ns)  Path(ns)    Netlist Resource(s)
  -------------------------------------------------------------------    -------------------
                         (clock clk_fpga_0 rise edge)
                                                      0.000     0.000 r  
    PS7_X0Y0             PS7                          0.000     0.000 r  u_ps/design_1_i/processing_system7_0/inst/PS7_i/FCLKCLK[0]
                         net (fo=1, routed)           0.315     0.315    u_ps/design_1_i/processing_system7_0/inst/FCLK_CLK_unbuffered[0]
    BUFGCTRL_X0Y0        BUFG (Prop_bufg_I_O)         0.026     0.341 r  u_ps/design_1_i/processing_system7_0/inst/buffer_fclk_clk_0.FCLK_CLK_0_BUFG/O
                         net (fo=6511, routed)        0.559     0.900    u_ps/design_1_i/axi_smc/inst/m00_nodes/m00_w_node/inst/inst_mi_handler/gen_normal_area.inst_fifo_node_payld/gen_xpm_memory_fifo.inst_fifo/gen_mem_rep[0].inst_xpm_memory/xpm_memory_base_inst/clka
    SLICE_X24Y42         FDRE                                         r  u_ps/design_1_i/axi_smc/inst/m00_nodes/m00_w_node/inst/inst_mi_handler/gen_normal_area.inst_fifo_node_payld/gen_xpm_memory_fifo.inst_fifo/gen_mem_rep[0].inst_xpm_memory/xpm_memory_base_inst/gen_rd_b.gen_rd_b_synth_template.gen_rf_narrow_reg.doutb_reg_reg[43]/C
  -------------------------------------------------------------------    -------------------
    SLICE_X24Y42         FDRE (Prop_fdre_C_Q)         0.164     1.064 r  u_ps/design_1_i/axi_smc/inst/m00_nodes/m00_w_node/inst/inst_mi_handler/gen_normal_area.inst_fifo_node_payld/gen_xpm_memory_fifo.inst_fifo/gen_mem_rep[0].inst_xpm_memory/xpm_memory_base_inst/gen_rd_b.gen_rd_b_synth_template.gen_rf_narrow_reg.doutb_reg_reg[43]/Q
                         net (fo=2, routed)           0.207     1.270    u_ps/design_1_i/axi_smc/inst/m00_exit_pipeline/m00_exit/inst/w_reg/D[23]
    SLICE_X21Y40         FDRE                                         r  u_ps/design_1_i/axi_smc/inst/m00_exit_pipeline/m00_exit/inst/w_reg/skid_buffer_reg[1047]/D
  -------------------------------------------------------------------    -------------------

                         (clock clk_fpga_0 rise edge)
                                                      0.000     0.000 r  
    PS7_X0Y0             PS7                          0.000     0.000 r  u_ps/design_1_i/processing_system7_0/inst/PS7_i/FCLKCLK[0]
                         net (fo=1, routed)           0.341     0.341    u_ps/design_1_i/processing_system7_0/inst/FCLK_CLK_unbuffered[0]
    BUFGCTRL_X0Y0        BUFG (Prop_bufg_I_O)         0.029     0.370 r  u_ps/design_1_i/processing_system7_0/inst/buffer_fclk_clk_0.FCLK_CLK_0_BUFG/O
                         net (fo=6511, routed)        0.829     1.199    u_ps/design_1_i/axi_smc/inst/m00_exit_pipeline/m00_exit/inst/w_reg/aclk
    SLICE_X21Y40         FDRE                                         r  u_ps/design_1_i/axi_smc/inst/m00_exit_pipeline/m00_exit/inst/w_reg/skid_buffer_reg[1047]/C
                         clock pessimism             -0.034     1.165    
    SLICE_X21Y40         FDRE (Hold_fdre_C_D)         0.076     1.241    u_ps/design_1_i/axi_smc/inst/m00_exit_pipeline/m00_exit/inst/w_reg/skid_buffer_reg[1047]
  -------------------------------------------------------------------
                         required time                         -1.241    
                         arrival time                           1.270    
  -------------------------------------------------------------------
                         slack                                  0.029    

Slack (MET) :             0.030ns  (arrival time - required time)
  Source:                 u_ps/design_1_i/axi_smc/inst/s00_nodes/s00_ar_node/inst/inst_mi_handler/gen_normal_area.inst_fifo_node_payld/gen_xpm_memory_fifo.inst_fifo/gen_mem_rep[0].inst_xpm_memory/xpm_memory_base_inst/gen_rd_b.gen_rd_b_synth_template.gen_rf_narrow_reg.doutb_reg_reg[94]/C
                            (rising edge-triggered cell FDRE clocked by clk_fpga_0  {rise@0.000ns fall@5.000ns period=10.000ns})
  Destination:            u_ps/design_1_i/axi_smc/inst/switchboards/ar_switchboard/inst/gen_mi[0].inst_opipe_payld/gen_pipe[1].pipe_reg[1][94]/D
                            (rising edge-triggered cell FDRE clocked by clk_fpga_0  {rise@0.000ns fall@5.000ns period=10.000ns})
  Path Group:             clk_fpga_0
  Path Type:              Hold (Min at Fast Process Corner)
  Requirement:            0.000ns  (clk_fpga_0 rise@0.000ns - clk_fpga_0 rise@0.000ns)
  Data Path Delay:        0.308ns  (logic 0.148ns (47.977%)  route 0.160ns (52.023%))
  Logic Levels:           0  
  Clock Path Skew:        0.261ns (DCD - SCD - CPR)
    Destination Clock Delay (DCD):    1.187ns
    Source Clock Delay      (SCD):    0.892ns
    Clock Pessimism Removal (CPR):    0.034ns

    Location             Delay type                Incr(ns)  Path(ns)    Netlist Resource(s)
  -------------------------------------------------------------------    -------------------
                         (clock clk_fpga_0 rise edge)
                                                      0.000     0.000 r  
    PS7_X0Y0             PS7                          0.000     0.000 r  u_ps/design_1_i/processing_system7_0/inst/PS7_i/FCLKCLK[0]
                         net (fo=1, routed)           0.315     0.315    u_ps/design_1_i/processing_system7_0/inst/FCLK_CLK_unbuffered[0]
    BUFGCTRL_X0Y0        BUFG (Prop_bufg_I_O)         0.026     0.341 r  u_ps/design_1_i/processing_system7_0/inst/buffer_fclk_clk_0.FCLK_CLK_0_BUFG/O
                         net (fo=6511, routed)        0.551     0.892    u_ps/design_1_i/axi_smc/inst/s00_nodes/s00_ar_node/inst/inst_mi_handler/gen_normal_area.inst_fifo_node_payld/gen_xpm_memory_fifo.inst_fifo/gen_mem_rep[0].inst_xpm_memory/xpm_memory_base_inst/clka
    SLICE_X20Y29         FDRE                                         r  u_ps/design_1_i/axi_smc/inst/s00_nodes/s00_ar_node/inst/inst_mi_handler/gen_normal_area.inst_fifo_node_payld/gen_xpm_memory_fifo.inst_fifo/gen_mem_rep[0].inst_xpm_memory/xpm_memory_base_inst/gen_rd_b.gen_rd_b_synth_template.gen_rf_narrow_reg.doutb_reg_reg[94]/C
  -------------------------------------------------------------------    -------------------
    SLICE_X20Y29         FDRE (Prop_fdre_C_Q)         0.148     1.039 r  u_ps/design_1_i/axi_smc/inst/s00_nodes/s00_ar_node/inst/inst_mi_handler/gen_normal_area.inst_fifo_node_payld/gen_xpm_memory_fifo.inst_fifo/gen_mem_rep[0].inst_xpm_memory/xpm_memory_base_inst/gen_rd_b.gen_rd_b_synth_template.gen_rf_narrow_reg.doutb_reg_reg[94]/Q
                         net (fo=1, routed)           0.160     1.200    u_ps/design_1_i/axi_smc/inst/switchboards/ar_switchboard/inst/gen_mi[0].inst_opipe_payld/s_sc_payld[33]
    SLICE_X22Y29         FDRE                                         r  u_ps/design_1_i/axi_smc/inst/switchboards/ar_switchboard/inst/gen_mi[0].inst_opipe_payld/gen_pipe[1].pipe_reg[1][94]/D
  -------------------------------------------------------------------    -------------------

                         (clock clk_fpga_0 rise edge)
                                                      0.000     0.000 r  
    PS7_X0Y0             PS7                          0.000     0.000 r  u_ps/design_1_i/processing_system7_0/inst/PS7_i/FCLKCLK[0]
                         net (fo=1, routed)           0.341     0.341    u_ps/design_1_i/processing_system7_0/inst/FCLK_CLK_unbuffered[0]
    BUFGCTRL_X0Y0        BUFG (Prop_bufg_I_O)         0.029     0.370 r  u_ps/design_1_i/processing_system7_0/inst/buffer_fclk_clk_0.FCLK_CLK_0_BUFG/O
                         net (fo=6511, routed)        0.817     1.187    u_ps/design_1_i/axi_smc/inst/switchboards/ar_switchboard/inst/gen_mi[0].inst_opipe_payld/aclk
    SLICE_X22Y29         FDRE                                         r  u_ps/design_1_i/axi_smc/inst/switchboards/ar_switchboard/inst/gen_mi[0].inst_opipe_payld/gen_pipe[1].pipe_reg[1][94]/C
                         clock pessimism             -0.034     1.153    
    SLICE_X22Y29         FDRE (Hold_fdre_C_D)         0.017     1.170    u_ps/design_1_i/axi_smc/inst/switchboards/ar_switchboard/inst/gen_mi[0].inst_opipe_payld/gen_pipe[1].pipe_reg[1][94]
  -------------------------------------------------------------------
                         required time                         -1.170    
                         arrival time                           1.200    
  -------------------------------------------------------------------
                         slack                                  0.030    

Slack (MET) :             0.032ns  (arrival time - required time)
  Source:                 u_ps/design_1_i/axi_smc/inst/s00_nodes/s00_ar_node/inst/inst_mi_handler/gen_normal_area.inst_fifo_node_payld/gen_xpm_memory_fifo.inst_fifo/gen_mem_rep[0].inst_xpm_memory/xpm_memory_base_inst/gen_rd_b.gen_rd_b_synth_template.gen_rf_narrow_reg.doutb_reg_reg[92]/C
                            (rising edge-triggered cell FDRE clocked by clk_fpga_0  {rise@0.000ns fall@5.000ns period=10.000ns})
  Destination:            u_ps/design_1_i/axi_smc/inst/switchboards/ar_switchboard/inst/gen_mi[0].inst_opipe_payld/gen_pipe[1].pipe_reg[1][92]/D
                            (rising edge-triggered cell FDRE clocked by clk_fpga_0  {rise@0.000ns fall@5.000ns period=10.000ns})
  Path Group:             clk_fpga_0
  Path Type:              Hold (Min at Fast Process Corner)
  Requirement:            0.000ns  (clk_fpga_0 rise@0.000ns - clk_fpga_0 rise@0.000ns)
  Data Path Delay:        0.306ns  (logic 0.148ns (48.409%)  route 0.158ns (51.591%))
  Logic Levels:           0  
  Clock Path Skew:        0.261ns (DCD - SCD - CPR)
    Destination Clock Delay (DCD):    1.187ns
    Source Clock Delay      (SCD):    0.892ns
    Clock Pessimism Removal (CPR):    0.034ns

    Location             Delay type                Incr(ns)  Path(ns)    Netlist Resource(s)
  -------------------------------------------------------------------    -------------------
                         (clock clk_fpga_0 rise edge)
                                                      0.000     0.000 r  
    PS7_X0Y0             PS7                          0.000     0.000 r  u_ps/design_1_i/processing_system7_0/inst/PS7_i/FCLKCLK[0]
                         net (fo=1, routed)           0.315     0.315    u_ps/design_1_i/processing_system7_0/inst/FCLK_CLK_unbuffered[0]
    BUFGCTRL_X0Y0        BUFG (Prop_bufg_I_O)         0.026     0.341 r  u_ps/design_1_i/processing_system7_0/inst/buffer_fclk_clk_0.FCLK_CLK_0_BUFG/O
                         net (fo=6511, routed)        0.551     0.892    u_ps/design_1_i/axi_smc/inst/s00_nodes/s00_ar_node/inst/inst_mi_handler/gen_normal_area.inst_fifo_node_payld/gen_xpm_memory_fifo.inst_fifo/gen_mem_rep[0].inst_xpm_memory/xpm_memory_base_inst/clka
    SLICE_X20Y29         FDRE                                         r  u_ps/design_1_i/axi_smc/inst/s00_nodes/s00_ar_node/inst/inst_mi_handler/gen_normal_area.inst_fifo_node_payld/gen_xpm_memory_fifo.inst_fifo/gen_mem_rep[0].inst_xpm_memory/xpm_memory_base_inst/gen_rd_b.gen_rd_b_synth_template.gen_rf_narrow_reg.doutb_reg_reg[92]/C
  -------------------------------------------------------------------    -------------------
    SLICE_X20Y29         FDRE (Prop_fdre_C_Q)         0.148     1.039 r  u_ps/design_1_i/axi_smc/inst/s00_nodes/s00_ar_node/inst/inst_mi_handler/gen_normal_area.inst_fifo_node_payld/gen_xpm_memory_fifo.inst_fifo/gen_mem_rep[0].inst_xpm_memory/xpm_memory_base_inst/gen_rd_b.gen_rd_b_synth_template.gen_rf_narrow_reg.doutb_reg_reg[92]/Q
                         net (fo=1, routed)           0.158     1.197    u_ps/design_1_i/axi_smc/inst/switchboards/ar_switchboard/inst/gen_mi[0].inst_opipe_payld/s_sc_payld[31]
    SLICE_X22Y29         FDRE                                         r  u_ps/design_1_i/axi_smc/inst/switchboards/ar_switchboard/inst/gen_mi[0].inst_opipe_payld/gen_pipe[1].pipe_reg[1][92]/D
  -------------------------------------------------------------------    -------------------

                         (clock clk_fpga_0 rise edge)
                                                      0.000     0.000 r  
    PS7_X0Y0             PS7                          0.000     0.000 r  u_ps/design_1_i/processing_system7_0/inst/PS7_i/FCLKCLK[0]
                         net (fo=1, routed)           0.341     0.341    u_ps/design_1_i/processing_system7_0/inst/FCLK_CLK_unbuffered[0]
    BUFGCTRL_X0Y0        BUFG (Prop_bufg_I_O)         0.029     0.370 r  u_ps/design_1_i/processing_system7_0/inst/buffer_fclk_clk_0.FCLK_CLK_0_BUFG/O
                         net (fo=6511, routed)        0.817     1.187    u_ps/design_1_i/axi_smc/inst/switchboards/ar_switchboard/inst/gen_mi[0].inst_opipe_payld/aclk
    SLICE_X22Y29         FDRE                                         r  u_ps/design_1_i/axi_smc/inst/switchboards/ar_switchboard/inst/gen_mi[0].inst_opipe_payld/gen_pipe[1].pipe_reg[1][92]/C
                         clock pessimism             -0.034     1.153    
    SLICE_X22Y29         FDRE (Hold_fdre_C_D)         0.012     1.165    u_ps/design_1_i/axi_smc/inst/switchboards/ar_switchboard/inst/gen_mi[0].inst_opipe_payld/gen_pipe[1].pipe_reg[1][92]
  -------------------------------------------------------------------
                         required time                         -1.165    
                         arrival time                           1.197    
  -------------------------------------------------------------------
                         slack                                  0.032    

Slack (MET) :             0.035ns  (arrival time - required time)
  Source:                 u_ps/design_1_i/axi_smc/inst/s00_nodes/s00_r_node/inst/inst_mi_handler/gen_normal_area.inst_fifo_node_payld/gen_xpm_memory_fifo.inst_fifo/gen_mem_rep[0].inst_xpm_memory/xpm_memory_base_inst/gen_rd_b.gen_rd_b_synth_template.gen_rf_narrow_reg.doutb_reg_reg[51]/C
                            (rising edge-triggered cell FDRE clocked by clk_fpga_0  {rise@0.000ns fall@5.000ns period=10.000ns})
  Destination:            u_ps/design_1_i/axi_smc/inst/s00_entry_pipeline/s00_si_converter/inst/converter.wrap_narrow_inst/gen_thread_loop[3].r_payld_fifo/gen_srls[34].srl_nx1/shift_reg_reg[0]_srl32/D
                            (rising edge-triggered cell SRLC32E clocked by clk_fpga_0  {rise@0.000ns fall@5.000ns period=10.000ns})
  Path Group:             clk_fpga_0
  Path Type:              Hold (Min at Fast Process Corner)
  Requirement:            0.000ns  (clk_fpga_0 rise@0.000ns - clk_fpga_0 rise@0.000ns)
  Data Path Delay:        0.407ns  (logic 0.164ns (40.300%)  route 0.243ns (59.700%))
  Logic Levels:           0  
  Clock Path Skew:        0.263ns (DCD - SCD - CPR)
    Destination Clock Delay (DCD):    1.190ns
    Source Clock Delay      (SCD):    0.893ns
    Clock Pessimism Removal (CPR):    0.034ns

    Location             Delay type                Incr(ns)  Path(ns)    Netlist Resource(s)
  -------------------------------------------------------------------    -------------------
                         (clock clk_fpga_0 rise edge)
                                                      0.000     0.000 r  
    PS7_X0Y0             PS7                          0.000     0.000 r  u_ps/design_1_i/processing_system7_0/inst/PS7_i/FCLKCLK[0]
                         net (fo=1, routed)           0.315     0.315    u_ps/design_1_i/processing_system7_0/inst/FCLK_CLK_unbuffered[0]
    BUFGCTRL_X0Y0        BUFG (Prop_bufg_I_O)         0.026     0.341 r  u_ps/design_1_i/processing_system7_0/inst/buffer_fclk_clk_0.FCLK_CLK_0_BUFG/O
                         net (fo=6511, routed)        0.552     0.893    u_ps/design_1_i/axi_smc/inst/s00_nodes/s00_r_node/inst/inst_mi_handler/gen_normal_area.inst_fifo_node_payld/gen_xpm_memory_fifo.inst_fifo/gen_mem_rep[0].inst_xpm_memory/xpm_memory_base_inst/clka
    SLICE_X24Y30         FDRE                                         r  u_ps/design_1_i/axi_smc/inst/s00_nodes/s00_r_node/inst/inst_mi_handler/gen_normal_area.inst_fifo_node_payld/gen_xpm_memory_fifo.inst_fifo/gen_mem_rep[0].inst_xpm_memory/xpm_memory_base_inst/gen_rd_b.gen_rd_b_synth_template.gen_rf_narrow_reg.doutb_reg_reg[51]/C
  -------------------------------------------------------------------    -------------------
    SLICE_X24Y30         FDRE (Prop_fdre_C_Q)         0.164     1.057 r  u_ps/design_1_i/axi_smc/inst/s00_nodes/s00_r_node/inst/inst_mi_handler/gen_normal_area.inst_fifo_node_payld/gen_xpm_memory_fifo.inst_fifo/gen_mem_rep[0].inst_xpm_memory/xpm_memory_base_inst/gen_rd_b.gen_rd_b_synth_template.gen_rf_narrow_reg.doutb_reg_reg[51]/Q
                         net (fo=4, routed)           0.243     1.299    u_ps/design_1_i/axi_smc/inst/s00_entry_pipeline/s00_si_converter/inst/converter.wrap_narrow_inst/gen_thread_loop[3].r_payld_fifo/gen_srls[34].srl_nx1/m_axi_rdata[0]
    SLICE_X16Y29         SRLC32E                                      r  u_ps/design_1_i/axi_smc/inst/s00_entry_pipeline/s00_si_converter/inst/converter.wrap_narrow_inst/gen_thread_loop[3].r_payld_fifo/gen_srls[34].srl_nx1/shift_reg_reg[0]_srl32/D
  -------------------------------------------------------------------    -------------------

                         (clock clk_fpga_0 rise edge)
                                                      0.000     0.000 r  
    PS7_X0Y0             PS7                          0.000     0.000 r  u_ps/design_1_i/processing_system7_0/inst/PS7_i/FCLKCLK[0]
                         net (fo=1, routed)           0.341     0.341    u_ps/design_1_i/processing_system7_0/inst/FCLK_CLK_unbuffered[0]
    BUFGCTRL_X0Y0        BUFG (Prop_bufg_I_O)         0.029     0.370 r  u_ps/design_1_i/processing_system7_0/inst/buffer_fclk_clk_0.FCLK_CLK_0_BUFG/O
                         net (fo=6511, routed)        0.820     1.190    u_ps/design_1_i/axi_smc/inst/s00_entry_pipeline/s00_si_converter/inst/converter.wrap_narrow_inst/gen_thread_loop[3].r_payld_fifo/gen_srls[34].srl_nx1/aclk
    SLICE_X16Y29         SRLC32E                                      r  u_ps/design_1_i/axi_smc/inst/s00_entry_pipeline/s00_si_converter/inst/converter.wrap_narrow_inst/gen_thread_loop[3].r_payld_fifo/gen_srls[34].srl_nx1/shift_reg_reg[0]_srl32/CLK
                         clock pessimism             -0.034     1.156    
    SLICE_X16Y29         SRLC32E (Hold_srlc32e_CLK_D)
                                                      0.109     1.265    u_ps/design_1_i/axi_smc/inst/s00_entry_pipeline/s00_si_converter/inst/converter.wrap_narrow_inst/gen_thread_loop[3].r_payld_fifo/gen_srls[34].srl_nx1/shift_reg_reg[0]_srl32
  -------------------------------------------------------------------
                         required time                         -1.265    
                         arrival time                           1.299    
  -------------------------------------------------------------------
                         slack                                  0.035    

Slack (MET) :             0.035ns  (arrival time - required time)
  Source:                 u_ps/design_1_i/axi_smc/inst/m00_nodes/m00_ar_node/inst/inst_mi_handler/gen_normal_area.inst_fifo_node_payld/gen_xpm_memory_fifo.inst_fifo/gen_mem_rep[0].inst_xpm_memory/xpm_memory_base_inst/gen_rd_b.gen_rd_b_synth_template.gen_rf_narrow_reg.doutb_reg_reg[114]/C
                            (rising edge-triggered cell FDRE clocked by clk_fpga_0  {rise@0.000ns fall@5.000ns period=10.000ns})
  Destination:            u_ps/design_1_i/axi_smc/inst/m00_exit_pipeline/m00_exit/inst/ar_reg/skid_buffer_reg[1075]/D
                            (rising edge-triggered cell FDRE clocked by clk_fpga_0  {rise@0.000ns fall@5.000ns period=10.000ns})
  Path Group:             clk_fpga_0
  Path Type:              Hold (Min at Fast Process Corner)
  Requirement:            0.000ns  (clk_fpga_0 rise@0.000ns - clk_fpga_0 rise@0.000ns)
  Data Path Delay:        0.321ns  (logic 0.148ns (46.050%)  route 0.173ns (53.950%))
  Logic Levels:           0  
  Clock Path Skew:        0.264ns (DCD - SCD - CPR)
    Destination Clock Delay (DCD):    1.196ns
    Source Clock Delay      (SCD):    0.898ns
    Clock Pessimism Removal (CPR):    0.034ns

    Location             Delay type                Incr(ns)  Path(ns)    Netlist Resource(s)
  -------------------------------------------------------------------    -------------------
                         (clock clk_fpga_0 rise edge)
                                                      0.000     0.000 r  
    PS7_X0Y0             PS7                          0.000     0.000 r  u_ps/design_1_i/processing_system7_0/inst/PS7_i/FCLKCLK[0]
                         net (fo=1, routed)           0.315     0.315    u_ps/design_1_i/processing_system7_0/inst/FCLK_CLK_unbuffered[0]
    BUFGCTRL_X0Y0        BUFG (Prop_bufg_I_O)         0.026     0.341 r  u_ps/design_1_i/processing_system7_0/inst/buffer_fclk_clk_0.FCLK_CLK_0_BUFG/O
                         net (fo=6511, routed)        0.557     0.898    u_ps/design_1_i/axi_smc/inst/m00_nodes/m00_ar_node/inst/inst_mi_handler/gen_normal_area.inst_fifo_node_payld/gen_xpm_memory_fifo.inst_fifo/gen_mem_rep[0].inst_xpm_memory/xpm_memory_base_inst/clka
    SLICE_X20Y37         FDRE                                         r  u_ps/design_1_i/axi_smc/inst/m00_nodes/m00_ar_node/inst/inst_mi_handler/gen_normal_area.inst_fifo_node_payld/gen_xpm_memory_fifo.inst_fifo/gen_mem_rep[0].inst_xpm_memory/xpm_memory_base_inst/gen_rd_b.gen_rd_b_synth_template.gen_rf_narrow_reg.doutb_reg_reg[114]/C
  -------------------------------------------------------------------    -------------------
    SLICE_X20Y37         FDRE (Prop_fdre_C_Q)         0.148     1.046 r  u_ps/design_1_i/axi_smc/inst/m00_nodes/m00_ar_node/inst/inst_mi_handler/gen_normal_area.inst_fifo_node_payld/gen_xpm_memory_fifo.inst_fifo/gen_mem_rep[0].inst_xpm_memory/xpm_memory_base_inst/gen_rd_b.gen_rd_b_synth_template.gen_rf_narrow_reg.doutb_reg_reg[114]/Q
                         net (fo=2, routed)           0.173     1.219    u_ps/design_1_i/axi_smc/inst/m00_exit_pipeline/m00_exit/inst/ar_reg/D[14]
    SLICE_X22Y38         FDRE                                         r  u_ps/design_1_i/axi_smc/inst/m00_exit_pipeline/m00_exit/inst/ar_reg/skid_buffer_reg[1075]/D
  -------------------------------------------------------------------    -------------------

                         (clock clk_fpga_0 rise edge)
                                                      0.000     0.000 r  
    PS7_X0Y0             PS7                          0.000     0.000 r  u_ps/design_1_i/processing_system7_0/inst/PS7_i/FCLKCLK[0]
                         net (fo=1, routed)           0.341     0.341    u_ps/design_1_i/processing_system7_0/inst/FCLK_CLK_unbuffered[0]
    BUFGCTRL_X0Y0        BUFG (Prop_bufg_I_O)         0.029     0.370 r  u_ps/design_1_i/processing_system7_0/inst/buffer_fclk_clk_0.FCLK_CLK_0_BUFG/O
                         net (fo=6511, routed)        0.826     1.196    u_ps/design_1_i/axi_smc/inst/m00_exit_pipeline/m00_exit/inst/ar_reg/aclk
    SLICE_X22Y38         FDRE                                         r  u_ps/design_1_i/axi_smc/inst/m00_exit_pipeline/m00_exit/inst/ar_reg/skid_buffer_reg[1075]/C
                         clock pessimism             -0.034     1.162    
    SLICE_X22Y38         FDRE (Hold_fdre_C_D)         0.022     1.184    u_ps/design_1_i/axi_smc/inst/m00_exit_pipeline/m00_exit/inst/ar_reg/skid_buffer_reg[1075]
  -------------------------------------------------------------------
                         required time                         -1.184    
                         arrival time                           1.219    
  -------------------------------------------------------------------
                         slack                                  0.035    





Pulse Width Checks
--------------------------------------------------------------------------------------
Clock Name:         clk_fpga_0
Waveform(ns):       { 0.000 5.000 }
Period(ns):         10.000
Sources:            { u_ps/design_1_i/processing_system7_0/inst/PS7_i/FCLKCLK[0] }

Check Type        Corner  Lib Pin             Reference Pin  Required(ns)  Actual(ns)  Slack(ns)  Location      Pin
Min Period        n/a     RAMB36E1/CLKARDCLK  n/a            2.576         10.000      7.424      RAMB36_X1Y9   u_ps/design_1_i/axi_bram_ctrl_0_bram_0/U0/inst_blk_mem_gen/gnbram.gnativebmg.native_blk_mem_gen/valid.cstr/ramloop[0].ram.r/prim_init.ram/DEVICE_7SERIES.NO_BMM_INFO.TRUE_DP.SIMPLE_PRIM36.ram/CLKARDCLK
Min Period        n/a     RAMB36E1/CLKARDCLK  n/a            2.576         10.000      7.424      RAMB36_X1Y5   u_ps/design_1_i/axi_bram_ctrl_0_bram_0/U0/inst_blk_mem_gen/gnbram.gnativebmg.native_blk_mem_gen/valid.cstr/ramloop[10].ram.r/prim_init.ram/DEVICE_7SERIES.NO_BMM_INFO.TRUE_DP.SIMPLE_PRIM36.ram/CLKARDCLK
Min Period        n/a     RAMB36E1/CLKARDCLK  n/a            2.576         10.000      7.424      RAMB36_X2Y4   u_ps/design_1_i/axi_bram_ctrl_0_bram_0/U0/inst_blk_mem_gen/gnbram.gnativebmg.native_blk_mem_gen/valid.cstr/ramloop[11].ram.r/prim_init.ram/DEVICE_7SERIES.NO_BMM_INFO.TRUE_DP.SIMPLE_PRIM36.ram/CLKARDCLK
Min Period        n/a     RAMB36E1/CLKARDCLK  n/a            2.576         10.000      7.424      RAMB36_X2Y3   u_ps/design_1_i/axi_bram_ctrl_0_bram_0/U0/inst_blk_mem_gen/gnbram.gnativebmg.native_blk_mem_gen/valid.cstr/ramloop[12].ram.r/prim_init.ram/DEVICE_7SERIES.NO_BMM_INFO.TRUE_DP.SIMPLE_PRIM36.ram/CLKARDCLK
Min Period        n/a     RAMB36E1/CLKARDCLK  n/a            2.576         10.000      7.424      RAMB36_X1Y8   u_ps/design_1_i/axi_bram_ctrl_0_bram_0/U0/inst_blk_mem_gen/gnbram.gnativebmg.native_blk_mem_gen/valid.cstr/ramloop[13].ram.r/prim_init.ram/DEVICE_7SERIES.NO_BMM_INFO.TRUE_DP.SIMPLE_PRIM36.ram/CLKARDCLK
Min Period        n/a     RAMB36E1/CLKARDCLK  n/a            2.576         10.000      7.424      RAMB36_X1Y7   u_ps/design_1_i/axi_bram_ctrl_0_bram_0/U0/inst_blk_mem_gen/gnbram.gnativebmg.native_blk_mem_gen/valid.cstr/ramloop[14].ram.r/prim_init.ram/DEVICE_7SERIES.NO_BMM_INFO.TRUE_DP.SIMPLE_PRIM36.ram/CLKARDCLK
Min Period        n/a     RAMB36E1/CLKARDCLK  n/a            2.576         10.000      7.424      RAMB36_X0Y4   u_ps/design_1_i/axi_bram_ctrl_0_bram_0/U0/inst_blk_mem_gen/gnbram.gnativebmg.native_blk_mem_gen/valid.cstr/ramloop[15].ram.r/prim_init.ram/DEVICE_7SERIES.NO_BMM_INFO.TRUE_DP.SIMPLE_PRIM36.ram/CLKARDCLK
Min Period        n/a     RAMB36E1/CLKARDCLK  n/a            2.576         10.000      7.424      RAMB36_X0Y6   u_ps/design_1_i/axi_bram_ctrl_0_bram_0/U0/inst_blk_mem_gen/gnbram.gnativebmg.native_blk_mem_gen/valid.cstr/ramloop[16].ram.r/prim_init.ram/DEVICE_7SERIES.NO_BMM_INFO.TRUE_DP.SIMPLE_PRIM36.ram/CLKARDCLK
Min Period        n/a     RAMB36E1/CLKARDCLK  n/a            2.576         10.000      7.424      RAMB36_X0Y8   u_ps/design_1_i/axi_bram_ctrl_0_bram_0/U0/inst_blk_mem_gen/gnbram.gnativebmg.native_blk_mem_gen/valid.cstr/ramloop[17].ram.r/prim_init.ram/DEVICE_7SERIES.NO_BMM_INFO.TRUE_DP.SIMPLE_PRIM36.ram/CLKARDCLK
Min Period        n/a     RAMB36E1/CLKARDCLK  n/a            2.576         10.000      7.424      RAMB36_X0Y7   u_ps/design_1_i/axi_bram_ctrl_0_bram_0/U0/inst_blk_mem_gen/gnbram.gnativebmg.native_blk_mem_gen/valid.cstr/ramloop[18].ram.r/prim_init.ram/DEVICE_7SERIES.NO_BMM_INFO.TRUE_DP.SIMPLE_PRIM36.ram/CLKARDCLK
Low Pulse Width   Slow    RAMD32/CLK          n/a            1.250         5.000       3.750      SLICE_X30Y38  u_ps/design_1_i/axi_smc/inst/m00_nodes/m00_ar_node/inst/inst_mi_handler/gen_normal_area.inst_fifo_node_payld/gen_xpm_memory_fifo.inst_fifo/gen_mem_rep[0].inst_xpm_memory/xpm_memory_base_inst/gen_wr_a.gen_word_narrow.mem_reg_0_31_0_5/RAMA/CLK
Low Pulse Width   Fast    RAMD32/CLK          n/a            1.250         5.000       3.750      SLICE_X30Y38  u_ps/design_1_i/axi_smc/inst/m00_nodes/m00_ar_node/inst/inst_mi_handler/gen_normal_area.inst_fifo_node_payld/gen_xpm_memory_fifo.inst_fifo/gen_mem_rep[0].inst_xpm_memory/xpm_memory_base_inst/gen_wr_a.gen_word_narrow.mem_reg_0_31_0_5/RAMA/CLK
Low Pulse Width   Slow    RAMD32/CLK          n/a            1.250         5.000       3.750      SLICE_X30Y38  u_ps/design_1_i/axi_smc/inst/m00_nodes/m00_ar_node/inst/inst_mi_handler/gen_normal_area.inst_fifo_node_payld/gen_xpm_memory_fifo.inst_fifo/gen_mem_rep[0].inst_xpm_memory/xpm_memory_base_inst/gen_wr_a.gen_word_narrow.mem_reg_0_31_0_5/RAMA_D1/CLK
Low Pulse Width   Fast    RAMD32/CLK          n/a            1.250         5.000       3.750      SLICE_X30Y38  u_ps/design_1_i/axi_smc/inst/m00_nodes/m00_ar_node/inst/inst_mi_handler/gen_normal_area.inst_fifo_node_payld/gen_xpm_memory_fifo.inst_fifo/gen_mem_rep[0].inst_xpm_memory/xpm_memory_base_inst/gen_wr_a.gen_word_narrow.mem_reg_0_31_0_5/RAMA_D1/CLK
Low Pulse Width   Slow    RAMD32/CLK          n/a            1.250         5.000       3.750      SLICE_X30Y38  u_ps/design_1_i/axi_smc/inst/m00_nodes/m00_ar_node/inst/inst_mi_handler/gen_normal_area.inst_fifo_node_payld/gen_xpm_memory_fifo.inst_fifo/gen_mem_rep[0].inst_xpm_memory/xpm_memory_base_inst/gen_wr_a.gen_word_narrow.mem_reg_0_31_0_5/RAMB/CLK
Low Pulse Width   Fast    RAMD32/CLK          n/a            1.250         5.000       3.750      SLICE_X30Y38  u_ps/design_1_i/axi_smc/inst/m00_nodes/m00_ar_node/inst/inst_mi_handler/gen_normal_area.inst_fifo_node_payld/gen_xpm_memory_fifo.inst_fifo/gen_mem_rep[0].inst_xpm_memory/xpm_memory_base_inst/gen_wr_a.gen_word_narrow.mem_reg_0_31_0_5/RAMB/CLK
Low Pulse Width   Slow    RAMD32/CLK          n/a            1.250         5.000       3.750      SLICE_X30Y38  u_ps/design_1_i/axi_smc/inst/m00_nodes/m00_ar_node/inst/inst_mi_handler/gen_normal_area.inst_fifo_node_payld/gen_xpm_memory_fifo.inst_fifo/gen_mem_rep[0].inst_xpm_memory/xpm_memory_base_inst/gen_wr_a.gen_word_narrow.mem_reg_0_31_0_5/RAMB_D1/CLK
Low Pulse Width   Fast    RAMD32/CLK          n/a            1.250         5.000       3.750      SLICE_X30Y38  u_ps/design_1_i/axi_smc/inst/m00_nodes/m00_ar_node/inst/inst_mi_handler/gen_normal_area.inst_fifo_node_payld/gen_xpm_memory_fifo.inst_fifo/gen_mem_rep[0].inst_xpm_memory/xpm_memory_base_inst/gen_wr_a.gen_word_narrow.mem_reg_0_31_0_5/RAMB_D1/CLK
Low Pulse Width   Slow    RAMD32/CLK          n/a            1.250         5.000       3.750      SLICE_X30Y38  u_ps/design_1_i/axi_smc/inst/m00_nodes/m00_ar_node/inst/inst_mi_handler/gen_normal_area.inst_fifo_node_payld/gen_xpm_memory_fifo.inst_fifo/gen_mem_rep[0].inst_xpm_memory/xpm_memory_base_inst/gen_wr_a.gen_word_narrow.mem_reg_0_31_0_5/RAMC/CLK
Low Pulse Width   Fast    RAMD32/CLK          n/a            1.250         5.000       3.750      SLICE_X30Y38  u_ps/design_1_i/axi_smc/inst/m00_nodes/m00_ar_node/inst/inst_mi_handler/gen_normal_area.inst_fifo_node_payld/gen_xpm_memory_fifo.inst_fifo/gen_mem_rep[0].inst_xpm_memory/xpm_memory_base_inst/gen_wr_a.gen_word_narrow.mem_reg_0_31_0_5/RAMC/CLK
High Pulse Width  Slow    RAMD32/CLK          n/a            1.250         5.000       3.750      SLICE_X30Y38  u_ps/design_1_i/axi_smc/inst/m00_nodes/m00_ar_node/inst/inst_mi_handler/gen_normal_area.inst_fifo_node_payld/gen_xpm_memory_fifo.inst_fifo/gen_mem_rep[0].inst_xpm_memory/xpm_memory_base_inst/gen_wr_a.gen_word_narrow.mem_reg_0_31_0_5/RAMA/CLK
High Pulse Width  Fast    RAMD32/CLK          n/a            1.250         5.000       3.750      SLICE_X30Y38  u_ps/design_1_i/axi_smc/inst/m00_nodes/m00_ar_node/inst/inst_mi_handler/gen_normal_area.inst_fifo_node_payld/gen_xpm_memory_fifo.inst_fifo/gen_mem_rep[0].inst_xpm_memory/xpm_memory_base_inst/gen_wr_a.gen_word_narrow.mem_reg_0_31_0_5/RAMA/CLK
High Pulse Width  Slow    RAMD32/CLK          n/a            1.250         5.000       3.750      SLICE_X30Y38  u_ps/design_1_i/axi_smc/inst/m00_nodes/m00_ar_node/inst/inst_mi_handler/gen_normal_area.inst_fifo_node_payld/gen_xpm_memory_fifo.inst_fifo/gen_mem_rep[0].inst_xpm_memory/xpm_memory_base_inst/gen_wr_a.gen_word_narrow.mem_reg_0_31_0_5/RAMA_D1/CLK
High Pulse Width  Fast    RAMD32/CLK          n/a            1.250         5.000       3.750      SLICE_X30Y38  u_ps/design_1_i/axi_smc/inst/m00_nodes/m00_ar_node/inst/inst_mi_handler/gen_normal_area.inst_fifo_node_payld/gen_xpm_memory_fifo.inst_fifo/gen_mem_rep[0].inst_xpm_memory/xpm_memory_base_inst/gen_wr_a.gen_word_narrow.mem_reg_0_31_0_5/RAMA_D1/CLK
High Pulse Width  Slow    RAMD32/CLK          n/a            1.250         5.000       3.750      SLICE_X30Y38  u_ps/design_1_i/axi_smc/inst/m00_nodes/m00_ar_node/inst/inst_mi_handler/gen_normal_area.inst_fifo_node_payld/gen_xpm_memory_fifo.inst_fifo/gen_mem_rep[0].inst_xpm_memory/xpm_memory_base_inst/gen_wr_a.gen_word_narrow.mem_reg_0_31_0_5/RAMB/CLK
High Pulse Width  Fast    RAMD32/CLK          n/a            1.250         5.000       3.750      SLICE_X30Y38  u_ps/design_1_i/axi_smc/inst/m00_nodes/m00_ar_node/inst/inst_mi_handler/gen_normal_area.inst_fifo_node_payld/gen_xpm_memory_fifo.inst_fifo/gen_mem_rep[0].inst_xpm_memory/xpm_memory_base_inst/gen_wr_a.gen_word_narrow.mem_reg_0_31_0_5/RAMB/CLK
High Pulse Width  Slow    RAMD32/CLK          n/a            1.250         5.000       3.750      SLICE_X30Y38  u_ps/design_1_i/axi_smc/inst/m00_nodes/m00_ar_node/inst/inst_mi_handler/gen_normal_area.inst_fifo_node_payld/gen_xpm_memory_fifo.inst_fifo/gen_mem_rep[0].inst_xpm_memory/xpm_memory_base_inst/gen_wr_a.gen_word_narrow.mem_reg_0_31_0_5/RAMB_D1/CLK
High Pulse Width  Fast    RAMD32/CLK          n/a            1.250         5.000       3.750      SLICE_X30Y38  u_ps/design_1_i/axi_smc/inst/m00_nodes/m00_ar_node/inst/inst_mi_handler/gen_normal_area.inst_fifo_node_payld/gen_xpm_memory_fifo.inst_fifo/gen_mem_rep[0].inst_xpm_memory/xpm_memory_base_inst/gen_wr_a.gen_word_narrow.mem_reg_0_31_0_5/RAMB_D1/CLK
High Pulse Width  Slow    RAMD32/CLK          n/a            1.250         5.000       3.750      SLICE_X30Y38  u_ps/design_1_i/axi_smc/inst/m00_nodes/m00_ar_node/inst/inst_mi_handler/gen_normal_area.inst_fifo_node_payld/gen_xpm_memory_fifo.inst_fifo/gen_mem_rep[0].inst_xpm_memory/xpm_memory_base_inst/gen_wr_a.gen_word_narrow.mem_reg_0_31_0_5/RAMC/CLK
High Pulse Width  Fast    RAMD32/CLK          n/a            1.250         5.000       3.750      SLICE_X30Y38  u_ps/design_1_i/axi_smc/inst/m00_nodes/m00_ar_node/inst/inst_mi_handler/gen_normal_area.inst_fifo_node_payld/gen_xpm_memory_fifo.inst_fifo/gen_mem_rep[0].inst_xpm_memory/xpm_memory_base_inst/gen_wr_a.gen_word_narrow.mem_reg_0_31_0_5/RAMC/CLK



---------------------------------------------------------------------------------------------------
From Clock:  sys_clk_pin
  To Clock:  sys_clk_pin

Setup :            0  Failing Endpoints,  Worst Slack        0.642ns,  Total Violation        0.000ns
Hold  :            0  Failing Endpoints,  Worst Slack        0.184ns,  Total Violation        0.000ns
PW    :            0  Failing Endpoints,  Worst Slack        2.000ns,  Total Violation        0.000ns
---------------------------------------------------------------------------------------------------


Max Delay Paths
--------------------------------------------------------------------------------------
Slack (MET) :             0.642ns  (required time - arrival time)
  Source:                 u_audio/sample_out_reg[9]/C
                            (rising edge-triggered cell FDCE clocked by sys_clk_pin  {rise@0.000ns fall@4.000ns period=8.000ns})
  Destination:            u_feat/u_amp/amplitude_reg[13]/D
                            (rising edge-triggered cell FDCE clocked by sys_clk_pin  {rise@0.000ns fall@4.000ns period=8.000ns})
  Path Group:             sys_clk_pin
  Path Type:              Setup (Max at Slow Process Corner)
  Requirement:            8.000ns  (sys_clk_pin rise@8.000ns - sys_clk_pin rise@0.000ns)
  Data Path Delay:        7.334ns  (logic 3.489ns (47.573%)  route 3.845ns (52.427%))
  Logic Levels:           11  (CARRY4=7 LUT1=2 LUT3=1 LUT6=1)
  Clock Path Skew:        -0.051ns (DCD - SCD + CPR)
    Destination Clock Delay (DCD):    4.890ns = ( 12.889 - 8.000 ) 
    Source Clock Delay      (SCD):    5.332ns
    Clock Pessimism Removal (CPR):    0.391ns
  Clock Uncertainty:      0.035ns  ((TSJ^2 + TIJ^2)^1/2 + DJ) / 2 + PE
    Total System Jitter     (TSJ):    0.071ns
    Total Input Jitter      (TIJ):    0.000ns
    Discrete Jitter          (DJ):    0.000ns
    Phase Error              (PE):    0.000ns

    Location             Delay type                Incr(ns)  Path(ns)    Netlist Resource(s)
  -------------------------------------------------------------------    -------------------
                         (clock sys_clk_pin rise edge)
                                                      0.000     0.000 r  
    K17                                               0.000     0.000 r  clk (IN)
                         net (fo=0)                   0.000     0.000    clk
    K17                  IBUF (Prop_ibuf_I_O)         1.492     1.492 r  clk_IBUF_inst/O
                         net (fo=1, routed)           2.076     3.568    clk_IBUF
    BUFGCTRL_X0Y16       BUFG (Prop_bufg_I_O)         0.101     3.669 r  clk_IBUF_BUFG_inst/O
                         net (fo=288, routed)         1.663     5.332    u_audio/CLK
    SLICE_X32Y21         FDCE                                         r  u_audio/sample_out_reg[9]/C
  -------------------------------------------------------------------    -------------------
    SLICE_X32Y21         FDCE (Prop_fdce_C_Q)         0.518     5.850 f  u_audio/sample_out_reg[9]/Q
                         net (fo=9, routed)           1.235     7.085    u_audio/Q[9]
    SLICE_X23Y32         LUT1 (Prop_lut1_I0_O)        0.124     7.209 r  u_audio/amplitude1_carry__0_i_23/O
                         net (fo=1, routed)           0.000     7.209    u_audio/u_feat/p_0_in[9]
    SLICE_X23Y32         CARRY4 (Prop_carry4_S[0]_CO[3])
                                                      0.532     7.741 r  u_audio/amplitude1_carry__0_i_10/CO[3]
                         net (fo=1, routed)           0.000     7.741    u_audio/amplitude1_carry__0_i_10_n_0
    SLICE_X23Y33         CARRY4 (Prop_carry4_CI_O[0])
                                                      0.222     7.963 r  u_audio/amplitude1_carry__0_i_9/O[0]
                         net (fo=4, routed)           0.430     8.393    u_audio/u_feat/abs_sample0[13]
    SLICE_X25Y33         LUT3 (Prop_lut3_I0_O)        0.299     8.692 r  u_audio/amplitude1_carry__0_i_11/O
                         net (fo=1, routed)           0.539     9.232    u_audio/u_feat/abs_sample[13]
    SLICE_X28Y33         LUT6 (Prop_lut6_I5_O)        0.124     9.356 r  u_audio/amplitude1_carry__0_i_2/O
                         net (fo=1, routed)           0.482     9.838    u_feat/u_amp/DI[2]
    SLICE_X28Y31         CARRY4 (Prop_carry4_DI[2]_CO[3])
                                                      0.404    10.242 f  u_feat/u_amp/amplitude1_carry__0/CO[3]
                         net (fo=17, routed)          0.668    10.910    u_audio/CO[0]
    SLICE_X28Y32         LUT1 (Prop_lut1_I0_O)        0.124    11.034 r  u_audio/i__carry_i_1__0/O
                         net (fo=1, routed)           0.489    11.524    u_feat/u_amp/amplitude_reg[3]_0
    SLICE_X27Y32         CARRY4 (Prop_carry4_CYINIT_CO[3])
                                                      0.580    12.104 r  u_feat/u_amp/_inferred__4/i__carry/CO[3]
                         net (fo=1, routed)           0.000    12.104    u_feat/u_amp/_inferred__4/i__carry_n_0
    SLICE_X27Y33         CARRY4 (Prop_carry4_CI_CO[3])
                                                      0.114    12.218 r  u_feat/u_amp/_inferred__4/i__carry__0/CO[3]
                         net (fo=1, routed)           0.000    12.218    u_feat/u_amp/_inferred__4/i__carry__0_n_0
    SLICE_X27Y34         CARRY4 (Prop_carry4_CI_CO[3])
                                                      0.114    12.332 r  u_feat/u_amp/_inferred__4/i__carry__1/CO[3]
                         net (fo=1, routed)           0.000    12.332    u_feat/u_amp/_inferred__4/i__carry__1_n_0
    SLICE_X27Y35         CARRY4 (Prop_carry4_CI_O[1])
                                                      0.334    12.666 r  u_feat/u_amp/_inferred__4/i__carry__2/O[1]
                         net (fo=1, routed)           0.000    12.666    u_feat/u_amp/_inferred__4/i__carry__2_n_6
    SLICE_X27Y35         FDCE                                         r  u_feat/u_amp/amplitude_reg[13]/D
  -------------------------------------------------------------------    -------------------

                         (clock sys_clk_pin rise edge)
                                                      8.000     8.000 r  
    K17                                               0.000     8.000 r  clk (IN)
                         net (fo=0)                   0.000     8.000    clk
    K17                  IBUF (Prop_ibuf_I_O)         1.421     9.421 r  clk_IBUF_inst/O
                         net (fo=1, routed)           1.880    11.301    clk_IBUF
    BUFGCTRL_X0Y16       BUFG (Prop_bufg_I_O)         0.091    11.392 r  clk_IBUF_BUFG_inst/O
                         net (fo=288, routed)         1.497    12.889    u_feat/u_amp/CLK
    SLICE_X27Y35         FDCE                                         r  u_feat/u_amp/amplitude_reg[13]/C
                         clock pessimism              0.391    13.281    
                         clock uncertainty           -0.035    13.245    
    SLICE_X27Y35         FDCE (Setup_fdce_C_D)        0.062    13.307    u_feat/u_amp/amplitude_reg[13]
  -------------------------------------------------------------------
                         required time                         13.307    
                         arrival time                         -12.666    
  -------------------------------------------------------------------
                         slack                                  0.642    

Slack (MET) :             0.663ns  (required time - arrival time)
  Source:                 u_audio/sample_out_reg[9]/C
                            (rising edge-triggered cell FDCE clocked by sys_clk_pin  {rise@0.000ns fall@4.000ns period=8.000ns})
  Destination:            u_feat/u_amp/amplitude_reg[15]/D
                            (rising edge-triggered cell FDCE clocked by sys_clk_pin  {rise@0.000ns fall@4.000ns period=8.000ns})
  Path Group:             sys_clk_pin
  Path Type:              Setup (Max at Slow Process Corner)
  Requirement:            8.000ns  (sys_clk_pin rise@8.000ns - sys_clk_pin rise@0.000ns)
  Data Path Delay:        7.313ns  (logic 3.468ns (47.422%)  route 3.845ns (52.578%))
  Logic Levels:           11  (CARRY4=7 LUT1=2 LUT3=1 LUT6=1)
  Clock Path Skew:        -0.051ns (DCD - SCD + CPR)
    Destination Clock Delay (DCD):    4.890ns = ( 12.889 - 8.000 ) 
    Source Clock Delay      (SCD):    5.332ns
    Clock Pessimism Removal (CPR):    0.391ns
  Clock Uncertainty:      0.035ns  ((TSJ^2 + TIJ^2)^1/2 + DJ) / 2 + PE
    Total System Jitter     (TSJ):    0.071ns
    Total Input Jitter      (TIJ):    0.000ns
    Discrete Jitter          (DJ):    0.000ns
    Phase Error              (PE):    0.000ns

    Location             Delay type                Incr(ns)  Path(ns)    Netlist Resource(s)
  -------------------------------------------------------------------    -------------------
                         (clock sys_clk_pin rise edge)
                                                      0.000     0.000 r  
    K17                                               0.000     0.000 r  clk (IN)
                         net (fo=0)                   0.000     0.000    clk
    K17                  IBUF (Prop_ibuf_I_O)         1.492     1.492 r  clk_IBUF_inst/O
                         net (fo=1, routed)           2.076     3.568    clk_IBUF
    BUFGCTRL_X0Y16       BUFG (Prop_bufg_I_O)         0.101     3.669 r  clk_IBUF_BUFG_inst/O
                         net (fo=288, routed)         1.663     5.332    u_audio/CLK
    SLICE_X32Y21         FDCE                                         r  u_audio/sample_out_reg[9]/C
  -------------------------------------------------------------------    -------------------
    SLICE_X32Y21         FDCE (Prop_fdce_C_Q)         0.518     5.850 f  u_audio/sample_out_reg[9]/Q
                         net (fo=9, routed)           1.235     7.085    u_audio/Q[9]
    SLICE_X23Y32         LUT1 (Prop_lut1_I0_O)        0.124     7.209 r  u_audio/amplitude1_carry__0_i_23/O
                         net (fo=1, routed)           0.000     7.209    u_audio/u_feat/p_0_in[9]
    SLICE_X23Y32         CARRY4 (Prop_carry4_S[0]_CO[3])
                                                      0.532     7.741 r  u_audio/amplitude1_carry__0_i_10/CO[3]
                         net (fo=1, routed)           0.000     7.741    u_audio/amplitude1_carry__0_i_10_n_0
    SLICE_X23Y33         CARRY4 (Prop_carry4_CI_O[0])
                                                      0.222     7.963 r  u_audio/amplitude1_carry__0_i_9/O[0]
                         net (fo=4, routed)           0.430     8.393    u_audio/u_feat/abs_sample0[13]
    SLICE_X25Y33         LUT3 (Prop_lut3_I0_O)        0.299     8.692 r  u_audio/amplitude1_carry__0_i_11/O
                         net (fo=1, routed)           0.539     9.232    u_audio/u_feat/abs_sample[13]
    SLICE_X28Y33         LUT6 (Prop_lut6_I5_O)        0.124     9.356 r  u_audio/amplitude1_carry__0_i_2/O
                         net (fo=1, routed)           0.482     9.838    u_feat/u_amp/DI[2]
    SLICE_X28Y31         CARRY4 (Prop_carry4_DI[2]_CO[3])
                                                      0.404    10.242 f  u_feat/u_amp/amplitude1_carry__0/CO[3]
                         net (fo=17, routed)          0.668    10.910    u_audio/CO[0]
    SLICE_X28Y32         LUT1 (Prop_lut1_I0_O)        0.124    11.034 r  u_audio/i__carry_i_1__0/O
                         net (fo=1, routed)           0.489    11.524    u_feat/u_amp/amplitude_reg[3]_0
    SLICE_X27Y32         CARRY4 (Prop_carry4_CYINIT_CO[3])
                                                      0.580    12.104 r  u_feat/u_amp/_inferred__4/i__carry/CO[3]
                         net (fo=1, routed)           0.000    12.104    u_feat/u_amp/_inferred__4/i__carry_n_0
    SLICE_X27Y33         CARRY4 (Prop_carry4_CI_CO[3])
                                                      0.114    12.218 r  u_feat/u_amp/_inferred__4/i__carry__0/CO[3]
                         net (fo=1, routed)           0.000    12.218    u_feat/u_amp/_inferred__4/i__carry__0_n_0
    SLICE_X27Y34         CARRY4 (Prop_carry4_CI_CO[3])
                                                      0.114    12.332 r  u_feat/u_amp/_inferred__4/i__carry__1/CO[3]
                         net (fo=1, routed)           0.000    12.332    u_feat/u_amp/_inferred__4/i__carry__1_n_0
    SLICE_X27Y35         CARRY4 (Prop_carry4_CI_O[3])
                                                      0.313    12.645 r  u_feat/u_amp/_inferred__4/i__carry__2/O[3]
                         net (fo=1, routed)           0.000    12.645    u_feat/u_amp/_inferred__4/i__carry__2_n_4
    SLICE_X27Y35         FDCE                                         r  u_feat/u_amp/amplitude_reg[15]/D
  -------------------------------------------------------------------    -------------------

                         (clock sys_clk_pin rise edge)
                                                      8.000     8.000 r  
    K17                                               0.000     8.000 r  clk (IN)
                         net (fo=0)                   0.000     8.000    clk
    K17                  IBUF (Prop_ibuf_I_O)         1.421     9.421 r  clk_IBUF_inst/O
                         net (fo=1, routed)           1.880    11.301    clk_IBUF
    BUFGCTRL_X0Y16       BUFG (Prop_bufg_I_O)         0.091    11.392 r  clk_IBUF_BUFG_inst/O
                         net (fo=288, routed)         1.497    12.889    u_feat/u_amp/CLK
    SLICE_X27Y35         FDCE                                         r  u_feat/u_amp/amplitude_reg[15]/C
                         clock pessimism              0.391    13.281    
                         clock uncertainty           -0.035    13.245    
    SLICE_X27Y35         FDCE (Setup_fdce_C_D)        0.062    13.307    u_feat/u_amp/amplitude_reg[15]
  -------------------------------------------------------------------
                         required time                         13.307    
                         arrival time                         -12.645    
  -------------------------------------------------------------------
                         slack                                  0.663    

Slack (MET) :             0.737ns  (required time - arrival time)
  Source:                 u_audio/sample_out_reg[9]/C
                            (rising edge-triggered cell FDCE clocked by sys_clk_pin  {rise@0.000ns fall@4.000ns period=8.000ns})
  Destination:            u_feat/u_amp/amplitude_reg[14]/D
                            (rising edge-triggered cell FDCE clocked by sys_clk_pin  {rise@0.000ns fall@4.000ns period=8.000ns})
  Path Group:             sys_clk_pin
  Path Type:              Setup (Max at Slow Process Corner)
  Requirement:            8.000ns  (sys_clk_pin rise@8.000ns - sys_clk_pin rise@0.000ns)
  Data Path Delay:        7.239ns  (logic 3.394ns (46.885%)  route 3.845ns (53.115%))
  Logic Levels:           11  (CARRY4=7 LUT1=2 LUT3=1 LUT6=1)
  Clock Path Skew:        -0.051ns (DCD - SCD + CPR)
    Destination Clock Delay (DCD):    4.890ns = ( 12.889 - 8.000 ) 
    Source Clock Delay      (SCD):    5.332ns
    Clock Pessimism Removal (CPR):    0.391ns
  Clock Uncertainty:      0.035ns  ((TSJ^2 + TIJ^2)^1/2 + DJ) / 2 + PE
    Total System Jitter     (TSJ):    0.071ns
    Total Input Jitter      (TIJ):    0.000ns
    Discrete Jitter          (DJ):    0.000ns
    Phase Error              (PE):    0.000ns

    Location             Delay type                Incr(ns)  Path(ns)    Netlist Resource(s)
  -------------------------------------------------------------------    -------------------
                         (clock sys_clk_pin rise edge)
                                                      0.000     0.000 r  
    K17                                               0.000     0.000 r  clk (IN)
                         net (fo=0)                   0.000     0.000    clk
    K17                  IBUF (Prop_ibuf_I_O)         1.492     1.492 r  clk_IBUF_inst/O
                         net (fo=1, routed)           2.076     3.568    clk_IBUF
    BUFGCTRL_X0Y16       BUFG (Prop_bufg_I_O)         0.101     3.669 r  clk_IBUF_BUFG_inst/O
                         net (fo=288, routed)         1.663     5.332    u_audio/CLK
    SLICE_X32Y21         FDCE                                         r  u_audio/sample_out_reg[9]/C
  -------------------------------------------------------------------    -------------------
    SLICE_X32Y21         FDCE (Prop_fdce_C_Q)         0.518     5.850 f  u_audio/sample_out_reg[9]/Q
                         net (fo=9, routed)           1.235     7.085    u_audio/Q[9]
    SLICE_X23Y32         LUT1 (Prop_lut1_I0_O)        0.124     7.209 r  u_audio/amplitude1_carry__0_i_23/O
                         net (fo=1, routed)           0.000     7.209    u_audio/u_feat/p_0_in[9]
    SLICE_X23Y32         CARRY4 (Prop_carry4_S[0]_CO[3])
                                                      0.532     7.741 r  u_audio/amplitude1_carry__0_i_10/CO[3]
                         net (fo=1, routed)           0.000     7.741    u_audio/amplitude1_carry__0_i_10_n_0
    SLICE_X23Y33         CARRY4 (Prop_carry4_CI_O[0])
                                                      0.222     7.963 r  u_audio/amplitude1_carry__0_i_9/O[0]
                         net (fo=4, routed)           0.430     8.393    u_audio/u_feat/abs_sample0[13]
    SLICE_X25Y33         LUT3 (Prop_lut3_I0_O)        0.299     8.692 r  u_audio/amplitude1_carry__0_i_11/O
                         net (fo=1, routed)           0.539     9.232    u_audio/u_feat/abs_sample[13]
    SLICE_X28Y33         LUT6 (Prop_lut6_I5_O)        0.124     9.356 r  u_audio/amplitude1_carry__0_i_2/O
                         net (fo=1, routed)           0.482     9.838    u_feat/u_amp/DI[2]
    SLICE_X28Y31         CARRY4 (Prop_carry4_DI[2]_CO[3])
                                                      0.404    10.242 f  u_feat/u_amp/amplitude1_carry__0/CO[3]
                         net (fo=17, routed)          0.668    10.910    u_audio/CO[0]
    SLICE_X28Y32         LUT1 (Prop_lut1_I0_O)        0.124    11.034 r  u_audio/i__carry_i_1__0/O
                         net (fo=1, routed)           0.489    11.524    u_feat/u_amp/amplitude_reg[3]_0
    SLICE_X27Y32         CARRY4 (Prop_carry4_CYINIT_CO[3])
                                                      0.580    12.104 r  u_feat/u_amp/_inferred__4/i__carry/CO[3]
                         net (fo=1, routed)           0.000    12.104    u_feat/u_amp/_inferred__4/i__carry_n_0
    SLICE_X27Y33         CARRY4 (Prop_carry4_CI_CO[3])
                                                      0.114    12.218 r  u_feat/u_amp/_inferred__4/i__carry__0/CO[3]
                         net (fo=1, routed)           0.000    12.218    u_feat/u_amp/_inferred__4/i__carry__0_n_0
    SLICE_X27Y34         CARRY4 (Prop_carry4_CI_CO[3])
                                                      0.114    12.332 r  u_feat/u_amp/_inferred__4/i__carry__1/CO[3]
                         net (fo=1, routed)           0.000    12.332    u_feat/u_amp/_inferred__4/i__carry__1_n_0
    SLICE_X27Y35         CARRY4 (Prop_carry4_CI_O[2])
                                                      0.239    12.571 r  u_feat/u_amp/_inferred__4/i__carry__2/O[2]
                         net (fo=1, routed)           0.000    12.571    u_feat/u_amp/_inferred__4/i__carry__2_n_5
    SLICE_X27Y35         FDCE                                         r  u_feat/u_amp/amplitude_reg[14]/D
  -------------------------------------------------------------------    -------------------

                         (clock sys_clk_pin rise edge)
                                                      8.000     8.000 r  
    K17                                               0.000     8.000 r  clk (IN)
                         net (fo=0)                   0.000     8.000    clk
    K17                  IBUF (Prop_ibuf_I_O)         1.421     9.421 r  clk_IBUF_inst/O
                         net (fo=1, routed)           1.880    11.301    clk_IBUF
    BUFGCTRL_X0Y16       BUFG (Prop_bufg_I_O)         0.091    11.392 r  clk_IBUF_BUFG_inst/O
                         net (fo=288, routed)         1.497    12.889    u_feat/u_amp/CLK
    SLICE_X27Y35         FDCE                                         r  u_feat/u_amp/amplitude_reg[14]/C
                         clock pessimism              0.391    13.281    
                         clock uncertainty           -0.035    13.245    
    SLICE_X27Y35         FDCE (Setup_fdce_C_D)        0.062    13.307    u_feat/u_amp/amplitude_reg[14]
  -------------------------------------------------------------------
                         required time                         13.307    
                         arrival time                         -12.571    
  -------------------------------------------------------------------
                         slack                                  0.737    

Slack (MET) :             0.753ns  (required time - arrival time)
  Source:                 u_audio/sample_out_reg[9]/C
                            (rising edge-triggered cell FDCE clocked by sys_clk_pin  {rise@0.000ns fall@4.000ns period=8.000ns})
  Destination:            u_feat/u_amp/amplitude_reg[12]/D
                            (rising edge-triggered cell FDCE clocked by sys_clk_pin  {rise@0.000ns fall@4.000ns period=8.000ns})
  Path Group:             sys_clk_pin
  Path Type:              Setup (Max at Slow Process Corner)
  Requirement:            8.000ns  (sys_clk_pin rise@8.000ns - sys_clk_pin rise@0.000ns)
  Data Path Delay:        7.223ns  (logic 3.378ns (46.767%)  route 3.845ns (53.233%))
  Logic Levels:           11  (CARRY4=7 LUT1=2 LUT3=1 LUT6=1)
  Clock Path Skew:        -0.051ns (DCD - SCD + CPR)
    Destination Clock Delay (DCD):    4.890ns = ( 12.889 - 8.000 ) 
    Source Clock Delay      (SCD):    5.332ns
    Clock Pessimism Removal (CPR):    0.391ns
  Clock Uncertainty:      0.035ns  ((TSJ^2 + TIJ^2)^1/2 + DJ) / 2 + PE
    Total System Jitter     (TSJ):    0.071ns
    Total Input Jitter      (TIJ):    0.000ns
    Discrete Jitter          (DJ):    0.000ns
    Phase Error              (PE):    0.000ns

    Location             Delay type                Incr(ns)  Path(ns)    Netlist Resource(s)
  -------------------------------------------------------------------    -------------------
                         (clock sys_clk_pin rise edge)
                                                      0.000     0.000 r  
    K17                                               0.000     0.000 r  clk (IN)
                         net (fo=0)                   0.000     0.000    clk
    K17                  IBUF (Prop_ibuf_I_O)         1.492     1.492 r  clk_IBUF_inst/O
                         net (fo=1, routed)           2.076     3.568    clk_IBUF
    BUFGCTRL_X0Y16       BUFG (Prop_bufg_I_O)         0.101     3.669 r  clk_IBUF_BUFG_inst/O
                         net (fo=288, routed)         1.663     5.332    u_audio/CLK
    SLICE_X32Y21         FDCE                                         r  u_audio/sample_out_reg[9]/C
  -------------------------------------------------------------------    -------------------
    SLICE_X32Y21         FDCE (Prop_fdce_C_Q)         0.518     5.850 f  u_audio/sample_out_reg[9]/Q
                         net (fo=9, routed)           1.235     7.085    u_audio/Q[9]
    SLICE_X23Y32         LUT1 (Prop_lut1_I0_O)        0.124     7.209 r  u_audio/amplitude1_carry__0_i_23/O
                         net (fo=1, routed)           0.000     7.209    u_audio/u_feat/p_0_in[9]
    SLICE_X23Y32         CARRY4 (Prop_carry4_S[0]_CO[3])
                                                      0.532     7.741 r  u_audio/amplitude1_carry__0_i_10/CO[3]
                         net (fo=1, routed)           0.000     7.741    u_audio/amplitude1_carry__0_i_10_n_0
    SLICE_X23Y33         CARRY4 (Prop_carry4_CI_O[0])
                                                      0.222     7.963 r  u_audio/amplitude1_carry__0_i_9/O[0]
                         net (fo=4, routed)           0.430     8.393    u_audio/u_feat/abs_sample0[13]
    SLICE_X25Y33         LUT3 (Prop_lut3_I0_O)        0.299     8.692 r  u_audio/amplitude1_carry__0_i_11/O
                         net (fo=1, routed)           0.539     9.232    u_audio/u_feat/abs_sample[13]
    SLICE_X28Y33         LUT6 (Prop_lut6_I5_O)        0.124     9.356 r  u_audio/amplitude1_carry__0_i_2/O
                         net (fo=1, routed)           0.482     9.838    u_feat/u_amp/DI[2]
    SLICE_X28Y31         CARRY4 (Prop_carry4_DI[2]_CO[3])
                                                      0.404    10.242 f  u_feat/u_amp/amplitude1_carry__0/CO[3]
                         net (fo=17, routed)          0.668    10.910    u_audio/CO[0]
    SLICE_X28Y32         LUT1 (Prop_lut1_I0_O)        0.124    11.034 r  u_audio/i__carry_i_1__0/O
                         net (fo=1, routed)           0.489    11.524    u_feat/u_amp/amplitude_reg[3]_0
    SLICE_X27Y32         CARRY4 (Prop_carry4_CYINIT_CO[3])
                                                      0.580    12.104 r  u_feat/u_amp/_inferred__4/i__carry/CO[3]
                         net (fo=1, routed)           0.000    12.104    u_feat/u_amp/_inferred__4/i__carry_n_0
    SLICE_X27Y33         CARRY4 (Prop_carry4_CI_CO[3])
                                                      0.114    12.218 r  u_feat/u_amp/_inferred__4/i__carry__0/CO[3]
                         net (fo=1, routed)           0.000    12.218    u_feat/u_amp/_inferred__4/i__carry__0_n_0
    SLICE_X27Y34         CARRY4 (Prop_carry4_CI_CO[3])
                                                      0.114    12.332 r  u_feat/u_amp/_inferred__4/i__carry__1/CO[3]
                         net (fo=1, routed)           0.000    12.332    u_feat/u_amp/_inferred__4/i__carry__1_n_0
    SLICE_X27Y35         CARRY4 (Prop_carry4_CI_O[0])
                                                      0.223    12.555 r  u_feat/u_amp/_inferred__4/i__carry__2/O[0]
                         net (fo=1, routed)           0.000    12.555    u_feat/u_amp/_inferred__4/i__carry__2_n_7
    SLICE_X27Y35         FDCE                                         r  u_feat/u_amp/amplitude_reg[12]/D
  -------------------------------------------------------------------    -------------------

                         (clock sys_clk_pin rise edge)
                                                      8.000     8.000 r  
    K17                                               0.000     8.000 r  clk (IN)
                         net (fo=0)                   0.000     8.000    clk
    K17                  IBUF (Prop_ibuf_I_O)         1.421     9.421 r  clk_IBUF_inst/O
                         net (fo=1, routed)           1.880    11.301    clk_IBUF
    BUFGCTRL_X0Y16       BUFG (Prop_bufg_I_O)         0.091    11.392 r  clk_IBUF_BUFG_inst/O
                         net (fo=288, routed)         1.497    12.889    u_feat/u_amp/CLK
    SLICE_X27Y35         FDCE                                         r  u_feat/u_amp/amplitude_reg[12]/C
                         clock pessimism              0.391    13.281    
                         clock uncertainty           -0.035    13.245    
    SLICE_X27Y35         FDCE (Setup_fdce_C_D)        0.062    13.307    u_feat/u_amp/amplitude_reg[12]
  -------------------------------------------------------------------
                         required time                         13.307    
                         arrival time                         -12.555    
  -------------------------------------------------------------------
                         slack                                  0.753    

Slack (MET) :             0.755ns  (required time - arrival time)
  Source:                 u_audio/sample_out_reg[9]/C
                            (rising edge-triggered cell FDCE clocked by sys_clk_pin  {rise@0.000ns fall@4.000ns period=8.000ns})
  Destination:            u_feat/u_amp/amplitude_reg[9]/D
                            (rising edge-triggered cell FDCE clocked by sys_clk_pin  {rise@0.000ns fall@4.000ns period=8.000ns})
  Path Group:             sys_clk_pin
  Path Type:              Setup (Max at Slow Process Corner)
  Requirement:            8.000ns  (sys_clk_pin rise@8.000ns - sys_clk_pin rise@0.000ns)
  Data Path Delay:        7.220ns  (logic 3.375ns (46.745%)  route 3.845ns (53.255%))
  Logic Levels:           10  (CARRY4=6 LUT1=2 LUT3=1 LUT6=1)
  Clock Path Skew:        -0.052ns (DCD - SCD + CPR)
    Destination Clock Delay (DCD):    4.889ns = ( 12.889 - 8.000 ) 
    Source Clock Delay      (SCD):    5.332ns
    Clock Pessimism Removal (CPR):    0.391ns
  Clock Uncertainty:      0.035ns  ((TSJ^2 + TIJ^2)^1/2 + DJ) / 2 + PE
    Total System Jitter     (TSJ):    0.071ns
    Total Input Jitter      (TIJ):    0.000ns
    Discrete Jitter          (DJ):    0.000ns
    Phase Error              (PE):    0.000ns

    Location             Delay type                Incr(ns)  Path(ns)    Netlist Resource(s)
  -------------------------------------------------------------------    -------------------
                         (clock sys_clk_pin rise edge)
                                                      0.000     0.000 r  
    K17                                               0.000     0.000 r  clk (IN)
                         net (fo=0)                   0.000     0.000    clk
    K17                  IBUF (Prop_ibuf_I_O)         1.492     1.492 r  clk_IBUF_inst/O
                         net (fo=1, routed)           2.076     3.568    clk_IBUF
    BUFGCTRL_X0Y16       BUFG (Prop_bufg_I_O)         0.101     3.669 r  clk_IBUF_BUFG_inst/O
                         net (fo=288, routed)         1.663     5.332    u_audio/CLK
    SLICE_X32Y21         FDCE                                         r  u_audio/sample_out_reg[9]/C
  -------------------------------------------------------------------    -------------------
    SLICE_X32Y21         FDCE (Prop_fdce_C_Q)         0.518     5.850 f  u_audio/sample_out_reg[9]/Q
                         net (fo=9, routed)           1.235     7.085    u_audio/Q[9]
    SLICE_X23Y32         LUT1 (Prop_lut1_I0_O)        0.124     7.209 r  u_audio/amplitude1_carry__0_i_23/O
                         net (fo=1, routed)           0.000     7.209    u_audio/u_feat/p_0_in[9]
    SLICE_X23Y32         CARRY4 (Prop_carry4_S[0]_CO[3])
                                                      0.532     7.741 r  u_audio/amplitude1_carry__0_i_10/CO[3]
                         net (fo=1, routed)           0.000     7.741    u_audio/amplitude1_carry__0_i_10_n_0
    SLICE_X23Y33         CARRY4 (Prop_carry4_CI_O[0])
                                                      0.222     7.963 r  u_audio/amplitude1_carry__0_i_9/O[0]
                         net (fo=4, routed)           0.430     8.393    u_audio/u_feat/abs_sample0[13]
    SLICE_X25Y33         LUT3 (Prop_lut3_I0_O)        0.299     8.692 r  u_audio/amplitude1_carry__0_i_11/O
                         net (fo=1, routed)           0.539     9.232    u_audio/u_feat/abs_sample[13]
    SLICE_X28Y33         LUT6 (Prop_lut6_I5_O)        0.124     9.356 r  u_audio/amplitude1_carry__0_i_2/O
                         net (fo=1, routed)           0.482     9.838    u_feat/u_amp/DI[2]
    SLICE_X28Y31         CARRY4 (Prop_carry4_DI[2]_CO[3])
                                                      0.404    10.242 f  u_feat/u_amp/amplitude1_carry__0/CO[3]
                         net (fo=17, routed)          0.668    10.910    u_audio/CO[0]
    SLICE_X28Y32         LUT1 (Prop_lut1_I0_O)        0.124    11.034 r  u_audio/i__carry_i_1__0/O
                         net (fo=1, routed)           0.489    11.524    u_feat/u_amp/amplitude_reg[3]_0
    SLICE_X27Y32         CARRY4 (Prop_carry4_CYINIT_CO[3])
                                                      0.580    12.104 r  u_feat/u_amp/_inferred__4/i__carry/CO[3]
                         net (fo=1, routed)           0.000    12.104    u_feat/u_amp/_inferred__4/i__carry_n_0
    SLICE_X27Y33         CARRY4 (Prop_carry4_CI_CO[3])
                                                      0.114    12.218 r  u_feat/u_amp/_inferred__4/i__carry__0/CO[3]
                         net (fo=1, routed)           0.000    12.218    u_feat/u_amp/_inferred__4/i__carry__0_n_0
    SLICE_X27Y34         CARRY4 (Prop_carry4_CI_O[1])
                                                      0.334    12.552 r  u_feat/u_amp/_inferred__4/i__carry__1/O[1]
                         net (fo=1, routed)           0.000    12.552    u_feat/u_amp/_inferred__4/i__carry__1_n_6
    SLICE_X27Y34         FDCE                                         r  u_feat/u_amp/amplitude_reg[9]/D
  -------------------------------------------------------------------    -------------------

                         (clock sys_clk_pin rise edge)
                                                      8.000     8.000 r  
    K17                                               0.000     8.000 r  clk (IN)
                         net (fo=0)                   0.000     8.000    clk
    K17                  IBUF (Prop_ibuf_I_O)         1.421     9.421 r  clk_IBUF_inst/O
                         net (fo=1, routed)           1.880    11.301    clk_IBUF
    BUFGCTRL_X0Y16       BUFG (Prop_bufg_I_O)         0.091    11.392 r  clk_IBUF_BUFG_inst/O
                         net (fo=288, routed)         1.496    12.888    u_feat/u_amp/CLK
    SLICE_X27Y34         FDCE                                         r  u_feat/u_amp/amplitude_reg[9]/C
                         clock pessimism              0.391    13.280    
                         clock uncertainty           -0.035    13.244    
    SLICE_X27Y34         FDCE (Setup_fdce_C_D)        0.062    13.306    u_feat/u_amp/amplitude_reg[9]
  -------------------------------------------------------------------
                         required time                         13.306    
                         arrival time                         -12.552    
  -------------------------------------------------------------------
                         slack                                  0.755    

Slack (MET) :             0.776ns  (required time - arrival time)
  Source:                 u_audio/sample_out_reg[9]/C
                            (rising edge-triggered cell FDCE clocked by sys_clk_pin  {rise@0.000ns fall@4.000ns period=8.000ns})
  Destination:            u_feat/u_amp/amplitude_reg[11]/D
                            (rising edge-triggered cell FDCE clocked by sys_clk_pin  {rise@0.000ns fall@4.000ns period=8.000ns})
  Path Group:             sys_clk_pin
  Path Type:              Setup (Max at Slow Process Corner)
  Requirement:            8.000ns  (sys_clk_pin rise@8.000ns - sys_clk_pin rise@0.000ns)
  Data Path Delay:        7.199ns  (logic 3.354ns (46.590%)  route 3.845ns (53.410%))
  Logic Levels:           10  (CARRY4=6 LUT1=2 LUT3=1 LUT6=1)
  Clock Path Skew:        -0.052ns (DCD - SCD + CPR)
    Destination Clock Delay (DCD):    4.889ns = ( 12.889 - 8.000 ) 
    Source Clock Delay      (SCD):    5.332ns
    Clock Pessimism Removal (CPR):    0.391ns
  Clock Uncertainty:      0.035ns  ((TSJ^2 + TIJ^2)^1/2 + DJ) / 2 + PE
    Total System Jitter     (TSJ):    0.071ns
    Total Input Jitter      (TIJ):    0.000ns
    Discrete Jitter          (DJ):    0.000ns
    Phase Error              (PE):    0.000ns

    Location             Delay type                Incr(ns)  Path(ns)    Netlist Resource(s)
  -------------------------------------------------------------------    -------------------
                         (clock sys_clk_pin rise edge)
                                                      0.000     0.000 r  
    K17                                               0.000     0.000 r  clk (IN)
                         net (fo=0)                   0.000     0.000    clk
    K17                  IBUF (Prop_ibuf_I_O)         1.492     1.492 r  clk_IBUF_inst/O
                         net (fo=1, routed)           2.076     3.568    clk_IBUF
    BUFGCTRL_X0Y16       BUFG (Prop_bufg_I_O)         0.101     3.669 r  clk_IBUF_BUFG_inst/O
                         net (fo=288, routed)         1.663     5.332    u_audio/CLK
    SLICE_X32Y21         FDCE                                         r  u_audio/sample_out_reg[9]/C
  -------------------------------------------------------------------    -------------------
    SLICE_X32Y21         FDCE (Prop_fdce_C_Q)         0.518     5.850 f  u_audio/sample_out_reg[9]/Q
                         net (fo=9, routed)           1.235     7.085    u_audio/Q[9]
    SLICE_X23Y32         LUT1 (Prop_lut1_I0_O)        0.124     7.209 r  u_audio/amplitude1_carry__0_i_23/O
                         net (fo=1, routed)           0.000     7.209    u_audio/u_feat/p_0_in[9]
    SLICE_X23Y32         CARRY4 (Prop_carry4_S[0]_CO[3])
                                                      0.532     7.741 r  u_audio/amplitude1_carry__0_i_10/CO[3]
                         net (fo=1, routed)           0.000     7.741    u_audio/amplitude1_carry__0_i_10_n_0
    SLICE_X23Y33         CARRY4 (Prop_carry4_CI_O[0])
                                                      0.222     7.963 r  u_audio/amplitude1_carry__0_i_9/O[0]
                         net (fo=4, routed)           0.430     8.393    u_audio/u_feat/abs_sample0[13]
    SLICE_X25Y33         LUT3 (Prop_lut3_I0_O)        0.299     8.692 r  u_audio/amplitude1_carry__0_i_11/O
                         net (fo=1, routed)           0.539     9.232    u_audio/u_feat/abs_sample[13]
    SLICE_X28Y33         LUT6 (Prop_lut6_I5_O)        0.124     9.356 r  u_audio/amplitude1_carry__0_i_2/O
                         net (fo=1, routed)           0.482     9.838    u_feat/u_amp/DI[2]
    SLICE_X28Y31         CARRY4 (Prop_carry4_DI[2]_CO[3])
                                                      0.404    10.242 f  u_feat/u_amp/amplitude1_carry__0/CO[3]
                         net (fo=17, routed)          0.668    10.910    u_audio/CO[0]
    SLICE_X28Y32         LUT1 (Prop_lut1_I0_O)        0.124    11.034 r  u_audio/i__carry_i_1__0/O
                         net (fo=1, routed)           0.489    11.524    u_feat/u_amp/amplitude_reg[3]_0
    SLICE_X27Y32         CARRY4 (Prop_carry4_CYINIT_CO[3])
                                                      0.580    12.104 r  u_feat/u_amp/_inferred__4/i__carry/CO[3]
                         net (fo=1, routed)           0.000    12.104    u_feat/u_amp/_inferred__4/i__carry_n_0
    SLICE_X27Y33         CARRY4 (Prop_carry4_CI_CO[3])
                                                      0.114    12.218 r  u_feat/u_amp/_inferred__4/i__carry__0/CO[3]
                         net (fo=1, routed)           0.000    12.218    u_feat/u_amp/_inferred__4/i__carry__0_n_0
    SLICE_X27Y34         CARRY4 (Prop_carry4_CI_O[3])
                                                      0.313    12.531 r  u_feat/u_amp/_inferred__4/i__carry__1/O[3]
                         net (fo=1, routed)           0.000    12.531    u_feat/u_amp/_inferred__4/i__carry__1_n_4
    SLICE_X27Y34         FDCE                                         r  u_feat/u_amp/amplitude_reg[11]/D
  -------------------------------------------------------------------    -------------------

                         (clock sys_clk_pin rise edge)
                                                      8.000     8.000 r  
    K17                                               0.000     8.000 r  clk (IN)
                         net (fo=0)                   0.000     8.000    clk
    K17                  IBUF (Prop_ibuf_I_O)         1.421     9.421 r  clk_IBUF_inst/O
                         net (fo=1, routed)           1.880    11.301    clk_IBUF
    BUFGCTRL_X0Y16       BUFG (Prop_bufg_I_O)         0.091    11.392 r  clk_IBUF_BUFG_inst/O
                         net (fo=288, routed)         1.496    12.888    u_feat/u_amp/CLK
    SLICE_X27Y34         FDCE                                         r  u_feat/u_amp/amplitude_reg[11]/C
                         clock pessimism              0.391    13.280    
                         clock uncertainty           -0.035    13.244    
    SLICE_X27Y34         FDCE (Setup_fdce_C_D)        0.062    13.306    u_feat/u_amp/amplitude_reg[11]
  -------------------------------------------------------------------
                         required time                         13.306    
                         arrival time                         -12.531    
  -------------------------------------------------------------------
                         slack                                  0.776    

Slack (MET) :             0.850ns  (required time - arrival time)
  Source:                 u_audio/sample_out_reg[9]/C
                            (rising edge-triggered cell FDCE clocked by sys_clk_pin  {rise@0.000ns fall@4.000ns period=8.000ns})
  Destination:            u_feat/u_amp/amplitude_reg[10]/D
                            (rising edge-triggered cell FDCE clocked by sys_clk_pin  {rise@0.000ns fall@4.000ns period=8.000ns})
  Path Group:             sys_clk_pin
  Path Type:              Setup (Max at Slow Process Corner)
  Requirement:            8.000ns  (sys_clk_pin rise@8.000ns - sys_clk_pin rise@0.000ns)
  Data Path Delay:        7.125ns  (logic 3.280ns (46.035%)  route 3.845ns (53.965%))
  Logic Levels:           10  (CARRY4=6 LUT1=2 LUT3=1 LUT6=1)
  Clock Path Skew:        -0.052ns (DCD - SCD + CPR)
    Destination Clock Delay (DCD):    4.889ns = ( 12.889 - 8.000 ) 
    Source Clock Delay      (SCD):    5.332ns
    Clock Pessimism Removal (CPR):    0.391ns
  Clock Uncertainty:      0.035ns  ((TSJ^2 + TIJ^2)^1/2 + DJ) / 2 + PE
    Total System Jitter     (TSJ):    0.071ns
    Total Input Jitter      (TIJ):    0.000ns
    Discrete Jitter          (DJ):    0.000ns
    Phase Error              (PE):    0.000ns

    Location             Delay type                Incr(ns)  Path(ns)    Netlist Resource(s)
  -------------------------------------------------------------------    -------------------
                         (clock sys_clk_pin rise edge)
                                                      0.000     0.000 r  
    K17                                               0.000     0.000 r  clk (IN)
                         net (fo=0)                   0.000     0.000    clk
    K17                  IBUF (Prop_ibuf_I_O)         1.492     1.492 r  clk_IBUF_inst/O
                         net (fo=1, routed)           2.076     3.568    clk_IBUF
    BUFGCTRL_X0Y16       BUFG (Prop_bufg_I_O)         0.101     3.669 r  clk_IBUF_BUFG_inst/O
                         net (fo=288, routed)         1.663     5.332    u_audio/CLK
    SLICE_X32Y21         FDCE                                         r  u_audio/sample_out_reg[9]/C
  -------------------------------------------------------------------    -------------------
    SLICE_X32Y21         FDCE (Prop_fdce_C_Q)         0.518     5.850 f  u_audio/sample_out_reg[9]/Q
                         net (fo=9, routed)           1.235     7.085    u_audio/Q[9]
    SLICE_X23Y32         LUT1 (Prop_lut1_I0_O)        0.124     7.209 r  u_audio/amplitude1_carry__0_i_23/O
                         net (fo=1, routed)           0.000     7.209    u_audio/u_feat/p_0_in[9]
    SLICE_X23Y32         CARRY4 (Prop_carry4_S[0]_CO[3])
                                                      0.532     7.741 r  u_audio/amplitude1_carry__0_i_10/CO[3]
                         net (fo=1, routed)           0.000     7.741    u_audio/amplitude1_carry__0_i_10_n_0
    SLICE_X23Y33         CARRY4 (Prop_carry4_CI_O[0])
                                                      0.222     7.963 r  u_audio/amplitude1_carry__0_i_9/O[0]
                         net (fo=4, routed)           0.430     8.393    u_audio/u_feat/abs_sample0[13]
    SLICE_X25Y33         LUT3 (Prop_lut3_I0_O)        0.299     8.692 r  u_audio/amplitude1_carry__0_i_11/O
                         net (fo=1, routed)           0.539     9.232    u_audio/u_feat/abs_sample[13]
    SLICE_X28Y33         LUT6 (Prop_lut6_I5_O)        0.124     9.356 r  u_audio/amplitude1_carry__0_i_2/O
                         net (fo=1, routed)           0.482     9.838    u_feat/u_amp/DI[2]
    SLICE_X28Y31         CARRY4 (Prop_carry4_DI[2]_CO[3])
                                                      0.404    10.242 f  u_feat/u_amp/amplitude1_carry__0/CO[3]
                         net (fo=17, routed)          0.668    10.910    u_audio/CO[0]
    SLICE_X28Y32         LUT1 (Prop_lut1_I0_O)        0.124    11.034 r  u_audio/i__carry_i_1__0/O
                         net (fo=1, routed)           0.489    11.524    u_feat/u_amp/amplitude_reg[3]_0
    SLICE_X27Y32         CARRY4 (Prop_carry4_CYINIT_CO[3])
                                                      0.580    12.104 r  u_feat/u_amp/_inferred__4/i__carry/CO[3]
                         net (fo=1, routed)           0.000    12.104    u_feat/u_amp/_inferred__4/i__carry_n_0
    SLICE_X27Y33         CARRY4 (Prop_carry4_CI_CO[3])
                                                      0.114    12.218 r  u_feat/u_amp/_inferred__4/i__carry__0/CO[3]
                         net (fo=1, routed)           0.000    12.218    u_feat/u_amp/_inferred__4/i__carry__0_n_0
    SLICE_X27Y34         CARRY4 (Prop_carry4_CI_O[2])
                                                      0.239    12.457 r  u_feat/u_amp/_inferred__4/i__carry__1/O[2]
                         net (fo=1, routed)           0.000    12.457    u_feat/u_amp/_inferred__4/i__carry__1_n_5
    SLICE_X27Y34         FDCE                                         r  u_feat/u_amp/amplitude_reg[10]/D
  -------------------------------------------------------------------    -------------------

                         (clock sys_clk_pin rise edge)
                                                      8.000     8.000 r  
    K17                                               0.000     8.000 r  clk (IN)
                         net (fo=0)                   0.000     8.000    clk
    K17                  IBUF (Prop_ibuf_I_O)         1.421     9.421 r  clk_IBUF_inst/O
                         net (fo=1, routed)           1.880    11.301    clk_IBUF
    BUFGCTRL_X0Y16       BUFG (Prop_bufg_I_O)         0.091    11.392 r  clk_IBUF_BUFG_inst/O
                         net (fo=288, routed)         1.496    12.888    u_feat/u_amp/CLK
    SLICE_X27Y34         FDCE                                         r  u_feat/u_amp/amplitude_reg[10]/C
                         clock pessimism              0.391    13.280    
                         clock uncertainty           -0.035    13.244    
    SLICE_X27Y34         FDCE (Setup_fdce_C_D)        0.062    13.306    u_feat/u_amp/amplitude_reg[10]
  -------------------------------------------------------------------
                         required time                         13.306    
                         arrival time                         -12.457    
  -------------------------------------------------------------------
                         slack                                  0.850    

Slack (MET) :             0.866ns  (required time - arrival time)
  Source:                 u_audio/sample_out_reg[9]/C
                            (rising edge-triggered cell FDCE clocked by sys_clk_pin  {rise@0.000ns fall@4.000ns period=8.000ns})
  Destination:            u_feat/u_amp/amplitude_reg[8]/D
                            (rising edge-triggered cell FDCE clocked by sys_clk_pin  {rise@0.000ns fall@4.000ns period=8.000ns})
  Path Group:             sys_clk_pin
  Path Type:              Setup (Max at Slow Process Corner)
  Requirement:            8.000ns  (sys_clk_pin rise@8.000ns - sys_clk_pin rise@0.000ns)
  Data Path Delay:        7.109ns  (logic 3.264ns (45.913%)  route 3.845ns (54.086%))
  Logic Levels:           10  (CARRY4=6 LUT1=2 LUT3=1 LUT6=1)
  Clock Path Skew:        -0.052ns (DCD - SCD + CPR)
    Destination Clock Delay (DCD):    4.889ns = ( 12.889 - 8.000 ) 
    Source Clock Delay      (SCD):    5.332ns
    Clock Pessimism Removal (CPR):    0.391ns
  Clock Uncertainty:      0.035ns  ((TSJ^2 + TIJ^2)^1/2 + DJ) / 2 + PE
    Total System Jitter     (TSJ):    0.071ns
    Total Input Jitter      (TIJ):    0.000ns
    Discrete Jitter          (DJ):    0.000ns
    Phase Error              (PE):    0.000ns

    Location             Delay type                Incr(ns)  Path(ns)    Netlist Resource(s)
  -------------------------------------------------------------------    -------------------
                         (clock sys_clk_pin rise edge)
                                                      0.000     0.000 r  
    K17                                               0.000     0.000 r  clk (IN)
                         net (fo=0)                   0.000     0.000    clk
    K17                  IBUF (Prop_ibuf_I_O)         1.492     1.492 r  clk_IBUF_inst/O
                         net (fo=1, routed)           2.076     3.568    clk_IBUF
    BUFGCTRL_X0Y16       BUFG (Prop_bufg_I_O)         0.101     3.669 r  clk_IBUF_BUFG_inst/O
                         net (fo=288, routed)         1.663     5.332    u_audio/CLK
    SLICE_X32Y21         FDCE                                         r  u_audio/sample_out_reg[9]/C
  -------------------------------------------------------------------    -------------------
    SLICE_X32Y21         FDCE (Prop_fdce_C_Q)         0.518     5.850 f  u_audio/sample_out_reg[9]/Q
                         net (fo=9, routed)           1.235     7.085    u_audio/Q[9]
    SLICE_X23Y32         LUT1 (Prop_lut1_I0_O)        0.124     7.209 r  u_audio/amplitude1_carry__0_i_23/O
                         net (fo=1, routed)           0.000     7.209    u_audio/u_feat/p_0_in[9]
    SLICE_X23Y32         CARRY4 (Prop_carry4_S[0]_CO[3])
                                                      0.532     7.741 r  u_audio/amplitude1_carry__0_i_10/CO[3]
                         net (fo=1, routed)           0.000     7.741    u_audio/amplitude1_carry__0_i_10_n_0
    SLICE_X23Y33         CARRY4 (Prop_carry4_CI_O[0])
                                                      0.222     7.963 r  u_audio/amplitude1_carry__0_i_9/O[0]
                         net (fo=4, routed)           0.430     8.393    u_audio/u_feat/abs_sample0[13]
    SLICE_X25Y33         LUT3 (Prop_lut3_I0_O)        0.299     8.692 r  u_audio/amplitude1_carry__0_i_11/O
                         net (fo=1, routed)           0.539     9.232    u_audio/u_feat/abs_sample[13]
    SLICE_X28Y33         LUT6 (Prop_lut6_I5_O)        0.124     9.356 r  u_audio/amplitude1_carry__0_i_2/O
                         net (fo=1, routed)           0.482     9.838    u_feat/u_amp/DI[2]
    SLICE_X28Y31         CARRY4 (Prop_carry4_DI[2]_CO[3])
                                                      0.404    10.242 f  u_feat/u_amp/amplitude1_carry__0/CO[3]
                         net (fo=17, routed)          0.668    10.910    u_audio/CO[0]
    SLICE_X28Y32         LUT1 (Prop_lut1_I0_O)        0.124    11.034 r  u_audio/i__carry_i_1__0/O
                         net (fo=1, routed)           0.489    11.524    u_feat/u_amp/amplitude_reg[3]_0
    SLICE_X27Y32         CARRY4 (Prop_carry4_CYINIT_CO[3])
                                                      0.580    12.104 r  u_feat/u_amp/_inferred__4/i__carry/CO[3]
                         net (fo=1, routed)           0.000    12.104    u_feat/u_amp/_inferred__4/i__carry_n_0
    SLICE_X27Y33         CARRY4 (Prop_carry4_CI_CO[3])
                                                      0.114    12.218 r  u_feat/u_amp/_inferred__4/i__carry__0/CO[3]
                         net (fo=1, routed)           0.000    12.218    u_feat/u_amp/_inferred__4/i__carry__0_n_0
    SLICE_X27Y34         CARRY4 (Prop_carry4_CI_O[0])
                                                      0.223    12.441 r  u_feat/u_amp/_inferred__4/i__carry__1/O[0]
                         net (fo=1, routed)           0.000    12.441    u_feat/u_amp/_inferred__4/i__carry__1_n_7
    SLICE_X27Y34         FDCE                                         r  u_feat/u_amp/amplitude_reg[8]/D
  -------------------------------------------------------------------    -------------------

                         (clock sys_clk_pin rise edge)
                                                      8.000     8.000 r  
    K17                                               0.000     8.000 r  clk (IN)
                         net (fo=0)                   0.000     8.000    clk
    K17                  IBUF (Prop_ibuf_I_O)         1.421     9.421 r  clk_IBUF_inst/O
                         net (fo=1, routed)           1.880    11.301    clk_IBUF
    BUFGCTRL_X0Y16       BUFG (Prop_bufg_I_O)         0.091    11.392 r  clk_IBUF_BUFG_inst/O
                         net (fo=288, routed)         1.496    12.888    u_feat/u_amp/CLK
    SLICE_X27Y34         FDCE                                         r  u_feat/u_amp/amplitude_reg[8]/C
                         clock pessimism              0.391    13.280    
                         clock uncertainty           -0.035    13.244    
    SLICE_X27Y34         FDCE (Setup_fdce_C_D)        0.062    13.306    u_feat/u_amp/amplitude_reg[8]
  -------------------------------------------------------------------
                         required time                         13.306    
                         arrival time                         -12.441    
  -------------------------------------------------------------------
                         slack                                  0.866    

Slack (MET) :             0.868ns  (required time - arrival time)
  Source:                 u_audio/sample_out_reg[9]/C
                            (rising edge-triggered cell FDCE clocked by sys_clk_pin  {rise@0.000ns fall@4.000ns period=8.000ns})
  Destination:            u_feat/u_amp/amplitude_reg[5]/D
                            (rising edge-triggered cell FDCE clocked by sys_clk_pin  {rise@0.000ns fall@4.000ns period=8.000ns})
  Path Group:             sys_clk_pin
  Path Type:              Setup (Max at Slow Process Corner)
  Requirement:            8.000ns  (sys_clk_pin rise@8.000ns - sys_clk_pin rise@0.000ns)
  Data Path Delay:        7.106ns  (logic 3.261ns (45.891%)  route 3.845ns (54.109%))
  Logic Levels:           9  (CARRY4=5 LUT1=2 LUT3=1 LUT6=1)
  Clock Path Skew:        -0.053ns (DCD - SCD + CPR)
    Destination Clock Delay (DCD):    4.888ns = ( 12.888 - 8.000 ) 
    Source Clock Delay      (SCD):    5.332ns
    Clock Pessimism Removal (CPR):    0.391ns
  Clock Uncertainty:      0.035ns  ((TSJ^2 + TIJ^2)^1/2 + DJ) / 2 + PE
    Total System Jitter     (TSJ):    0.071ns
    Total Input Jitter      (TIJ):    0.000ns
    Discrete Jitter          (DJ):    0.000ns
    Phase Error              (PE):    0.000ns

    Location             Delay type                Incr(ns)  Path(ns)    Netlist Resource(s)
  -------------------------------------------------------------------    -------------------
                         (clock sys_clk_pin rise edge)
                                                      0.000     0.000 r  
    K17                                               0.000     0.000 r  clk (IN)
                         net (fo=0)                   0.000     0.000    clk
    K17                  IBUF (Prop_ibuf_I_O)         1.492     1.492 r  clk_IBUF_inst/O
                         net (fo=1, routed)           2.076     3.568    clk_IBUF
    BUFGCTRL_X0Y16       BUFG (Prop_bufg_I_O)         0.101     3.669 r  clk_IBUF_BUFG_inst/O
                         net (fo=288, routed)         1.663     5.332    u_audio/CLK
    SLICE_X32Y21         FDCE                                         r  u_audio/sample_out_reg[9]/C
  -------------------------------------------------------------------    -------------------
    SLICE_X32Y21         FDCE (Prop_fdce_C_Q)         0.518     5.850 f  u_audio/sample_out_reg[9]/Q
                         net (fo=9, routed)           1.235     7.085    u_audio/Q[9]
    SLICE_X23Y32         LUT1 (Prop_lut1_I0_O)        0.124     7.209 r  u_audio/amplitude1_carry__0_i_23/O
                         net (fo=1, routed)           0.000     7.209    u_audio/u_feat/p_0_in[9]
    SLICE_X23Y32         CARRY4 (Prop_carry4_S[0]_CO[3])
                                                      0.532     7.741 r  u_audio/amplitude1_carry__0_i_10/CO[3]
                         net (fo=1, routed)           0.000     7.741    u_audio/amplitude1_carry__0_i_10_n_0
    SLICE_X23Y33         CARRY4 (Prop_carry4_CI_O[0])
                                                      0.222     7.963 r  u_audio/amplitude1_carry__0_i_9/O[0]
                         net (fo=4, routed)           0.430     8.393    u_audio/u_feat/abs_sample0[13]
    SLICE_X25Y33         LUT3 (Prop_lut3_I0_O)        0.299     8.692 r  u_audio/amplitude1_carry__0_i_11/O
                         net (fo=1, routed)           0.539     9.232    u_audio/u_feat/abs_sample[13]
    SLICE_X28Y33         LUT6 (Prop_lut6_I5_O)        0.124     9.356 r  u_audio/amplitude1_carry__0_i_2/O
                         net (fo=1, routed)           0.482     9.838    u_feat/u_amp/DI[2]
    SLICE_X28Y31         CARRY4 (Prop_carry4_DI[2]_CO[3])
                                                      0.404    10.242 f  u_feat/u_amp/amplitude1_carry__0/CO[3]
                         net (fo=17, routed)          0.668    10.910    u_audio/CO[0]
    SLICE_X28Y32         LUT1 (Prop_lut1_I0_O)        0.124    11.034 r  u_audio/i__carry_i_1__0/O
                         net (fo=1, routed)           0.489    11.524    u_feat/u_amp/amplitude_reg[3]_0
    SLICE_X27Y32         CARRY4 (Prop_carry4_CYINIT_CO[3])
                                                      0.580    12.104 r  u_feat/u_amp/_inferred__4/i__carry/CO[3]
                         net (fo=1, routed)           0.000    12.104    u_feat/u_amp/_inferred__4/i__carry_n_0
    SLICE_X27Y33         CARRY4 (Prop_carry4_CI_O[1])
                                                      0.334    12.438 r  u_feat/u_amp/_inferred__4/i__carry__0/O[1]
                         net (fo=1, routed)           0.000    12.438    u_feat/u_amp/_inferred__4/i__carry__0_n_6
    SLICE_X27Y33         FDCE                                         r  u_feat/u_amp/amplitude_reg[5]/D
  -------------------------------------------------------------------    -------------------

                         (clock sys_clk_pin rise edge)
                                                      8.000     8.000 r  
    K17                                               0.000     8.000 r  clk (IN)
                         net (fo=0)                   0.000     8.000    clk
    K17                  IBUF (Prop_ibuf_I_O)         1.421     9.421 r  clk_IBUF_inst/O
                         net (fo=1, routed)           1.880    11.301    clk_IBUF
    BUFGCTRL_X0Y16       BUFG (Prop_bufg_I_O)         0.091    11.392 r  clk_IBUF_BUFG_inst/O
                         net (fo=288, routed)         1.495    12.887    u_feat/u_amp/CLK
    SLICE_X27Y33         FDCE                                         r  u_feat/u_amp/amplitude_reg[5]/C
                         clock pessimism              0.391    13.279    
                         clock uncertainty           -0.035    13.243    
    SLICE_X27Y33         FDCE (Setup_fdce_C_D)        0.062    13.305    u_feat/u_amp/amplitude_reg[5]
  -------------------------------------------------------------------
                         required time                         13.305    
                         arrival time                         -12.438    
  -------------------------------------------------------------------
                         slack                                  0.868    

Slack (MET) :             0.889ns  (required time - arrival time)
  Source:                 u_audio/sample_out_reg[9]/C
                            (rising edge-triggered cell FDCE clocked by sys_clk_pin  {rise@0.000ns fall@4.000ns period=8.000ns})
  Destination:            u_feat/u_amp/amplitude_reg[7]/D
                            (rising edge-triggered cell FDCE clocked by sys_clk_pin  {rise@0.000ns fall@4.000ns period=8.000ns})
  Path Group:             sys_clk_pin
  Path Type:              Setup (Max at Slow Process Corner)
  Requirement:            8.000ns  (sys_clk_pin rise@8.000ns - sys_clk_pin rise@0.000ns)
  Data Path Delay:        7.085ns  (logic 3.240ns (45.730%)  route 3.845ns (54.270%))
  Logic Levels:           9  (CARRY4=5 LUT1=2 LUT3=1 LUT6=1)
  Clock Path Skew:        -0.053ns (DCD - SCD + CPR)
    Destination Clock Delay (DCD):    4.888ns = ( 12.888 - 8.000 ) 
    Source Clock Delay      (SCD):    5.332ns
    Clock Pessimism Removal (CPR):    0.391ns
  Clock Uncertainty:      0.035ns  ((TSJ^2 + TIJ^2)^1/2 + DJ) / 2 + PE
    Total System Jitter     (TSJ):    0.071ns
    Total Input Jitter      (TIJ):    0.000ns
    Discrete Jitter          (DJ):    0.000ns
    Phase Error              (PE):    0.000ns

    Location             Delay type                Incr(ns)  Path(ns)    Netlist Resource(s)
  -------------------------------------------------------------------    -------------------
                         (clock sys_clk_pin rise edge)
                                                      0.000     0.000 r  
    K17                                               0.000     0.000 r  clk (IN)
                         net (fo=0)                   0.000     0.000    clk
    K17                  IBUF (Prop_ibuf_I_O)         1.492     1.492 r  clk_IBUF_inst/O
                         net (fo=1, routed)           2.076     3.568    clk_IBUF
    BUFGCTRL_X0Y16       BUFG (Prop_bufg_I_O)         0.101     3.669 r  clk_IBUF_BUFG_inst/O
                         net (fo=288, routed)         1.663     5.332    u_audio/CLK
    SLICE_X32Y21         FDCE                                         r  u_audio/sample_out_reg[9]/C
  -------------------------------------------------------------------    -------------------
    SLICE_X32Y21         FDCE (Prop_fdce_C_Q)         0.518     5.850 f  u_audio/sample_out_reg[9]/Q
                         net (fo=9, routed)           1.235     7.085    u_audio/Q[9]
    SLICE_X23Y32         LUT1 (Prop_lut1_I0_O)        0.124     7.209 r  u_audio/amplitude1_carry__0_i_23/O
                         net (fo=1, routed)           0.000     7.209    u_audio/u_feat/p_0_in[9]
    SLICE_X23Y32         CARRY4 (Prop_carry4_S[0]_CO[3])
                                                      0.532     7.741 r  u_audio/amplitude1_carry__0_i_10/CO[3]
                         net (fo=1, routed)           0.000     7.741    u_audio/amplitude1_carry__0_i_10_n_0
    SLICE_X23Y33         CARRY4 (Prop_carry4_CI_O[0])
                                                      0.222     7.963 r  u_audio/amplitude1_carry__0_i_9/O[0]
                         net (fo=4, routed)           0.430     8.393    u_audio/u_feat/abs_sample0[13]
    SLICE_X25Y33         LUT3 (Prop_lut3_I0_O)        0.299     8.692 r  u_audio/amplitude1_carry__0_i_11/O
                         net (fo=1, routed)           0.539     9.232    u_audio/u_feat/abs_sample[13]
    SLICE_X28Y33         LUT6 (Prop_lut6_I5_O)        0.124     9.356 r  u_audio/amplitude1_carry__0_i_2/O
                         net (fo=1, routed)           0.482     9.838    u_feat/u_amp/DI[2]
    SLICE_X28Y31         CARRY4 (Prop_carry4_DI[2]_CO[3])
                                                      0.404    10.242 f  u_feat/u_amp/amplitude1_carry__0/CO[3]
                         net (fo=17, routed)          0.668    10.910    u_audio/CO[0]
    SLICE_X28Y32         LUT1 (Prop_lut1_I0_O)        0.124    11.034 r  u_audio/i__carry_i_1__0/O
                         net (fo=1, routed)           0.489    11.524    u_feat/u_amp/amplitude_reg[3]_0
    SLICE_X27Y32         CARRY4 (Prop_carry4_CYINIT_CO[3])
                                                      0.580    12.104 r  u_feat/u_amp/_inferred__4/i__carry/CO[3]
                         net (fo=1, routed)           0.000    12.104    u_feat/u_amp/_inferred__4/i__carry_n_0
    SLICE_X27Y33         CARRY4 (Prop_carry4_CI_O[3])
                                                      0.313    12.417 r  u_feat/u_amp/_inferred__4/i__carry__0/O[3]
                         net (fo=1, routed)           0.000    12.417    u_feat/u_amp/_inferred__4/i__carry__0_n_4
    SLICE_X27Y33         FDCE                                         r  u_feat/u_amp/amplitude_reg[7]/D
  -------------------------------------------------------------------    -------------------

                         (clock sys_clk_pin rise edge)
                                                      8.000     8.000 r  
    K17                                               0.000     8.000 r  clk (IN)
                         net (fo=0)                   0.000     8.000    clk
    K17                  IBUF (Prop_ibuf_I_O)         1.421     9.421 r  clk_IBUF_inst/O
                         net (fo=1, routed)           1.880    11.301    clk_IBUF
    BUFGCTRL_X0Y16       BUFG (Prop_bufg_I_O)         0.091    11.392 r  clk_IBUF_BUFG_inst/O
                         net (fo=288, routed)         1.495    12.887    u_feat/u_amp/CLK
    SLICE_X27Y33         FDCE                                         r  u_feat/u_amp/amplitude_reg[7]/C
                         clock pessimism              0.391    13.279    
                         clock uncertainty           -0.035    13.243    
    SLICE_X27Y33         FDCE (Setup_fdce_C_D)        0.062    13.305    u_feat/u_amp/amplitude_reg[7]
  -------------------------------------------------------------------
                         required time                         13.305    
                         arrival time                         -12.417    
  -------------------------------------------------------------------
                         slack                                  0.889    





Min Delay Paths
--------------------------------------------------------------------------------------
Slack (MET) :             0.184ns  (arrival time - required time)
  Source:                 u_ps/design_1_i/axi_bram_ctrl_0_bram_0/U0/inst_blk_mem_gen/gnbram.gnativebmg.native_blk_mem_gen/valid.cstr/has_mux_b.B/no_softecc_sel_reg.ce_pri.sel_pipe_reg[1]/C
                            (rising edge-triggered cell FDRE clocked by sys_clk_pin  {rise@0.000ns fall@4.000ns period=8.000ns})
  Destination:            u_ps/design_1_i/axi_bram_ctrl_0_bram_0/U0/inst_blk_mem_gen/gnbram.gnativebmg.native_blk_mem_gen/valid.cstr/has_mux_b.B/no_softecc_norm_sel2.has_mem_regs.WITHOUT_ECC_PIPE.ce_pri.sel_pipe_d1_reg[1]/D
                            (rising edge-triggered cell FDRE clocked by sys_clk_pin  {rise@0.000ns fall@4.000ns period=8.000ns})
  Path Group:             sys_clk_pin
  Path Type:              Hold (Min at Fast Process Corner)
  Requirement:            0.000ns  (sys_clk_pin rise@0.000ns - sys_clk_pin rise@0.000ns)
  Data Path Delay:        0.254ns  (logic 0.141ns (55.511%)  route 0.113ns (44.489%))
  Logic Levels:           0  
  Clock Path Skew:        0.000ns (DCD - SCD - CPR)
    Destination Clock Delay (DCD):    1.978ns
    Source Clock Delay      (SCD):    1.465ns
    Clock Pessimism Removal (CPR):    0.513ns

    Location             Delay type                Incr(ns)  Path(ns)    Netlist Resource(s)
  -------------------------------------------------------------------    -------------------
                         (clock sys_clk_pin rise edge)
                                                      0.000     0.000 r  
    K17                                               0.000     0.000 r  clk (IN)
                         net (fo=0)                   0.000     0.000    clk
    K17                  IBUF (Prop_ibuf_I_O)         0.259     0.259 r  clk_IBUF_inst/O
                         net (fo=1, routed)           0.627     0.887    clk_IBUF
    BUFGCTRL_X0Y16       BUFG (Prop_bufg_I_O)         0.026     0.913 r  clk_IBUF_BUFG_inst/O
                         net (fo=288, routed)         0.553     1.465    u_ps/design_1_i/axi_bram_ctrl_0_bram_0/U0/inst_blk_mem_gen/gnbram.gnativebmg.native_blk_mem_gen/valid.cstr/has_mux_b.B/clkb
    SLICE_X25Y20         FDRE                                         r  u_ps/design_1_i/axi_bram_ctrl_0_bram_0/U0/inst_blk_mem_gen/gnbram.gnativebmg.native_blk_mem_gen/valid.cstr/has_mux_b.B/no_softecc_sel_reg.ce_pri.sel_pipe_reg[1]/C
  -------------------------------------------------------------------    -------------------
    SLICE_X25Y20         FDRE (Prop_fdre_C_Q)         0.141     1.606 r  u_ps/design_1_i/axi_bram_ctrl_0_bram_0/U0/inst_blk_mem_gen/gnbram.gnativebmg.native_blk_mem_gen/valid.cstr/has_mux_b.B/no_softecc_sel_reg.ce_pri.sel_pipe_reg[1]/Q
                         net (fo=1, routed)           0.113     1.719    u_ps/design_1_i/axi_bram_ctrl_0_bram_0/U0/inst_blk_mem_gen/gnbram.gnativebmg.native_blk_mem_gen/valid.cstr/has_mux_b.B/no_softecc_sel_reg.ce_pri.sel_pipe_reg_n_0_[1]
    SLICE_X25Y20         FDRE                                         r  u_ps/design_1_i/axi_bram_ctrl_0_bram_0/U0/inst_blk_mem_gen/gnbram.gnativebmg.native_blk_mem_gen/valid.cstr/has_mux_b.B/no_softecc_norm_sel2.has_mem_regs.WITHOUT_ECC_PIPE.ce_pri.sel_pipe_d1_reg[1]/D
  -------------------------------------------------------------------    -------------------

                         (clock sys_clk_pin rise edge)
                                                      0.000     0.000 r  
    K17                                               0.000     0.000 r  clk (IN)
                         net (fo=0)                   0.000     0.000    clk
    K17                  IBUF (Prop_ibuf_I_O)         0.447     0.447 r  clk_IBUF_inst/O
                         net (fo=1, routed)           0.683     1.130    clk_IBUF
    BUFGCTRL_X0Y16       BUFG (Prop_bufg_I_O)         0.029     1.159 r  clk_IBUF_BUFG_inst/O
                         net (fo=288, routed)         0.819     1.978    u_ps/design_1_i/axi_bram_ctrl_0_bram_0/U0/inst_blk_mem_gen/gnbram.gnativebmg.native_blk_mem_gen/valid.cstr/has_mux_b.B/clkb
    SLICE_X25Y20         FDRE                                         r  u_ps/design_1_i/axi_bram_ctrl_0_bram_0/U0/inst_blk_mem_gen/gnbram.gnativebmg.native_blk_mem_gen/valid.cstr/has_mux_b.B/no_softecc_norm_sel2.has_mem_regs.WITHOUT_ECC_PIPE.ce_pri.sel_pipe_d1_reg[1]/C
                         clock pessimism             -0.513     1.465    
    SLICE_X25Y20         FDRE (Hold_fdre_C_D)         0.070     1.535    u_ps/design_1_i/axi_bram_ctrl_0_bram_0/U0/inst_blk_mem_gen/gnbram.gnativebmg.native_blk_mem_gen/valid.cstr/has_mux_b.B/no_softecc_norm_sel2.has_mem_regs.WITHOUT_ECC_PIPE.ce_pri.sel_pipe_d1_reg[1]
  -------------------------------------------------------------------
                         required time                         -1.535    
                         arrival time                           1.719    
  -------------------------------------------------------------------
                         slack                                  0.184    

Slack (MET) :             0.202ns  (arrival time - required time)
  Source:                 u_audio/bram_addr_reg[11]/C
                            (rising edge-triggered cell FDCE clocked by sys_clk_pin  {rise@0.000ns fall@4.000ns period=8.000ns})
  Destination:            u_ps/design_1_i/axi_bram_ctrl_0_bram_0/U0/inst_blk_mem_gen/gnbram.gnativebmg.native_blk_mem_gen/valid.cstr/ramloop[9].ram.r/prim_init.ram/DEVICE_7SERIES.NO_BMM_INFO.TRUE_DP.SIMPLE_PRIM36.ram/ADDRBWRADDR[14]
                            (rising edge-triggered cell RAMB36E1 clocked by sys_clk_pin  {rise@0.000ns fall@4.000ns period=8.000ns})
  Path Group:             sys_clk_pin
  Path Type:              Hold (Min at Fast Process Corner)
  Requirement:            0.000ns  (sys_clk_pin rise@0.000ns - sys_clk_pin rise@0.000ns)
  Data Path Delay:        0.686ns  (logic 0.141ns (20.557%)  route 0.545ns (79.443%))
  Logic Levels:           0  
  Clock Path Skew:        0.301ns (DCD - SCD - CPR)
    Destination Clock Delay (DCD):    2.023ns
    Source Clock Delay      (SCD):    1.470ns
    Clock Pessimism Removal (CPR):    0.252ns

    Location             Delay type                Incr(ns)  Path(ns)    Netlist Resource(s)
  -------------------------------------------------------------------    -------------------
                         (clock sys_clk_pin rise edge)
                                                      0.000     0.000 r  
    K17                                               0.000     0.000 r  clk (IN)
                         net (fo=0)                   0.000     0.000    clk
    K17                  IBUF (Prop_ibuf_I_O)         0.259     0.259 r  clk_IBUF_inst/O
                         net (fo=1, routed)           0.627     0.887    clk_IBUF
    BUFGCTRL_X0Y16       BUFG (Prop_bufg_I_O)         0.026     0.913 r  clk_IBUF_BUFG_inst/O
                         net (fo=288, routed)         0.558     1.470    u_audio/CLK
    SLICE_X21Y15         FDCE                                         r  u_audio/bram_addr_reg[11]/C
  -------------------------------------------------------------------    -------------------
    SLICE_X21Y15         FDCE (Prop_fdce_C_Q)         0.141     1.611 r  u_audio/bram_addr_reg[11]/Q
                         net (fo=31, routed)          0.545     2.156    u_ps/design_1_i/axi_bram_ctrl_0_bram_0/U0/inst_blk_mem_gen/gnbram.gnativebmg.native_blk_mem_gen/valid.cstr/ramloop[9].ram.r/prim_init.ram/addrb[11]
    RAMB36_X1Y4          RAMB36E1                                     r  u_ps/design_1_i/axi_bram_ctrl_0_bram_0/U0/inst_blk_mem_gen/gnbram.gnativebmg.native_blk_mem_gen/valid.cstr/ramloop[9].ram.r/prim_init.ram/DEVICE_7SERIES.NO_BMM_INFO.TRUE_DP.SIMPLE_PRIM36.ram/ADDRBWRADDR[14]
  -------------------------------------------------------------------    -------------------

                         (clock sys_clk_pin rise edge)
                                                      0.000     0.000 r  
    K17                                               0.000     0.000 r  clk (IN)
                         net (fo=0)                   0.000     0.000    clk
    K17                  IBUF (Prop_ibuf_I_O)         0.447     0.447 r  clk_IBUF_inst/O
                         net (fo=1, routed)           0.683     1.130    clk_IBUF
    BUFGCTRL_X0Y16       BUFG (Prop_bufg_I_O)         0.029     1.159 r  clk_IBUF_BUFG_inst/O
                         net (fo=288, routed)         0.863     2.023    u_ps/design_1_i/axi_bram_ctrl_0_bram_0/U0/inst_blk_mem_gen/gnbram.gnativebmg.native_blk_mem_gen/valid.cstr/ramloop[9].ram.r/prim_init.ram/clkb
    RAMB36_X1Y4          RAMB36E1                                     r  u_ps/design_1_i/axi_bram_ctrl_0_bram_0/U0/inst_blk_mem_gen/gnbram.gnativebmg.native_blk_mem_gen/valid.cstr/ramloop[9].ram.r/prim_init.ram/DEVICE_7SERIES.NO_BMM_INFO.TRUE_DP.SIMPLE_PRIM36.ram/CLKBWRCLK
                         clock pessimism             -0.252     1.771    
    RAMB36_X1Y4          RAMB36E1 (Hold_ramb36e1_CLKBWRCLK_ADDRBWRADDR[14])
                                                      0.183     1.954    u_ps/design_1_i/axi_bram_ctrl_0_bram_0/U0/inst_blk_mem_gen/gnbram.gnativebmg.native_blk_mem_gen/valid.cstr/ramloop[9].ram.r/prim_init.ram/DEVICE_7SERIES.NO_BMM_INFO.TRUE_DP.SIMPLE_PRIM36.ram
  -------------------------------------------------------------------
                         required time                         -1.954    
                         arrival time                           2.156    
  -------------------------------------------------------------------
                         slack                                  0.202    

Slack (MET) :             0.219ns  (arrival time - required time)
  Source:                 u_feat/u_band/lp_heavy_reg[0]/C
                            (rising edge-triggered cell FDCE clocked by sys_clk_pin  {rise@0.000ns fall@4.000ns period=8.000ns})
  Destination:            u_feat/u_band/abs_mid_r_reg[0]/D
                            (rising edge-triggered cell FDCE clocked by sys_clk_pin  {rise@0.000ns fall@4.000ns period=8.000ns})
  Path Group:             sys_clk_pin
  Path Type:              Hold (Min at Fast Process Corner)
  Requirement:            0.000ns  (sys_clk_pin rise@0.000ns - sys_clk_pin rise@0.000ns)
  Data Path Delay:        0.385ns  (logic 0.256ns (66.466%)  route 0.129ns (33.534%))
  Logic Levels:           2  (CARRY4=1 LUT2=1)
  Clock Path Skew:        0.036ns (DCD - SCD - CPR)
    Destination Clock Delay (DCD):    1.987ns
    Source Clock Delay      (SCD):    1.470ns
    Clock Pessimism Removal (CPR):    0.481ns

    Location             Delay type                Incr(ns)  Path(ns)    Netlist Resource(s)
  -------------------------------------------------------------------    -------------------
                         (clock sys_clk_pin rise edge)
                                                      0.000     0.000 r  
    K17                                               0.000     0.000 r  clk (IN)
                         net (fo=0)                   0.000     0.000    clk
    K17                  IBUF (Prop_ibuf_I_O)         0.259     0.259 r  clk_IBUF_inst/O
                         net (fo=1, routed)           0.627     0.887    clk_IBUF
    BUFGCTRL_X0Y16       BUFG (Prop_bufg_I_O)         0.026     0.913 r  clk_IBUF_BUFG_inst/O
                         net (fo=288, routed)         0.558     1.470    u_feat/u_band/CLK
    SLICE_X33Y58         FDCE                                         r  u_feat/u_band/lp_heavy_reg[0]/C
  -------------------------------------------------------------------    -------------------
    SLICE_X33Y58         FDCE (Prop_fdce_C_Q)         0.141     1.611 r  u_feat/u_band/lp_heavy_reg[0]/Q
                         net (fo=4, routed)           0.129     1.740    u_feat/u_band/lp_heavy_reg[0]_0
    SLICE_X34Y58         LUT2 (Prop_lut2_I1_O)        0.045     1.785 r  u_feat/u_band/mid_signal_carry_i_4/O
                         net (fo=1, routed)           0.000     1.785    u_feat/u_band/mid_signal_carry_i_4_n_0
    SLICE_X34Y58         CARRY4 (Prop_carry4_S[0]_O[0])
                                                      0.070     1.855 r  u_feat/u_band/mid_signal_carry/O[0]
                         net (fo=2, routed)           0.000     1.855    u_feat/u_band/mid_signal[0]
    SLICE_X34Y58         FDCE                                         r  u_feat/u_band/abs_mid_r_reg[0]/D
  -------------------------------------------------------------------    -------------------

                         (clock sys_clk_pin rise edge)
                                                      0.000     0.000 r  
    K17                                               0.000     0.000 r  clk (IN)
                         net (fo=0)                   0.000     0.000    clk
    K17                  IBUF (Prop_ibuf_I_O)         0.447     0.447 r  clk_IBUF_inst/O
                         net (fo=1, routed)           0.683     1.130    clk_IBUF
    BUFGCTRL_X0Y16       BUFG (Prop_bufg_I_O)         0.029     1.159 r  clk_IBUF_BUFG_inst/O
                         net (fo=288, routed)         0.828     1.987    u_feat/u_band/CLK
    SLICE_X34Y58         FDCE                                         r  u_feat/u_band/abs_mid_r_reg[0]/C
                         clock pessimism             -0.481     1.506    
    SLICE_X34Y58         FDCE (Hold_fdce_C_D)         0.130     1.636    u_feat/u_band/abs_mid_r_reg[0]
  -------------------------------------------------------------------
                         required time                         -1.636    
                         arrival time                           1.855    
  -------------------------------------------------------------------
                         slack                                  0.219    

Slack (MET) :             0.231ns  (arrival time - required time)
  Source:                 u_feat/u_band/energy_mid_reg[3]/C
                            (rising edge-triggered cell FDCE clocked by sys_clk_pin  {rise@0.000ns fall@4.000ns period=8.000ns})
  Destination:            mid_held_reg[3]/D
                            (rising edge-triggered cell FDCE clocked by sys_clk_pin  {rise@0.000ns fall@4.000ns period=8.000ns})
  Path Group:             sys_clk_pin
  Path Type:              Hold (Min at Fast Process Corner)
  Requirement:            0.000ns  (sys_clk_pin rise@0.000ns - sys_clk_pin rise@0.000ns)
  Data Path Delay:        0.319ns  (logic 0.141ns (44.241%)  route 0.178ns (55.759%))
  Logic Levels:           0  
  Clock Path Skew:        0.016ns (DCD - SCD - CPR)
    Destination Clock Delay (DCD):    2.011ns
    Source Clock Delay      (SCD):    1.494ns
    Clock Pessimism Removal (CPR):    0.501ns

    Location             Delay type                Incr(ns)  Path(ns)    Netlist Resource(s)
  -------------------------------------------------------------------    -------------------
                         (clock sys_clk_pin rise edge)
                                                      0.000     0.000 r  
    K17                                               0.000     0.000 r  clk (IN)
                         net (fo=0)                   0.000     0.000    clk
    K17                  IBUF (Prop_ibuf_I_O)         0.259     0.259 r  clk_IBUF_inst/O
                         net (fo=1, routed)           0.627     0.887    clk_IBUF
    BUFGCTRL_X0Y16       BUFG (Prop_bufg_I_O)         0.026     0.913 r  clk_IBUF_BUFG_inst/O
                         net (fo=288, routed)         0.582     1.494    u_feat/u_band/CLK
    SLICE_X37Y64         FDCE                                         r  u_feat/u_band/energy_mid_reg[3]/C
  -------------------------------------------------------------------    -------------------
    SLICE_X37Y64         FDCE (Prop_fdce_C_Q)         0.141     1.635 r  u_feat/u_band/energy_mid_reg[3]/Q
                         net (fo=8, routed)           0.178     1.813    energy_mid[3]
    SLICE_X37Y62         FDCE                                         r  mid_held_reg[3]/D
  -------------------------------------------------------------------    -------------------

                         (clock sys_clk_pin rise edge)
                                                      0.000     0.000 r  
    K17                                               0.000     0.000 r  clk (IN)
                         net (fo=0)                   0.000     0.000    clk
    K17                  IBUF (Prop_ibuf_I_O)         0.447     0.447 r  clk_IBUF_inst/O
                         net (fo=1, routed)           0.683     1.130    clk_IBUF
    BUFGCTRL_X0Y16       BUFG (Prop_bufg_I_O)         0.029     1.159 r  clk_IBUF_BUFG_inst/O
                         net (fo=288, routed)         0.852     2.011    clk_IBUF_BUFG
    SLICE_X37Y62         FDCE                                         r  mid_held_reg[3]/C
                         clock pessimism             -0.501     1.510    
    SLICE_X37Y62         FDCE (Hold_fdce_C_D)         0.072     1.582    mid_held_reg[3]
  -------------------------------------------------------------------
                         required time                         -1.582    
                         arrival time                           1.813    
  -------------------------------------------------------------------
                         slack                                  0.231    

Slack (MET) :             0.233ns  (arrival time - required time)
  Source:                 u_audio/bram_addr_reg[5]/C
                            (rising edge-triggered cell FDCE clocked by sys_clk_pin  {rise@0.000ns fall@4.000ns period=8.000ns})
  Destination:            u_ps/design_1_i/axi_bram_ctrl_0_bram_0/U0/inst_blk_mem_gen/gnbram.gnativebmg.native_blk_mem_gen/valid.cstr/ramloop[6].ram.r/prim_init.ram/DEVICE_7SERIES.NO_BMM_INFO.TRUE_DP.SIMPLE_PRIM36.ram/ADDRBWRADDR[8]
                            (rising edge-triggered cell RAMB36E1 clocked by sys_clk_pin  {rise@0.000ns fall@4.000ns period=8.000ns})
  Path Group:             sys_clk_pin
  Path Type:              Hold (Min at Fast Process Corner)
  Requirement:            0.000ns  (sys_clk_pin rise@0.000ns - sys_clk_pin rise@0.000ns)
  Data Path Delay:        0.722ns  (logic 0.141ns (19.520%)  route 0.581ns (80.480%))
  Logic Levels:           0  
  Clock Path Skew:        0.306ns (DCD - SCD - CPR)
    Destination Clock Delay (DCD):    2.028ns
    Source Clock Delay      (SCD):    1.470ns
    Clock Pessimism Removal (CPR):    0.252ns

    Location             Delay type                Incr(ns)  Path(ns)    Netlist Resource(s)
  -------------------------------------------------------------------    -------------------
                         (clock sys_clk_pin rise edge)
                                                      0.000     0.000 r  
    K17                                               0.000     0.000 r  clk (IN)
                         net (fo=0)                   0.000     0.000    clk
    K17                  IBUF (Prop_ibuf_I_O)         0.259     0.259 r  clk_IBUF_inst/O
                         net (fo=1, routed)           0.627     0.887    clk_IBUF
    BUFGCTRL_X0Y16       BUFG (Prop_bufg_I_O)         0.026     0.913 r  clk_IBUF_BUFG_inst/O
                         net (fo=288, routed)         0.558     1.470    u_audio/CLK
    SLICE_X21Y14         FDCE                                         r  u_audio/bram_addr_reg[5]/C
  -------------------------------------------------------------------    -------------------
    SLICE_X21Y14         FDCE (Prop_fdce_C_Q)         0.141     1.611 r  u_audio/bram_addr_reg[5]/Q
                         net (fo=31, routed)          0.581     2.193    u_ps/design_1_i/axi_bram_ctrl_0_bram_0/U0/inst_blk_mem_gen/gnbram.gnativebmg.native_blk_mem_gen/valid.cstr/ramloop[6].ram.r/prim_init.ram/addrb[5]
    RAMB36_X1Y3          RAMB36E1                                     r  u_ps/design_1_i/axi_bram_ctrl_0_bram_0/U0/inst_blk_mem_gen/gnbram.gnativebmg.native_blk_mem_gen/valid.cstr/ramloop[6].ram.r/prim_init.ram/DEVICE_7SERIES.NO_BMM_INFO.TRUE_DP.SIMPLE_PRIM36.ram/ADDRBWRADDR[8]
  -------------------------------------------------------------------    -------------------

                         (clock sys_clk_pin rise edge)
                                                      0.000     0.000 r  
    K17                                               0.000     0.000 r  clk (IN)
                         net (fo=0)                   0.000     0.000    clk
    K17                  IBUF (Prop_ibuf_I_O)         0.447     0.447 r  clk_IBUF_inst/O
                         net (fo=1, routed)           0.683     1.130    clk_IBUF
    BUFGCTRL_X0Y16       BUFG (Prop_bufg_I_O)         0.029     1.159 r  clk_IBUF_BUFG_inst/O
                         net (fo=288, routed)         0.868     2.028    u_ps/design_1_i/axi_bram_ctrl_0_bram_0/U0/inst_blk_mem_gen/gnbram.gnativebmg.native_blk_mem_gen/valid.cstr/ramloop[6].ram.r/prim_init.ram/clkb
    RAMB36_X1Y3          RAMB36E1                                     r  u_ps/design_1_i/axi_bram_ctrl_0_bram_0/U0/inst_blk_mem_gen/gnbram.gnativebmg.native_blk_mem_gen/valid.cstr/ramloop[6].ram.r/prim_init.ram/DEVICE_7SERIES.NO_BMM_INFO.TRUE_DP.SIMPLE_PRIM36.ram/CLKBWRCLK
                         clock pessimism             -0.252     1.776    
    RAMB36_X1Y3          RAMB36E1 (Hold_ramb36e1_CLKBWRCLK_ADDRBWRADDR[8])
                                                      0.183     1.959    u_ps/design_1_i/axi_bram_ctrl_0_bram_0/U0/inst_blk_mem_gen/gnbram.gnativebmg.native_blk_mem_gen/valid.cstr/ramloop[6].ram.r/prim_init.ram/DEVICE_7SERIES.NO_BMM_INFO.TRUE_DP.SIMPLE_PRIM36.ram
  -------------------------------------------------------------------
                         required time                         -1.959    
                         arrival time                           2.193    
  -------------------------------------------------------------------
                         slack                                  0.233    

Slack (MET) :             0.235ns  (arrival time - required time)
  Source:                 u_feat/u_band/energy_mid_reg[2]/C
                            (rising edge-triggered cell FDCE clocked by sys_clk_pin  {rise@0.000ns fall@4.000ns period=8.000ns})
  Destination:            mid_held_reg[2]/D
                            (rising edge-triggered cell FDCE clocked by sys_clk_pin  {rise@0.000ns fall@4.000ns period=8.000ns})
  Path Group:             sys_clk_pin
  Path Type:              Hold (Min at Fast Process Corner)
  Requirement:            0.000ns  (sys_clk_pin rise@0.000ns - sys_clk_pin rise@0.000ns)
  Data Path Delay:        0.321ns  (logic 0.141ns (43.947%)  route 0.180ns (56.053%))
  Logic Levels:           0  
  Clock Path Skew:        0.016ns (DCD - SCD - CPR)
    Destination Clock Delay (DCD):    2.011ns
    Source Clock Delay      (SCD):    1.494ns
    Clock Pessimism Removal (CPR):    0.501ns

    Location             Delay type                Incr(ns)  Path(ns)    Netlist Resource(s)
  -------------------------------------------------------------------    -------------------
                         (clock sys_clk_pin rise edge)
                                                      0.000     0.000 r  
    K17                                               0.000     0.000 r  clk (IN)
                         net (fo=0)                   0.000     0.000    clk
    K17                  IBUF (Prop_ibuf_I_O)         0.259     0.259 r  clk_IBUF_inst/O
                         net (fo=1, routed)           0.627     0.887    clk_IBUF
    BUFGCTRL_X0Y16       BUFG (Prop_bufg_I_O)         0.026     0.913 r  clk_IBUF_BUFG_inst/O
                         net (fo=288, routed)         0.582     1.494    u_feat/u_band/CLK
    SLICE_X37Y64         FDCE                                         r  u_feat/u_band/energy_mid_reg[2]/C
  -------------------------------------------------------------------    -------------------
    SLICE_X37Y64         FDCE (Prop_fdce_C_Q)         0.141     1.635 r  u_feat/u_band/energy_mid_reg[2]/Q
                         net (fo=8, routed)           0.180     1.815    energy_mid[2]
    SLICE_X37Y62         FDCE                                         r  mid_held_reg[2]/D
  -------------------------------------------------------------------    -------------------

                         (clock sys_clk_pin rise edge)
                                                      0.000     0.000 r  
    K17                                               0.000     0.000 r  clk (IN)
                         net (fo=0)                   0.000     0.000    clk
    K17                  IBUF (Prop_ibuf_I_O)         0.447     0.447 r  clk_IBUF_inst/O
                         net (fo=1, routed)           0.683     1.130    clk_IBUF
    BUFGCTRL_X0Y16       BUFG (Prop_bufg_I_O)         0.029     1.159 r  clk_IBUF_BUFG_inst/O
                         net (fo=288, routed)         0.852     2.011    clk_IBUF_BUFG
    SLICE_X37Y62         FDCE                                         r  mid_held_reg[2]/C
                         clock pessimism             -0.501     1.510    
    SLICE_X37Y62         FDCE (Hold_fdce_C_D)         0.070     1.580    mid_held_reg[2]
  -------------------------------------------------------------------
                         required time                         -1.580    
                         arrival time                           1.815    
  -------------------------------------------------------------------
                         slack                                  0.235    

Slack (MET) :             0.239ns  (arrival time - required time)
  Source:                 u_feat/u_amp/amplitude_reg[4]/C
                            (rising edge-triggered cell FDCE clocked by sys_clk_pin  {rise@0.000ns fall@4.000ns period=8.000ns})
  Destination:            u_feat/u_amp/amplitude_reg[5]/D
                            (rising edge-triggered cell FDCE clocked by sys_clk_pin  {rise@0.000ns fall@4.000ns period=8.000ns})
  Path Group:             sys_clk_pin
  Path Type:              Hold (Min at Fast Process Corner)
  Requirement:            0.000ns  (sys_clk_pin rise@0.000ns - sys_clk_pin rise@0.000ns)
  Data Path Delay:        0.344ns  (logic 0.265ns (76.990%)  route 0.079ns (23.010%))
  Logic Levels:           1  (CARRY4=1)
  Clock Path Skew:        0.000ns (DCD - SCD - CPR)
    Destination Clock Delay (DCD):    1.985ns
    Source Clock Delay      (SCD):    1.472ns
    Clock Pessimism Removal (CPR):    0.513ns

    Location             Delay type                Incr(ns)  Path(ns)    Netlist Resource(s)
  -------------------------------------------------------------------    -------------------
                         (clock sys_clk_pin rise edge)
                                                      0.000     0.000 r  
    K17                                               0.000     0.000 r  clk (IN)
                         net (fo=0)                   0.000     0.000    clk
    K17                  IBUF (Prop_ibuf_I_O)         0.259     0.259 r  clk_IBUF_inst/O
                         net (fo=1, routed)           0.627     0.887    clk_IBUF
    BUFGCTRL_X0Y16       BUFG (Prop_bufg_I_O)         0.026     0.913 r  clk_IBUF_BUFG_inst/O
                         net (fo=288, routed)         0.560     1.472    u_feat/u_amp/CLK
    SLICE_X27Y33         FDCE                                         r  u_feat/u_amp/amplitude_reg[4]/C
  -------------------------------------------------------------------    -------------------
    SLICE_X27Y33         FDCE (Prop_fdce_C_Q)         0.141     1.613 r  u_feat/u_amp/amplitude_reg[4]/Q
                         net (fo=5, routed)           0.079     1.692    u_feat/u_amp/Q[4]
    SLICE_X27Y33         CARRY4 (Prop_carry4_DI[0]_O[1])
                                                      0.124     1.816 r  u_feat/u_amp/_inferred__4/i__carry__0/O[1]
                         net (fo=1, routed)           0.000     1.816    u_feat/u_amp/_inferred__4/i__carry__0_n_6
    SLICE_X27Y33         FDCE                                         r  u_feat/u_amp/amplitude_reg[5]/D
  -------------------------------------------------------------------    -------------------

                         (clock sys_clk_pin rise edge)
                                                      0.000     0.000 r  
    K17                                               0.000     0.000 r  clk (IN)
                         net (fo=0)                   0.000     0.000    clk
    K17                  IBUF (Prop_ibuf_I_O)         0.447     0.447 r  clk_IBUF_inst/O
                         net (fo=1, routed)           0.683     1.130    clk_IBUF
    BUFGCTRL_X0Y16       BUFG (Prop_bufg_I_O)         0.029     1.159 r  clk_IBUF_BUFG_inst/O
                         net (fo=288, routed)         0.826     1.985    u_feat/u_amp/CLK
    SLICE_X27Y33         FDCE                                         r  u_feat/u_amp/amplitude_reg[5]/C
                         clock pessimism             -0.513     1.472    
    SLICE_X27Y33         FDCE (Hold_fdce_C_D)         0.105     1.577    u_feat/u_amp/amplitude_reg[5]
  -------------------------------------------------------------------
                         required time                         -1.577    
                         arrival time                           1.816    
  -------------------------------------------------------------------
                         slack                                  0.239    

Slack (MET) :             0.242ns  (arrival time - required time)
  Source:                 u_feat/u_amp/amplitude_reg[2]/C
                            (rising edge-triggered cell FDCE clocked by sys_clk_pin  {rise@0.000ns fall@4.000ns period=8.000ns})
  Destination:            u_feat/u_amp/amplitude_reg[3]/D
                            (rising edge-triggered cell FDCE clocked by sys_clk_pin  {rise@0.000ns fall@4.000ns period=8.000ns})
  Path Group:             sys_clk_pin
  Path Type:              Hold (Min at Fast Process Corner)
  Requirement:            0.000ns  (sys_clk_pin rise@0.000ns - sys_clk_pin rise@0.000ns)
  Data Path Delay:        0.347ns  (logic 0.268ns (77.189%)  route 0.079ns (22.811%))
  Logic Levels:           1  (CARRY4=1)
  Clock Path Skew:        0.000ns (DCD - SCD - CPR)
    Destination Clock Delay (DCD):    1.984ns
    Source Clock Delay      (SCD):    1.471ns
    Clock Pessimism Removal (CPR):    0.513ns

    Location             Delay type                Incr(ns)  Path(ns)    Netlist Resource(s)
  -------------------------------------------------------------------    -------------------
                         (clock sys_clk_pin rise edge)
                                                      0.000     0.000 r  
    K17                                               0.000     0.000 r  clk (IN)
                         net (fo=0)                   0.000     0.000    clk
    K17                  IBUF (Prop_ibuf_I_O)         0.259     0.259 r  clk_IBUF_inst/O
                         net (fo=1, routed)           0.627     0.887    clk_IBUF
    BUFGCTRL_X0Y16       BUFG (Prop_bufg_I_O)         0.026     0.913 r  clk_IBUF_BUFG_inst/O
                         net (fo=288, routed)         0.559     1.471    u_feat/u_amp/CLK
    SLICE_X27Y32         FDCE                                         r  u_feat/u_amp/amplitude_reg[2]/C
  -------------------------------------------------------------------    -------------------
    SLICE_X27Y32         FDCE (Prop_fdce_C_Q)         0.141     1.612 r  u_feat/u_amp/amplitude_reg[2]/Q
                         net (fo=5, routed)           0.079     1.691    u_feat/u_amp/Q[2]
    SLICE_X27Y32         CARRY4 (Prop_carry4_DI[2]_O[3])
                                                      0.127     1.818 r  u_feat/u_amp/_inferred__4/i__carry/O[3]
                         net (fo=1, routed)           0.000     1.818    u_feat/u_amp/_inferred__4/i__carry_n_4
    SLICE_X27Y32         FDCE                                         r  u_feat/u_amp/amplitude_reg[3]/D
  -------------------------------------------------------------------    -------------------

                         (clock sys_clk_pin rise edge)
                                                      0.000     0.000 r  
    K17                                               0.000     0.000 r  clk (IN)
                         net (fo=0)                   0.000     0.000    clk
    K17                  IBUF (Prop_ibuf_I_O)         0.447     0.447 r  clk_IBUF_inst/O
                         net (fo=1, routed)           0.683     1.130    clk_IBUF
    BUFGCTRL_X0Y16       BUFG (Prop_bufg_I_O)         0.029     1.159 r  clk_IBUF_BUFG_inst/O
                         net (fo=288, routed)         0.825     1.984    u_feat/u_amp/CLK
    SLICE_X27Y32         FDCE                                         r  u_feat/u_amp/amplitude_reg[3]/C
                         clock pessimism             -0.513     1.471    
    SLICE_X27Y32         FDCE (Hold_fdce_C_D)         0.105     1.576    u_feat/u_amp/amplitude_reg[3]
  -------------------------------------------------------------------
                         required time                         -1.576    
                         arrival time                           1.818    
  -------------------------------------------------------------------
                         slack                                  0.242    

Slack (MET) :             0.242ns  (arrival time - required time)
  Source:                 u_feat/u_amp/amplitude_reg[6]/C
                            (rising edge-triggered cell FDCE clocked by sys_clk_pin  {rise@0.000ns fall@4.000ns period=8.000ns})
  Destination:            u_feat/u_amp/amplitude_reg[7]/D
                            (rising edge-triggered cell FDCE clocked by sys_clk_pin  {rise@0.000ns fall@4.000ns period=8.000ns})
  Path Group:             sys_clk_pin
  Path Type:              Hold (Min at Fast Process Corner)
  Requirement:            0.000ns  (sys_clk_pin rise@0.000ns - sys_clk_pin rise@0.000ns)
  Data Path Delay:        0.347ns  (logic 0.268ns (77.189%)  route 0.079ns (22.811%))
  Logic Levels:           1  (CARRY4=1)
  Clock Path Skew:        0.000ns (DCD - SCD - CPR)
    Destination Clock Delay (DCD):    1.985ns
    Source Clock Delay      (SCD):    1.472ns
    Clock Pessimism Removal (CPR):    0.513ns

    Location             Delay type                Incr(ns)  Path(ns)    Netlist Resource(s)
  -------------------------------------------------------------------    -------------------
                         (clock sys_clk_pin rise edge)
                                                      0.000     0.000 r  
    K17                                               0.000     0.000 r  clk (IN)
                         net (fo=0)                   0.000     0.000    clk
    K17                  IBUF (Prop_ibuf_I_O)         0.259     0.259 r  clk_IBUF_inst/O
                         net (fo=1, routed)           0.627     0.887    clk_IBUF
    BUFGCTRL_X0Y16       BUFG (Prop_bufg_I_O)         0.026     0.913 r  clk_IBUF_BUFG_inst/O
                         net (fo=288, routed)         0.560     1.472    u_feat/u_amp/CLK
    SLICE_X27Y33         FDCE                                         r  u_feat/u_amp/amplitude_reg[6]/C
  -------------------------------------------------------------------    -------------------
    SLICE_X27Y33         FDCE (Prop_fdce_C_Q)         0.141     1.613 r  u_feat/u_amp/amplitude_reg[6]/Q
                         net (fo=6, routed)           0.079     1.692    u_feat/u_amp/Q[6]
    SLICE_X27Y33         CARRY4 (Prop_carry4_DI[2]_O[3])
                                                      0.127     1.819 r  u_feat/u_amp/_inferred__4/i__carry__0/O[3]
                         net (fo=1, routed)           0.000     1.819    u_feat/u_amp/_inferred__4/i__carry__0_n_4
    SLICE_X27Y33         FDCE                                         r  u_feat/u_amp/amplitude_reg[7]/D
  -------------------------------------------------------------------    -------------------

                         (clock sys_clk_pin rise edge)
                                                      0.000     0.000 r  
    K17                                               0.000     0.000 r  clk (IN)
                         net (fo=0)                   0.000     0.000    clk
    K17                  IBUF (Prop_ibuf_I_O)         0.447     0.447 r  clk_IBUF_inst/O
                         net (fo=1, routed)           0.683     1.130    clk_IBUF
    BUFGCTRL_X0Y16       BUFG (Prop_bufg_I_O)         0.029     1.159 r  clk_IBUF_BUFG_inst/O
                         net (fo=288, routed)         0.826     1.985    u_feat/u_amp/CLK
    SLICE_X27Y33         FDCE                                         r  u_feat/u_amp/amplitude_reg[7]/C
                         clock pessimism             -0.513     1.472    
    SLICE_X27Y33         FDCE (Hold_fdce_C_D)         0.105     1.577    u_feat/u_amp/amplitude_reg[7]
  -------------------------------------------------------------------
                         required time                         -1.577    
                         arrival time                           1.819    
  -------------------------------------------------------------------
                         slack                                  0.242    

Slack (MET) :             0.244ns  (arrival time - required time)
  Source:                 u_audio/bram_addr_reg[0]/C
                            (rising edge-triggered cell FDCE clocked by sys_clk_pin  {rise@0.000ns fall@4.000ns period=8.000ns})
  Destination:            u_ps/design_1_i/axi_bram_ctrl_0_bram_0/U0/inst_blk_mem_gen/gnbram.gnativebmg.native_blk_mem_gen/valid.cstr/ramloop[28].ram.r/prim_init.ram/DEVICE_7SERIES.NO_BMM_INFO.TRUE_DP.SIMPLE_PRIM36.ram/ADDRBWRADDR[3]
                            (rising edge-triggered cell RAMB36E1 clocked by sys_clk_pin  {rise@0.000ns fall@4.000ns period=8.000ns})
  Path Group:             sys_clk_pin
  Path Type:              Hold (Min at Fast Process Corner)
  Requirement:            0.000ns  (sys_clk_pin rise@0.000ns - sys_clk_pin rise@0.000ns)
  Data Path Delay:        0.741ns  (logic 0.141ns (19.021%)  route 0.600ns (80.979%))
  Logic Levels:           0  
  Clock Path Skew:        0.314ns (DCD - SCD - CPR)
    Destination Clock Delay (DCD):    2.036ns
    Source Clock Delay      (SCD):    1.470ns
    Clock Pessimism Removal (CPR):    0.252ns

    Location             Delay type                Incr(ns)  Path(ns)    Netlist Resource(s)
  -------------------------------------------------------------------    -------------------
                         (clock sys_clk_pin rise edge)
                                                      0.000     0.000 r  
    K17                                               0.000     0.000 r  clk (IN)
                         net (fo=0)                   0.000     0.000    clk
    K17                  IBUF (Prop_ibuf_I_O)         0.259     0.259 r  clk_IBUF_inst/O
                         net (fo=1, routed)           0.627     0.887    clk_IBUF
    BUFGCTRL_X0Y16       BUFG (Prop_bufg_I_O)         0.026     0.913 r  clk_IBUF_BUFG_inst/O
                         net (fo=288, routed)         0.558     1.470    u_audio/CLK
    SLICE_X23Y15         FDCE                                         r  u_audio/bram_addr_reg[0]/C
  -------------------------------------------------------------------    -------------------
    SLICE_X23Y15         FDCE (Prop_fdce_C_Q)         0.141     1.611 r  u_audio/bram_addr_reg[0]/Q
                         net (fo=32, routed)          0.600     2.211    u_ps/design_1_i/axi_bram_ctrl_0_bram_0/U0/inst_blk_mem_gen/gnbram.gnativebmg.native_blk_mem_gen/valid.cstr/ramloop[28].ram.r/prim_init.ram/addrb[0]
    RAMB36_X0Y2          RAMB36E1                                     r  u_ps/design_1_i/axi_bram_ctrl_0_bram_0/U0/inst_blk_mem_gen/gnbram.gnativebmg.native_blk_mem_gen/valid.cstr/ramloop[28].ram.r/prim_init.ram/DEVICE_7SERIES.NO_BMM_INFO.TRUE_DP.SIMPLE_PRIM36.ram/ADDRBWRADDR[3]
  -------------------------------------------------------------------    -------------------

                         (clock sys_clk_pin rise edge)
                                                      0.000     0.000 r  
    K17                                               0.000     0.000 r  clk (IN)
                         net (fo=0)                   0.000     0.000    clk
    K17                  IBUF (Prop_ibuf_I_O)         0.447     0.447 r  clk_IBUF_inst/O
                         net (fo=1, routed)           0.683     1.130    clk_IBUF
    BUFGCTRL_X0Y16       BUFG (Prop_bufg_I_O)         0.029     1.159 r  clk_IBUF_BUFG_inst/O
                         net (fo=288, routed)         0.876     2.036    u_ps/design_1_i/axi_bram_ctrl_0_bram_0/U0/inst_blk_mem_gen/gnbram.gnativebmg.native_blk_mem_gen/valid.cstr/ramloop[28].ram.r/prim_init.ram/clkb
    RAMB36_X0Y2          RAMB36E1                                     r  u_ps/design_1_i/axi_bram_ctrl_0_bram_0/U0/inst_blk_mem_gen/gnbram.gnativebmg.native_blk_mem_gen/valid.cstr/ramloop[28].ram.r/prim_init.ram/DEVICE_7SERIES.NO_BMM_INFO.TRUE_DP.SIMPLE_PRIM36.ram/CLKBWRCLK
                         clock pessimism             -0.252     1.784    
    RAMB36_X0Y2          RAMB36E1 (Hold_ramb36e1_CLKBWRCLK_ADDRBWRADDR[3])
                                                      0.183     1.967    u_ps/design_1_i/axi_bram_ctrl_0_bram_0/U0/inst_blk_mem_gen/gnbram.gnativebmg.native_blk_mem_gen/valid.cstr/ramloop[28].ram.r/prim_init.ram/DEVICE_7SERIES.NO_BMM_INFO.TRUE_DP.SIMPLE_PRIM36.ram
  -------------------------------------------------------------------
                         required time                         -1.967    
                         arrival time                           2.211    
  -------------------------------------------------------------------
                         slack                                  0.244    





Pulse Width Checks
--------------------------------------------------------------------------------------
Clock Name:         sys_clk_pin
Waveform(ns):       { 0.000 4.000 }
Period(ns):         8.000
Sources:            { clk }

Check Type        Corner  Lib Pin             Reference Pin  Required(ns)  Actual(ns)  Slack(ns)  Location         Pin
Min Period        n/a     RAMB36E1/CLKBWRCLK  n/a            2.576         8.000       5.424      RAMB36_X1Y9      u_ps/design_1_i/axi_bram_ctrl_0_bram_0/U0/inst_blk_mem_gen/gnbram.gnativebmg.native_blk_mem_gen/valid.cstr/ramloop[0].ram.r/prim_init.ram/DEVICE_7SERIES.NO_BMM_INFO.TRUE_DP.SIMPLE_PRIM36.ram/CLKBWRCLK
Min Period        n/a     RAMB36E1/CLKBWRCLK  n/a            2.576         8.000       5.424      RAMB36_X1Y5      u_ps/design_1_i/axi_bram_ctrl_0_bram_0/U0/inst_blk_mem_gen/gnbram.gnativebmg.native_blk_mem_gen/valid.cstr/ramloop[10].ram.r/prim_init.ram/DEVICE_7SERIES.NO_BMM_INFO.TRUE_DP.SIMPLE_PRIM36.ram/CLKBWRCLK
Min Period        n/a     RAMB36E1/CLKBWRCLK  n/a            2.576         8.000       5.424      RAMB36_X2Y4      u_ps/design_1_i/axi_bram_ctrl_0_bram_0/U0/inst_blk_mem_gen/gnbram.gnativebmg.native_blk_mem_gen/valid.cstr/ramloop[11].ram.r/prim_init.ram/DEVICE_7SERIES.NO_BMM_INFO.TRUE_DP.SIMPLE_PRIM36.ram/CLKBWRCLK
Min Period        n/a     RAMB36E1/CLKBWRCLK  n/a            2.576         8.000       5.424      RAMB36_X2Y3      u_ps/design_1_i/axi_bram_ctrl_0_bram_0/U0/inst_blk_mem_gen/gnbram.gnativebmg.native_blk_mem_gen/valid.cstr/ramloop[12].ram.r/prim_init.ram/DEVICE_7SERIES.NO_BMM_INFO.TRUE_DP.SIMPLE_PRIM36.ram/CLKBWRCLK
Min Period        n/a     RAMB36E1/CLKBWRCLK  n/a            2.576         8.000       5.424      RAMB36_X1Y8      u_ps/design_1_i/axi_bram_ctrl_0_bram_0/U0/inst_blk_mem_gen/gnbram.gnativebmg.native_blk_mem_gen/valid.cstr/ramloop[13].ram.r/prim_init.ram/DEVICE_7SERIES.NO_BMM_INFO.TRUE_DP.SIMPLE_PRIM36.ram/CLKBWRCLK
Min Period        n/a     RAMB36E1/CLKBWRCLK  n/a            2.576         8.000       5.424      RAMB36_X1Y7      u_ps/design_1_i/axi_bram_ctrl_0_bram_0/U0/inst_blk_mem_gen/gnbram.gnativebmg.native_blk_mem_gen/valid.cstr/ramloop[14].ram.r/prim_init.ram/DEVICE_7SERIES.NO_BMM_INFO.TRUE_DP.SIMPLE_PRIM36.ram/CLKBWRCLK
Min Period        n/a     RAMB36E1/CLKBWRCLK  n/a            2.576         8.000       5.424      RAMB36_X0Y4      u_ps/design_1_i/axi_bram_ctrl_0_bram_0/U0/inst_blk_mem_gen/gnbram.gnativebmg.native_blk_mem_gen/valid.cstr/ramloop[15].ram.r/prim_init.ram/DEVICE_7SERIES.NO_BMM_INFO.TRUE_DP.SIMPLE_PRIM36.ram/CLKBWRCLK
Min Period        n/a     RAMB36E1/CLKBWRCLK  n/a            2.576         8.000       5.424      RAMB36_X0Y6      u_ps/design_1_i/axi_bram_ctrl_0_bram_0/U0/inst_blk_mem_gen/gnbram.gnativebmg.native_blk_mem_gen/valid.cstr/ramloop[16].ram.r/prim_init.ram/DEVICE_7SERIES.NO_BMM_INFO.TRUE_DP.SIMPLE_PRIM36.ram/CLKBWRCLK
Min Period        n/a     RAMB36E1/CLKBWRCLK  n/a            2.576         8.000       5.424      RAMB36_X0Y8      u_ps/design_1_i/axi_bram_ctrl_0_bram_0/U0/inst_blk_mem_gen/gnbram.gnativebmg.native_blk_mem_gen/valid.cstr/ramloop[17].ram.r/prim_init.ram/DEVICE_7SERIES.NO_BMM_INFO.TRUE_DP.SIMPLE_PRIM36.ram/CLKBWRCLK
Min Period        n/a     RAMB36E1/CLKBWRCLK  n/a            2.576         8.000       5.424      RAMB36_X0Y7      u_ps/design_1_i/axi_bram_ctrl_0_bram_0/U0/inst_blk_mem_gen/gnbram.gnativebmg.native_blk_mem_gen/valid.cstr/ramloop[18].ram.r/prim_init.ram/DEVICE_7SERIES.NO_BMM_INFO.TRUE_DP.SIMPLE_PRIM36.ram/CLKBWRCLK
Max Period        n/a     MMCME2_ADV/CLKIN1   n/a            100.000       8.000       92.000     MMCME2_ADV_X0Y0  u_pclk/u_mmcm/CLKIN1
Low Pulse Width   Slow    MMCME2_ADV/CLKIN1   n/a            2.000         4.000       2.000      MMCME2_ADV_X0Y0  u_pclk/u_mmcm/CLKIN1
Low Pulse Width   Fast    MMCME2_ADV/CLKIN1   n/a            2.000         4.000       2.000      MMCME2_ADV_X0Y0  u_pclk/u_mmcm/CLKIN1
Low Pulse Width   Slow    FDCE/C              n/a            0.500         4.000       3.500      SLICE_X29Y59     amp_held_reg[10]/C
Low Pulse Width   Fast    FDCE/C              n/a            0.500         4.000       3.500      SLICE_X29Y59     amp_held_reg[10]/C
Low Pulse Width   Slow    FDCE/C              n/a            0.500         4.000       3.500      SLICE_X29Y59     amp_held_reg[11]/C
Low Pulse Width   Fast    FDCE/C              n/a            0.500         4.000       3.500      SLICE_X29Y59     amp_held_reg[11]/C
Low Pulse Width   Slow    FDCE/C              n/a            0.500         4.000       3.500      SLICE_X31Y57     amp_held_reg[12]/C
Low Pulse Width   Fast    FDCE/C              n/a            0.500         4.000       3.500      SLICE_X31Y57     amp_held_reg[12]/C
Low Pulse Width   Slow    FDCE/C              n/a            0.500         4.000       3.500      SLICE_X36Y57     amp_held_reg[13]/C
Low Pulse Width   Fast    FDCE/C              n/a            0.500         4.000       3.500      SLICE_X36Y57     amp_held_reg[13]/C
High Pulse Width  Slow    MMCME2_ADV/CLKIN1   n/a            2.000         4.000       2.000      MMCME2_ADV_X0Y0  u_pclk/u_mmcm/CLKIN1
High Pulse Width  Fast    MMCME2_ADV/CLKIN1   n/a            2.000         4.000       2.000      MMCME2_ADV_X0Y0  u_pclk/u_mmcm/CLKIN1
High Pulse Width  Slow    FDCE/C              n/a            0.500         4.000       3.500      SLICE_X29Y59     amp_held_reg[10]/C
High Pulse Width  Fast    FDCE/C              n/a            0.500         4.000       3.500      SLICE_X29Y59     amp_held_reg[10]/C
High Pulse Width  Slow    FDCE/C              n/a            0.500         4.000       3.500      SLICE_X29Y59     amp_held_reg[11]/C
High Pulse Width  Fast    FDCE/C              n/a            0.500         4.000       3.500      SLICE_X29Y59     amp_held_reg[11]/C
High Pulse Width  Slow    FDCE/C              n/a            0.500         4.000       3.500      SLICE_X31Y57     amp_held_reg[12]/C
High Pulse Width  Fast    FDCE/C              n/a            0.500         4.000       3.500      SLICE_X31Y57     amp_held_reg[12]/C
High Pulse Width  Slow    FDCE/C              n/a            0.500         4.000       3.500      SLICE_X36Y57     amp_held_reg[13]/C
High Pulse Width  Fast    FDCE/C              n/a            0.500         4.000       3.500      SLICE_X36Y57     amp_held_reg[13]/C



---------------------------------------------------------------------------------------------------
From Clock:  clkfb
  To Clock:  clkfb

Setup :           NA  Failing Endpoints,  Worst Slack           NA  ,  Total Violation           NA
Hold  :           NA  Failing Endpoints,  Worst Slack           NA  ,  Total Violation           NA
PW    :            0  Failing Endpoints,  Worst Slack        6.751ns,  Total Violation        0.000ns
---------------------------------------------------------------------------------------------------


Pulse Width Checks
--------------------------------------------------------------------------------------
Clock Name:         clkfb
Waveform(ns):       { 0.000 4.000 }
Period(ns):         8.000
Sources:            { u_pclk/u_mmcm/CLKFBOUT }

Check Type  Corner  Lib Pin              Reference Pin  Required(ns)  Actual(ns)  Slack(ns)  Location         Pin
Min Period  n/a     MMCME2_ADV/CLKFBOUT  n/a            1.249         8.000       6.751      MMCME2_ADV_X0Y0  u_pclk/u_mmcm/CLKFBOUT
Min Period  n/a     MMCME2_ADV/CLKFBIN   n/a            1.249         8.000       6.751      MMCME2_ADV_X0Y0  u_pclk/u_mmcm/CLKFBIN
Max Period  n/a     MMCME2_ADV/CLKFBIN   n/a            100.000       8.000       92.000     MMCME2_ADV_X0Y0  u_pclk/u_mmcm/CLKFBIN
Max Period  n/a     MMCME2_ADV/CLKFBOUT  n/a            213.360       8.000       205.360    MMCME2_ADV_X0Y0  u_pclk/u_mmcm/CLKFBOUT



---------------------------------------------------------------------------------------------------
From Clock:  clkout0
  To Clock:  clkout0

Setup :            0  Failing Endpoints,  Worst Slack       24.049ns,  Total Violation        0.000ns
Hold  :            0  Failing Endpoints,  Worst Slack        0.122ns,  Total Violation        0.000ns
PW    :            0  Failing Endpoints,  Worst Slack       19.500ns,  Total Violation        0.000ns
---------------------------------------------------------------------------------------------------


Max Delay Paths
--------------------------------------------------------------------------------------
Slack (MET) :             24.049ns  (required time - arrival time)
  Source:                 u_sync/pixel_y_reg[7]/C
                            (rising edge-triggered cell FDCE clocked by clkout0  {rise@0.000ns fall@20.000ns period=40.000ns})
  Destination:            u_scene/u_scene4/g_reg[0]/D
                            (rising edge-triggered cell FDCE clocked by clkout0  {rise@0.000ns fall@20.000ns period=40.000ns})
  Path Group:             clkout0
  Path Type:              Setup (Max at Slow Process Corner)
  Requirement:            40.000ns  (clkout0 rise@40.000ns - clkout0 rise@0.000ns)
  Data Path Delay:        15.909ns  (logic 6.479ns (40.724%)  route 9.430ns (59.276%))
  Logic Levels:           12  (CARRY4=2 DSP48E1=1 LUT3=1 LUT4=3 LUT5=4 LUT6=1)
  Clock Path Skew:        0.015ns (DCD - SCD + CPR)
    Destination Clock Delay (DCD):    8.205ns = ( 48.205 - 40.000 ) 
    Source Clock Delay      (SCD):    8.947ns
    Clock Pessimism Removal (CPR):    0.756ns
  Clock Uncertainty:      0.088ns  ((TSJ^2 + DJ^2)^1/2) / 2 + PE
    Total System Jitter     (TSJ):    0.071ns
    Discrete Jitter          (DJ):    0.161ns
    Phase Error              (PE):    0.000ns

    Location             Delay type                Incr(ns)  Path(ns)    Netlist Resource(s)
  -------------------------------------------------------------------    -------------------
                         (clock clkout0 rise edge)    0.000     0.000 r  
    K17                                               0.000     0.000 r  clk (IN)
                         net (fo=0)                   0.000     0.000    clk
    K17                  IBUF (Prop_ibuf_I_O)         1.492     1.492 r  clk_IBUF_inst/O
                         net (fo=1, routed)           2.076     3.568    clk_IBUF
    BUFGCTRL_X0Y16       BUFG (Prop_bufg_I_O)         0.101     3.669 r  clk_IBUF_BUFG_inst/O
                         net (fo=288, routed)         1.680     5.349    u_pclk/CLK
    MMCME2_ADV_X0Y0      MMCME2_ADV (Prop_mmcme2_adv_CLKIN1_CLKOUT0)
                                                      0.088     5.437 r  u_pclk/u_mmcm/CLKOUT0
                         net (fo=1, routed)           1.760     7.197    u_pclk/clkout0
    BUFGCTRL_X0Y1        BUFG (Prop_bufg_I_O)         0.101     7.298 r  u_pclk/u_bufg/O
                         net (fo=218, routed)         1.649     8.947    u_sync/CLK
    SLICE_X30Y71         FDCE                                         r  u_sync/pixel_y_reg[7]/C
  -------------------------------------------------------------------    -------------------
    SLICE_X30Y71         FDCE (Prop_fdce_C_Q)         0.478     9.425 r  u_sync/pixel_y_reg[7]/Q
                         net (fo=15, routed)          0.721    10.145    u_sync/pixel_y[7]
    SLICE_X31Y71         LUT6 (Prop_lut6_I5_O)        0.295    10.440 r  u_sync/in_rect1_carry_i_17/O
                         net (fo=3, routed)           0.676    11.116    u_sync/in_rect1_carry_i_17_n_0
    SLICE_X31Y71         LUT4 (Prop_lut4_I1_O)        0.124    11.240 f  u_sync/i__carry__0_i_9/O
                         net (fo=6, routed)           1.311    12.552    u_sync/pixel_y_reg[5]_1
    SLICE_X34Y70         LUT4 (Prop_lut4_I1_O)        0.124    12.676 r  u_sync/scaled_i_17/O
                         net (fo=22, routed)          1.812    14.488    u_sync/scaled_i_17_n_0
    SLICE_X32Y62         LUT5 (Prop_lut5_I2_O)        0.124    14.612 r  u_sync/scaled_i_13/O
                         net (fo=1, routed)           0.521    15.132    u_scene/u_scene4/A[3]
    DSP48_X1Y25          DSP48E1 (Prop_dsp48e1_A[3]_P[20])
                                                      3.841    18.973 r  u_scene/u_scene4/scaled/P[20]
                         net (fo=3, routed)           1.294    20.267    u_scene/u_scene4/scaled__0[20]
    SLICE_X33Y64         LUT3 (Prop_lut3_I2_O)        0.124    20.391 f  u_scene/u_scene4/in_bar_carry_i_13__0/O
                         net (fo=1, routed)           0.154    20.545    u_scene/u_scene4/in_bar_carry_i_13__0_n_0
    SLICE_X33Y64         LUT5 (Prop_lut5_I3_O)        0.124    20.669 r  u_scene/u_scene4/in_bar_carry_i_9__0/O
                         net (fo=8, routed)           0.889    21.558    u_scene/u_scene4/in_bar_carry_i_9__0_n_0
    SLICE_X34Y65         LUT5 (Prop_lut5_I3_O)        0.124    21.682 r  u_scene/u_scene4/in_bar_carry_i_5__0/O
                         net (fo=1, routed)           0.000    21.682    u_scene/u_scene4/in_bar_carry_i_5__0_n_0
    SLICE_X34Y65         CARRY4 (Prop_carry4_S[3]_CO[3])
                                                      0.376    22.058 r  u_scene/u_scene4/in_bar_carry/CO[3]
                         net (fo=1, routed)           0.000    22.058    u_scene/u_scene4/in_bar_carry_n_0
    SLICE_X34Y66         CARRY4 (Prop_carry4_CI_CO[0])
                                                      0.254    22.312 f  u_scene/u_scene4/in_bar_carry__0/CO[0]
                         net (fo=10, routed)          0.870    23.182    u_sync/b_reg[3]_0[0]
    SLICE_X35Y70         LUT5 (Prop_lut5_I4_O)        0.367    23.549 r  u_sync/r[0]_i_2__0/O
                         net (fo=3, routed)           1.183    24.732    u_sync/r[0]_i_2__0_n_0
    SLICE_X36Y73         LUT4 (Prop_lut4_I3_O)        0.124    24.856 r  u_sync/g[0]_i_1__1/O
                         net (fo=1, routed)           0.000    24.856    u_scene/u_scene4/g_reg[3]_1[0]
    SLICE_X36Y73         FDCE                                         r  u_scene/u_scene4/g_reg[0]/D
  -------------------------------------------------------------------    -------------------

                         (clock clkout0 rise edge)   40.000    40.000 r  
    K17                                               0.000    40.000 r  clk (IN)
                         net (fo=0)                   0.000    40.000    clk
    K17                  IBUF (Prop_ibuf_I_O)         1.421    41.421 r  clk_IBUF_inst/O
                         net (fo=1, routed)           1.880    43.301    clk_IBUF
    BUFGCTRL_X0Y16       BUFG (Prop_bufg_I_O)         0.091    43.392 r  clk_IBUF_BUFG_inst/O
                         net (fo=288, routed)         1.490    44.882    u_pclk/CLK
    MMCME2_ADV_X0Y0      MMCME2_ADV (Prop_mmcme2_adv_CLKIN1_CLKOUT0)
                                                      0.083    44.965 r  u_pclk/u_mmcm/CLKOUT0
                         net (fo=1, routed)           1.599    46.565    u_pclk/clkout0
    BUFGCTRL_X0Y1        BUFG (Prop_bufg_I_O)         0.091    46.656 r  u_pclk/u_bufg/O
                         net (fo=218, routed)         1.550    48.205    u_scene/u_scene4/pixel_clk
    SLICE_X36Y73         FDCE                                         r  u_scene/u_scene4/g_reg[0]/C
                         clock pessimism              0.756    48.962    
                         clock uncertainty           -0.088    48.874    
    SLICE_X36Y73         FDCE (Setup_fdce_C_D)        0.031    48.905    u_scene/u_scene4/g_reg[0]
  -------------------------------------------------------------------
                         required time                         48.905    
                         arrival time                         -24.856    
  -------------------------------------------------------------------
                         slack                                 24.049    

Slack (MET) :             24.112ns  (required time - arrival time)
  Source:                 u_sync/pixel_y_reg[7]/C
                            (rising edge-triggered cell FDCE clocked by clkout0  {rise@0.000ns fall@20.000ns period=40.000ns})
  Destination:            u_scene/u_scene4/r_reg[0]/D
                            (rising edge-triggered cell FDCE clocked by clkout0  {rise@0.000ns fall@20.000ns period=40.000ns})
  Path Group:             clkout0
  Path Type:              Setup (Max at Slow Process Corner)
  Requirement:            40.000ns  (clkout0 rise@40.000ns - clkout0 rise@0.000ns)
  Data Path Delay:        15.844ns  (logic 6.479ns (40.891%)  route 9.365ns (59.109%))
  Logic Levels:           12  (CARRY4=2 DSP48E1=1 LUT3=1 LUT4=3 LUT5=4 LUT6=1)
  Clock Path Skew:        0.015ns (DCD - SCD + CPR)
    Destination Clock Delay (DCD):    8.205ns = ( 48.205 - 40.000 ) 
    Source Clock Delay      (SCD):    8.947ns
    Clock Pessimism Removal (CPR):    0.756ns
  Clock Uncertainty:      0.088ns  ((TSJ^2 + DJ^2)^1/2) / 2 + PE
    Total System Jitter     (TSJ):    0.071ns
    Discrete Jitter          (DJ):    0.161ns
    Phase Error              (PE):    0.000ns

    Location             Delay type                Incr(ns)  Path(ns)    Netlist Resource(s)
  -------------------------------------------------------------------    -------------------
                         (clock clkout0 rise edge)    0.000     0.000 r  
    K17                                               0.000     0.000 r  clk (IN)
                         net (fo=0)                   0.000     0.000    clk
    K17                  IBUF (Prop_ibuf_I_O)         1.492     1.492 r  clk_IBUF_inst/O
                         net (fo=1, routed)           2.076     3.568    clk_IBUF
    BUFGCTRL_X0Y16       BUFG (Prop_bufg_I_O)         0.101     3.669 r  clk_IBUF_BUFG_inst/O
                         net (fo=288, routed)         1.680     5.349    u_pclk/CLK
    MMCME2_ADV_X0Y0      MMCME2_ADV (Prop_mmcme2_adv_CLKIN1_CLKOUT0)
                                                      0.088     5.437 r  u_pclk/u_mmcm/CLKOUT0
                         net (fo=1, routed)           1.760     7.197    u_pclk/clkout0
    BUFGCTRL_X0Y1        BUFG (Prop_bufg_I_O)         0.101     7.298 r  u_pclk/u_bufg/O
                         net (fo=218, routed)         1.649     8.947    u_sync/CLK
    SLICE_X30Y71         FDCE                                         r  u_sync/pixel_y_reg[7]/C
  -------------------------------------------------------------------    -------------------
    SLICE_X30Y71         FDCE (Prop_fdce_C_Q)         0.478     9.425 r  u_sync/pixel_y_reg[7]/Q
                         net (fo=15, routed)          0.721    10.145    u_sync/pixel_y[7]
    SLICE_X31Y71         LUT6 (Prop_lut6_I5_O)        0.295    10.440 r  u_sync/in_rect1_carry_i_17/O
                         net (fo=3, routed)           0.676    11.116    u_sync/in_rect1_carry_i_17_n_0
    SLICE_X31Y71         LUT4 (Prop_lut4_I1_O)        0.124    11.240 f  u_sync/i__carry__0_i_9/O
                         net (fo=6, routed)           1.311    12.552    u_sync/pixel_y_reg[5]_1
    SLICE_X34Y70         LUT4 (Prop_lut4_I1_O)        0.124    12.676 r  u_sync/scaled_i_17/O
                         net (fo=22, routed)          1.812    14.488    u_sync/scaled_i_17_n_0
    SLICE_X32Y62         LUT5 (Prop_lut5_I2_O)        0.124    14.612 r  u_sync/scaled_i_13/O
                         net (fo=1, routed)           0.521    15.132    u_scene/u_scene4/A[3]
    DSP48_X1Y25          DSP48E1 (Prop_dsp48e1_A[3]_P[20])
                                                      3.841    18.973 r  u_scene/u_scene4/scaled/P[20]
                         net (fo=3, routed)           1.294    20.267    u_scene/u_scene4/scaled__0[20]
    SLICE_X33Y64         LUT3 (Prop_lut3_I2_O)        0.124    20.391 f  u_scene/u_scene4/in_bar_carry_i_13__0/O
                         net (fo=1, routed)           0.154    20.545    u_scene/u_scene4/in_bar_carry_i_13__0_n_0
    SLICE_X33Y64         LUT5 (Prop_lut5_I3_O)        0.124    20.669 r  u_scene/u_scene4/in_bar_carry_i_9__0/O
                         net (fo=8, routed)           0.889    21.558    u_scene/u_scene4/in_bar_carry_i_9__0_n_0
    SLICE_X34Y65         LUT5 (Prop_lut5_I3_O)        0.124    21.682 r  u_scene/u_scene4/in_bar_carry_i_5__0/O
                         net (fo=1, routed)           0.000    21.682    u_scene/u_scene4/in_bar_carry_i_5__0_n_0
    SLICE_X34Y65         CARRY4 (Prop_carry4_S[3]_CO[3])
                                                      0.376    22.058 r  u_scene/u_scene4/in_bar_carry/CO[3]
                         net (fo=1, routed)           0.000    22.058    u_scene/u_scene4/in_bar_carry_n_0
    SLICE_X34Y66         CARRY4 (Prop_carry4_CI_CO[0])
                                                      0.254    22.312 f  u_scene/u_scene4/in_bar_carry__0/CO[0]
                         net (fo=10, routed)          0.870    23.182    u_sync/b_reg[3]_0[0]
    SLICE_X35Y70         LUT5 (Prop_lut5_I4_O)        0.367    23.549 r  u_sync/r[0]_i_2__0/O
                         net (fo=3, routed)           1.118    24.667    u_sync/r[0]_i_2__0_n_0
    SLICE_X37Y73         LUT4 (Prop_lut4_I1_O)        0.124    24.791 r  u_sync/r[0]_i_1__2/O
                         net (fo=1, routed)           0.000    24.791    u_scene/u_scene4/r_reg[3]_1[0]
    SLICE_X37Y73         FDCE                                         r  u_scene/u_scene4/r_reg[0]/D
  -------------------------------------------------------------------    -------------------

                         (clock clkout0 rise edge)   40.000    40.000 r  
    K17                                               0.000    40.000 r  clk (IN)
                         net (fo=0)                   0.000    40.000    clk
    K17                  IBUF (Prop_ibuf_I_O)         1.421    41.421 r  clk_IBUF_inst/O
                         net (fo=1, routed)           1.880    43.301    clk_IBUF
    BUFGCTRL_X0Y16       BUFG (Prop_bufg_I_O)         0.091    43.392 r  clk_IBUF_BUFG_inst/O
                         net (fo=288, routed)         1.490    44.882    u_pclk/CLK
    MMCME2_ADV_X0Y0      MMCME2_ADV (Prop_mmcme2_adv_CLKIN1_CLKOUT0)
                                                      0.083    44.965 r  u_pclk/u_mmcm/CLKOUT0
                         net (fo=1, routed)           1.599    46.565    u_pclk/clkout0
    BUFGCTRL_X0Y1        BUFG (Prop_bufg_I_O)         0.091    46.656 r  u_pclk/u_bufg/O
                         net (fo=218, routed)         1.550    48.205    u_scene/u_scene4/pixel_clk
    SLICE_X37Y73         FDCE                                         r  u_scene/u_scene4/r_reg[0]/C
                         clock pessimism              0.756    48.962    
                         clock uncertainty           -0.088    48.874    
    SLICE_X37Y73         FDCE (Setup_fdce_C_D)        0.029    48.903    u_scene/u_scene4/r_reg[0]
  -------------------------------------------------------------------
                         required time                         48.903    
                         arrival time                         -24.791    
  -------------------------------------------------------------------
                         slack                                 24.112    

Slack (MET) :             24.393ns  (required time - arrival time)
  Source:                 u_sync/pixel_y_reg[7]/C
                            (rising edge-triggered cell FDCE clocked by clkout0  {rise@0.000ns fall@20.000ns period=40.000ns})
  Destination:            u_scene/u_scene4/b_reg[3]/D
                            (rising edge-triggered cell FDCE clocked by clkout0  {rise@0.000ns fall@20.000ns period=40.000ns})
  Path Group:             clkout0
  Path Type:              Setup (Max at Slow Process Corner)
  Requirement:            40.000ns  (clkout0 rise@40.000ns - clkout0 rise@0.000ns)
  Data Path Delay:        15.611ns  (logic 6.355ns (40.709%)  route 9.256ns (59.291%))
  Logic Levels:           11  (CARRY4=2 DSP48E1=1 LUT3=1 LUT4=2 LUT5=4 LUT6=1)
  Clock Path Skew:        0.015ns (DCD - SCD + CPR)
    Destination Clock Delay (DCD):    8.205ns = ( 48.205 - 40.000 ) 
    Source Clock Delay      (SCD):    8.947ns
    Clock Pessimism Removal (CPR):    0.756ns
  Clock Uncertainty:      0.088ns  ((TSJ^2 + DJ^2)^1/2) / 2 + PE
    Total System Jitter     (TSJ):    0.071ns
    Discrete Jitter          (DJ):    0.161ns
    Phase Error              (PE):    0.000ns

    Location             Delay type                Incr(ns)  Path(ns)    Netlist Resource(s)
  -------------------------------------------------------------------    -------------------
                         (clock clkout0 rise edge)    0.000     0.000 r  
    K17                                               0.000     0.000 r  clk (IN)
                         net (fo=0)                   0.000     0.000    clk
    K17                  IBUF (Prop_ibuf_I_O)         1.492     1.492 r  clk_IBUF_inst/O
                         net (fo=1, routed)           2.076     3.568    clk_IBUF
    BUFGCTRL_X0Y16       BUFG (Prop_bufg_I_O)         0.101     3.669 r  clk_IBUF_BUFG_inst/O
                         net (fo=288, routed)         1.680     5.349    u_pclk/CLK
    MMCME2_ADV_X0Y0      MMCME2_ADV (Prop_mmcme2_adv_CLKIN1_CLKOUT0)
                                                      0.088     5.437 r  u_pclk/u_mmcm/CLKOUT0
                         net (fo=1, routed)           1.760     7.197    u_pclk/clkout0
    BUFGCTRL_X0Y1        BUFG (Prop_bufg_I_O)         0.101     7.298 r  u_pclk/u_bufg/O
                         net (fo=218, routed)         1.649     8.947    u_sync/CLK
    SLICE_X30Y71         FDCE                                         r  u_sync/pixel_y_reg[7]/C
  -------------------------------------------------------------------    -------------------
    SLICE_X30Y71         FDCE (Prop_fdce_C_Q)         0.478     9.425 r  u_sync/pixel_y_reg[7]/Q
                         net (fo=15, routed)          0.721    10.145    u_sync/pixel_y[7]
    SLICE_X31Y71         LUT6 (Prop_lut6_I5_O)        0.295    10.440 r  u_sync/in_rect1_carry_i_17/O
                         net (fo=3, routed)           0.676    11.116    u_sync/in_rect1_carry_i_17_n_0
    SLICE_X31Y71         LUT4 (Prop_lut4_I1_O)        0.124    11.240 f  u_sync/i__carry__0_i_9/O
                         net (fo=6, routed)           1.311    12.552    u_sync/pixel_y_reg[5]_1
    SLICE_X34Y70         LUT4 (Prop_lut4_I1_O)        0.124    12.676 r  u_sync/scaled_i_17/O
                         net (fo=22, routed)          1.812    14.488    u_sync/scaled_i_17_n_0
    SLICE_X32Y62         LUT5 (Prop_lut5_I2_O)        0.124    14.612 r  u_sync/scaled_i_13/O
                         net (fo=1, routed)           0.521    15.132    u_scene/u_scene4/A[3]
    DSP48_X1Y25          DSP48E1 (Prop_dsp48e1_A[3]_P[20])
                                                      3.841    18.973 r  u_scene/u_scene4/scaled/P[20]
                         net (fo=3, routed)           1.294    20.267    u_scene/u_scene4/scaled__0[20]
    SLICE_X33Y64         LUT3 (Prop_lut3_I2_O)        0.124    20.391 f  u_scene/u_scene4/in_bar_carry_i_13__0/O
                         net (fo=1, routed)           0.154    20.545    u_scene/u_scene4/in_bar_carry_i_13__0_n_0
    SLICE_X33Y64         LUT5 (Prop_lut5_I3_O)        0.124    20.669 r  u_scene/u_scene4/in_bar_carry_i_9__0/O
                         net (fo=8, routed)           0.889    21.558    u_scene/u_scene4/in_bar_carry_i_9__0_n_0
    SLICE_X34Y65         LUT5 (Prop_lut5_I3_O)        0.124    21.682 r  u_scene/u_scene4/in_bar_carry_i_5__0/O
                         net (fo=1, routed)           0.000    21.682    u_scene/u_scene4/in_bar_carry_i_5__0_n_0
    SLICE_X34Y65         CARRY4 (Prop_carry4_S[3]_CO[3])
                                                      0.376    22.058 r  u_scene/u_scene4/in_bar_carry/CO[3]
                         net (fo=1, routed)           0.000    22.058    u_scene/u_scene4/in_bar_carry_n_0
    SLICE_X34Y66         CARRY4 (Prop_carry4_CI_CO[0])
                                                      0.254    22.312 r  u_scene/u_scene4/in_bar_carry__0/CO[0]
                         net (fo=10, routed)          1.878    24.191    u_sync/b_reg[3]_0[0]
    SLICE_X38Y73         LUT5 (Prop_lut5_I4_O)        0.367    24.558 r  u_sync/b[3]_i_1__0/O
                         net (fo=1, routed)           0.000    24.558    u_scene/u_scene4/b_reg[3]_3[3]
    SLICE_X38Y73         FDCE                                         r  u_scene/u_scene4/b_reg[3]/D
  -------------------------------------------------------------------    -------------------

                         (clock clkout0 rise edge)   40.000    40.000 r  
    K17                                               0.000    40.000 r  clk (IN)
                         net (fo=0)                   0.000    40.000    clk
    K17                  IBUF (Prop_ibuf_I_O)         1.421    41.421 r  clk_IBUF_inst/O
                         net (fo=1, routed)           1.880    43.301    clk_IBUF
    BUFGCTRL_X0Y16       BUFG (Prop_bufg_I_O)         0.091    43.392 r  clk_IBUF_BUFG_inst/O
                         net (fo=288, routed)         1.490    44.882    u_pclk/CLK
    MMCME2_ADV_X0Y0      MMCME2_ADV (Prop_mmcme2_adv_CLKIN1_CLKOUT0)
                                                      0.083    44.965 r  u_pclk/u_mmcm/CLKOUT0
                         net (fo=1, routed)           1.599    46.565    u_pclk/clkout0
    BUFGCTRL_X0Y1        BUFG (Prop_bufg_I_O)         0.091    46.656 r  u_pclk/u_bufg/O
                         net (fo=218, routed)         1.550    48.205    u_scene/u_scene4/pixel_clk
    SLICE_X38Y73         FDCE                                         r  u_scene/u_scene4/b_reg[3]/C
                         clock pessimism              0.756    48.962    
                         clock uncertainty           -0.088    48.874    
    SLICE_X38Y73         FDCE (Setup_fdce_C_D)        0.077    48.951    u_scene/u_scene4/b_reg[3]
  -------------------------------------------------------------------
                         required time                         48.951    
                         arrival time                         -24.558    
  -------------------------------------------------------------------
                         slack                                 24.393    

Slack (MET) :             24.441ns  (required time - arrival time)
  Source:                 u_sync/pixel_y_reg[7]/C
                            (rising edge-triggered cell FDCE clocked by clkout0  {rise@0.000ns fall@20.000ns period=40.000ns})
  Destination:            u_scene/u_scene4/b_reg[0]/D
                            (rising edge-triggered cell FDCE clocked by clkout0  {rise@0.000ns fall@20.000ns period=40.000ns})
  Path Group:             clkout0
  Path Type:              Setup (Max at Slow Process Corner)
  Requirement:            40.000ns  (clkout0 rise@40.000ns - clkout0 rise@0.000ns)
  Data Path Delay:        15.566ns  (logic 6.479ns (41.623%)  route 9.087ns (58.377%))
  Logic Levels:           12  (CARRY4=2 DSP48E1=1 LUT3=1 LUT4=3 LUT5=4 LUT6=1)
  Clock Path Skew:        0.018ns (DCD - SCD + CPR)
    Destination Clock Delay (DCD):    8.208ns = ( 48.208 - 40.000 ) 
    Source Clock Delay      (SCD):    8.947ns
    Clock Pessimism Removal (CPR):    0.756ns
  Clock Uncertainty:      0.088ns  ((TSJ^2 + DJ^2)^1/2) / 2 + PE
    Total System Jitter     (TSJ):    0.071ns
    Discrete Jitter          (DJ):    0.161ns
    Phase Error              (PE):    0.000ns

    Location             Delay type                Incr(ns)  Path(ns)    Netlist Resource(s)
  -------------------------------------------------------------------    -------------------
                         (clock clkout0 rise edge)    0.000     0.000 r  
    K17                                               0.000     0.000 r  clk (IN)
                         net (fo=0)                   0.000     0.000    clk
    K17                  IBUF (Prop_ibuf_I_O)         1.492     1.492 r  clk_IBUF_inst/O
                         net (fo=1, routed)           2.076     3.568    clk_IBUF
    BUFGCTRL_X0Y16       BUFG (Prop_bufg_I_O)         0.101     3.669 r  clk_IBUF_BUFG_inst/O
                         net (fo=288, routed)         1.680     5.349    u_pclk/CLK
    MMCME2_ADV_X0Y0      MMCME2_ADV (Prop_mmcme2_adv_CLKIN1_CLKOUT0)
                                                      0.088     5.437 r  u_pclk/u_mmcm/CLKOUT0
                         net (fo=1, routed)           1.760     7.197    u_pclk/clkout0
    BUFGCTRL_X0Y1        BUFG (Prop_bufg_I_O)         0.101     7.298 r  u_pclk/u_bufg/O
                         net (fo=218, routed)         1.649     8.947    u_sync/CLK
    SLICE_X30Y71         FDCE                                         r  u_sync/pixel_y_reg[7]/C
  -------------------------------------------------------------------    -------------------
    SLICE_X30Y71         FDCE (Prop_fdce_C_Q)         0.478     9.425 r  u_sync/pixel_y_reg[7]/Q
                         net (fo=15, routed)          0.721    10.145    u_sync/pixel_y[7]
    SLICE_X31Y71         LUT6 (Prop_lut6_I5_O)        0.295    10.440 r  u_sync/in_rect1_carry_i_17/O
                         net (fo=3, routed)           0.676    11.116    u_sync/in_rect1_carry_i_17_n_0
    SLICE_X31Y71         LUT4 (Prop_lut4_I1_O)        0.124    11.240 f  u_sync/i__carry__0_i_9/O
                         net (fo=6, routed)           1.311    12.552    u_sync/pixel_y_reg[5]_1
    SLICE_X34Y70         LUT4 (Prop_lut4_I1_O)        0.124    12.676 r  u_sync/scaled_i_17/O
                         net (fo=22, routed)          1.812    14.488    u_sync/scaled_i_17_n_0
    SLICE_X32Y62         LUT5 (Prop_lut5_I2_O)        0.124    14.612 r  u_sync/scaled_i_13/O
                         net (fo=1, routed)           0.521    15.132    u_scene/u_scene4/A[3]
    DSP48_X1Y25          DSP48E1 (Prop_dsp48e1_A[3]_P[20])
                                                      3.841    18.973 r  u_scene/u_scene4/scaled/P[20]
                         net (fo=3, routed)           1.294    20.267    u_scene/u_scene4/scaled__0[20]
    SLICE_X33Y64         LUT3 (Prop_lut3_I2_O)        0.124    20.391 f  u_scene/u_scene4/in_bar_carry_i_13__0/O
                         net (fo=1, routed)           0.154    20.545    u_scene/u_scene4/in_bar_carry_i_13__0_n_0
    SLICE_X33Y64         LUT5 (Prop_lut5_I3_O)        0.124    20.669 r  u_scene/u_scene4/in_bar_carry_i_9__0/O
                         net (fo=8, routed)           0.889    21.558    u_scene/u_scene4/in_bar_carry_i_9__0_n_0
    SLICE_X34Y65         LUT5 (Prop_lut5_I3_O)        0.124    21.682 r  u_scene/u_scene4/in_bar_carry_i_5__0/O
                         net (fo=1, routed)           0.000    21.682    u_scene/u_scene4/in_bar_carry_i_5__0_n_0
    SLICE_X34Y65         CARRY4 (Prop_carry4_S[3]_CO[3])
                                                      0.376    22.058 r  u_scene/u_scene4/in_bar_carry/CO[3]
                         net (fo=1, routed)           0.000    22.058    u_scene/u_scene4/in_bar_carry_n_0
    SLICE_X34Y66         CARRY4 (Prop_carry4_CI_CO[0])
                                                      0.254    22.312 f  u_scene/u_scene4/in_bar_carry__0/CO[0]
                         net (fo=10, routed)          0.870    23.182    u_sync/b_reg[3]_0[0]
    SLICE_X35Y70         LUT5 (Prop_lut5_I4_O)        0.367    23.549 r  u_sync/r[0]_i_2__0/O
                         net (fo=3, routed)           0.840    24.389    u_sync/r[0]_i_2__0_n_0
    SLICE_X38Y71         LUT4 (Prop_lut4_I3_O)        0.124    24.513 r  u_sync/b[0]_i_1__0/O
                         net (fo=1, routed)           0.000    24.513    u_scene/u_scene4/b_reg[3]_3[0]
    SLICE_X38Y71         FDCE                                         r  u_scene/u_scene4/b_reg[0]/D
  -------------------------------------------------------------------    -------------------

                         (clock clkout0 rise edge)   40.000    40.000 r  
    K17                                               0.000    40.000 r  clk (IN)
                         net (fo=0)                   0.000    40.000    clk
    K17                  IBUF (Prop_ibuf_I_O)         1.421    41.421 r  clk_IBUF_inst/O
                         net (fo=1, routed)           1.880    43.301    clk_IBUF
    BUFGCTRL_X0Y16       BUFG (Prop_bufg_I_O)         0.091    43.392 r  clk_IBUF_BUFG_inst/O
                         net (fo=288, routed)         1.490    44.882    u_pclk/CLK
    MMCME2_ADV_X0Y0      MMCME2_ADV (Prop_mmcme2_adv_CLKIN1_CLKOUT0)
                                                      0.083    44.965 r  u_pclk/u_mmcm/CLKOUT0
                         net (fo=1, routed)           1.599    46.565    u_pclk/clkout0
    BUFGCTRL_X0Y1        BUFG (Prop_bufg_I_O)         0.091    46.656 r  u_pclk/u_bufg/O
                         net (fo=218, routed)         1.553    48.208    u_scene/u_scene4/pixel_clk
    SLICE_X38Y71         FDCE                                         r  u_scene/u_scene4/b_reg[0]/C
                         clock pessimism              0.756    48.965    
                         clock uncertainty           -0.088    48.877    
    SLICE_X38Y71         FDCE (Setup_fdce_C_D)        0.077    48.954    u_scene/u_scene4/b_reg[0]
  -------------------------------------------------------------------
                         required time                         48.954    
                         arrival time                         -24.513    
  -------------------------------------------------------------------
                         slack                                 24.441    

Slack (MET) :             24.701ns  (required time - arrival time)
  Source:                 u_sync/pixel_y_reg[7]/C
                            (rising edge-triggered cell FDCE clocked by clkout0  {rise@0.000ns fall@20.000ns period=40.000ns})
  Destination:            u_scene/u_scene4/b_reg[2]/D
                            (rising edge-triggered cell FDCE clocked by clkout0  {rise@0.000ns fall@20.000ns period=40.000ns})
  Path Group:             clkout0
  Path Type:              Setup (Max at Slow Process Corner)
  Requirement:            40.000ns  (clkout0 rise@40.000ns - clkout0 rise@0.000ns)
  Data Path Delay:        15.255ns  (logic 6.355ns (41.658%)  route 8.900ns (58.342%))
  Logic Levels:           11  (CARRY4=2 DSP48E1=1 LUT3=1 LUT4=2 LUT5=3 LUT6=2)
  Clock Path Skew:        0.015ns (DCD - SCD + CPR)
    Destination Clock Delay (DCD):    8.205ns = ( 48.205 - 40.000 ) 
    Source Clock Delay      (SCD):    8.947ns
    Clock Pessimism Removal (CPR):    0.756ns
  Clock Uncertainty:      0.088ns  ((TSJ^2 + DJ^2)^1/2) / 2 + PE
    Total System Jitter     (TSJ):    0.071ns
    Discrete Jitter          (DJ):    0.161ns
    Phase Error              (PE):    0.000ns

    Location             Delay type                Incr(ns)  Path(ns)    Netlist Resource(s)
  -------------------------------------------------------------------    -------------------
                         (clock clkout0 rise edge)    0.000     0.000 r  
    K17                                               0.000     0.000 r  clk (IN)
                         net (fo=0)                   0.000     0.000    clk
    K17                  IBUF (Prop_ibuf_I_O)         1.492     1.492 r  clk_IBUF_inst/O
                         net (fo=1, routed)           2.076     3.568    clk_IBUF
    BUFGCTRL_X0Y16       BUFG (Prop_bufg_I_O)         0.101     3.669 r  clk_IBUF_BUFG_inst/O
                         net (fo=288, routed)         1.680     5.349    u_pclk/CLK
    MMCME2_ADV_X0Y0      MMCME2_ADV (Prop_mmcme2_adv_CLKIN1_CLKOUT0)
                                                      0.088     5.437 r  u_pclk/u_mmcm/CLKOUT0
                         net (fo=1, routed)           1.760     7.197    u_pclk/clkout0
    BUFGCTRL_X0Y1        BUFG (Prop_bufg_I_O)         0.101     7.298 r  u_pclk/u_bufg/O
                         net (fo=218, routed)         1.649     8.947    u_sync/CLK
    SLICE_X30Y71         FDCE                                         r  u_sync/pixel_y_reg[7]/C
  -------------------------------------------------------------------    -------------------
    SLICE_X30Y71         FDCE (Prop_fdce_C_Q)         0.478     9.425 r  u_sync/pixel_y_reg[7]/Q
                         net (fo=15, routed)          0.721    10.145    u_sync/pixel_y[7]
    SLICE_X31Y71         LUT6 (Prop_lut6_I5_O)        0.295    10.440 r  u_sync/in_rect1_carry_i_17/O
                         net (fo=3, routed)           0.676    11.116    u_sync/in_rect1_carry_i_17_n_0
    SLICE_X31Y71         LUT4 (Prop_lut4_I1_O)        0.124    11.240 f  u_sync/i__carry__0_i_9/O
                         net (fo=6, routed)           1.311    12.552    u_sync/pixel_y_reg[5]_1
    SLICE_X34Y70         LUT4 (Prop_lut4_I1_O)        0.124    12.676 r  u_sync/scaled_i_17/O
                         net (fo=22, routed)          1.812    14.488    u_sync/scaled_i_17_n_0
    SLICE_X32Y62         LUT5 (Prop_lut5_I2_O)        0.124    14.612 r  u_sync/scaled_i_13/O
                         net (fo=1, routed)           0.521    15.132    u_scene/u_scene4/A[3]
    DSP48_X1Y25          DSP48E1 (Prop_dsp48e1_A[3]_P[20])
                                                      3.841    18.973 r  u_scene/u_scene4/scaled/P[20]
                         net (fo=3, routed)           1.294    20.267    u_scene/u_scene4/scaled__0[20]
    SLICE_X33Y64         LUT3 (Prop_lut3_I2_O)        0.124    20.391 f  u_scene/u_scene4/in_bar_carry_i_13__0/O
                         net (fo=1, routed)           0.154    20.545    u_scene/u_scene4/in_bar_carry_i_13__0_n_0
    SLICE_X33Y64         LUT5 (Prop_lut5_I3_O)        0.124    20.669 r  u_scene/u_scene4/in_bar_carry_i_9__0/O
                         net (fo=8, routed)           0.889    21.558    u_scene/u_scene4/in_bar_carry_i_9__0_n_0
    SLICE_X34Y65         LUT5 (Prop_lut5_I3_O)        0.124    21.682 r  u_scene/u_scene4/in_bar_carry_i_5__0/O
                         net (fo=1, routed)           0.000    21.682    u_scene/u_scene4/in_bar_carry_i_5__0_n_0
    SLICE_X34Y65         CARRY4 (Prop_carry4_S[3]_CO[3])
                                                      0.376    22.058 r  u_scene/u_scene4/in_bar_carry/CO[3]
                         net (fo=1, routed)           0.000    22.058    u_scene/u_scene4/in_bar_carry_n_0
    SLICE_X34Y66         CARRY4 (Prop_carry4_CI_CO[0])
                                                      0.254    22.312 r  u_scene/u_scene4/in_bar_carry__0/CO[0]
                         net (fo=10, routed)          1.523    23.835    u_sync/b_reg[3]_0[0]
    SLICE_X36Y73         LUT6 (Prop_lut6_I0_O)        0.367    24.202 r  u_sync/b[2]_i_1__0/O
                         net (fo=1, routed)           0.000    24.202    u_scene/u_scene4/b_reg[3]_3[2]
    SLICE_X36Y73         FDCE                                         r  u_scene/u_scene4/b_reg[2]/D
  -------------------------------------------------------------------    -------------------

                         (clock clkout0 rise edge)   40.000    40.000 r  
    K17                                               0.000    40.000 r  clk (IN)
                         net (fo=0)                   0.000    40.000    clk
    K17                  IBUF (Prop_ibuf_I_O)         1.421    41.421 r  clk_IBUF_inst/O
                         net (fo=1, routed)           1.880    43.301    clk_IBUF
    BUFGCTRL_X0Y16       BUFG (Prop_bufg_I_O)         0.091    43.392 r  clk_IBUF_BUFG_inst/O
                         net (fo=288, routed)         1.490    44.882    u_pclk/CLK
    MMCME2_ADV_X0Y0      MMCME2_ADV (Prop_mmcme2_adv_CLKIN1_CLKOUT0)
                                                      0.083    44.965 r  u_pclk/u_mmcm/CLKOUT0
                         net (fo=1, routed)           1.599    46.565    u_pclk/clkout0
    BUFGCTRL_X0Y1        BUFG (Prop_bufg_I_O)         0.091    46.656 r  u_pclk/u_bufg/O
                         net (fo=218, routed)         1.550    48.205    u_scene/u_scene4/pixel_clk
    SLICE_X36Y73         FDCE                                         r  u_scene/u_scene4/b_reg[2]/C
                         clock pessimism              0.756    48.962    
                         clock uncertainty           -0.088    48.874    
    SLICE_X36Y73         FDCE (Setup_fdce_C_D)        0.029    48.903    u_scene/u_scene4/b_reg[2]
  -------------------------------------------------------------------
                         required time                         48.903    
                         arrival time                         -24.202    
  -------------------------------------------------------------------
                         slack                                 24.701    

Slack (MET) :             24.896ns  (required time - arrival time)
  Source:                 u_sync/pixel_y_reg[7]/C
                            (rising edge-triggered cell FDCE clocked by clkout0  {rise@0.000ns fall@20.000ns period=40.000ns})
  Destination:            u_scene/u_scene4/r_reg[1]/D
                            (rising edge-triggered cell FDCE clocked by clkout0  {rise@0.000ns fall@20.000ns period=40.000ns})
  Path Group:             clkout0
  Path Type:              Setup (Max at Slow Process Corner)
  Requirement:            40.000ns  (clkout0 rise@40.000ns - clkout0 rise@0.000ns)
  Data Path Delay:        15.112ns  (logic 6.355ns (42.053%)  route 8.757ns (57.947%))
  Logic Levels:           11  (CARRY4=2 DSP48E1=1 LUT3=1 LUT4=2 LUT5=3 LUT6=2)
  Clock Path Skew:        0.015ns (DCD - SCD + CPR)
    Destination Clock Delay (DCD):    8.205ns = ( 48.205 - 40.000 ) 
    Source Clock Delay      (SCD):    8.947ns
    Clock Pessimism Removal (CPR):    0.756ns
  Clock Uncertainty:      0.088ns  ((TSJ^2 + DJ^2)^1/2) / 2 + PE
    Total System Jitter     (TSJ):    0.071ns
    Discrete Jitter          (DJ):    0.161ns
    Phase Error              (PE):    0.000ns

    Location             Delay type                Incr(ns)  Path(ns)    Netlist Resource(s)
  -------------------------------------------------------------------    -------------------
                         (clock clkout0 rise edge)    0.000     0.000 r  
    K17                                               0.000     0.000 r  clk (IN)
                         net (fo=0)                   0.000     0.000    clk
    K17                  IBUF (Prop_ibuf_I_O)         1.492     1.492 r  clk_IBUF_inst/O
                         net (fo=1, routed)           2.076     3.568    clk_IBUF
    BUFGCTRL_X0Y16       BUFG (Prop_bufg_I_O)         0.101     3.669 r  clk_IBUF_BUFG_inst/O
                         net (fo=288, routed)         1.680     5.349    u_pclk/CLK
    MMCME2_ADV_X0Y0      MMCME2_ADV (Prop_mmcme2_adv_CLKIN1_CLKOUT0)
                                                      0.088     5.437 r  u_pclk/u_mmcm/CLKOUT0
                         net (fo=1, routed)           1.760     7.197    u_pclk/clkout0
    BUFGCTRL_X0Y1        BUFG (Prop_bufg_I_O)         0.101     7.298 r  u_pclk/u_bufg/O
                         net (fo=218, routed)         1.649     8.947    u_sync/CLK
    SLICE_X30Y71         FDCE                                         r  u_sync/pixel_y_reg[7]/C
  -------------------------------------------------------------------    -------------------
    SLICE_X30Y71         FDCE (Prop_fdce_C_Q)         0.478     9.425 r  u_sync/pixel_y_reg[7]/Q
                         net (fo=15, routed)          0.721    10.145    u_sync/pixel_y[7]
    SLICE_X31Y71         LUT6 (Prop_lut6_I5_O)        0.295    10.440 r  u_sync/in_rect1_carry_i_17/O
                         net (fo=3, routed)           0.676    11.116    u_sync/in_rect1_carry_i_17_n_0
    SLICE_X31Y71         LUT4 (Prop_lut4_I1_O)        0.124    11.240 f  u_sync/i__carry__0_i_9/O
                         net (fo=6, routed)           1.311    12.552    u_sync/pixel_y_reg[5]_1
    SLICE_X34Y70         LUT4 (Prop_lut4_I1_O)        0.124    12.676 r  u_sync/scaled_i_17/O
                         net (fo=22, routed)          1.812    14.488    u_sync/scaled_i_17_n_0
    SLICE_X32Y62         LUT5 (Prop_lut5_I2_O)        0.124    14.612 r  u_sync/scaled_i_13/O
                         net (fo=1, routed)           0.521    15.132    u_scene/u_scene4/A[3]
    DSP48_X1Y25          DSP48E1 (Prop_dsp48e1_A[3]_P[20])
                                                      3.841    18.973 r  u_scene/u_scene4/scaled/P[20]
                         net (fo=3, routed)           1.294    20.267    u_scene/u_scene4/scaled__0[20]
    SLICE_X33Y64         LUT3 (Prop_lut3_I2_O)        0.124    20.391 f  u_scene/u_scene4/in_bar_carry_i_13__0/O
                         net (fo=1, routed)           0.154    20.545    u_scene/u_scene4/in_bar_carry_i_13__0_n_0
    SLICE_X33Y64         LUT5 (Prop_lut5_I3_O)        0.124    20.669 r  u_scene/u_scene4/in_bar_carry_i_9__0/O
                         net (fo=8, routed)           0.889    21.558    u_scene/u_scene4/in_bar_carry_i_9__0_n_0
    SLICE_X34Y65         LUT5 (Prop_lut5_I3_O)        0.124    21.682 r  u_scene/u_scene4/in_bar_carry_i_5__0/O
                         net (fo=1, routed)           0.000    21.682    u_scene/u_scene4/in_bar_carry_i_5__0_n_0
    SLICE_X34Y65         CARRY4 (Prop_carry4_S[3]_CO[3])
                                                      0.376    22.058 r  u_scene/u_scene4/in_bar_carry/CO[3]
                         net (fo=1, routed)           0.000    22.058    u_scene/u_scene4/in_bar_carry_n_0
    SLICE_X34Y66         CARRY4 (Prop_carry4_CI_CO[0])
                                                      0.254    22.312 r  u_scene/u_scene4/in_bar_carry__0/CO[0]
                         net (fo=10, routed)          1.379    23.692    u_sync/b_reg[3]_0[0]
    SLICE_X38Y73         LUT6 (Prop_lut6_I0_O)        0.367    24.059 r  u_sync/r[1]_i_1__1/O
                         net (fo=1, routed)           0.000    24.059    u_scene/u_scene4/r_reg[3]_1[1]
    SLICE_X38Y73         FDCE                                         r  u_scene/u_scene4/r_reg[1]/D
  -------------------------------------------------------------------    -------------------

                         (clock clkout0 rise edge)   40.000    40.000 r  
    K17                                               0.000    40.000 r  clk (IN)
                         net (fo=0)                   0.000    40.000    clk
    K17                  IBUF (Prop_ibuf_I_O)         1.421    41.421 r  clk_IBUF_inst/O
                         net (fo=1, routed)           1.880    43.301    clk_IBUF
    BUFGCTRL_X0Y16       BUFG (Prop_bufg_I_O)         0.091    43.392 r  clk_IBUF_BUFG_inst/O
                         net (fo=288, routed)         1.490    44.882    u_pclk/CLK
    MMCME2_ADV_X0Y0      MMCME2_ADV (Prop_mmcme2_adv_CLKIN1_CLKOUT0)
                                                      0.083    44.965 r  u_pclk/u_mmcm/CLKOUT0
                         net (fo=1, routed)           1.599    46.565    u_pclk/clkout0
    BUFGCTRL_X0Y1        BUFG (Prop_bufg_I_O)         0.091    46.656 r  u_pclk/u_bufg/O
                         net (fo=218, routed)         1.550    48.205    u_scene/u_scene4/pixel_clk
    SLICE_X38Y73         FDCE                                         r  u_scene/u_scene4/r_reg[1]/C
                         clock pessimism              0.756    48.962    
                         clock uncertainty           -0.088    48.874    
    SLICE_X38Y73         FDCE (Setup_fdce_C_D)        0.081    48.955    u_scene/u_scene4/r_reg[1]
  -------------------------------------------------------------------
                         required time                         48.955    
                         arrival time                         -24.059    
  -------------------------------------------------------------------
                         slack                                 24.896    

Slack (MET) :             24.916ns  (required time - arrival time)
  Source:                 u_sync/pixel_y_reg[7]/C
                            (rising edge-triggered cell FDCE clocked by clkout0  {rise@0.000ns fall@20.000ns period=40.000ns})
  Destination:            u_scene/u_scene4/b_reg[1]/D
                            (rising edge-triggered cell FDCE clocked by clkout0  {rise@0.000ns fall@20.000ns period=40.000ns})
  Path Group:             clkout0
  Path Type:              Setup (Max at Slow Process Corner)
  Requirement:            40.000ns  (clkout0 rise@40.000ns - clkout0 rise@0.000ns)
  Data Path Delay:        15.043ns  (logic 6.355ns (42.245%)  route 8.688ns (57.755%))
  Logic Levels:           11  (CARRY4=2 DSP48E1=1 LUT3=1 LUT4=2 LUT5=3 LUT6=2)
  Clock Path Skew:        0.018ns (DCD - SCD + CPR)
    Destination Clock Delay (DCD):    8.208ns = ( 48.208 - 40.000 ) 
    Source Clock Delay      (SCD):    8.947ns
    Clock Pessimism Removal (CPR):    0.756ns
  Clock Uncertainty:      0.088ns  ((TSJ^2 + DJ^2)^1/2) / 2 + PE
    Total System Jitter     (TSJ):    0.071ns
    Discrete Jitter          (DJ):    0.161ns
    Phase Error              (PE):    0.000ns

    Location             Delay type                Incr(ns)  Path(ns)    Netlist Resource(s)
  -------------------------------------------------------------------    -------------------
                         (clock clkout0 rise edge)    0.000     0.000 r  
    K17                                               0.000     0.000 r  clk (IN)
                         net (fo=0)                   0.000     0.000    clk
    K17                  IBUF (Prop_ibuf_I_O)         1.492     1.492 r  clk_IBUF_inst/O
                         net (fo=1, routed)           2.076     3.568    clk_IBUF
    BUFGCTRL_X0Y16       BUFG (Prop_bufg_I_O)         0.101     3.669 r  clk_IBUF_BUFG_inst/O
                         net (fo=288, routed)         1.680     5.349    u_pclk/CLK
    MMCME2_ADV_X0Y0      MMCME2_ADV (Prop_mmcme2_adv_CLKIN1_CLKOUT0)
                                                      0.088     5.437 r  u_pclk/u_mmcm/CLKOUT0
                         net (fo=1, routed)           1.760     7.197    u_pclk/clkout0
    BUFGCTRL_X0Y1        BUFG (Prop_bufg_I_O)         0.101     7.298 r  u_pclk/u_bufg/O
                         net (fo=218, routed)         1.649     8.947    u_sync/CLK
    SLICE_X30Y71         FDCE                                         r  u_sync/pixel_y_reg[7]/C
  -------------------------------------------------------------------    -------------------
    SLICE_X30Y71         FDCE (Prop_fdce_C_Q)         0.478     9.425 r  u_sync/pixel_y_reg[7]/Q
                         net (fo=15, routed)          0.721    10.145    u_sync/pixel_y[7]
    SLICE_X31Y71         LUT6 (Prop_lut6_I5_O)        0.295    10.440 r  u_sync/in_rect1_carry_i_17/O
                         net (fo=3, routed)           0.676    11.116    u_sync/in_rect1_carry_i_17_n_0
    SLICE_X31Y71         LUT4 (Prop_lut4_I1_O)        0.124    11.240 f  u_sync/i__carry__0_i_9/O
                         net (fo=6, routed)           1.311    12.552    u_sync/pixel_y_reg[5]_1
    SLICE_X34Y70         LUT4 (Prop_lut4_I1_O)        0.124    12.676 r  u_sync/scaled_i_17/O
                         net (fo=22, routed)          1.812    14.488    u_sync/scaled_i_17_n_0
    SLICE_X32Y62         LUT5 (Prop_lut5_I2_O)        0.124    14.612 r  u_sync/scaled_i_13/O
                         net (fo=1, routed)           0.521    15.132    u_scene/u_scene4/A[3]
    DSP48_X1Y25          DSP48E1 (Prop_dsp48e1_A[3]_P[20])
                                                      3.841    18.973 r  u_scene/u_scene4/scaled/P[20]
                         net (fo=3, routed)           1.294    20.267    u_scene/u_scene4/scaled__0[20]
    SLICE_X33Y64         LUT3 (Prop_lut3_I2_O)        0.124    20.391 f  u_scene/u_scene4/in_bar_carry_i_13__0/O
                         net (fo=1, routed)           0.154    20.545    u_scene/u_scene4/in_bar_carry_i_13__0_n_0
    SLICE_X33Y64         LUT5 (Prop_lut5_I3_O)        0.124    20.669 r  u_scene/u_scene4/in_bar_carry_i_9__0/O
                         net (fo=8, routed)           0.889    21.558    u_scene/u_scene4/in_bar_carry_i_9__0_n_0
    SLICE_X34Y65         LUT5 (Prop_lut5_I3_O)        0.124    21.682 r  u_scene/u_scene4/in_bar_carry_i_5__0/O
                         net (fo=1, routed)           0.000    21.682    u_scene/u_scene4/in_bar_carry_i_5__0_n_0
    SLICE_X34Y65         CARRY4 (Prop_carry4_S[3]_CO[3])
                                                      0.376    22.058 r  u_scene/u_scene4/in_bar_carry/CO[3]
                         net (fo=1, routed)           0.000    22.058    u_scene/u_scene4/in_bar_carry_n_0
    SLICE_X34Y66         CARRY4 (Prop_carry4_CI_CO[0])
                                                      0.254    22.312 r  u_scene/u_scene4/in_bar_carry__0/CO[0]
                         net (fo=10, routed)          1.311    23.623    u_sync/b_reg[3]_0[0]
    SLICE_X39Y71         LUT6 (Prop_lut6_I0_O)        0.367    23.990 r  u_sync/b[1]_i_1__0/O
                         net (fo=1, routed)           0.000    23.990    u_scene/u_scene4/b_reg[3]_3[1]
    SLICE_X39Y71         FDCE                                         r  u_scene/u_scene4/b_reg[1]/D
  -------------------------------------------------------------------    -------------------

                         (clock clkout0 rise edge)   40.000    40.000 r  
    K17                                               0.000    40.000 r  clk (IN)
                         net (fo=0)                   0.000    40.000    clk
    K17                  IBUF (Prop_ibuf_I_O)         1.421    41.421 r  clk_IBUF_inst/O
                         net (fo=1, routed)           1.880    43.301    clk_IBUF
    BUFGCTRL_X0Y16       BUFG (Prop_bufg_I_O)         0.091    43.392 r  clk_IBUF_BUFG_inst/O
                         net (fo=288, routed)         1.490    44.882    u_pclk/CLK
    MMCME2_ADV_X0Y0      MMCME2_ADV (Prop_mmcme2_adv_CLKIN1_CLKOUT0)
                                                      0.083    44.965 r  u_pclk/u_mmcm/CLKOUT0
                         net (fo=1, routed)           1.599    46.565    u_pclk/clkout0
    BUFGCTRL_X0Y1        BUFG (Prop_bufg_I_O)         0.091    46.656 r  u_pclk/u_bufg/O
                         net (fo=218, routed)         1.553    48.208    u_scene/u_scene4/pixel_clk
    SLICE_X39Y71         FDCE                                         r  u_scene/u_scene4/b_reg[1]/C
                         clock pessimism              0.756    48.965    
                         clock uncertainty           -0.088    48.877    
    SLICE_X39Y71         FDCE (Setup_fdce_C_D)        0.029    48.906    u_scene/u_scene4/b_reg[1]
  -------------------------------------------------------------------
                         required time                         48.906    
                         arrival time                         -23.990    
  -------------------------------------------------------------------
                         slack                                 24.916    

Slack (MET) :             25.053ns  (required time - arrival time)
  Source:                 u_sync/pixel_y_reg[7]/C
                            (rising edge-triggered cell FDCE clocked by clkout0  {rise@0.000ns fall@20.000ns period=40.000ns})
  Destination:            u_scene/u_scene4/r_reg[3]/D
                            (rising edge-triggered cell FDCE clocked by clkout0  {rise@0.000ns fall@20.000ns period=40.000ns})
  Path Group:             clkout0
  Path Type:              Setup (Max at Slow Process Corner)
  Requirement:            40.000ns  (clkout0 rise@40.000ns - clkout0 rise@0.000ns)
  Data Path Delay:        14.903ns  (logic 6.355ns (42.643%)  route 8.548ns (57.357%))
  Logic Levels:           11  (CARRY4=2 DSP48E1=1 LUT3=1 LUT4=2 LUT5=4 LUT6=1)
  Clock Path Skew:        0.015ns (DCD - SCD + CPR)
    Destination Clock Delay (DCD):    8.205ns = ( 48.205 - 40.000 ) 
    Source Clock Delay      (SCD):    8.947ns
    Clock Pessimism Removal (CPR):    0.756ns
  Clock Uncertainty:      0.088ns  ((TSJ^2 + DJ^2)^1/2) / 2 + PE
    Total System Jitter     (TSJ):    0.071ns
    Discrete Jitter          (DJ):    0.161ns
    Phase Error              (PE):    0.000ns

    Location             Delay type                Incr(ns)  Path(ns)    Netlist Resource(s)
  -------------------------------------------------------------------    -------------------
                         (clock clkout0 rise edge)    0.000     0.000 r  
    K17                                               0.000     0.000 r  clk (IN)
                         net (fo=0)                   0.000     0.000    clk
    K17                  IBUF (Prop_ibuf_I_O)         1.492     1.492 r  clk_IBUF_inst/O
                         net (fo=1, routed)           2.076     3.568    clk_IBUF
    BUFGCTRL_X0Y16       BUFG (Prop_bufg_I_O)         0.101     3.669 r  clk_IBUF_BUFG_inst/O
                         net (fo=288, routed)         1.680     5.349    u_pclk/CLK
    MMCME2_ADV_X0Y0      MMCME2_ADV (Prop_mmcme2_adv_CLKIN1_CLKOUT0)
                                                      0.088     5.437 r  u_pclk/u_mmcm/CLKOUT0
                         net (fo=1, routed)           1.760     7.197    u_pclk/clkout0
    BUFGCTRL_X0Y1        BUFG (Prop_bufg_I_O)         0.101     7.298 r  u_pclk/u_bufg/O
                         net (fo=218, routed)         1.649     8.947    u_sync/CLK
    SLICE_X30Y71         FDCE                                         r  u_sync/pixel_y_reg[7]/C
  -------------------------------------------------------------------    -------------------
    SLICE_X30Y71         FDCE (Prop_fdce_C_Q)         0.478     9.425 r  u_sync/pixel_y_reg[7]/Q
                         net (fo=15, routed)          0.721    10.145    u_sync/pixel_y[7]
    SLICE_X31Y71         LUT6 (Prop_lut6_I5_O)        0.295    10.440 r  u_sync/in_rect1_carry_i_17/O
                         net (fo=3, routed)           0.676    11.116    u_sync/in_rect1_carry_i_17_n_0
    SLICE_X31Y71         LUT4 (Prop_lut4_I1_O)        0.124    11.240 f  u_sync/i__carry__0_i_9/O
                         net (fo=6, routed)           1.311    12.552    u_sync/pixel_y_reg[5]_1
    SLICE_X34Y70         LUT4 (Prop_lut4_I1_O)        0.124    12.676 r  u_sync/scaled_i_17/O
                         net (fo=22, routed)          1.812    14.488    u_sync/scaled_i_17_n_0
    SLICE_X32Y62         LUT5 (Prop_lut5_I2_O)        0.124    14.612 r  u_sync/scaled_i_13/O
                         net (fo=1, routed)           0.521    15.132    u_scene/u_scene4/A[3]
    DSP48_X1Y25          DSP48E1 (Prop_dsp48e1_A[3]_P[20])
                                                      3.841    18.973 r  u_scene/u_scene4/scaled/P[20]
                         net (fo=3, routed)           1.294    20.267    u_scene/u_scene4/scaled__0[20]
    SLICE_X33Y64         LUT3 (Prop_lut3_I2_O)        0.124    20.391 f  u_scene/u_scene4/in_bar_carry_i_13__0/O
                         net (fo=1, routed)           0.154    20.545    u_scene/u_scene4/in_bar_carry_i_13__0_n_0
    SLICE_X33Y64         LUT5 (Prop_lut5_I3_O)        0.124    20.669 r  u_scene/u_scene4/in_bar_carry_i_9__0/O
                         net (fo=8, routed)           0.889    21.558    u_scene/u_scene4/in_bar_carry_i_9__0_n_0
    SLICE_X34Y65         LUT5 (Prop_lut5_I3_O)        0.124    21.682 r  u_scene/u_scene4/in_bar_carry_i_5__0/O
                         net (fo=1, routed)           0.000    21.682    u_scene/u_scene4/in_bar_carry_i_5__0_n_0
    SLICE_X34Y65         CARRY4 (Prop_carry4_S[3]_CO[3])
                                                      0.376    22.058 r  u_scene/u_scene4/in_bar_carry/CO[3]
                         net (fo=1, routed)           0.000    22.058    u_scene/u_scene4/in_bar_carry_n_0
    SLICE_X34Y66         CARRY4 (Prop_carry4_CI_CO[0])
                                                      0.254    22.312 r  u_scene/u_scene4/in_bar_carry__0/CO[0]
                         net (fo=10, routed)          1.170    23.483    u_sync/b_reg[3]_0[0]
    SLICE_X39Y73         LUT5 (Prop_lut5_I4_O)        0.367    23.850 r  u_sync/r[3]_i_1__0/O
                         net (fo=1, routed)           0.000    23.850    u_scene/u_scene4/r_reg[3]_1[3]
    SLICE_X39Y73         FDCE                                         r  u_scene/u_scene4/r_reg[3]/D
  -------------------------------------------------------------------    -------------------

                         (clock clkout0 rise edge)   40.000    40.000 r  
    K17                                               0.000    40.000 r  clk (IN)
                         net (fo=0)                   0.000    40.000    clk
    K17                  IBUF (Prop_ibuf_I_O)         1.421    41.421 r  clk_IBUF_inst/O
                         net (fo=1, routed)           1.880    43.301    clk_IBUF
    BUFGCTRL_X0Y16       BUFG (Prop_bufg_I_O)         0.091    43.392 r  clk_IBUF_BUFG_inst/O
                         net (fo=288, routed)         1.490    44.882    u_pclk/CLK
    MMCME2_ADV_X0Y0      MMCME2_ADV (Prop_mmcme2_adv_CLKIN1_CLKOUT0)
                                                      0.083    44.965 r  u_pclk/u_mmcm/CLKOUT0
                         net (fo=1, routed)           1.599    46.565    u_pclk/clkout0
    BUFGCTRL_X0Y1        BUFG (Prop_bufg_I_O)         0.091    46.656 r  u_pclk/u_bufg/O
                         net (fo=218, routed)         1.550    48.205    u_scene/u_scene4/pixel_clk
    SLICE_X39Y73         FDCE                                         r  u_scene/u_scene4/r_reg[3]/C
                         clock pessimism              0.756    48.962    
                         clock uncertainty           -0.088    48.874    
    SLICE_X39Y73         FDCE (Setup_fdce_C_D)        0.029    48.903    u_scene/u_scene4/r_reg[3]
  -------------------------------------------------------------------
                         required time                         48.903    
                         arrival time                         -23.850    
  -------------------------------------------------------------------
                         slack                                 25.053    

Slack (MET) :             25.199ns  (required time - arrival time)
  Source:                 u_sync/pixel_y_reg[7]/C
                            (rising edge-triggered cell FDCE clocked by clkout0  {rise@0.000ns fall@20.000ns period=40.000ns})
  Destination:            u_scene/u_scene4/g_reg[3]/D
                            (rising edge-triggered cell FDCE clocked by clkout0  {rise@0.000ns fall@20.000ns period=40.000ns})
  Path Group:             clkout0
  Path Type:              Setup (Max at Slow Process Corner)
  Requirement:            40.000ns  (clkout0 rise@40.000ns - clkout0 rise@0.000ns)
  Data Path Delay:        14.760ns  (logic 6.355ns (43.054%)  route 8.405ns (56.946%))
  Logic Levels:           11  (CARRY4=2 DSP48E1=1 LUT3=1 LUT4=2 LUT5=4 LUT6=1)
  Clock Path Skew:        0.015ns (DCD - SCD + CPR)
    Destination Clock Delay (DCD):    8.205ns = ( 48.205 - 40.000 ) 
    Source Clock Delay      (SCD):    8.947ns
    Clock Pessimism Removal (CPR):    0.756ns
  Clock Uncertainty:      0.088ns  ((TSJ^2 + DJ^2)^1/2) / 2 + PE
    Total System Jitter     (TSJ):    0.071ns
    Discrete Jitter          (DJ):    0.161ns
    Phase Error              (PE):    0.000ns

    Location             Delay type                Incr(ns)  Path(ns)    Netlist Resource(s)
  -------------------------------------------------------------------    -------------------
                         (clock clkout0 rise edge)    0.000     0.000 r  
    K17                                               0.000     0.000 r  clk (IN)
                         net (fo=0)                   0.000     0.000    clk
    K17                  IBUF (Prop_ibuf_I_O)         1.492     1.492 r  clk_IBUF_inst/O
                         net (fo=1, routed)           2.076     3.568    clk_IBUF
    BUFGCTRL_X0Y16       BUFG (Prop_bufg_I_O)         0.101     3.669 r  clk_IBUF_BUFG_inst/O
                         net (fo=288, routed)         1.680     5.349    u_pclk/CLK
    MMCME2_ADV_X0Y0      MMCME2_ADV (Prop_mmcme2_adv_CLKIN1_CLKOUT0)
                                                      0.088     5.437 r  u_pclk/u_mmcm/CLKOUT0
                         net (fo=1, routed)           1.760     7.197    u_pclk/clkout0
    BUFGCTRL_X0Y1        BUFG (Prop_bufg_I_O)         0.101     7.298 r  u_pclk/u_bufg/O
                         net (fo=218, routed)         1.649     8.947    u_sync/CLK
    SLICE_X30Y71         FDCE                                         r  u_sync/pixel_y_reg[7]/C
  -------------------------------------------------------------------    -------------------
    SLICE_X30Y71         FDCE (Prop_fdce_C_Q)         0.478     9.425 r  u_sync/pixel_y_reg[7]/Q
                         net (fo=15, routed)          0.721    10.145    u_sync/pixel_y[7]
    SLICE_X31Y71         LUT6 (Prop_lut6_I5_O)        0.295    10.440 r  u_sync/in_rect1_carry_i_17/O
                         net (fo=3, routed)           0.676    11.116    u_sync/in_rect1_carry_i_17_n_0
    SLICE_X31Y71         LUT4 (Prop_lut4_I1_O)        0.124    11.240 f  u_sync/i__carry__0_i_9/O
                         net (fo=6, routed)           1.311    12.552    u_sync/pixel_y_reg[5]_1
    SLICE_X34Y70         LUT4 (Prop_lut4_I1_O)        0.124    12.676 r  u_sync/scaled_i_17/O
                         net (fo=22, routed)          1.812    14.488    u_sync/scaled_i_17_n_0
    SLICE_X32Y62         LUT5 (Prop_lut5_I2_O)        0.124    14.612 r  u_sync/scaled_i_13/O
                         net (fo=1, routed)           0.521    15.132    u_scene/u_scene4/A[3]
    DSP48_X1Y25          DSP48E1 (Prop_dsp48e1_A[3]_P[20])
                                                      3.841    18.973 r  u_scene/u_scene4/scaled/P[20]
                         net (fo=3, routed)           1.294    20.267    u_scene/u_scene4/scaled__0[20]
    SLICE_X33Y64         LUT3 (Prop_lut3_I2_O)        0.124    20.391 f  u_scene/u_scene4/in_bar_carry_i_13__0/O
                         net (fo=1, routed)           0.154    20.545    u_scene/u_scene4/in_bar_carry_i_13__0_n_0
    SLICE_X33Y64         LUT5 (Prop_lut5_I3_O)        0.124    20.669 r  u_scene/u_scene4/in_bar_carry_i_9__0/O
                         net (fo=8, routed)           0.889    21.558    u_scene/u_scene4/in_bar_carry_i_9__0_n_0
    SLICE_X34Y65         LUT5 (Prop_lut5_I3_O)        0.124    21.682 r  u_scene/u_scene4/in_bar_carry_i_5__0/O
                         net (fo=1, routed)           0.000    21.682    u_scene/u_scene4/in_bar_carry_i_5__0_n_0
    SLICE_X34Y65         CARRY4 (Prop_carry4_S[3]_CO[3])
                                                      0.376    22.058 r  u_scene/u_scene4/in_bar_carry/CO[3]
                         net (fo=1, routed)           0.000    22.058    u_scene/u_scene4/in_bar_carry_n_0
    SLICE_X34Y66         CARRY4 (Prop_carry4_CI_CO[0])
                                                      0.254    22.312 r  u_scene/u_scene4/in_bar_carry__0/CO[0]
                         net (fo=10, routed)          1.028    23.340    u_sync/b_reg[3]_0[0]
    SLICE_X36Y73         LUT5 (Prop_lut5_I4_O)        0.367    23.707 r  u_sync/g[3]_i_1/O
                         net (fo=1, routed)           0.000    23.707    u_scene/u_scene4/g_reg[3]_1[3]
    SLICE_X36Y73         FDCE                                         r  u_scene/u_scene4/g_reg[3]/D
  -------------------------------------------------------------------    -------------------

                         (clock clkout0 rise edge)   40.000    40.000 r  
    K17                                               0.000    40.000 r  clk (IN)
                         net (fo=0)                   0.000    40.000    clk
    K17                  IBUF (Prop_ibuf_I_O)         1.421    41.421 r  clk_IBUF_inst/O
                         net (fo=1, routed)           1.880    43.301    clk_IBUF
    BUFGCTRL_X0Y16       BUFG (Prop_bufg_I_O)         0.091    43.392 r  clk_IBUF_BUFG_inst/O
                         net (fo=288, routed)         1.490    44.882    u_pclk/CLK
    MMCME2_ADV_X0Y0      MMCME2_ADV (Prop_mmcme2_adv_CLKIN1_CLKOUT0)
                                                      0.083    44.965 r  u_pclk/u_mmcm/CLKOUT0
                         net (fo=1, routed)           1.599    46.565    u_pclk/clkout0
    BUFGCTRL_X0Y1        BUFG (Prop_bufg_I_O)         0.091    46.656 r  u_pclk/u_bufg/O
                         net (fo=218, routed)         1.550    48.205    u_scene/u_scene4/pixel_clk
    SLICE_X36Y73         FDCE                                         r  u_scene/u_scene4/g_reg[3]/C
                         clock pessimism              0.756    48.962    
                         clock uncertainty           -0.088    48.874    
    SLICE_X36Y73         FDCE (Setup_fdce_C_D)        0.032    48.906    u_scene/u_scene4/g_reg[3]
  -------------------------------------------------------------------
                         required time                         48.906    
                         arrival time                         -23.707    
  -------------------------------------------------------------------
                         slack                                 25.199    

Slack (MET) :             25.201ns  (required time - arrival time)
  Source:                 u_sync/pixel_y_reg[7]/C
                            (rising edge-triggered cell FDCE clocked by clkout0  {rise@0.000ns fall@20.000ns period=40.000ns})
  Destination:            u_scene/u_scene4/g_reg[2]/D
                            (rising edge-triggered cell FDCE clocked by clkout0  {rise@0.000ns fall@20.000ns period=40.000ns})
  Path Group:             clkout0
  Path Type:              Setup (Max at Slow Process Corner)
  Requirement:            40.000ns  (clkout0 rise@40.000ns - clkout0 rise@0.000ns)
  Data Path Delay:        14.757ns  (logic 6.355ns (43.064%)  route 8.402ns (56.936%))
  Logic Levels:           11  (CARRY4=2 DSP48E1=1 LUT3=1 LUT4=2 LUT5=3 LUT6=2)
  Clock Path Skew:        0.015ns (DCD - SCD + CPR)
    Destination Clock Delay (DCD):    8.205ns = ( 48.205 - 40.000 ) 
    Source Clock Delay      (SCD):    8.947ns
    Clock Pessimism Removal (CPR):    0.756ns
  Clock Uncertainty:      0.088ns  ((TSJ^2 + DJ^2)^1/2) / 2 + PE
    Total System Jitter     (TSJ):    0.071ns
    Discrete Jitter          (DJ):    0.161ns
    Phase Error              (PE):    0.000ns

    Location             Delay type                Incr(ns)  Path(ns)    Netlist Resource(s)
  -------------------------------------------------------------------    -------------------
                         (clock clkout0 rise edge)    0.000     0.000 r  
    K17                                               0.000     0.000 r  clk (IN)
                         net (fo=0)                   0.000     0.000    clk
    K17                  IBUF (Prop_ibuf_I_O)         1.492     1.492 r  clk_IBUF_inst/O
                         net (fo=1, routed)           2.076     3.568    clk_IBUF
    BUFGCTRL_X0Y16       BUFG (Prop_bufg_I_O)         0.101     3.669 r  clk_IBUF_BUFG_inst/O
                         net (fo=288, routed)         1.680     5.349    u_pclk/CLK
    MMCME2_ADV_X0Y0      MMCME2_ADV (Prop_mmcme2_adv_CLKIN1_CLKOUT0)
                                                      0.088     5.437 r  u_pclk/u_mmcm/CLKOUT0
                         net (fo=1, routed)           1.760     7.197    u_pclk/clkout0
    BUFGCTRL_X0Y1        BUFG (Prop_bufg_I_O)         0.101     7.298 r  u_pclk/u_bufg/O
                         net (fo=218, routed)         1.649     8.947    u_sync/CLK
    SLICE_X30Y71         FDCE                                         r  u_sync/pixel_y_reg[7]/C
  -------------------------------------------------------------------    -------------------
    SLICE_X30Y71         FDCE (Prop_fdce_C_Q)         0.478     9.425 r  u_sync/pixel_y_reg[7]/Q
                         net (fo=15, routed)          0.721    10.145    u_sync/pixel_y[7]
    SLICE_X31Y71         LUT6 (Prop_lut6_I5_O)        0.295    10.440 r  u_sync/in_rect1_carry_i_17/O
                         net (fo=3, routed)           0.676    11.116    u_sync/in_rect1_carry_i_17_n_0
    SLICE_X31Y71         LUT4 (Prop_lut4_I1_O)        0.124    11.240 f  u_sync/i__carry__0_i_9/O
                         net (fo=6, routed)           1.311    12.552    u_sync/pixel_y_reg[5]_1
    SLICE_X34Y70         LUT4 (Prop_lut4_I1_O)        0.124    12.676 r  u_sync/scaled_i_17/O
                         net (fo=22, routed)          1.812    14.488    u_sync/scaled_i_17_n_0
    SLICE_X32Y62         LUT5 (Prop_lut5_I2_O)        0.124    14.612 r  u_sync/scaled_i_13/O
                         net (fo=1, routed)           0.521    15.132    u_scene/u_scene4/A[3]
    DSP48_X1Y25          DSP48E1 (Prop_dsp48e1_A[3]_P[20])
                                                      3.841    18.973 r  u_scene/u_scene4/scaled/P[20]
                         net (fo=3, routed)           1.294    20.267    u_scene/u_scene4/scaled__0[20]
    SLICE_X33Y64         LUT3 (Prop_lut3_I2_O)        0.124    20.391 f  u_scene/u_scene4/in_bar_carry_i_13__0/O
                         net (fo=1, routed)           0.154    20.545    u_scene/u_scene4/in_bar_carry_i_13__0_n_0
    SLICE_X33Y64         LUT5 (Prop_lut5_I3_O)        0.124    20.669 r  u_scene/u_scene4/in_bar_carry_i_9__0/O
                         net (fo=8, routed)           0.889    21.558    u_scene/u_scene4/in_bar_carry_i_9__0_n_0
    SLICE_X34Y65         LUT5 (Prop_lut5_I3_O)        0.124    21.682 r  u_scene/u_scene4/in_bar_carry_i_5__0/O
                         net (fo=1, routed)           0.000    21.682    u_scene/u_scene4/in_bar_carry_i_5__0_n_0
    SLICE_X34Y65         CARRY4 (Prop_carry4_S[3]_CO[3])
                                                      0.376    22.058 r  u_scene/u_scene4/in_bar_carry/CO[3]
                         net (fo=1, routed)           0.000    22.058    u_scene/u_scene4/in_bar_carry_n_0
    SLICE_X34Y66         CARRY4 (Prop_carry4_CI_CO[0])
                                                      0.254    22.312 r  u_scene/u_scene4/in_bar_carry__0/CO[0]
                         net (fo=10, routed)          1.025    23.337    u_sync/b_reg[3]_0[0]
    SLICE_X36Y73         LUT6 (Prop_lut6_I0_O)        0.367    23.704 r  u_sync/g[2]_i_1/O
                         net (fo=1, routed)           0.000    23.704    u_scene/u_scene4/g_reg[3]_1[2]
    SLICE_X36Y73         FDCE                                         r  u_scene/u_scene4/g_reg[2]/D
  -------------------------------------------------------------------    -------------------

                         (clock clkout0 rise edge)   40.000    40.000 r  
    K17                                               0.000    40.000 r  clk (IN)
                         net (fo=0)                   0.000    40.000    clk
    K17                  IBUF (Prop_ibuf_I_O)         1.421    41.421 r  clk_IBUF_inst/O
                         net (fo=1, routed)           1.880    43.301    clk_IBUF
    BUFGCTRL_X0Y16       BUFG (Prop_bufg_I_O)         0.091    43.392 r  clk_IBUF_BUFG_inst/O
                         net (fo=288, routed)         1.490    44.882    u_pclk/CLK
    MMCME2_ADV_X0Y0      MMCME2_ADV (Prop_mmcme2_adv_CLKIN1_CLKOUT0)
                                                      0.083    44.965 r  u_pclk/u_mmcm/CLKOUT0
                         net (fo=1, routed)           1.599    46.565    u_pclk/clkout0
    BUFGCTRL_X0Y1        BUFG (Prop_bufg_I_O)         0.091    46.656 r  u_pclk/u_bufg/O
                         net (fo=218, routed)         1.550    48.205    u_scene/u_scene4/pixel_clk
    SLICE_X36Y73         FDCE                                         r  u_scene/u_scene4/g_reg[2]/C
                         clock pessimism              0.756    48.962    
                         clock uncertainty           -0.088    48.874    
    SLICE_X36Y73         FDCE (Setup_fdce_C_D)        0.031    48.905    u_scene/u_scene4/g_reg[2]
  -------------------------------------------------------------------
                         required time                         48.905    
                         arrival time                         -23.704    
  -------------------------------------------------------------------
                         slack                                 25.201    





Min Delay Paths
--------------------------------------------------------------------------------------
Slack (MET) :             0.122ns  (arrival time - required time)
  Source:                 u_hdmi/U0/LockLostReset/SyncAsyncx/oSyncStages_reg[0]/C
                            (rising edge-triggered cell FDPE clocked by clkout0  {rise@0.000ns fall@20.000ns period=40.000ns})
  Destination:            u_hdmi/U0/LockLostReset/SyncAsyncx/oSyncStages_reg[1]/D
                            (rising edge-triggered cell FDPE clocked by clkout0  {rise@0.000ns fall@20.000ns period=40.000ns})
  Path Group:             clkout0
  Path Type:              Hold (Min at Fast Process Corner)
  Requirement:            0.000ns  (clkout0 rise@0.000ns - clkout0 rise@0.000ns)
  Data Path Delay:        0.197ns  (logic 0.141ns (71.611%)  route 0.056ns (28.389%))
  Logic Levels:           0  
  Clock Path Skew:        0.000ns (DCD - SCD - CPR)
    Destination Clock Delay (DCD):    3.427ns
    Source Clock Delay      (SCD):    2.595ns
    Clock Pessimism Removal (CPR):    0.833ns

    Location             Delay type                Incr(ns)  Path(ns)    Netlist Resource(s)
  -------------------------------------------------------------------    -------------------
                         (clock clkout0 rise edge)    0.000     0.000 r  
    K17                                               0.000     0.000 r  clk (IN)
                         net (fo=0)                   0.000     0.000    clk
    K17                  IBUF (Prop_ibuf_I_O)         0.259     0.259 r  clk_IBUF_inst/O
                         net (fo=1, routed)           0.627     0.887    clk_IBUF
    BUFGCTRL_X0Y16       BUFG (Prop_bufg_I_O)         0.026     0.913 r  clk_IBUF_BUFG_inst/O
                         net (fo=288, routed)         0.548     1.460    u_pclk/CLK
    MMCME2_ADV_X0Y0      MMCME2_ADV (Prop_mmcme2_adv_CLKIN1_CLKOUT0)
                                                      0.050     1.510 r  u_pclk/u_mmcm/CLKOUT0
                         net (fo=1, routed)           0.482     1.992    u_pclk/clkout0
    BUFGCTRL_X0Y1        BUFG (Prop_bufg_I_O)         0.026     2.018 r  u_pclk/u_bufg/O
                         net (fo=218, routed)         0.577     2.595    u_hdmi/U0/LockLostReset/SyncAsyncx/PixelClk
    SLICE_X43Y74         FDPE                                         r  u_hdmi/U0/LockLostReset/SyncAsyncx/oSyncStages_reg[0]/C
  -------------------------------------------------------------------    -------------------
    SLICE_X43Y74         FDPE (Prop_fdpe_C_Q)         0.141     2.736 r  u_hdmi/U0/LockLostReset/SyncAsyncx/oSyncStages_reg[0]/Q
                         net (fo=1, routed)           0.056     2.792    u_hdmi/U0/LockLostReset/SyncAsyncx/oSyncStages[0]
    SLICE_X43Y74         FDPE                                         r  u_hdmi/U0/LockLostReset/SyncAsyncx/oSyncStages_reg[1]/D
  -------------------------------------------------------------------    -------------------

                         (clock clkout0 rise edge)    0.000     0.000 r  
    K17                                               0.000     0.000 r  clk (IN)
                         net (fo=0)                   0.000     0.000    clk
    K17                  IBUF (Prop_ibuf_I_O)         0.447     0.447 r  clk_IBUF_inst/O
                         net (fo=1, routed)           0.683     1.130    clk_IBUF
    BUFGCTRL_X0Y16       BUFG (Prop_bufg_I_O)         0.029     1.159 r  clk_IBUF_BUFG_inst/O
                         net (fo=288, routed)         0.814     1.973    u_pclk/CLK
    MMCME2_ADV_X0Y0      MMCME2_ADV (Prop_mmcme2_adv_CLKIN1_CLKOUT0)
                                                      0.053     2.026 r  u_pclk/u_mmcm/CLKOUT0
                         net (fo=1, routed)           0.528     2.554    u_pclk/clkout0
    BUFGCTRL_X0Y1        BUFG (Prop_bufg_I_O)         0.029     2.583 r  u_pclk/u_bufg/O
                         net (fo=218, routed)         0.844     3.427    u_hdmi/U0/LockLostReset/SyncAsyncx/PixelClk
    SLICE_X43Y74         FDPE                                         r  u_hdmi/U0/LockLostReset/SyncAsyncx/oSyncStages_reg[1]/C
                         clock pessimism             -0.833     2.595    
    SLICE_X43Y74         FDPE (Hold_fdpe_C_D)         0.075     2.670    u_hdmi/U0/LockLostReset/SyncAsyncx/oSyncStages_reg[1]
  -------------------------------------------------------------------
                         required time                         -2.670    
                         arrival time                           2.792    
  -------------------------------------------------------------------
                         slack                                  0.122    

Slack (MET) :             0.130ns  (arrival time - required time)
  Source:                 u_hdmi/U0/DataEncoders[1].DataEncoder/pDataOut_1_reg[1]/C
                            (rising edge-triggered cell FDRE clocked by clkout0  {rise@0.000ns fall@20.000ns period=40.000ns})
  Destination:            u_hdmi/U0/DataEncoders[1].DataEncoder/q_m_2_reg[1]/D
                            (rising edge-triggered cell FDRE clocked by clkout0  {rise@0.000ns fall@20.000ns period=40.000ns})
  Path Group:             clkout0
  Path Type:              Hold (Min at Fast Process Corner)
  Requirement:            0.000ns  (clkout0 rise@0.000ns - clkout0 rise@0.000ns)
  Data Path Delay:        0.264ns  (logic 0.186ns (70.338%)  route 0.078ns (29.662%))
  Logic Levels:           1  (LUT6=1)
  Clock Path Skew:        0.013ns (DCD - SCD - CPR)
    Destination Clock Delay (DCD):    3.441ns
    Source Clock Delay      (SCD):    2.606ns
    Clock Pessimism Removal (CPR):    0.823ns

    Location             Delay type                Incr(ns)  Path(ns)    Netlist Resource(s)
  -------------------------------------------------------------------    -------------------
                         (clock clkout0 rise edge)    0.000     0.000 r  
    K17                                               0.000     0.000 r  clk (IN)
                         net (fo=0)                   0.000     0.000    clk
    K17                  IBUF (Prop_ibuf_I_O)         0.259     0.259 r  clk_IBUF_inst/O
                         net (fo=1, routed)           0.627     0.887    clk_IBUF
    BUFGCTRL_X0Y16       BUFG (Prop_bufg_I_O)         0.026     0.913 r  clk_IBUF_BUFG_inst/O
                         net (fo=288, routed)         0.548     1.460    u_pclk/CLK
    MMCME2_ADV_X0Y0      MMCME2_ADV (Prop_mmcme2_adv_CLKIN1_CLKOUT0)
                                                      0.050     1.510 r  u_pclk/u_mmcm/CLKOUT0
                         net (fo=1, routed)           0.482     1.992    u_pclk/clkout0
    BUFGCTRL_X0Y1        BUFG (Prop_bufg_I_O)         0.026     2.018 r  u_pclk/u_bufg/O
                         net (fo=218, routed)         0.588     2.606    u_hdmi/U0/DataEncoders[1].DataEncoder/PixelClk
    SLICE_X39Y96         FDRE                                         r  u_hdmi/U0/DataEncoders[1].DataEncoder/pDataOut_1_reg[1]/C
  -------------------------------------------------------------------    -------------------
    SLICE_X39Y96         FDRE (Prop_fdre_C_Q)         0.141     2.747 r  u_hdmi/U0/DataEncoders[1].DataEncoder/pDataOut_1_reg[1]/Q
                         net (fo=8, routed)           0.078     2.825    u_hdmi/U0/DataEncoders[1].DataEncoder/p_0_in
    SLICE_X38Y96         LUT6 (Prop_lut6_I0_O)        0.045     2.870 r  u_hdmi/U0/DataEncoders[1].DataEncoder/q_m_2[1]_i_1__1/O
                         net (fo=1, routed)           0.000     2.870    u_hdmi/U0/DataEncoders[1].DataEncoder/q_m_2[1]_i_1__1_n_0
    SLICE_X38Y96         FDRE                                         r  u_hdmi/U0/DataEncoders[1].DataEncoder/q_m_2_reg[1]/D
  -------------------------------------------------------------------    -------------------

                         (clock clkout0 rise edge)    0.000     0.000 r  
    K17                                               0.000     0.000 r  clk (IN)
                         net (fo=0)                   0.000     0.000    clk
    K17                  IBUF (Prop_ibuf_I_O)         0.447     0.447 r  clk_IBUF_inst/O
                         net (fo=1, routed)           0.683     1.130    clk_IBUF
    BUFGCTRL_X0Y16       BUFG (Prop_bufg_I_O)         0.029     1.159 r  clk_IBUF_BUFG_inst/O
                         net (fo=288, routed)         0.814     1.973    u_pclk/CLK
    MMCME2_ADV_X0Y0      MMCME2_ADV (Prop_mmcme2_adv_CLKIN1_CLKOUT0)
                                                      0.053     2.026 r  u_pclk/u_mmcm/CLKOUT0
                         net (fo=1, routed)           0.528     2.554    u_pclk/clkout0
    BUFGCTRL_X0Y1        BUFG (Prop_bufg_I_O)         0.029     2.583 r  u_pclk/u_bufg/O
                         net (fo=218, routed)         0.858     3.441    u_hdmi/U0/DataEncoders[1].DataEncoder/PixelClk
    SLICE_X38Y96         FDRE                                         r  u_hdmi/U0/DataEncoders[1].DataEncoder/q_m_2_reg[1]/C
                         clock pessimism             -0.823     2.619    
    SLICE_X38Y96         FDRE (Hold_fdre_C_D)         0.121     2.740    u_hdmi/U0/DataEncoders[1].DataEncoder/q_m_2_reg[1]
  -------------------------------------------------------------------
                         required time                         -2.740    
                         arrival time                           2.870    
  -------------------------------------------------------------------
                         slack                                  0.130    

Slack (MET) :             0.148ns  (arrival time - required time)
  Source:                 u_hdmi/U0/DataEncoders[2].DataEncoder/q_m_2_reg[6]/C
                            (rising edge-triggered cell FDRE clocked by clkout0  {rise@0.000ns fall@20.000ns period=40.000ns})
  Destination:            u_hdmi/U0/DataEncoders[2].DataEncoder/pDataOutRaw_reg[6]/D
                            (rising edge-triggered cell FDSE clocked by clkout0  {rise@0.000ns fall@20.000ns period=40.000ns})
  Path Group:             clkout0
  Path Type:              Hold (Min at Fast Process Corner)
  Requirement:            0.000ns  (clkout0 rise@0.000ns - clkout0 rise@0.000ns)
  Data Path Delay:        0.285ns  (logic 0.186ns (65.203%)  route 0.099ns (34.797%))
  Logic Levels:           1  (LUT2=1)
  Clock Path Skew:        0.016ns (DCD - SCD - CPR)
    Destination Clock Delay (DCD):    3.443ns
    Source Clock Delay      (SCD):    2.608ns
    Clock Pessimism Removal (CPR):    0.820ns

    Location             Delay type                Incr(ns)  Path(ns)    Netlist Resource(s)
  -------------------------------------------------------------------    -------------------
                         (clock clkout0 rise edge)    0.000     0.000 r  
    K17                                               0.000     0.000 r  clk (IN)
                         net (fo=0)                   0.000     0.000    clk
    K17                  IBUF (Prop_ibuf_I_O)         0.259     0.259 r  clk_IBUF_inst/O
                         net (fo=1, routed)           0.627     0.887    clk_IBUF
    BUFGCTRL_X0Y16       BUFG (Prop_bufg_I_O)         0.026     0.913 r  clk_IBUF_BUFG_inst/O
                         net (fo=288, routed)         0.548     1.460    u_pclk/CLK
    MMCME2_ADV_X0Y0      MMCME2_ADV (Prop_mmcme2_adv_CLKIN1_CLKOUT0)
                                                      0.050     1.510 r  u_pclk/u_mmcm/CLKOUT0
                         net (fo=1, routed)           0.482     1.992    u_pclk/clkout0
    BUFGCTRL_X0Y1        BUFG (Prop_bufg_I_O)         0.026     2.018 r  u_pclk/u_bufg/O
                         net (fo=218, routed)         0.590     2.608    u_hdmi/U0/DataEncoders[2].DataEncoder/PixelClk
    SLICE_X40Y93         FDRE                                         r  u_hdmi/U0/DataEncoders[2].DataEncoder/q_m_2_reg[6]/C
  -------------------------------------------------------------------    -------------------
    SLICE_X40Y93         FDRE (Prop_fdre_C_Q)         0.141     2.749 r  u_hdmi/U0/DataEncoders[2].DataEncoder/q_m_2_reg[6]/Q
                         net (fo=1, routed)           0.099     2.848    u_hdmi/U0/DataEncoders[2].DataEncoder/q_m_2_reg_n_0_[6]
    SLICE_X42Y94         LUT2 (Prop_lut2_I0_O)        0.045     2.893 r  u_hdmi/U0/DataEncoders[2].DataEncoder/pDataOutRaw[6]_i_1__1/O
                         net (fo=1, routed)           0.000     2.893    u_hdmi/U0/DataEncoders[2].DataEncoder/pDataOutRaw[6]_i_1__1_n_0
    SLICE_X42Y94         FDSE                                         r  u_hdmi/U0/DataEncoders[2].DataEncoder/pDataOutRaw_reg[6]/D
  -------------------------------------------------------------------    -------------------

                         (clock clkout0 rise edge)    0.000     0.000 r  
    K17                                               0.000     0.000 r  clk (IN)
                         net (fo=0)                   0.000     0.000    clk
    K17                  IBUF (Prop_ibuf_I_O)         0.447     0.447 r  clk_IBUF_inst/O
                         net (fo=1, routed)           0.683     1.130    clk_IBUF
    BUFGCTRL_X0Y16       BUFG (Prop_bufg_I_O)         0.029     1.159 r  clk_IBUF_BUFG_inst/O
                         net (fo=288, routed)         0.814     1.973    u_pclk/CLK
    MMCME2_ADV_X0Y0      MMCME2_ADV (Prop_mmcme2_adv_CLKIN1_CLKOUT0)
                                                      0.053     2.026 r  u_pclk/u_mmcm/CLKOUT0
                         net (fo=1, routed)           0.528     2.554    u_pclk/clkout0
    BUFGCTRL_X0Y1        BUFG (Prop_bufg_I_O)         0.029     2.583 r  u_pclk/u_bufg/O
                         net (fo=218, routed)         0.860     3.443    u_hdmi/U0/DataEncoders[2].DataEncoder/PixelClk
    SLICE_X42Y94         FDSE                                         r  u_hdmi/U0/DataEncoders[2].DataEncoder/pDataOutRaw_reg[6]/C
                         clock pessimism             -0.820     2.624    
    SLICE_X42Y94         FDSE (Hold_fdse_C_D)         0.121     2.745    u_hdmi/U0/DataEncoders[2].DataEncoder/pDataOutRaw_reg[6]
  -------------------------------------------------------------------
                         required time                         -2.745    
                         arrival time                           2.893    
  -------------------------------------------------------------------
                         slack                                  0.148    

Slack (MET) :             0.153ns  (arrival time - required time)
  Source:                 u_hdmi/U0/DataEncoders[1].DataEncoder/q_m_2_reg[0]/C
                            (rising edge-triggered cell FDRE clocked by clkout0  {rise@0.000ns fall@20.000ns period=40.000ns})
  Destination:            u_hdmi/U0/DataEncoders[1].DataEncoder/pDataOutRaw_reg[0]/D
                            (rising edge-triggered cell FDRE clocked by clkout0  {rise@0.000ns fall@20.000ns period=40.000ns})
  Path Group:             clkout0
  Path Type:              Hold (Min at Fast Process Corner)
  Requirement:            0.000ns  (clkout0 rise@0.000ns - clkout0 rise@0.000ns)
  Data Path Delay:        0.290ns  (logic 0.186ns (64.194%)  route 0.104ns (35.806%))
  Logic Levels:           1  (LUT2=1)
  Clock Path Skew:        0.016ns (DCD - SCD - CPR)
    Destination Clock Delay (DCD):    3.444ns
    Source Clock Delay      (SCD):    2.609ns
    Clock Pessimism Removal (CPR):    0.820ns

    Location             Delay type                Incr(ns)  Path(ns)    Netlist Resource(s)
  -------------------------------------------------------------------    -------------------
                         (clock clkout0 rise edge)    0.000     0.000 r  
    K17                                               0.000     0.000 r  clk (IN)
                         net (fo=0)                   0.000     0.000    clk
    K17                  IBUF (Prop_ibuf_I_O)         0.259     0.259 r  clk_IBUF_inst/O
                         net (fo=1, routed)           0.627     0.887    clk_IBUF
    BUFGCTRL_X0Y16       BUFG (Prop_bufg_I_O)         0.026     0.913 r  clk_IBUF_BUFG_inst/O
                         net (fo=288, routed)         0.548     1.460    u_pclk/CLK
    MMCME2_ADV_X0Y0      MMCME2_ADV (Prop_mmcme2_adv_CLKIN1_CLKOUT0)
                                                      0.050     1.510 r  u_pclk/u_mmcm/CLKOUT0
                         net (fo=1, routed)           0.482     1.992    u_pclk/clkout0
    BUFGCTRL_X0Y1        BUFG (Prop_bufg_I_O)         0.026     2.018 r  u_pclk/u_bufg/O
                         net (fo=218, routed)         0.591     2.609    u_hdmi/U0/DataEncoders[1].DataEncoder/PixelClk
    SLICE_X40Y98         FDRE                                         r  u_hdmi/U0/DataEncoders[1].DataEncoder/q_m_2_reg[0]/C
  -------------------------------------------------------------------    -------------------
    SLICE_X40Y98         FDRE (Prop_fdre_C_Q)         0.141     2.750 r  u_hdmi/U0/DataEncoders[1].DataEncoder/q_m_2_reg[0]/Q
                         net (fo=1, routed)           0.104     2.854    u_hdmi/U0/DataEncoders[1].DataEncoder/q_m_2_reg_n_0_[0]
    SLICE_X42Y98         LUT2 (Prop_lut2_I1_O)        0.045     2.899 r  u_hdmi/U0/DataEncoders[1].DataEncoder/pDataOutRaw[0]_i_1/O
                         net (fo=1, routed)           0.000     2.899    u_hdmi/U0/DataEncoders[1].DataEncoder/pDataOutRaw[0]_i_1_n_0
    SLICE_X42Y98         FDRE                                         r  u_hdmi/U0/DataEncoders[1].DataEncoder/pDataOutRaw_reg[0]/D
  -------------------------------------------------------------------    -------------------

                         (clock clkout0 rise edge)    0.000     0.000 r  
    K17                                               0.000     0.000 r  clk (IN)
                         net (fo=0)                   0.000     0.000    clk
    K17                  IBUF (Prop_ibuf_I_O)         0.447     0.447 r  clk_IBUF_inst/O
                         net (fo=1, routed)           0.683     1.130    clk_IBUF
    BUFGCTRL_X0Y16       BUFG (Prop_bufg_I_O)         0.029     1.159 r  clk_IBUF_BUFG_inst/O
                         net (fo=288, routed)         0.814     1.973    u_pclk/CLK
    MMCME2_ADV_X0Y0      MMCME2_ADV (Prop_mmcme2_adv_CLKIN1_CLKOUT0)
                                                      0.053     2.026 r  u_pclk/u_mmcm/CLKOUT0
                         net (fo=1, routed)           0.528     2.554    u_pclk/clkout0
    BUFGCTRL_X0Y1        BUFG (Prop_bufg_I_O)         0.029     2.583 r  u_pclk/u_bufg/O
                         net (fo=218, routed)         0.861     3.444    u_hdmi/U0/DataEncoders[1].DataEncoder/PixelClk
    SLICE_X42Y98         FDRE                                         r  u_hdmi/U0/DataEncoders[1].DataEncoder/pDataOutRaw_reg[0]/C
                         clock pessimism             -0.820     2.625    
    SLICE_X42Y98         FDRE (Hold_fdre_C_D)         0.121     2.746    u_hdmi/U0/DataEncoders[1].DataEncoder/pDataOutRaw_reg[0]
  -------------------------------------------------------------------
                         required time                         -2.746    
                         arrival time                           2.899    
  -------------------------------------------------------------------
                         slack                                  0.153    

Slack (MET) :             0.180ns  (arrival time - required time)
  Source:                 u_scene/u_scene3/flash_state_reg/C
                            (rising edge-triggered cell FDCE clocked by clkout0  {rise@0.000ns fall@20.000ns period=40.000ns})
  Destination:            u_scene/u_scene3/r_reg[0]/D
                            (rising edge-triggered cell FDCE clocked by clkout0  {rise@0.000ns fall@20.000ns period=40.000ns})
  Path Group:             clkout0
  Path Type:              Hold (Min at Fast Process Corner)
  Requirement:            0.000ns  (clkout0 rise@0.000ns - clkout0 rise@0.000ns)
  Data Path Delay:        0.324ns  (logic 0.189ns (58.277%)  route 0.135ns (41.723%))
  Logic Levels:           1  (LUT4=1)
  Clock Path Skew:        0.013ns (DCD - SCD - CPR)
    Destination Clock Delay (DCD):    3.428ns
    Source Clock Delay      (SCD):    2.596ns
    Clock Pessimism Removal (CPR):    0.820ns

    Location             Delay type                Incr(ns)  Path(ns)    Netlist Resource(s)
  -------------------------------------------------------------------    -------------------
                         (clock clkout0 rise edge)    0.000     0.000 r  
    K17                                               0.000     0.000 r  clk (IN)
                         net (fo=0)                   0.000     0.000    clk
    K17                  IBUF (Prop_ibuf_I_O)         0.259     0.259 r  clk_IBUF_inst/O
                         net (fo=1, routed)           0.627     0.887    clk_IBUF
    BUFGCTRL_X0Y16       BUFG (Prop_bufg_I_O)         0.026     0.913 r  clk_IBUF_BUFG_inst/O
                         net (fo=288, routed)         0.548     1.460    u_pclk/CLK
    MMCME2_ADV_X0Y0      MMCME2_ADV (Prop_mmcme2_adv_CLKIN1_CLKOUT0)
                                                      0.050     1.510 r  u_pclk/u_mmcm/CLKOUT0
                         net (fo=1, routed)           0.482     1.992    u_pclk/clkout0
    BUFGCTRL_X0Y1        BUFG (Prop_bufg_I_O)         0.026     2.018 r  u_pclk/u_bufg/O
                         net (fo=218, routed)         0.578     2.596    u_scene/u_scene3/pixel_clk
    SLICE_X39Y72         FDCE                                         r  u_scene/u_scene3/flash_state_reg/C
  -------------------------------------------------------------------    -------------------
    SLICE_X39Y72         FDCE (Prop_fdce_C_Q)         0.141     2.737 f  u_scene/u_scene3/flash_state_reg/Q
                         net (fo=7, routed)           0.135     2.872    u_sync/b_reg[0]
    SLICE_X38Y72         LUT4 (Prop_lut4_I3_O)        0.048     2.920 r  u_sync/r[0]_i_1/O
                         net (fo=1, routed)           0.000     2.920    u_scene/u_scene3/D[0]
    SLICE_X38Y72         FDCE                                         r  u_scene/u_scene3/r_reg[0]/D
  -------------------------------------------------------------------    -------------------

                         (clock clkout0 rise edge)    0.000     0.000 r  
    K17                                               0.000     0.000 r  clk (IN)
                         net (fo=0)                   0.000     0.000    clk
    K17                  IBUF (Prop_ibuf_I_O)         0.447     0.447 r  clk_IBUF_inst/O
                         net (fo=1, routed)           0.683     1.130    clk_IBUF
    BUFGCTRL_X0Y16       BUFG (Prop_bufg_I_O)         0.029     1.159 r  clk_IBUF_BUFG_inst/O
                         net (fo=288, routed)         0.814     1.973    u_pclk/CLK
    MMCME2_ADV_X0Y0      MMCME2_ADV (Prop_mmcme2_adv_CLKIN1_CLKOUT0)
                                                      0.053     2.026 r  u_pclk/u_mmcm/CLKOUT0
                         net (fo=1, routed)           0.528     2.554    u_pclk/clkout0
    BUFGCTRL_X0Y1        BUFG (Prop_bufg_I_O)         0.029     2.583 r  u_pclk/u_bufg/O
                         net (fo=218, routed)         0.845     3.428    u_scene/u_scene3/pixel_clk
    SLICE_X38Y72         FDCE                                         r  u_scene/u_scene3/r_reg[0]/C
                         clock pessimism             -0.820     2.609    
    SLICE_X38Y72         FDCE (Hold_fdce_C_D)         0.131     2.740    u_scene/u_scene3/r_reg[0]
  -------------------------------------------------------------------
                         required time                         -2.740    
                         arrival time                           2.920    
  -------------------------------------------------------------------
                         slack                                  0.180    

Slack (MET) :             0.181ns  (arrival time - required time)
  Source:                 u_hdmi/U0/DataEncoders[2].DataEncoder/q_m_2_reg[7]/C
                            (rising edge-triggered cell FDRE clocked by clkout0  {rise@0.000ns fall@20.000ns period=40.000ns})
  Destination:            u_hdmi/U0/DataEncoders[2].DataEncoder/pDataOutRaw_reg[7]/D
                            (rising edge-triggered cell FDRE clocked by clkout0  {rise@0.000ns fall@20.000ns period=40.000ns})
  Path Group:             clkout0
  Path Type:              Hold (Min at Fast Process Corner)
  Requirement:            0.000ns  (clkout0 rise@0.000ns - clkout0 rise@0.000ns)
  Data Path Delay:        0.328ns  (logic 0.190ns (57.923%)  route 0.138ns (42.077%))
  Logic Levels:           1  (LUT2=1)
  Clock Path Skew:        0.016ns (DCD - SCD - CPR)
    Destination Clock Delay (DCD):    3.443ns
    Source Clock Delay      (SCD):    2.608ns
    Clock Pessimism Removal (CPR):    0.820ns

    Location             Delay type                Incr(ns)  Path(ns)    Netlist Resource(s)
  -------------------------------------------------------------------    -------------------
                         (clock clkout0 rise edge)    0.000     0.000 r  
    K17                                               0.000     0.000 r  clk (IN)
                         net (fo=0)                   0.000     0.000    clk
    K17                  IBUF (Prop_ibuf_I_O)         0.259     0.259 r  clk_IBUF_inst/O
                         net (fo=1, routed)           0.627     0.887    clk_IBUF
    BUFGCTRL_X0Y16       BUFG (Prop_bufg_I_O)         0.026     0.913 r  clk_IBUF_BUFG_inst/O
                         net (fo=288, routed)         0.548     1.460    u_pclk/CLK
    MMCME2_ADV_X0Y0      MMCME2_ADV (Prop_mmcme2_adv_CLKIN1_CLKOUT0)
                                                      0.050     1.510 r  u_pclk/u_mmcm/CLKOUT0
                         net (fo=1, routed)           0.482     1.992    u_pclk/clkout0
    BUFGCTRL_X0Y1        BUFG (Prop_bufg_I_O)         0.026     2.018 r  u_pclk/u_bufg/O
                         net (fo=218, routed)         0.590     2.608    u_hdmi/U0/DataEncoders[2].DataEncoder/PixelClk
    SLICE_X40Y94         FDRE                                         r  u_hdmi/U0/DataEncoders[2].DataEncoder/q_m_2_reg[7]/C
  -------------------------------------------------------------------    -------------------
    SLICE_X40Y94         FDRE (Prop_fdre_C_Q)         0.141     2.749 r  u_hdmi/U0/DataEncoders[2].DataEncoder/q_m_2_reg[7]/Q
                         net (fo=1, routed)           0.138     2.887    u_hdmi/U0/DataEncoders[2].DataEncoder/q_m_2_reg_n_0_[7]
    SLICE_X42Y94         LUT2 (Prop_lut2_I1_O)        0.049     2.936 r  u_hdmi/U0/DataEncoders[2].DataEncoder/pDataOutRaw[7]_i_1__0/O
                         net (fo=1, routed)           0.000     2.936    u_hdmi/U0/DataEncoders[2].DataEncoder/pDataOutRaw[7]_i_1__0_n_0
    SLICE_X42Y94         FDRE                                         r  u_hdmi/U0/DataEncoders[2].DataEncoder/pDataOutRaw_reg[7]/D
  -------------------------------------------------------------------    -------------------

                         (clock clkout0 rise edge)    0.000     0.000 r  
    K17                                               0.000     0.000 r  clk (IN)
                         net (fo=0)                   0.000     0.000    clk
    K17                  IBUF (Prop_ibuf_I_O)         0.447     0.447 r  clk_IBUF_inst/O
                         net (fo=1, routed)           0.683     1.130    clk_IBUF
    BUFGCTRL_X0Y16       BUFG (Prop_bufg_I_O)         0.029     1.159 r  clk_IBUF_BUFG_inst/O
                         net (fo=288, routed)         0.814     1.973    u_pclk/CLK
    MMCME2_ADV_X0Y0      MMCME2_ADV (Prop_mmcme2_adv_CLKIN1_CLKOUT0)
                                                      0.053     2.026 r  u_pclk/u_mmcm/CLKOUT0
                         net (fo=1, routed)           0.528     2.554    u_pclk/clkout0
    BUFGCTRL_X0Y1        BUFG (Prop_bufg_I_O)         0.029     2.583 r  u_pclk/u_bufg/O
                         net (fo=218, routed)         0.860     3.443    u_hdmi/U0/DataEncoders[2].DataEncoder/PixelClk
    SLICE_X42Y94         FDRE                                         r  u_hdmi/U0/DataEncoders[2].DataEncoder/pDataOutRaw_reg[7]/C
                         clock pessimism             -0.820     2.624    
    SLICE_X42Y94         FDRE (Hold_fdre_C_D)         0.131     2.755    u_hdmi/U0/DataEncoders[2].DataEncoder/pDataOutRaw_reg[7]
  -------------------------------------------------------------------
                         required time                         -2.755    
                         arrival time                           2.936    
  -------------------------------------------------------------------
                         slack                                  0.181    

Slack (MET) :             0.184ns  (arrival time - required time)
  Source:                 u_hdmi/U0/DataEncoders[1].DataEncoder/q_m_2_reg[2]/C
                            (rising edge-triggered cell FDRE clocked by clkout0  {rise@0.000ns fall@20.000ns period=40.000ns})
  Destination:            u_hdmi/U0/DataEncoders[1].DataEncoder/pDataOutRaw_reg[2]/D
                            (rising edge-triggered cell FDSE clocked by clkout0  {rise@0.000ns fall@20.000ns period=40.000ns})
  Path Group:             clkout0
  Path Type:              Hold (Min at Fast Process Corner)
  Requirement:            0.000ns  (clkout0 rise@0.000ns - clkout0 rise@0.000ns)
  Data Path Delay:        0.320ns  (logic 0.186ns (58.127%)  route 0.134ns (41.873%))
  Logic Levels:           1  (LUT2=1)
  Clock Path Skew:        0.016ns (DCD - SCD - CPR)
    Destination Clock Delay (DCD):    3.444ns
    Source Clock Delay      (SCD):    2.609ns
    Clock Pessimism Removal (CPR):    0.820ns

    Location             Delay type                Incr(ns)  Path(ns)    Netlist Resource(s)
  -------------------------------------------------------------------    -------------------
                         (clock clkout0 rise edge)    0.000     0.000 r  
    K17                                               0.000     0.000 r  clk (IN)
                         net (fo=0)                   0.000     0.000    clk
    K17                  IBUF (Prop_ibuf_I_O)         0.259     0.259 r  clk_IBUF_inst/O
                         net (fo=1, routed)           0.627     0.887    clk_IBUF
    BUFGCTRL_X0Y16       BUFG (Prop_bufg_I_O)         0.026     0.913 r  clk_IBUF_BUFG_inst/O
                         net (fo=288, routed)         0.548     1.460    u_pclk/CLK
    MMCME2_ADV_X0Y0      MMCME2_ADV (Prop_mmcme2_adv_CLKIN1_CLKOUT0)
                                                      0.050     1.510 r  u_pclk/u_mmcm/CLKOUT0
                         net (fo=1, routed)           0.482     1.992    u_pclk/clkout0
    BUFGCTRL_X0Y1        BUFG (Prop_bufg_I_O)         0.026     2.018 r  u_pclk/u_bufg/O
                         net (fo=218, routed)         0.591     2.609    u_hdmi/U0/DataEncoders[1].DataEncoder/PixelClk
    SLICE_X40Y97         FDRE                                         r  u_hdmi/U0/DataEncoders[1].DataEncoder/q_m_2_reg[2]/C
  -------------------------------------------------------------------    -------------------
    SLICE_X40Y97         FDRE (Prop_fdre_C_Q)         0.141     2.750 r  u_hdmi/U0/DataEncoders[1].DataEncoder/q_m_2_reg[2]/Q
                         net (fo=1, routed)           0.134     2.884    u_hdmi/U0/DataEncoders[1].DataEncoder/q_m_2_reg_n_0_[2]
    SLICE_X42Y98         LUT2 (Prop_lut2_I0_O)        0.045     2.929 r  u_hdmi/U0/DataEncoders[1].DataEncoder/pDataOutRaw[2]_i_1__0/O
                         net (fo=1, routed)           0.000     2.929    u_hdmi/U0/DataEncoders[1].DataEncoder/pDataOutRaw[2]_i_1__0_n_0
    SLICE_X42Y98         FDSE                                         r  u_hdmi/U0/DataEncoders[1].DataEncoder/pDataOutRaw_reg[2]/D
  -------------------------------------------------------------------    -------------------

                         (clock clkout0 rise edge)    0.000     0.000 r  
    K17                                               0.000     0.000 r  clk (IN)
                         net (fo=0)                   0.000     0.000    clk
    K17                  IBUF (Prop_ibuf_I_O)         0.447     0.447 r  clk_IBUF_inst/O
                         net (fo=1, routed)           0.683     1.130    clk_IBUF
    BUFGCTRL_X0Y16       BUFG (Prop_bufg_I_O)         0.029     1.159 r  clk_IBUF_BUFG_inst/O
                         net (fo=288, routed)         0.814     1.973    u_pclk/CLK
    MMCME2_ADV_X0Y0      MMCME2_ADV (Prop_mmcme2_adv_CLKIN1_CLKOUT0)
                                                      0.053     2.026 r  u_pclk/u_mmcm/CLKOUT0
                         net (fo=1, routed)           0.528     2.554    u_pclk/clkout0
    BUFGCTRL_X0Y1        BUFG (Prop_bufg_I_O)         0.029     2.583 r  u_pclk/u_bufg/O
                         net (fo=218, routed)         0.861     3.444    u_hdmi/U0/DataEncoders[1].DataEncoder/PixelClk
    SLICE_X42Y98         FDSE                                         r  u_hdmi/U0/DataEncoders[1].DataEncoder/pDataOutRaw_reg[2]/C
                         clock pessimism             -0.820     2.625    
    SLICE_X42Y98         FDSE (Hold_fdse_C_D)         0.120     2.745    u_hdmi/U0/DataEncoders[1].DataEncoder/pDataOutRaw_reg[2]
  -------------------------------------------------------------------
                         required time                         -2.745    
                         arrival time                           2.929    
  -------------------------------------------------------------------
                         slack                                  0.184    

Slack (MET) :             0.187ns  (arrival time - required time)
  Source:                 u_scene/u_scene3/flash_state_reg/C
                            (rising edge-triggered cell FDCE clocked by clkout0  {rise@0.000ns fall@20.000ns period=40.000ns})
  Destination:            u_scene/u_scene3/b_reg[3]/D
                            (rising edge-triggered cell FDCE clocked by clkout0  {rise@0.000ns fall@20.000ns period=40.000ns})
  Path Group:             clkout0
  Path Type:              Hold (Min at Fast Process Corner)
  Requirement:            0.000ns  (clkout0 rise@0.000ns - clkout0 rise@0.000ns)
  Data Path Delay:        0.321ns  (logic 0.186ns (57.887%)  route 0.135ns (42.113%))
  Logic Levels:           1  (LUT4=1)
  Clock Path Skew:        0.013ns (DCD - SCD - CPR)
    Destination Clock Delay (DCD):    3.428ns
    Source Clock Delay      (SCD):    2.596ns
    Clock Pessimism Removal (CPR):    0.820ns

    Location             Delay type                Incr(ns)  Path(ns)    Netlist Resource(s)
  -------------------------------------------------------------------    -------------------
                         (clock clkout0 rise edge)    0.000     0.000 r  
    K17                                               0.000     0.000 r  clk (IN)
                         net (fo=0)                   0.000     0.000    clk
    K17                  IBUF (Prop_ibuf_I_O)         0.259     0.259 r  clk_IBUF_inst/O
                         net (fo=1, routed)           0.627     0.887    clk_IBUF
    BUFGCTRL_X0Y16       BUFG (Prop_bufg_I_O)         0.026     0.913 r  clk_IBUF_BUFG_inst/O
                         net (fo=288, routed)         0.548     1.460    u_pclk/CLK
    MMCME2_ADV_X0Y0      MMCME2_ADV (Prop_mmcme2_adv_CLKIN1_CLKOUT0)
                                                      0.050     1.510 r  u_pclk/u_mmcm/CLKOUT0
                         net (fo=1, routed)           0.482     1.992    u_pclk/clkout0
    BUFGCTRL_X0Y1        BUFG (Prop_bufg_I_O)         0.026     2.018 r  u_pclk/u_bufg/O
                         net (fo=218, routed)         0.578     2.596    u_scene/u_scene3/pixel_clk
    SLICE_X39Y72         FDCE                                         r  u_scene/u_scene3/flash_state_reg/C
  -------------------------------------------------------------------    -------------------
    SLICE_X39Y72         FDCE (Prop_fdce_C_Q)         0.141     2.737 r  u_scene/u_scene3/flash_state_reg/Q
                         net (fo=7, routed)           0.135     2.872    u_sync/b_reg[0]
    SLICE_X38Y72         LUT4 (Prop_lut4_I0_O)        0.045     2.917 r  u_sync/b[3]_i_1/O
                         net (fo=1, routed)           0.000     2.917    u_scene/u_scene3/b_reg[3]_1[3]
    SLICE_X38Y72         FDCE                                         r  u_scene/u_scene3/b_reg[3]/D
  -------------------------------------------------------------------    -------------------

                         (clock clkout0 rise edge)    0.000     0.000 r  
    K17                                               0.000     0.000 r  clk (IN)
                         net (fo=0)                   0.000     0.000    clk
    K17                  IBUF (Prop_ibuf_I_O)         0.447     0.447 r  clk_IBUF_inst/O
                         net (fo=1, routed)           0.683     1.130    clk_IBUF
    BUFGCTRL_X0Y16       BUFG (Prop_bufg_I_O)         0.029     1.159 r  clk_IBUF_BUFG_inst/O
                         net (fo=288, routed)         0.814     1.973    u_pclk/CLK
    MMCME2_ADV_X0Y0      MMCME2_ADV (Prop_mmcme2_adv_CLKIN1_CLKOUT0)
                                                      0.053     2.026 r  u_pclk/u_mmcm/CLKOUT0
                         net (fo=1, routed)           0.528     2.554    u_pclk/clkout0
    BUFGCTRL_X0Y1        BUFG (Prop_bufg_I_O)         0.029     2.583 r  u_pclk/u_bufg/O
                         net (fo=218, routed)         0.845     3.428    u_scene/u_scene3/pixel_clk
    SLICE_X38Y72         FDCE                                         r  u_scene/u_scene3/b_reg[3]/C
                         clock pessimism             -0.820     2.609    
    SLICE_X38Y72         FDCE (Hold_fdce_C_D)         0.121     2.730    u_scene/u_scene3/b_reg[3]
  -------------------------------------------------------------------
                         required time                         -2.730    
                         arrival time                           2.917    
  -------------------------------------------------------------------
                         slack                                  0.187    

Slack (MET) :             0.198ns  (arrival time - required time)
  Source:                 u_hdmi/U0/DataEncoders[0].DataEncoder/q_m_2_reg[6]/C
                            (rising edge-triggered cell FDRE clocked by clkout0  {rise@0.000ns fall@20.000ns period=40.000ns})
  Destination:            u_hdmi/U0/DataEncoders[0].DataEncoder/pDataOutRaw_reg[6]/D
                            (rising edge-triggered cell FDSE clocked by clkout0  {rise@0.000ns fall@20.000ns period=40.000ns})
  Path Group:             clkout0
  Path Type:              Hold (Min at Fast Process Corner)
  Requirement:            0.000ns  (clkout0 rise@0.000ns - clkout0 rise@0.000ns)
  Data Path Delay:        0.307ns  (logic 0.186ns (60.489%)  route 0.121ns (39.510%))
  Logic Levels:           1  (LUT5=1)
  Clock Path Skew:        0.017ns (DCD - SCD - CPR)
    Destination Clock Delay (DCD):    3.441ns
    Source Clock Delay      (SCD):    2.605ns
    Clock Pessimism Removal (CPR):    0.820ns

    Location             Delay type                Incr(ns)  Path(ns)    Netlist Resource(s)
  -------------------------------------------------------------------    -------------------
                         (clock clkout0 rise edge)    0.000     0.000 r  
    K17                                               0.000     0.000 r  clk (IN)
                         net (fo=0)                   0.000     0.000    clk
    K17                  IBUF (Prop_ibuf_I_O)         0.259     0.259 r  clk_IBUF_inst/O
                         net (fo=1, routed)           0.627     0.887    clk_IBUF
    BUFGCTRL_X0Y16       BUFG (Prop_bufg_I_O)         0.026     0.913 r  clk_IBUF_BUFG_inst/O
                         net (fo=288, routed)         0.548     1.460    u_pclk/CLK
    MMCME2_ADV_X0Y0      MMCME2_ADV (Prop_mmcme2_adv_CLKIN1_CLKOUT0)
                                                      0.050     1.510 r  u_pclk/u_mmcm/CLKOUT0
                         net (fo=1, routed)           0.482     1.992    u_pclk/clkout0
    BUFGCTRL_X0Y1        BUFG (Prop_bufg_I_O)         0.026     2.018 r  u_pclk/u_bufg/O
                         net (fo=218, routed)         0.587     2.605    u_hdmi/U0/DataEncoders[0].DataEncoder/PixelClk
    SLICE_X40Y87         FDRE                                         r  u_hdmi/U0/DataEncoders[0].DataEncoder/q_m_2_reg[6]/C
  -------------------------------------------------------------------    -------------------
    SLICE_X40Y87         FDRE (Prop_fdre_C_Q)         0.141     2.746 r  u_hdmi/U0/DataEncoders[0].DataEncoder/q_m_2_reg[6]/Q
                         net (fo=1, routed)           0.121     2.867    u_hdmi/U0/DataEncoders[0].DataEncoder/q_m_2_reg_n_0_[6]
    SLICE_X40Y89         LUT5 (Prop_lut5_I3_O)        0.045     2.912 r  u_hdmi/U0/DataEncoders[0].DataEncoder/pDataOutRaw[6]_i_1/O
                         net (fo=1, routed)           0.000     2.912    u_hdmi/U0/DataEncoders[0].DataEncoder/q_out_20_in[6]
    SLICE_X40Y89         FDSE                                         r  u_hdmi/U0/DataEncoders[0].DataEncoder/pDataOutRaw_reg[6]/D
  -------------------------------------------------------------------    -------------------

                         (clock clkout0 rise edge)    0.000     0.000 r  
    K17                                               0.000     0.000 r  clk (IN)
                         net (fo=0)                   0.000     0.000    clk
    K17                  IBUF (Prop_ibuf_I_O)         0.447     0.447 r  clk_IBUF_inst/O
                         net (fo=1, routed)           0.683     1.130    clk_IBUF
    BUFGCTRL_X0Y16       BUFG (Prop_bufg_I_O)         0.029     1.159 r  clk_IBUF_BUFG_inst/O
                         net (fo=288, routed)         0.814     1.973    u_pclk/CLK
    MMCME2_ADV_X0Y0      MMCME2_ADV (Prop_mmcme2_adv_CLKIN1_CLKOUT0)
                                                      0.053     2.026 r  u_pclk/u_mmcm/CLKOUT0
                         net (fo=1, routed)           0.528     2.554    u_pclk/clkout0
    BUFGCTRL_X0Y1        BUFG (Prop_bufg_I_O)         0.029     2.583 r  u_pclk/u_bufg/O
                         net (fo=218, routed)         0.858     3.441    u_hdmi/U0/DataEncoders[0].DataEncoder/PixelClk
    SLICE_X40Y89         FDSE                                         r  u_hdmi/U0/DataEncoders[0].DataEncoder/pDataOutRaw_reg[6]/C
                         clock pessimism             -0.820     2.622    
    SLICE_X40Y89         FDSE (Hold_fdse_C_D)         0.092     2.714    u_hdmi/U0/DataEncoders[0].DataEncoder/pDataOutRaw_reg[6]
  -------------------------------------------------------------------
                         required time                         -2.714    
                         arrival time                           2.912    
  -------------------------------------------------------------------
                         slack                                  0.198    

Slack (MET) :             0.203ns  (arrival time - required time)
  Source:                 u_hdmi/U0/DataEncoders[0].DataEncoder/q_m_2_reg[7]/C
                            (rising edge-triggered cell FDRE clocked by clkout0  {rise@0.000ns fall@20.000ns period=40.000ns})
  Destination:            u_hdmi/U0/DataEncoders[0].DataEncoder/pDataOutRaw_reg[7]/D
                            (rising edge-triggered cell FDRE clocked by clkout0  {rise@0.000ns fall@20.000ns period=40.000ns})
  Path Group:             clkout0
  Path Type:              Hold (Min at Fast Process Corner)
  Requirement:            0.000ns  (clkout0 rise@0.000ns - clkout0 rise@0.000ns)
  Data Path Delay:        0.341ns  (logic 0.186ns (54.528%)  route 0.155ns (45.471%))
  Logic Levels:           1  (LUT5=1)
  Clock Path Skew:        0.017ns (DCD - SCD - CPR)
    Destination Clock Delay (DCD):    3.441ns
    Source Clock Delay      (SCD):    2.605ns
    Clock Pessimism Removal (CPR):    0.820ns

    Location             Delay type                Incr(ns)  Path(ns)    Netlist Resource(s)
  -------------------------------------------------------------------    -------------------
                         (clock clkout0 rise edge)    0.000     0.000 r  
    K17                                               0.000     0.000 r  clk (IN)
                         net (fo=0)                   0.000     0.000    clk
    K17                  IBUF (Prop_ibuf_I_O)         0.259     0.259 r  clk_IBUF_inst/O
                         net (fo=1, routed)           0.627     0.887    clk_IBUF
    BUFGCTRL_X0Y16       BUFG (Prop_bufg_I_O)         0.026     0.913 r  clk_IBUF_BUFG_inst/O
                         net (fo=288, routed)         0.548     1.460    u_pclk/CLK
    MMCME2_ADV_X0Y0      MMCME2_ADV (Prop_mmcme2_adv_CLKIN1_CLKOUT0)
                                                      0.050     1.510 r  u_pclk/u_mmcm/CLKOUT0
                         net (fo=1, routed)           0.482     1.992    u_pclk/clkout0
    BUFGCTRL_X0Y1        BUFG (Prop_bufg_I_O)         0.026     2.018 r  u_pclk/u_bufg/O
                         net (fo=218, routed)         0.587     2.605    u_hdmi/U0/DataEncoders[0].DataEncoder/PixelClk
    SLICE_X40Y87         FDRE                                         r  u_hdmi/U0/DataEncoders[0].DataEncoder/q_m_2_reg[7]/C
  -------------------------------------------------------------------    -------------------
    SLICE_X40Y87         FDRE (Prop_fdre_C_Q)         0.141     2.746 r  u_hdmi/U0/DataEncoders[0].DataEncoder/q_m_2_reg[7]/Q
                         net (fo=1, routed)           0.155     2.901    u_hdmi/U0/DataEncoders[0].DataEncoder/q_m_2_reg_n_0_[7]
    SLICE_X42Y89         LUT5 (Prop_lut5_I3_O)        0.045     2.946 r  u_hdmi/U0/DataEncoders[0].DataEncoder/pDataOutRaw[7]_i_1__1/O
                         net (fo=1, routed)           0.000     2.946    u_hdmi/U0/DataEncoders[0].DataEncoder/pDataOutRaw[7]_i_1__1_n_0
    SLICE_X42Y89         FDRE                                         r  u_hdmi/U0/DataEncoders[0].DataEncoder/pDataOutRaw_reg[7]/D
  -------------------------------------------------------------------    -------------------

                         (clock clkout0 rise edge)    0.000     0.000 r  
    K17                                               0.000     0.000 r  clk (IN)
                         net (fo=0)                   0.000     0.000    clk
    K17                  IBUF (Prop_ibuf_I_O)         0.447     0.447 r  clk_IBUF_inst/O
                         net (fo=1, routed)           0.683     1.130    clk_IBUF
    BUFGCTRL_X0Y16       BUFG (Prop_bufg_I_O)         0.029     1.159 r  clk_IBUF_BUFG_inst/O
                         net (fo=288, routed)         0.814     1.973    u_pclk/CLK
    MMCME2_ADV_X0Y0      MMCME2_ADV (Prop_mmcme2_adv_CLKIN1_CLKOUT0)
                                                      0.053     2.026 r  u_pclk/u_mmcm/CLKOUT0
                         net (fo=1, routed)           0.528     2.554    u_pclk/clkout0
    BUFGCTRL_X0Y1        BUFG (Prop_bufg_I_O)         0.029     2.583 r  u_pclk/u_bufg/O
                         net (fo=218, routed)         0.858     3.441    u_hdmi/U0/DataEncoders[0].DataEncoder/PixelClk
    SLICE_X42Y89         FDRE                                         r  u_hdmi/U0/DataEncoders[0].DataEncoder/pDataOutRaw_reg[7]/C
                         clock pessimism             -0.820     2.622    
    SLICE_X42Y89         FDRE (Hold_fdre_C_D)         0.121     2.743    u_hdmi/U0/DataEncoders[0].DataEncoder/pDataOutRaw_reg[7]
  -------------------------------------------------------------------
                         required time                         -2.743    
                         arrival time                           2.946    
  -------------------------------------------------------------------
                         slack                                  0.203    





Pulse Width Checks
--------------------------------------------------------------------------------------
Clock Name:         clkout0
Waveform(ns):       { 0.000 20.000 }
Period(ns):         40.000
Sources:            { u_pclk/u_mmcm/CLKOUT0 }

Check Type        Corner  Lib Pin             Reference Pin  Required(ns)  Actual(ns)  Slack(ns)  Location         Pin
Min Period        n/a     BUFG/I              n/a            2.155         40.000      37.845     BUFGCTRL_X0Y1    u_pclk/u_bufg/I
Min Period        n/a     OSERDESE2/CLKDIV    n/a            1.667         40.000      38.333     OLOGIC_X0Y74     u_hdmi/U0/ClockSerializer/SerializerMaster/CLKDIV
Min Period        n/a     OSERDESE2/CLKDIV    n/a            1.667         40.000      38.333     OLOGIC_X0Y73     u_hdmi/U0/ClockSerializer/SerializerSlave/CLKDIV
Min Period        n/a     OSERDESE2/CLKDIV    n/a            1.667         40.000      38.333     OLOGIC_X0Y92     u_hdmi/U0/DataEncoders[0].DataSerializer/SerializerMaster/CLKDIV
Min Period        n/a     OSERDESE2/CLKDIV    n/a            1.667         40.000      38.333     OLOGIC_X0Y91     u_hdmi/U0/DataEncoders[0].DataSerializer/SerializerSlave/CLKDIV
Min Period        n/a     OSERDESE2/CLKDIV    n/a            1.667         40.000      38.333     OLOGIC_X0Y98     u_hdmi/U0/DataEncoders[1].DataSerializer/SerializerMaster/CLKDIV
Min Period        n/a     OSERDESE2/CLKDIV    n/a            1.667         40.000      38.333     OLOGIC_X0Y97     u_hdmi/U0/DataEncoders[1].DataSerializer/SerializerSlave/CLKDIV
Min Period        n/a     OSERDESE2/CLKDIV    n/a            1.667         40.000      38.333     OLOGIC_X0Y96     u_hdmi/U0/DataEncoders[2].DataSerializer/SerializerMaster/CLKDIV
Min Period        n/a     OSERDESE2/CLKDIV    n/a            1.667         40.000      38.333     OLOGIC_X0Y95     u_hdmi/U0/DataEncoders[2].DataSerializer/SerializerSlave/CLKDIV
Min Period        n/a     MMCME2_ADV/CLKOUT0  n/a            1.249         40.000      38.751     MMCME2_ADV_X0Y0  u_pclk/u_mmcm/CLKOUT0
Max Period        n/a     MMCME2_ADV/CLKOUT0  n/a            213.360       40.000      173.360    MMCME2_ADV_X0Y0  u_pclk/u_mmcm/CLKOUT0
Low Pulse Width   Slow    FDRE/C              n/a            0.500         20.000      19.500     SLICE_X36Y88     u_hdmi/U0/DataEncoders[0].DataEncoder/cnt_t_3_reg[1]/C
Low Pulse Width   Fast    FDRE/C              n/a            0.500         20.000      19.500     SLICE_X36Y88     u_hdmi/U0/DataEncoders[0].DataEncoder/cnt_t_3_reg[1]/C
Low Pulse Width   Slow    FDRE/C              n/a            0.500         20.000      19.500     SLICE_X36Y88     u_hdmi/U0/DataEncoders[0].DataEncoder/cnt_t_3_reg[2]/C
Low Pulse Width   Fast    FDRE/C              n/a            0.500         20.000      19.500     SLICE_X36Y88     u_hdmi/U0/DataEncoders[0].DataEncoder/cnt_t_3_reg[2]/C
Low Pulse Width   Slow    FDRE/C              n/a            0.500         20.000      19.500     SLICE_X37Y88     u_hdmi/U0/DataEncoders[0].DataEncoder/cnt_t_3_reg[3]/C
Low Pulse Width   Fast    FDRE/C              n/a            0.500         20.000      19.500     SLICE_X37Y88     u_hdmi/U0/DataEncoders[0].DataEncoder/cnt_t_3_reg[3]/C
Low Pulse Width   Slow    FDRE/C              n/a            0.500         20.000      19.500     SLICE_X36Y89     u_hdmi/U0/DataEncoders[0].DataEncoder/cnt_t_3_reg[4]/C
Low Pulse Width   Fast    FDRE/C              n/a            0.500         20.000      19.500     SLICE_X36Y89     u_hdmi/U0/DataEncoders[0].DataEncoder/cnt_t_3_reg[4]/C
Low Pulse Width   Slow    FDRE/C              n/a            0.500         20.000      19.500     SLICE_X38Y87     u_hdmi/U0/DataEncoders[0].DataEncoder/n0q_m_2_reg[1]/C
Low Pulse Width   Fast    FDRE/C              n/a            0.500         20.000      19.500     SLICE_X38Y87     u_hdmi/U0/DataEncoders[0].DataEncoder/n0q_m_2_reg[1]/C
High Pulse Width  Slow    FDRE/C              n/a            0.500         20.000      19.500     SLICE_X36Y88     u_hdmi/U0/DataEncoders[0].DataEncoder/cnt_t_3_reg[1]/C
High Pulse Width  Fast    FDRE/C              n/a            0.500         20.000      19.500     SLICE_X36Y88     u_hdmi/U0/DataEncoders[0].DataEncoder/cnt_t_3_reg[1]/C
High Pulse Width  Slow    FDRE/C              n/a            0.500         20.000      19.500     SLICE_X36Y88     u_hdmi/U0/DataEncoders[0].DataEncoder/cnt_t_3_reg[2]/C
High Pulse Width  Fast    FDRE/C              n/a            0.500         20.000      19.500     SLICE_X36Y88     u_hdmi/U0/DataEncoders[0].DataEncoder/cnt_t_3_reg[2]/C
High Pulse Width  Slow    FDRE/C              n/a            0.500         20.000      19.500     SLICE_X37Y88     u_hdmi/U0/DataEncoders[0].DataEncoder/cnt_t_3_reg[3]/C
High Pulse Width  Fast    FDRE/C              n/a            0.500         20.000      19.500     SLICE_X37Y88     u_hdmi/U0/DataEncoders[0].DataEncoder/cnt_t_3_reg[3]/C
High Pulse Width  Slow    FDRE/C              n/a            0.500         20.000      19.500     SLICE_X36Y89     u_hdmi/U0/DataEncoders[0].DataEncoder/cnt_t_3_reg[4]/C
High Pulse Width  Fast    FDRE/C              n/a            0.500         20.000      19.500     SLICE_X36Y89     u_hdmi/U0/DataEncoders[0].DataEncoder/cnt_t_3_reg[4]/C
High Pulse Width  Slow    FDRE/C              n/a            0.500         20.000      19.500     SLICE_X38Y87     u_hdmi/U0/DataEncoders[0].DataEncoder/n0q_m_2_reg[1]/C
High Pulse Width  Fast    FDRE/C              n/a            0.500         20.000      19.500     SLICE_X38Y87     u_hdmi/U0/DataEncoders[0].DataEncoder/n0q_m_2_reg[1]/C



---------------------------------------------------------------------------------------------------
From Clock:  clkout1
  To Clock:  clkout1

Setup :           NA  Failing Endpoints,  Worst Slack           NA  ,  Total Violation           NA
Hold  :           NA  Failing Endpoints,  Worst Slack           NA  ,  Total Violation           NA
PW    :            0  Failing Endpoints,  Worst Slack        5.845ns,  Total Violation        0.000ns
---------------------------------------------------------------------------------------------------


Pulse Width Checks
--------------------------------------------------------------------------------------
Clock Name:         clkout1
Waveform(ns):       { 0.000 4.000 }
Period(ns):         8.000
Sources:            { u_pclk/u_mmcm/CLKOUT1 }

Check Type  Corner  Lib Pin             Reference Pin  Required(ns)  Actual(ns)  Slack(ns)  Location         Pin
Min Period  n/a     BUFG/I              n/a            2.155         8.000       5.845      BUFGCTRL_X0Y2    u_pclk/u_bufg_sclk/I
Min Period  n/a     OSERDESE2/CLK       n/a            1.667         8.000       6.333      OLOGIC_X0Y74     u_hdmi/U0/ClockSerializer/SerializerMaster/CLK
Min Period  n/a     OSERDESE2/CLK       n/a            1.667         8.000       6.333      OLOGIC_X0Y73     u_hdmi/U0/ClockSerializer/SerializerSlave/CLK
Min Period  n/a     OSERDESE2/CLK       n/a            1.667         8.000       6.333      OLOGIC_X0Y92     u_hdmi/U0/DataEncoders[0].DataSerializer/SerializerMaster/CLK
Min Period  n/a     OSERDESE2/CLK       n/a            1.667         8.000       6.333      OLOGIC_X0Y91     u_hdmi/U0/DataEncoders[0].DataSerializer/SerializerSlave/CLK
Min Period  n/a     OSERDESE2/CLK       n/a            1.667         8.000       6.333      OLOGIC_X0Y98     u_hdmi/U0/DataEncoders[1].DataSerializer/SerializerMaster/CLK
Min Period  n/a     OSERDESE2/CLK       n/a            1.667         8.000       6.333      OLOGIC_X0Y97     u_hdmi/U0/DataEncoders[1].DataSerializer/SerializerSlave/CLK
Min Period  n/a     OSERDESE2/CLK       n/a            1.667         8.000       6.333      OLOGIC_X0Y96     u_hdmi/U0/DataEncoders[2].DataSerializer/SerializerMaster/CLK
Min Period  n/a     OSERDESE2/CLK       n/a            1.667         8.000       6.333      OLOGIC_X0Y95     u_hdmi/U0/DataEncoders[2].DataSerializer/SerializerSlave/CLK
Min Period  n/a     MMCME2_ADV/CLKOUT1  n/a            1.249         8.000       6.751      MMCME2_ADV_X0Y0  u_pclk/u_mmcm/CLKOUT1
Max Period  n/a     MMCME2_ADV/CLKOUT1  n/a            213.360       8.000       205.360    MMCME2_ADV_X0Y0  u_pclk/u_mmcm/CLKOUT1



--------------------------------------------------------------------------------------
Path Group:  (none)
From Clock:  
  To Clock:  clk_fpga_0

Max Delay             4 Endpoints
Min Delay             4 Endpoints
--------------------------------------------------------------------------------------


Max Delay Paths
--------------------------------------------------------------------------------------
Slack:                    inf
  Source:                 sw[1]
                            (input port)
  Destination:            u_ps/design_1_i/axi_gpio_0/U0/gpio_core_1/Dual.INPUT_DOUBLE_REGS4/GENERATE_LEVEL_P_S_CDC.MULTI_BIT.FOR_IN_cdc_to[1].CROSS2_PLEVEL_IN2SCNDRY_IN_cdc_to/D
                            (rising edge-triggered cell FDRE clocked by clk_fpga_0  {rise@0.000ns fall@5.000ns period=10.000ns})
  Path Group:             (none)
  Path Type:              Setup (Max at Slow Process Corner)
  Data Path Delay:        3.482ns  (logic 1.451ns (41.660%)  route 2.032ns (58.340%))
  Logic Levels:           1  (IBUF=1)
  Clock Path Skew:        2.768ns (DCD - SCD + CPR)
    Destination Clock Delay (DCD):    2.768ns
    Source Clock Delay      (SCD):    0.000ns
    Clock Pessimism Removal (CPR):    0.000ns
  Clock Uncertainty:      0.152ns  ((TSJ^2 + TIJ^2)^1/2 + DJ) / 2 + PE
    Total System Jitter     (TSJ):    0.050ns
    Total Input Jitter      (TIJ):    0.300ns
    Discrete Jitter          (DJ):    0.000ns
    Phase Error              (PE):    0.000ns
  Timing Exception:       False Path

    Location             Delay type                Incr(ns)  Path(ns)    Netlist Resource(s)
  -------------------------------------------------------------------    -------------------
    P15                                               0.000     0.000 r  sw[1] (IN)
                         net (fo=0)                   0.000     0.000    sw[1]
    P15                  IBUF (Prop_ibuf_I_O)         1.451     1.451 r  sw_IBUF[1]_inst/O
                         net (fo=2, routed)           2.032     3.482    u_ps/design_1_i/axi_gpio_0/U0/gpio_core_1/Dual.INPUT_DOUBLE_REGS4/gpio_io_i[1]
    SLICE_X36Y47         FDRE                                         r  u_ps/design_1_i/axi_gpio_0/U0/gpio_core_1/Dual.INPUT_DOUBLE_REGS4/GENERATE_LEVEL_P_S_CDC.MULTI_BIT.FOR_IN_cdc_to[1].CROSS2_PLEVEL_IN2SCNDRY_IN_cdc_to/D
  -------------------------------------------------------------------    -------------------

                         (clock clk_fpga_0 rise edge)
                                                      0.000     0.000 r  
    PS7_X0Y0             PS7                          0.000     0.000 r  u_ps/design_1_i/processing_system7_0/inst/PS7_i/FCLKCLK[0]
                         net (fo=1, routed)           1.101     1.101    u_ps/design_1_i/processing_system7_0/inst/FCLK_CLK_unbuffered[0]
    BUFGCTRL_X0Y0        BUFG (Prop_bufg_I_O)         0.091     1.192 r  u_ps/design_1_i/processing_system7_0/inst/buffer_fclk_clk_0.FCLK_CLK_0_BUFG/O
                         net (fo=6511, routed)        1.576     2.768    u_ps/design_1_i/axi_gpio_0/U0/gpio_core_1/Dual.INPUT_DOUBLE_REGS4/s_axi_aclk
    SLICE_X36Y47         FDRE                                         r  u_ps/design_1_i/axi_gpio_0/U0/gpio_core_1/Dual.INPUT_DOUBLE_REGS4/GENERATE_LEVEL_P_S_CDC.MULTI_BIT.FOR_IN_cdc_to[1].CROSS2_PLEVEL_IN2SCNDRY_IN_cdc_to/C

Slack:                    inf
  Source:                 btn0
                            (input port)
  Destination:            u_ps/design_1_i/axi_gpio_0/U0/gpio_core_1/Dual.INPUT_DOUBLE_REGS5/GENERATE_LEVEL_P_S_CDC.MULTI_BIT.FOR_IN_cdc_to[0].CROSS2_PLEVEL_IN2SCNDRY_IN_cdc_to/D
                            (rising edge-triggered cell FDRE clocked by clk_fpga_0  {rise@0.000ns fall@5.000ns period=10.000ns})
  Path Group:             (none)
  Path Type:              Setup (Max at Slow Process Corner)
  Data Path Delay:        3.447ns  (logic 1.489ns (43.195%)  route 1.958ns (56.805%))
  Logic Levels:           1  (IBUF=1)
  Clock Path Skew:        2.770ns (DCD - SCD + CPR)
    Destination Clock Delay (DCD):    2.770ns
    Source Clock Delay      (SCD):    0.000ns
    Clock Pessimism Removal (CPR):    0.000ns
  Clock Uncertainty:      0.152ns  ((TSJ^2 + TIJ^2)^1/2 + DJ) / 2 + PE
    Total System Jitter     (TSJ):    0.050ns
    Total Input Jitter      (TIJ):    0.300ns
    Discrete Jitter          (DJ):    0.000ns
    Phase Error              (PE):    0.000ns
  Timing Exception:       False Path

    Location             Delay type                Incr(ns)  Path(ns)    Netlist Resource(s)
  -------------------------------------------------------------------    -------------------
    K18                                               0.000     0.000 r  btn0 (IN)
                         net (fo=0)                   0.000     0.000    btn0
    K18                  IBUF (Prop_ibuf_I_O)         1.489     1.489 r  btn0_IBUF_inst/O
                         net (fo=5, routed)           1.958     3.447    u_ps/design_1_i/axi_gpio_0/U0/gpio_core_1/Dual.INPUT_DOUBLE_REGS5/gpio2_io_i[0]
    SLICE_X40Y47         FDRE                                         r  u_ps/design_1_i/axi_gpio_0/U0/gpio_core_1/Dual.INPUT_DOUBLE_REGS5/GENERATE_LEVEL_P_S_CDC.MULTI_BIT.FOR_IN_cdc_to[0].CROSS2_PLEVEL_IN2SCNDRY_IN_cdc_to/D
  -------------------------------------------------------------------    -------------------

                         (clock clk_fpga_0 rise edge)
                                                      0.000     0.000 r  
    PS7_X0Y0             PS7                          0.000     0.000 r  u_ps/design_1_i/processing_system7_0/inst/PS7_i/FCLKCLK[0]
                         net (fo=1, routed)           1.101     1.101    u_ps/design_1_i/processing_system7_0/inst/FCLK_CLK_unbuffered[0]
    BUFGCTRL_X0Y0        BUFG (Prop_bufg_I_O)         0.091     1.192 r  u_ps/design_1_i/processing_system7_0/inst/buffer_fclk_clk_0.FCLK_CLK_0_BUFG/O
                         net (fo=6511, routed)        1.577     2.769    u_ps/design_1_i/axi_gpio_0/U0/gpio_core_1/Dual.INPUT_DOUBLE_REGS5/s_axi_aclk
    SLICE_X40Y47         FDRE                                         r  u_ps/design_1_i/axi_gpio_0/U0/gpio_core_1/Dual.INPUT_DOUBLE_REGS5/GENERATE_LEVEL_P_S_CDC.MULTI_BIT.FOR_IN_cdc_to[0].CROSS2_PLEVEL_IN2SCNDRY_IN_cdc_to/C

Slack:                    inf
  Source:                 u_ps/design_1_i/processing_system7_0/inst/PS7_i/FCLKRESETN[0]
                            (internal pin)
  Destination:            u_ps/design_1_i/proc_sys_reset_0/U0/EXT_LPF/ACTIVE_LOW_EXT.ACT_LO_EXT/GENERATE_LEVEL_P_S_CDC.SINGLE_BIT.CROSS_PLEVEL_IN2SCNDRY_IN_cdc_to/D
                            (rising edge-triggered cell FDRE clocked by clk_fpga_0  {rise@0.000ns fall@5.000ns period=10.000ns})
  Path Group:             (none)
  Path Type:              Setup (Max at Slow Process Corner)
  Data Path Delay:        3.394ns  (logic 0.124ns (3.653%)  route 3.270ns (96.347%))
  Logic Levels:           1  (LUT1=1)
  Clock Uncertainty:      0.152ns  ((TSJ^2 + TIJ^2)^1/2 + DJ) / 2 + PE
    Total System Jitter     (TSJ):    0.050ns
    Total Input Jitter      (TIJ):    0.300ns
    Discrete Jitter          (DJ):    0.000ns
    Phase Error              (PE):    0.000ns
  Timing Exception:       False Path

    Location             Delay type                Incr(ns)  Path(ns)    Netlist Resource(s)
  -------------------------------------------------------------------    -------------------
    PS7_X0Y0             PS7                          0.000     0.000 f  u_ps/design_1_i/processing_system7_0/inst/PS7_i/FCLKRESETN[0]
                         net (fo=1, routed)           2.882     2.882    u_ps/design_1_i/proc_sys_reset_0/U0/EXT_LPF/ACTIVE_LOW_EXT.ACT_LO_EXT/ext_reset_in
    SLICE_X35Y17         LUT1 (Prop_lut1_I0_O)        0.124     3.006 r  u_ps/design_1_i/proc_sys_reset_0/U0/EXT_LPF/ACTIVE_LOW_EXT.ACT_LO_EXT/GENERATE_LEVEL_P_S_CDC.SINGLE_BIT.CROSS_PLEVEL_IN2SCNDRY_IN_cdc_to_i_1/O
                         net (fo=1, routed)           0.389     3.394    u_ps/design_1_i/proc_sys_reset_0/U0/EXT_LPF/ACTIVE_LOW_EXT.ACT_LO_EXT/exr_d1
    SLICE_X36Y17         FDRE                                         r  u_ps/design_1_i/proc_sys_reset_0/U0/EXT_LPF/ACTIVE_LOW_EXT.ACT_LO_EXT/GENERATE_LEVEL_P_S_CDC.SINGLE_BIT.CROSS_PLEVEL_IN2SCNDRY_IN_cdc_to/D
  -------------------------------------------------------------------    -------------------

                         (clock clk_fpga_0 rise edge)
                                                      0.000     0.000 r  
    PS7_X0Y0             PS7                          0.000     0.000 r  u_ps/design_1_i/processing_system7_0/inst/PS7_i/FCLKCLK[0]
                         net (fo=1, routed)           1.101     1.101    u_ps/design_1_i/processing_system7_0/inst/FCLK_CLK_unbuffered[0]
    BUFGCTRL_X0Y0        BUFG (Prop_bufg_I_O)         0.091     1.192 r  u_ps/design_1_i/processing_system7_0/inst/buffer_fclk_clk_0.FCLK_CLK_0_BUFG/O
                         net (fo=6511, routed)        1.567     2.760    u_ps/design_1_i/proc_sys_reset_0/U0/EXT_LPF/ACTIVE_LOW_EXT.ACT_LO_EXT/slowest_sync_clk
    SLICE_X36Y17         FDRE                                         r  u_ps/design_1_i/proc_sys_reset_0/U0/EXT_LPF/ACTIVE_LOW_EXT.ACT_LO_EXT/GENERATE_LEVEL_P_S_CDC.SINGLE_BIT.CROSS_PLEVEL_IN2SCNDRY_IN_cdc_to/C

Slack:                    inf
  Source:                 sw[0]
                            (input port)
  Destination:            u_ps/design_1_i/axi_gpio_0/U0/gpio_core_1/Dual.INPUT_DOUBLE_REGS4/GENERATE_LEVEL_P_S_CDC.MULTI_BIT.FOR_IN_cdc_to[0].CROSS2_PLEVEL_IN2SCNDRY_IN_cdc_to/D
                            (rising edge-triggered cell FDRE clocked by clk_fpga_0  {rise@0.000ns fall@5.000ns period=10.000ns})
  Path Group:             (none)
  Path Type:              Setup (Max at Slow Process Corner)
  Data Path Delay:        2.739ns  (logic 1.452ns (53.031%)  route 1.286ns (46.969%))
  Logic Levels:           1  (IBUF=1)
  Clock Path Skew:        2.758ns (DCD - SCD + CPR)
    Destination Clock Delay (DCD):    2.758ns
    Source Clock Delay      (SCD):    0.000ns
    Clock Pessimism Removal (CPR):    0.000ns
  Clock Uncertainty:      0.152ns  ((TSJ^2 + TIJ^2)^1/2 + DJ) / 2 + PE
    Total System Jitter     (TSJ):    0.050ns
    Total Input Jitter      (TIJ):    0.300ns
    Discrete Jitter          (DJ):    0.000ns
    Phase Error              (PE):    0.000ns
  Timing Exception:       False Path

    Location             Delay type                Incr(ns)  Path(ns)    Netlist Resource(s)
  -------------------------------------------------------------------    -------------------
    G15                                               0.000     0.000 r  sw[0] (IN)
                         net (fo=0)                   0.000     0.000    sw[0]
    G15                  IBUF (Prop_ibuf_I_O)         1.452     1.452 r  sw_IBUF[0]_inst/O
                         net (fo=5, routed)           1.286     2.739    u_ps/design_1_i/axi_gpio_0/U0/gpio_core_1/Dual.INPUT_DOUBLE_REGS4/gpio_io_i[0]
    SLICE_X38Y50         FDRE                                         r  u_ps/design_1_i/axi_gpio_0/U0/gpio_core_1/Dual.INPUT_DOUBLE_REGS4/GENERATE_LEVEL_P_S_CDC.MULTI_BIT.FOR_IN_cdc_to[0].CROSS2_PLEVEL_IN2SCNDRY_IN_cdc_to/D
  -------------------------------------------------------------------    -------------------

                         (clock clk_fpga_0 rise edge)
                                                      0.000     0.000 r  
    PS7_X0Y0             PS7                          0.000     0.000 r  u_ps/design_1_i/processing_system7_0/inst/PS7_i/FCLKCLK[0]
                         net (fo=1, routed)           1.101     1.101    u_ps/design_1_i/processing_system7_0/inst/FCLK_CLK_unbuffered[0]
    BUFGCTRL_X0Y0        BUFG (Prop_bufg_I_O)         0.091     1.192 r  u_ps/design_1_i/processing_system7_0/inst/buffer_fclk_clk_0.FCLK_CLK_0_BUFG/O
                         net (fo=6511, routed)        1.566     2.758    u_ps/design_1_i/axi_gpio_0/U0/gpio_core_1/Dual.INPUT_DOUBLE_REGS4/s_axi_aclk
    SLICE_X38Y50         FDRE                                         r  u_ps/design_1_i/axi_gpio_0/U0/gpio_core_1/Dual.INPUT_DOUBLE_REGS4/GENERATE_LEVEL_P_S_CDC.MULTI_BIT.FOR_IN_cdc_to[0].CROSS2_PLEVEL_IN2SCNDRY_IN_cdc_to/C





Min Delay Paths
--------------------------------------------------------------------------------------
Slack:                    inf
  Source:                 sw[0]
                            (input port)
  Destination:            u_ps/design_1_i/axi_gpio_0/U0/gpio_core_1/Dual.INPUT_DOUBLE_REGS4/GENERATE_LEVEL_P_S_CDC.MULTI_BIT.FOR_IN_cdc_to[0].CROSS2_PLEVEL_IN2SCNDRY_IN_cdc_to/D
                            (rising edge-triggered cell FDRE clocked by clk_fpga_0  {rise@0.000ns fall@5.000ns period=10.000ns})
  Path Group:             (none)
  Path Type:              Hold (Min at Fast Process Corner)
  Data Path Delay:        0.753ns  (logic 0.220ns (29.289%)  route 0.532ns (70.711%))
  Logic Levels:           1  (IBUF=1)
  Clock Path Skew:        1.229ns (DCD - SCD - CPR)
    Destination Clock Delay (DCD):    1.229ns
    Source Clock Delay      (SCD):    0.000ns
    Clock Pessimism Removal (CPR):    -0.000ns
  Timing Exception:       False Path

    Location             Delay type                Incr(ns)  Path(ns)    Netlist Resource(s)
  -------------------------------------------------------------------    -------------------
    G15                                               0.000     0.000 r  sw[0] (IN)
                         net (fo=0)                   0.000     0.000    sw[0]
    G15                  IBUF (Prop_ibuf_I_O)         0.220     0.220 r  sw_IBUF[0]_inst/O
                         net (fo=5, routed)           0.532     0.753    u_ps/design_1_i/axi_gpio_0/U0/gpio_core_1/Dual.INPUT_DOUBLE_REGS4/gpio_io_i[0]
    SLICE_X38Y50         FDRE                                         r  u_ps/design_1_i/axi_gpio_0/U0/gpio_core_1/Dual.INPUT_DOUBLE_REGS4/GENERATE_LEVEL_P_S_CDC.MULTI_BIT.FOR_IN_cdc_to[0].CROSS2_PLEVEL_IN2SCNDRY_IN_cdc_to/D
  -------------------------------------------------------------------    -------------------

                         (clock clk_fpga_0 rise edge)
                                                      0.000     0.000 r  
    PS7_X0Y0             PS7                          0.000     0.000 r  u_ps/design_1_i/processing_system7_0/inst/PS7_i/FCLKCLK[0]
                         net (fo=1, routed)           0.341     0.341    u_ps/design_1_i/processing_system7_0/inst/FCLK_CLK_unbuffered[0]
    BUFGCTRL_X0Y0        BUFG (Prop_bufg_I_O)         0.029     0.370 r  u_ps/design_1_i/processing_system7_0/inst/buffer_fclk_clk_0.FCLK_CLK_0_BUFG/O
                         net (fo=6511, routed)        0.859     1.229    u_ps/design_1_i/axi_gpio_0/U0/gpio_core_1/Dual.INPUT_DOUBLE_REGS4/s_axi_aclk
    SLICE_X38Y50         FDRE                                         r  u_ps/design_1_i/axi_gpio_0/U0/gpio_core_1/Dual.INPUT_DOUBLE_REGS4/GENERATE_LEVEL_P_S_CDC.MULTI_BIT.FOR_IN_cdc_to[0].CROSS2_PLEVEL_IN2SCNDRY_IN_cdc_to/C

Slack:                    inf
  Source:                 sw[1]
                            (input port)
  Destination:            u_ps/design_1_i/axi_gpio_0/U0/gpio_core_1/Dual.INPUT_DOUBLE_REGS4/GENERATE_LEVEL_P_S_CDC.MULTI_BIT.FOR_IN_cdc_to[1].CROSS2_PLEVEL_IN2SCNDRY_IN_cdc_to/D
                            (rising edge-triggered cell FDRE clocked by clk_fpga_0  {rise@0.000ns fall@5.000ns period=10.000ns})
  Path Group:             (none)
  Path Type:              Hold (Min at Fast Process Corner)
  Data Path Delay:        0.998ns  (logic 0.219ns (21.921%)  route 0.780ns (78.079%))
  Logic Levels:           1  (IBUF=1)
  Clock Path Skew:        1.230ns (DCD - SCD - CPR)
    Destination Clock Delay (DCD):    1.230ns
    Source Clock Delay      (SCD):    0.000ns
    Clock Pessimism Removal (CPR):    -0.000ns
  Timing Exception:       False Path

    Location             Delay type                Incr(ns)  Path(ns)    Netlist Resource(s)
  -------------------------------------------------------------------    -------------------
    P15                                               0.000     0.000 r  sw[1] (IN)
                         net (fo=0)                   0.000     0.000    sw[1]
    P15                  IBUF (Prop_ibuf_I_O)         0.219     0.219 r  sw_IBUF[1]_inst/O
                         net (fo=2, routed)           0.780     0.998    u_ps/design_1_i/axi_gpio_0/U0/gpio_core_1/Dual.INPUT_DOUBLE_REGS4/gpio_io_i[1]
    SLICE_X36Y47         FDRE                                         r  u_ps/design_1_i/axi_gpio_0/U0/gpio_core_1/Dual.INPUT_DOUBLE_REGS4/GENERATE_LEVEL_P_S_CDC.MULTI_BIT.FOR_IN_cdc_to[1].CROSS2_PLEVEL_IN2SCNDRY_IN_cdc_to/D
  -------------------------------------------------------------------    -------------------

                         (clock clk_fpga_0 rise edge)
                                                      0.000     0.000 r  
    PS7_X0Y0             PS7                          0.000     0.000 r  u_ps/design_1_i/processing_system7_0/inst/PS7_i/FCLKCLK[0]
                         net (fo=1, routed)           0.341     0.341    u_ps/design_1_i/processing_system7_0/inst/FCLK_CLK_unbuffered[0]
    BUFGCTRL_X0Y0        BUFG (Prop_bufg_I_O)         0.029     0.370 r  u_ps/design_1_i/processing_system7_0/inst/buffer_fclk_clk_0.FCLK_CLK_0_BUFG/O
                         net (fo=6511, routed)        0.860     1.230    u_ps/design_1_i/axi_gpio_0/U0/gpio_core_1/Dual.INPUT_DOUBLE_REGS4/s_axi_aclk
    SLICE_X36Y47         FDRE                                         r  u_ps/design_1_i/axi_gpio_0/U0/gpio_core_1/Dual.INPUT_DOUBLE_REGS4/GENERATE_LEVEL_P_S_CDC.MULTI_BIT.FOR_IN_cdc_to[1].CROSS2_PLEVEL_IN2SCNDRY_IN_cdc_to/C

Slack:                    inf
  Source:                 btn0
                            (input port)
  Destination:            u_ps/design_1_i/axi_gpio_0/U0/gpio_core_1/Dual.INPUT_DOUBLE_REGS5/GENERATE_LEVEL_P_S_CDC.MULTI_BIT.FOR_IN_cdc_to[0].CROSS2_PLEVEL_IN2SCNDRY_IN_cdc_to/D
                            (rising edge-triggered cell FDRE clocked by clk_fpga_0  {rise@0.000ns fall@5.000ns period=10.000ns})
  Path Group:             (none)
  Path Type:              Hold (Min at Fast Process Corner)
  Data Path Delay:        1.109ns  (logic 0.257ns (23.149%)  route 0.852ns (76.851%))
  Logic Levels:           1  (IBUF=1)
  Clock Path Skew:        1.232ns (DCD - SCD - CPR)
    Destination Clock Delay (DCD):    1.232ns
    Source Clock Delay      (SCD):    0.000ns
    Clock Pessimism Removal (CPR):    -0.000ns
  Timing Exception:       False Path

    Location             Delay type                Incr(ns)  Path(ns)    Netlist Resource(s)
  -------------------------------------------------------------------    -------------------
    K18                                               0.000     0.000 r  btn0 (IN)
                         net (fo=0)                   0.000     0.000    btn0
    K18                  IBUF (Prop_ibuf_I_O)         0.257     0.257 r  btn0_IBUF_inst/O
                         net (fo=5, routed)           0.852     1.109    u_ps/design_1_i/axi_gpio_0/U0/gpio_core_1/Dual.INPUT_DOUBLE_REGS5/gpio2_io_i[0]
    SLICE_X40Y47         FDRE                                         r  u_ps/design_1_i/axi_gpio_0/U0/gpio_core_1/Dual.INPUT_DOUBLE_REGS5/GENERATE_LEVEL_P_S_CDC.MULTI_BIT.FOR_IN_cdc_to[0].CROSS2_PLEVEL_IN2SCNDRY_IN_cdc_to/D
  -------------------------------------------------------------------    -------------------

                         (clock clk_fpga_0 rise edge)
                                                      0.000     0.000 r  
    PS7_X0Y0             PS7                          0.000     0.000 r  u_ps/design_1_i/processing_system7_0/inst/PS7_i/FCLKCLK[0]
                         net (fo=1, routed)           0.341     0.341    u_ps/design_1_i/processing_system7_0/inst/FCLK_CLK_unbuffered[0]
    BUFGCTRL_X0Y0        BUFG (Prop_bufg_I_O)         0.029     0.370 r  u_ps/design_1_i/processing_system7_0/inst/buffer_fclk_clk_0.FCLK_CLK_0_BUFG/O
                         net (fo=6511, routed)        0.862     1.232    u_ps/design_1_i/axi_gpio_0/U0/gpio_core_1/Dual.INPUT_DOUBLE_REGS5/s_axi_aclk
    SLICE_X40Y47         FDRE                                         r  u_ps/design_1_i/axi_gpio_0/U0/gpio_core_1/Dual.INPUT_DOUBLE_REGS5/GENERATE_LEVEL_P_S_CDC.MULTI_BIT.FOR_IN_cdc_to[0].CROSS2_PLEVEL_IN2SCNDRY_IN_cdc_to/C

Slack:                    inf
  Source:                 u_ps/design_1_i/processing_system7_0/inst/PS7_i/FCLKRESETN[0]
                            (internal pin)
  Destination:            u_ps/design_1_i/proc_sys_reset_0/U0/EXT_LPF/ACTIVE_LOW_EXT.ACT_LO_EXT/GENERATE_LEVEL_P_S_CDC.SINGLE_BIT.CROSS_PLEVEL_IN2SCNDRY_IN_cdc_to/D
                            (rising edge-triggered cell FDRE clocked by clk_fpga_0  {rise@0.000ns fall@5.000ns period=10.000ns})
  Path Group:             (none)
  Path Type:              Hold (Min at Fast Process Corner)
  Data Path Delay:        1.588ns  (logic 0.045ns (2.833%)  route 1.543ns (97.167%))
  Logic Levels:           1  (LUT1=1)
  Clock Uncertainty:      0.152ns  ((TSJ^2 + TIJ^2)^1/2 + DJ) / 2 + PE
    Total System Jitter     (TSJ):    0.050ns
    Total Input Jitter      (TIJ):    0.300ns
    Discrete Jitter          (DJ):    0.000ns
    Phase Error              (PE):    0.000ns
  Timing Exception:       False Path

    Location             Delay type                Incr(ns)  Path(ns)    Netlist Resource(s)
  -------------------------------------------------------------------    -------------------
    PS7_X0Y0             PS7                          0.000     0.000 f  u_ps/design_1_i/processing_system7_0/inst/PS7_i/FCLKRESETN[0]
                         net (fo=1, routed)           1.342     1.342    u_ps/design_1_i/proc_sys_reset_0/U0/EXT_LPF/ACTIVE_LOW_EXT.ACT_LO_EXT/ext_reset_in
    SLICE_X35Y17         LUT1 (Prop_lut1_I0_O)        0.045     1.387 r  u_ps/design_1_i/proc_sys_reset_0/U0/EXT_LPF/ACTIVE_LOW_EXT.ACT_LO_EXT/GENERATE_LEVEL_P_S_CDC.SINGLE_BIT.CROSS_PLEVEL_IN2SCNDRY_IN_cdc_to_i_1/O
                         net (fo=1, routed)           0.202     1.588    u_ps/design_1_i/proc_sys_reset_0/U0/EXT_LPF/ACTIVE_LOW_EXT.ACT_LO_EXT/exr_d1
    SLICE_X36Y17         FDRE                                         r  u_ps/design_1_i/proc_sys_reset_0/U0/EXT_LPF/ACTIVE_LOW_EXT.ACT_LO_EXT/GENERATE_LEVEL_P_S_CDC.SINGLE_BIT.CROSS_PLEVEL_IN2SCNDRY_IN_cdc_to/D
  -------------------------------------------------------------------    -------------------

                         (clock clk_fpga_0 rise edge)
                                                      0.000     0.000 r  
    PS7_X0Y0             PS7                          0.000     0.000 r  u_ps/design_1_i/processing_system7_0/inst/PS7_i/FCLKCLK[0]
                         net (fo=1, routed)           0.341     0.341    u_ps/design_1_i/processing_system7_0/inst/FCLK_CLK_unbuffered[0]
    BUFGCTRL_X0Y0        BUFG (Prop_bufg_I_O)         0.029     0.370 r  u_ps/design_1_i/processing_system7_0/inst/buffer_fclk_clk_0.FCLK_CLK_0_BUFG/O
                         net (fo=6511, routed)        0.851     1.221    u_ps/design_1_i/proc_sys_reset_0/U0/EXT_LPF/ACTIVE_LOW_EXT.ACT_LO_EXT/slowest_sync_clk
    SLICE_X36Y17         FDRE                                         r  u_ps/design_1_i/proc_sys_reset_0/U0/EXT_LPF/ACTIVE_LOW_EXT.ACT_LO_EXT/GENERATE_LEVEL_P_S_CDC.SINGLE_BIT.CROSS_PLEVEL_IN2SCNDRY_IN_cdc_to/C





--------------------------------------------------------------------------------------
Path Group:  (none)
From Clock:  clk_fpga_0
  To Clock:  clk_fpga_0

Max Delay            79 Endpoints
Min Delay            79 Endpoints
--------------------------------------------------------------------------------------


Max Delay Paths
--------------------------------------------------------------------------------------
Slack:                    inf
  Source:                 u_ps/design_1_i/axi_smc/inst/clk_map/psr_aclk/U0/ACTIVE_LOW_BSR_OUT_DFF[0].FDRE_BSR_N/C
                            (rising edge-triggered cell FDRE clocked by clk_fpga_0  {rise@0.000ns fall@5.000ns period=10.000ns})
  Destination:            u_ps/design_1_i/axi_smc/inst/s00_nodes/s00_b_node/inst/s_sc_xpm_cdc_async_rst_inst/arststages_ff_reg[0]/CLR
                            (recovery check against rising-edge clock clk_fpga_0  {rise@0.000ns fall@5.000ns period=10.000ns})
  Path Group:             (none)
  Path Type:              Recovery (Max at Slow Process Corner)
  Data Path Delay:        5.365ns  (logic 0.671ns (12.506%)  route 4.694ns (87.494%))
  Logic Levels:           1  (LUT1=1)
  Clock Path Skew:        -0.379ns (DCD - SCD + CPR)
    Destination Clock Delay (DCD):    2.671ns
    Source Clock Delay      (SCD):    3.050ns
    Clock Pessimism Removal (CPR):    0.000ns
  Clock Uncertainty:      0.154ns  ((TSJ^2 + TIJ^2)^1/2 + DJ) / 2 + PE
    Total System Jitter     (TSJ):    0.071ns
    Total Input Jitter      (TIJ):    0.300ns
    Discrete Jitter          (DJ):    0.000ns
    Phase Error              (PE):    0.000ns
  Timing Exception:       False Path

    Location             Delay type                Incr(ns)  Path(ns)    Netlist Resource(s)
  -------------------------------------------------------------------    -------------------
                         (clock clk_fpga_0 rise edge)
                                                      0.000     0.000 r  
    PS7_X0Y0             PS7                          0.000     0.000 r  u_ps/design_1_i/processing_system7_0/inst/PS7_i/FCLKCLK[0]
                         net (fo=1, routed)           1.207     1.207    u_ps/design_1_i/processing_system7_0/inst/FCLK_CLK_unbuffered[0]
    BUFGCTRL_X0Y0        BUFG (Prop_bufg_I_O)         0.101     1.308 r  u_ps/design_1_i/processing_system7_0/inst/buffer_fclk_clk_0.FCLK_CLK_0_BUFG/O
                         net (fo=6511, routed)        1.742     3.050    u_ps/design_1_i/axi_smc/inst/clk_map/psr_aclk/U0/aclk
    SLICE_X42Y58         FDRE                                         r  u_ps/design_1_i/axi_smc/inst/clk_map/psr_aclk/U0/ACTIVE_LOW_BSR_OUT_DFF[0].FDRE_BSR_N/C
  -------------------------------------------------------------------    -------------------
    SLICE_X42Y58         FDRE (Prop_fdre_C_Q)         0.518     3.568 r  u_ps/design_1_i/axi_smc/inst/clk_map/psr_aclk/U0/ACTIVE_LOW_BSR_OUT_DFF[0].FDRE_BSR_N/Q
                         net (fo=26, routed)          4.163     7.731    u_ps/design_1_i/axi_smc/inst/s00_nodes/s00_b_node/inst/s_sc_xpm_cdc_async_rst_inst/src_arst
    SLICE_X20Y68         LUT1 (Prop_lut1_I0_O)        0.153     7.884 f  u_ps/design_1_i/axi_smc/inst/s00_nodes/s00_b_node/inst/s_sc_xpm_cdc_async_rst_inst/arststages_ff[2]_i_1/O
                         net (fo=3, routed)           0.532     8.415    u_ps/design_1_i/axi_smc/inst/s00_nodes/s00_b_node/inst/s_sc_xpm_cdc_async_rst_inst/reset_pol
    SLICE_X20Y68         FDCE                                         f  u_ps/design_1_i/axi_smc/inst/s00_nodes/s00_b_node/inst/s_sc_xpm_cdc_async_rst_inst/arststages_ff_reg[0]/CLR
  -------------------------------------------------------------------    -------------------

                         (clock clk_fpga_0 rise edge)
                                                      0.000     0.000 r  
    PS7_X0Y0             PS7                          0.000     0.000 r  u_ps/design_1_i/processing_system7_0/inst/PS7_i/FCLKCLK[0]
                         net (fo=1, routed)           1.101     1.101    u_ps/design_1_i/processing_system7_0/inst/FCLK_CLK_unbuffered[0]
    BUFGCTRL_X0Y0        BUFG (Prop_bufg_I_O)         0.091     1.192 r  u_ps/design_1_i/processing_system7_0/inst/buffer_fclk_clk_0.FCLK_CLK_0_BUFG/O
                         net (fo=6511, routed)        1.479     2.671    u_ps/design_1_i/axi_smc/inst/s00_nodes/s00_b_node/inst/s_sc_xpm_cdc_async_rst_inst/dest_clk
    SLICE_X20Y68         FDCE                                         r  u_ps/design_1_i/axi_smc/inst/s00_nodes/s00_b_node/inst/s_sc_xpm_cdc_async_rst_inst/arststages_ff_reg[0]/C

Slack:                    inf
  Source:                 u_ps/design_1_i/axi_smc/inst/clk_map/psr_aclk/U0/ACTIVE_LOW_BSR_OUT_DFF[0].FDRE_BSR_N/C
                            (rising edge-triggered cell FDRE clocked by clk_fpga_0  {rise@0.000ns fall@5.000ns period=10.000ns})
  Destination:            u_ps/design_1_i/axi_smc/inst/s00_nodes/s00_b_node/inst/s_sc_xpm_cdc_async_rst_inst/arststages_ff_reg[1]/CLR
                            (recovery check against rising-edge clock clk_fpga_0  {rise@0.000ns fall@5.000ns period=10.000ns})
  Path Group:             (none)
  Path Type:              Recovery (Max at Slow Process Corner)
  Data Path Delay:        5.365ns  (logic 0.671ns (12.506%)  route 4.694ns (87.494%))
  Logic Levels:           1  (LUT1=1)
  Clock Path Skew:        -0.379ns (DCD - SCD + CPR)
    Destination Clock Delay (DCD):    2.671ns
    Source Clock Delay      (SCD):    3.050ns
    Clock Pessimism Removal (CPR):    0.000ns
  Clock Uncertainty:      0.154ns  ((TSJ^2 + TIJ^2)^1/2 + DJ) / 2 + PE
    Total System Jitter     (TSJ):    0.071ns
    Total Input Jitter      (TIJ):    0.300ns
    Discrete Jitter          (DJ):    0.000ns
    Phase Error              (PE):    0.000ns
  Timing Exception:       False Path

    Location             Delay type                Incr(ns)  Path(ns)    Netlist Resource(s)
  -------------------------------------------------------------------    -------------------
                         (clock clk_fpga_0 rise edge)
                                                      0.000     0.000 r  
    PS7_X0Y0             PS7                          0.000     0.000 r  u_ps/design_1_i/processing_system7_0/inst/PS7_i/FCLKCLK[0]
                         net (fo=1, routed)           1.207     1.207    u_ps/design_1_i/processing_system7_0/inst/FCLK_CLK_unbuffered[0]
    BUFGCTRL_X0Y0        BUFG (Prop_bufg_I_O)         0.101     1.308 r  u_ps/design_1_i/processing_system7_0/inst/buffer_fclk_clk_0.FCLK_CLK_0_BUFG/O
                         net (fo=6511, routed)        1.742     3.050    u_ps/design_1_i/axi_smc/inst/clk_map/psr_aclk/U0/aclk
    SLICE_X42Y58         FDRE                                         r  u_ps/design_1_i/axi_smc/inst/clk_map/psr_aclk/U0/ACTIVE_LOW_BSR_OUT_DFF[0].FDRE_BSR_N/C
  -------------------------------------------------------------------    -------------------
    SLICE_X42Y58         FDRE (Prop_fdre_C_Q)         0.518     3.568 r  u_ps/design_1_i/axi_smc/inst/clk_map/psr_aclk/U0/ACTIVE_LOW_BSR_OUT_DFF[0].FDRE_BSR_N/Q
                         net (fo=26, routed)          4.163     7.731    u_ps/design_1_i/axi_smc/inst/s00_nodes/s00_b_node/inst/s_sc_xpm_cdc_async_rst_inst/src_arst
    SLICE_X20Y68         LUT1 (Prop_lut1_I0_O)        0.153     7.884 f  u_ps/design_1_i/axi_smc/inst/s00_nodes/s00_b_node/inst/s_sc_xpm_cdc_async_rst_inst/arststages_ff[2]_i_1/O
                         net (fo=3, routed)           0.532     8.415    u_ps/design_1_i/axi_smc/inst/s00_nodes/s00_b_node/inst/s_sc_xpm_cdc_async_rst_inst/reset_pol
    SLICE_X20Y68         FDCE                                         f  u_ps/design_1_i/axi_smc/inst/s00_nodes/s00_b_node/inst/s_sc_xpm_cdc_async_rst_inst/arststages_ff_reg[1]/CLR
  -------------------------------------------------------------------    -------------------

                         (clock clk_fpga_0 rise edge)
                                                      0.000     0.000 r  
    PS7_X0Y0             PS7                          0.000     0.000 r  u_ps/design_1_i/processing_system7_0/inst/PS7_i/FCLKCLK[0]
                         net (fo=1, routed)           1.101     1.101    u_ps/design_1_i/processing_system7_0/inst/FCLK_CLK_unbuffered[0]
    BUFGCTRL_X0Y0        BUFG (Prop_bufg_I_O)         0.091     1.192 r  u_ps/design_1_i/processing_system7_0/inst/buffer_fclk_clk_0.FCLK_CLK_0_BUFG/O
                         net (fo=6511, routed)        1.479     2.671    u_ps/design_1_i/axi_smc/inst/s00_nodes/s00_b_node/inst/s_sc_xpm_cdc_async_rst_inst/dest_clk
    SLICE_X20Y68         FDCE                                         r  u_ps/design_1_i/axi_smc/inst/s00_nodes/s00_b_node/inst/s_sc_xpm_cdc_async_rst_inst/arststages_ff_reg[1]/C

Slack:                    inf
  Source:                 u_ps/design_1_i/axi_smc/inst/clk_map/psr_aclk/U0/ACTIVE_LOW_BSR_OUT_DFF[0].FDRE_BSR_N/C
                            (rising edge-triggered cell FDRE clocked by clk_fpga_0  {rise@0.000ns fall@5.000ns period=10.000ns})
  Destination:            u_ps/design_1_i/axi_smc/inst/s00_nodes/s00_b_node/inst/s_sc_xpm_cdc_async_rst_inst/arststages_ff_reg[2]/CLR
                            (recovery check against rising-edge clock clk_fpga_0  {rise@0.000ns fall@5.000ns period=10.000ns})
  Path Group:             (none)
  Path Type:              Recovery (Max at Slow Process Corner)
  Data Path Delay:        5.365ns  (logic 0.671ns (12.506%)  route 4.694ns (87.494%))
  Logic Levels:           1  (LUT1=1)
  Clock Path Skew:        -0.379ns (DCD - SCD + CPR)
    Destination Clock Delay (DCD):    2.671ns
    Source Clock Delay      (SCD):    3.050ns
    Clock Pessimism Removal (CPR):    0.000ns
  Clock Uncertainty:      0.154ns  ((TSJ^2 + TIJ^2)^1/2 + DJ) / 2 + PE
    Total System Jitter     (TSJ):    0.071ns
    Total Input Jitter      (TIJ):    0.300ns
    Discrete Jitter          (DJ):    0.000ns
    Phase Error              (PE):    0.000ns
  Timing Exception:       False Path

    Location             Delay type                Incr(ns)  Path(ns)    Netlist Resource(s)
  -------------------------------------------------------------------    -------------------
                         (clock clk_fpga_0 rise edge)
                                                      0.000     0.000 r  
    PS7_X0Y0             PS7                          0.000     0.000 r  u_ps/design_1_i/processing_system7_0/inst/PS7_i/FCLKCLK[0]
                         net (fo=1, routed)           1.207     1.207    u_ps/design_1_i/processing_system7_0/inst/FCLK_CLK_unbuffered[0]
    BUFGCTRL_X0Y0        BUFG (Prop_bufg_I_O)         0.101     1.308 r  u_ps/design_1_i/processing_system7_0/inst/buffer_fclk_clk_0.FCLK_CLK_0_BUFG/O
                         net (fo=6511, routed)        1.742     3.050    u_ps/design_1_i/axi_smc/inst/clk_map/psr_aclk/U0/aclk
    SLICE_X42Y58         FDRE                                         r  u_ps/design_1_i/axi_smc/inst/clk_map/psr_aclk/U0/ACTIVE_LOW_BSR_OUT_DFF[0].FDRE_BSR_N/C
  -------------------------------------------------------------------    -------------------
    SLICE_X42Y58         FDRE (Prop_fdre_C_Q)         0.518     3.568 r  u_ps/design_1_i/axi_smc/inst/clk_map/psr_aclk/U0/ACTIVE_LOW_BSR_OUT_DFF[0].FDRE_BSR_N/Q
                         net (fo=26, routed)          4.163     7.731    u_ps/design_1_i/axi_smc/inst/s00_nodes/s00_b_node/inst/s_sc_xpm_cdc_async_rst_inst/src_arst
    SLICE_X20Y68         LUT1 (Prop_lut1_I0_O)        0.153     7.884 f  u_ps/design_1_i/axi_smc/inst/s00_nodes/s00_b_node/inst/s_sc_xpm_cdc_async_rst_inst/arststages_ff[2]_i_1/O
                         net (fo=3, routed)           0.532     8.415    u_ps/design_1_i/axi_smc/inst/s00_nodes/s00_b_node/inst/s_sc_xpm_cdc_async_rst_inst/reset_pol
    SLICE_X20Y68         FDCE                                         f  u_ps/design_1_i/axi_smc/inst/s00_nodes/s00_b_node/inst/s_sc_xpm_cdc_async_rst_inst/arststages_ff_reg[2]/CLR
  -------------------------------------------------------------------    -------------------

                         (clock clk_fpga_0 rise edge)
                                                      0.000     0.000 r  
    PS7_X0Y0             PS7                          0.000     0.000 r  u_ps/design_1_i/processing_system7_0/inst/PS7_i/FCLKCLK[0]
                         net (fo=1, routed)           1.101     1.101    u_ps/design_1_i/processing_system7_0/inst/FCLK_CLK_unbuffered[0]
    BUFGCTRL_X0Y0        BUFG (Prop_bufg_I_O)         0.091     1.192 r  u_ps/design_1_i/processing_system7_0/inst/buffer_fclk_clk_0.FCLK_CLK_0_BUFG/O
                         net (fo=6511, routed)        1.479     2.671    u_ps/design_1_i/axi_smc/inst/s00_nodes/s00_b_node/inst/s_sc_xpm_cdc_async_rst_inst/dest_clk
    SLICE_X20Y68         FDCE                                         r  u_ps/design_1_i/axi_smc/inst/s00_nodes/s00_b_node/inst/s_sc_xpm_cdc_async_rst_inst/arststages_ff_reg[2]/C

Slack:                    inf
  Source:                 u_ps/design_1_i/axi_smc/inst/clk_map/psr_aclk/U0/ACTIVE_LOW_BSR_OUT_DFF[0].FDRE_BSR_N/C
                            (rising edge-triggered cell FDRE clocked by clk_fpga_0  {rise@0.000ns fall@5.000ns period=10.000ns})
  Destination:            u_ps/design_1_i/axi_smc/inst/m02_nodes/m02_b_node/inst/s_sc_xpm_cdc_async_rst_inst/arststages_ff_reg[0]/CLR
                            (recovery check against rising-edge clock clk_fpga_0  {rise@0.000ns fall@5.000ns period=10.000ns})
  Path Group:             (none)
  Path Type:              Recovery (Max at Slow Process Corner)
  Data Path Delay:        5.285ns  (logic 0.642ns (12.148%)  route 4.643ns (87.852%))
  Logic Levels:           1  (LUT1=1)
  Clock Path Skew:        -0.377ns (DCD - SCD + CPR)
    Destination Clock Delay (DCD):    2.673ns
    Source Clock Delay      (SCD):    3.050ns
    Clock Pessimism Removal (CPR):    0.000ns
  Clock Uncertainty:      0.154ns  ((TSJ^2 + TIJ^2)^1/2 + DJ) / 2 + PE
    Total System Jitter     (TSJ):    0.071ns
    Total Input Jitter      (TIJ):    0.300ns
    Discrete Jitter          (DJ):    0.000ns
    Phase Error              (PE):    0.000ns
  Timing Exception:       False Path

    Location             Delay type                Incr(ns)  Path(ns)    Netlist Resource(s)
  -------------------------------------------------------------------    -------------------
                         (clock clk_fpga_0 rise edge)
                                                      0.000     0.000 r  
    PS7_X0Y0             PS7                          0.000     0.000 r  u_ps/design_1_i/processing_system7_0/inst/PS7_i/FCLKCLK[0]
                         net (fo=1, routed)           1.207     1.207    u_ps/design_1_i/processing_system7_0/inst/FCLK_CLK_unbuffered[0]
    BUFGCTRL_X0Y0        BUFG (Prop_bufg_I_O)         0.101     1.308 r  u_ps/design_1_i/processing_system7_0/inst/buffer_fclk_clk_0.FCLK_CLK_0_BUFG/O
                         net (fo=6511, routed)        1.742     3.050    u_ps/design_1_i/axi_smc/inst/clk_map/psr_aclk/U0/aclk
    SLICE_X42Y58         FDRE                                         r  u_ps/design_1_i/axi_smc/inst/clk_map/psr_aclk/U0/ACTIVE_LOW_BSR_OUT_DFF[0].FDRE_BSR_N/C
  -------------------------------------------------------------------    -------------------
    SLICE_X42Y58         FDRE (Prop_fdre_C_Q)         0.518     3.568 r  u_ps/design_1_i/axi_smc/inst/clk_map/psr_aclk/U0/ACTIVE_LOW_BSR_OUT_DFF[0].FDRE_BSR_N/Q
                         net (fo=26, routed)          4.163     7.731    u_ps/design_1_i/axi_smc/inst/m02_nodes/m02_b_node/inst/s_sc_xpm_cdc_async_rst_inst/src_arst
    SLICE_X20Y68         LUT1 (Prop_lut1_I0_O)        0.124     7.855 f  u_ps/design_1_i/axi_smc/inst/m02_nodes/m02_b_node/inst/s_sc_xpm_cdc_async_rst_inst/arststages_ff[2]_i_1/O
                         net (fo=3, routed)           0.480     8.335    u_ps/design_1_i/axi_smc/inst/m02_nodes/m02_b_node/inst/s_sc_xpm_cdc_async_rst_inst/reset_pol
    SLICE_X20Y67         FDCE                                         f  u_ps/design_1_i/axi_smc/inst/m02_nodes/m02_b_node/inst/s_sc_xpm_cdc_async_rst_inst/arststages_ff_reg[0]/CLR
  -------------------------------------------------------------------    -------------------

                         (clock clk_fpga_0 rise edge)
                                                      0.000     0.000 r  
    PS7_X0Y0             PS7                          0.000     0.000 r  u_ps/design_1_i/processing_system7_0/inst/PS7_i/FCLKCLK[0]
                         net (fo=1, routed)           1.101     1.101    u_ps/design_1_i/processing_system7_0/inst/FCLK_CLK_unbuffered[0]
    BUFGCTRL_X0Y0        BUFG (Prop_bufg_I_O)         0.091     1.192 r  u_ps/design_1_i/processing_system7_0/inst/buffer_fclk_clk_0.FCLK_CLK_0_BUFG/O
                         net (fo=6511, routed)        1.481     2.673    u_ps/design_1_i/axi_smc/inst/m02_nodes/m02_b_node/inst/s_sc_xpm_cdc_async_rst_inst/dest_clk
    SLICE_X20Y67         FDCE                                         r  u_ps/design_1_i/axi_smc/inst/m02_nodes/m02_b_node/inst/s_sc_xpm_cdc_async_rst_inst/arststages_ff_reg[0]/C

Slack:                    inf
  Source:                 u_ps/design_1_i/axi_smc/inst/clk_map/psr_aclk/U0/ACTIVE_LOW_BSR_OUT_DFF[0].FDRE_BSR_N/C
                            (rising edge-triggered cell FDRE clocked by clk_fpga_0  {rise@0.000ns fall@5.000ns period=10.000ns})
  Destination:            u_ps/design_1_i/axi_smc/inst/m02_nodes/m02_b_node/inst/s_sc_xpm_cdc_async_rst_inst/arststages_ff_reg[1]/CLR
                            (recovery check against rising-edge clock clk_fpga_0  {rise@0.000ns fall@5.000ns period=10.000ns})
  Path Group:             (none)
  Path Type:              Recovery (Max at Slow Process Corner)
  Data Path Delay:        5.285ns  (logic 0.642ns (12.148%)  route 4.643ns (87.852%))
  Logic Levels:           1  (LUT1=1)
  Clock Path Skew:        -0.377ns (DCD - SCD + CPR)
    Destination Clock Delay (DCD):    2.673ns
    Source Clock Delay      (SCD):    3.050ns
    Clock Pessimism Removal (CPR):    0.000ns
  Clock Uncertainty:      0.154ns  ((TSJ^2 + TIJ^2)^1/2 + DJ) / 2 + PE
    Total System Jitter     (TSJ):    0.071ns
    Total Input Jitter      (TIJ):    0.300ns
    Discrete Jitter          (DJ):    0.000ns
    Phase Error              (PE):    0.000ns
  Timing Exception:       False Path

    Location             Delay type                Incr(ns)  Path(ns)    Netlist Resource(s)
  -------------------------------------------------------------------    -------------------
                         (clock clk_fpga_0 rise edge)
                                                      0.000     0.000 r  
    PS7_X0Y0             PS7                          0.000     0.000 r  u_ps/design_1_i/processing_system7_0/inst/PS7_i/FCLKCLK[0]
                         net (fo=1, routed)           1.207     1.207    u_ps/design_1_i/processing_system7_0/inst/FCLK_CLK_unbuffered[0]
    BUFGCTRL_X0Y0        BUFG (Prop_bufg_I_O)         0.101     1.308 r  u_ps/design_1_i/processing_system7_0/inst/buffer_fclk_clk_0.FCLK_CLK_0_BUFG/O
                         net (fo=6511, routed)        1.742     3.050    u_ps/design_1_i/axi_smc/inst/clk_map/psr_aclk/U0/aclk
    SLICE_X42Y58         FDRE                                         r  u_ps/design_1_i/axi_smc/inst/clk_map/psr_aclk/U0/ACTIVE_LOW_BSR_OUT_DFF[0].FDRE_BSR_N/C
  -------------------------------------------------------------------    -------------------
    SLICE_X42Y58         FDRE (Prop_fdre_C_Q)         0.518     3.568 r  u_ps/design_1_i/axi_smc/inst/clk_map/psr_aclk/U0/ACTIVE_LOW_BSR_OUT_DFF[0].FDRE_BSR_N/Q
                         net (fo=26, routed)          4.163     7.731    u_ps/design_1_i/axi_smc/inst/m02_nodes/m02_b_node/inst/s_sc_xpm_cdc_async_rst_inst/src_arst
    SLICE_X20Y68         LUT1 (Prop_lut1_I0_O)        0.124     7.855 f  u_ps/design_1_i/axi_smc/inst/m02_nodes/m02_b_node/inst/s_sc_xpm_cdc_async_rst_inst/arststages_ff[2]_i_1/O
                         net (fo=3, routed)           0.480     8.335    u_ps/design_1_i/axi_smc/inst/m02_nodes/m02_b_node/inst/s_sc_xpm_cdc_async_rst_inst/reset_pol
    SLICE_X20Y67         FDCE                                         f  u_ps/design_1_i/axi_smc/inst/m02_nodes/m02_b_node/inst/s_sc_xpm_cdc_async_rst_inst/arststages_ff_reg[1]/CLR
  -------------------------------------------------------------------    -------------------

                         (clock clk_fpga_0 rise edge)
                                                      0.000     0.000 r  
    PS7_X0Y0             PS7                          0.000     0.000 r  u_ps/design_1_i/processing_system7_0/inst/PS7_i/FCLKCLK[0]
                         net (fo=1, routed)           1.101     1.101    u_ps/design_1_i/processing_system7_0/inst/FCLK_CLK_unbuffered[0]
    BUFGCTRL_X0Y0        BUFG (Prop_bufg_I_O)         0.091     1.192 r  u_ps/design_1_i/processing_system7_0/inst/buffer_fclk_clk_0.FCLK_CLK_0_BUFG/O
                         net (fo=6511, routed)        1.481     2.673    u_ps/design_1_i/axi_smc/inst/m02_nodes/m02_b_node/inst/s_sc_xpm_cdc_async_rst_inst/dest_clk
    SLICE_X20Y67         FDCE                                         r  u_ps/design_1_i/axi_smc/inst/m02_nodes/m02_b_node/inst/s_sc_xpm_cdc_async_rst_inst/arststages_ff_reg[1]/C

Slack:                    inf
  Source:                 u_ps/design_1_i/axi_smc/inst/clk_map/psr_aclk/U0/ACTIVE_LOW_BSR_OUT_DFF[0].FDRE_BSR_N/C
                            (rising edge-triggered cell FDRE clocked by clk_fpga_0  {rise@0.000ns fall@5.000ns period=10.000ns})
  Destination:            u_ps/design_1_i/axi_smc/inst/m02_nodes/m02_b_node/inst/s_sc_xpm_cdc_async_rst_inst/arststages_ff_reg[2]/CLR
                            (recovery check against rising-edge clock clk_fpga_0  {rise@0.000ns fall@5.000ns period=10.000ns})
  Path Group:             (none)
  Path Type:              Recovery (Max at Slow Process Corner)
  Data Path Delay:        5.285ns  (logic 0.642ns (12.148%)  route 4.643ns (87.852%))
  Logic Levels:           1  (LUT1=1)
  Clock Path Skew:        -0.377ns (DCD - SCD + CPR)
    Destination Clock Delay (DCD):    2.673ns
    Source Clock Delay      (SCD):    3.050ns
    Clock Pessimism Removal (CPR):    0.000ns
  Clock Uncertainty:      0.154ns  ((TSJ^2 + TIJ^2)^1/2 + DJ) / 2 + PE
    Total System Jitter     (TSJ):    0.071ns
    Total Input Jitter      (TIJ):    0.300ns
    Discrete Jitter          (DJ):    0.000ns
    Phase Error              (PE):    0.000ns
  Timing Exception:       False Path

    Location             Delay type                Incr(ns)  Path(ns)    Netlist Resource(s)
  -------------------------------------------------------------------    -------------------
                         (clock clk_fpga_0 rise edge)
                                                      0.000     0.000 r  
    PS7_X0Y0             PS7                          0.000     0.000 r  u_ps/design_1_i/processing_system7_0/inst/PS7_i/FCLKCLK[0]
                         net (fo=1, routed)           1.207     1.207    u_ps/design_1_i/processing_system7_0/inst/FCLK_CLK_unbuffered[0]
    BUFGCTRL_X0Y0        BUFG (Prop_bufg_I_O)         0.101     1.308 r  u_ps/design_1_i/processing_system7_0/inst/buffer_fclk_clk_0.FCLK_CLK_0_BUFG/O
                         net (fo=6511, routed)        1.742     3.050    u_ps/design_1_i/axi_smc/inst/clk_map/psr_aclk/U0/aclk
    SLICE_X42Y58         FDRE                                         r  u_ps/design_1_i/axi_smc/inst/clk_map/psr_aclk/U0/ACTIVE_LOW_BSR_OUT_DFF[0].FDRE_BSR_N/C
  -------------------------------------------------------------------    -------------------
    SLICE_X42Y58         FDRE (Prop_fdre_C_Q)         0.518     3.568 r  u_ps/design_1_i/axi_smc/inst/clk_map/psr_aclk/U0/ACTIVE_LOW_BSR_OUT_DFF[0].FDRE_BSR_N/Q
                         net (fo=26, routed)          4.163     7.731    u_ps/design_1_i/axi_smc/inst/m02_nodes/m02_b_node/inst/s_sc_xpm_cdc_async_rst_inst/src_arst
    SLICE_X20Y68         LUT1 (Prop_lut1_I0_O)        0.124     7.855 f  u_ps/design_1_i/axi_smc/inst/m02_nodes/m02_b_node/inst/s_sc_xpm_cdc_async_rst_inst/arststages_ff[2]_i_1/O
                         net (fo=3, routed)           0.480     8.335    u_ps/design_1_i/axi_smc/inst/m02_nodes/m02_b_node/inst/s_sc_xpm_cdc_async_rst_inst/reset_pol
    SLICE_X20Y67         FDCE                                         f  u_ps/design_1_i/axi_smc/inst/m02_nodes/m02_b_node/inst/s_sc_xpm_cdc_async_rst_inst/arststages_ff_reg[2]/CLR
  -------------------------------------------------------------------    -------------------

                         (clock clk_fpga_0 rise edge)
                                                      0.000     0.000 r  
    PS7_X0Y0             PS7                          0.000     0.000 r  u_ps/design_1_i/processing_system7_0/inst/PS7_i/FCLKCLK[0]
                         net (fo=1, routed)           1.101     1.101    u_ps/design_1_i/processing_system7_0/inst/FCLK_CLK_unbuffered[0]
    BUFGCTRL_X0Y0        BUFG (Prop_bufg_I_O)         0.091     1.192 r  u_ps/design_1_i/processing_system7_0/inst/buffer_fclk_clk_0.FCLK_CLK_0_BUFG/O
                         net (fo=6511, routed)        1.481     2.673    u_ps/design_1_i/axi_smc/inst/m02_nodes/m02_b_node/inst/s_sc_xpm_cdc_async_rst_inst/dest_clk
    SLICE_X20Y67         FDCE                                         r  u_ps/design_1_i/axi_smc/inst/m02_nodes/m02_b_node/inst/s_sc_xpm_cdc_async_rst_inst/arststages_ff_reg[2]/C

Slack:                    inf
  Source:                 u_ps/design_1_i/axi_smc/inst/clk_map/psr_aclk/U0/ACTIVE_LOW_BSR_OUT_DFF[0].FDRE_BSR_N/C
                            (rising edge-triggered cell FDRE clocked by clk_fpga_0  {rise@0.000ns fall@5.000ns period=10.000ns})
  Destination:            u_ps/design_1_i/axi_smc/inst/m01_nodes/m01_aw_node/inst/s_sc_xpm_cdc_async_rst_inst/arststages_ff_reg[0]/CLR
                            (recovery check against rising-edge clock clk_fpga_0  {rise@0.000ns fall@5.000ns period=10.000ns})
  Path Group:             (none)
  Path Type:              Recovery (Max at Slow Process Corner)
  Data Path Delay:        5.167ns  (logic 0.672ns (13.007%)  route 4.495ns (86.993%))
  Logic Levels:           1  (LUT1=1)
  Clock Path Skew:        -0.374ns (DCD - SCD + CPR)
    Destination Clock Delay (DCD):    2.676ns
    Source Clock Delay      (SCD):    3.050ns
    Clock Pessimism Removal (CPR):    0.000ns
  Clock Uncertainty:      0.154ns  ((TSJ^2 + TIJ^2)^1/2 + DJ) / 2 + PE
    Total System Jitter     (TSJ):    0.071ns
    Total Input Jitter      (TIJ):    0.300ns
    Discrete Jitter          (DJ):    0.000ns
    Phase Error              (PE):    0.000ns
  Timing Exception:       False Path

    Location             Delay type                Incr(ns)  Path(ns)    Netlist Resource(s)
  -------------------------------------------------------------------    -------------------
                         (clock clk_fpga_0 rise edge)
                                                      0.000     0.000 r  
    PS7_X0Y0             PS7                          0.000     0.000 r  u_ps/design_1_i/processing_system7_0/inst/PS7_i/FCLKCLK[0]
                         net (fo=1, routed)           1.207     1.207    u_ps/design_1_i/processing_system7_0/inst/FCLK_CLK_unbuffered[0]
    BUFGCTRL_X0Y0        BUFG (Prop_bufg_I_O)         0.101     1.308 r  u_ps/design_1_i/processing_system7_0/inst/buffer_fclk_clk_0.FCLK_CLK_0_BUFG/O
                         net (fo=6511, routed)        1.742     3.050    u_ps/design_1_i/axi_smc/inst/clk_map/psr_aclk/U0/aclk
    SLICE_X42Y58         FDRE                                         r  u_ps/design_1_i/axi_smc/inst/clk_map/psr_aclk/U0/ACTIVE_LOW_BSR_OUT_DFF[0].FDRE_BSR_N/C
  -------------------------------------------------------------------    -------------------
    SLICE_X42Y58         FDRE (Prop_fdre_C_Q)         0.518     3.568 r  u_ps/design_1_i/axi_smc/inst/clk_map/psr_aclk/U0/ACTIVE_LOW_BSR_OUT_DFF[0].FDRE_BSR_N/Q
                         net (fo=26, routed)          3.963     7.531    u_ps/design_1_i/axi_smc/inst/m01_nodes/m01_aw_node/inst/s_sc_xpm_cdc_async_rst_inst/src_arst
    SLICE_X15Y66         LUT1 (Prop_lut1_I0_O)        0.154     7.685 f  u_ps/design_1_i/axi_smc/inst/m01_nodes/m01_aw_node/inst/s_sc_xpm_cdc_async_rst_inst/arststages_ff[2]_i_1/O
                         net (fo=3, routed)           0.532     8.217    u_ps/design_1_i/axi_smc/inst/m01_nodes/m01_aw_node/inst/s_sc_xpm_cdc_async_rst_inst/reset_pol
    SLICE_X15Y66         FDCE                                         f  u_ps/design_1_i/axi_smc/inst/m01_nodes/m01_aw_node/inst/s_sc_xpm_cdc_async_rst_inst/arststages_ff_reg[0]/CLR
  -------------------------------------------------------------------    -------------------

                         (clock clk_fpga_0 rise edge)
                                                      0.000     0.000 r  
    PS7_X0Y0             PS7                          0.000     0.000 r  u_ps/design_1_i/processing_system7_0/inst/PS7_i/FCLKCLK[0]
                         net (fo=1, routed)           1.101     1.101    u_ps/design_1_i/processing_system7_0/inst/FCLK_CLK_unbuffered[0]
    BUFGCTRL_X0Y0        BUFG (Prop_bufg_I_O)         0.091     1.192 r  u_ps/design_1_i/processing_system7_0/inst/buffer_fclk_clk_0.FCLK_CLK_0_BUFG/O
                         net (fo=6511, routed)        1.484     2.676    u_ps/design_1_i/axi_smc/inst/m01_nodes/m01_aw_node/inst/s_sc_xpm_cdc_async_rst_inst/dest_clk
    SLICE_X15Y66         FDCE                                         r  u_ps/design_1_i/axi_smc/inst/m01_nodes/m01_aw_node/inst/s_sc_xpm_cdc_async_rst_inst/arststages_ff_reg[0]/C

Slack:                    inf
  Source:                 u_ps/design_1_i/axi_smc/inst/clk_map/psr_aclk/U0/ACTIVE_LOW_BSR_OUT_DFF[0].FDRE_BSR_N/C
                            (rising edge-triggered cell FDRE clocked by clk_fpga_0  {rise@0.000ns fall@5.000ns period=10.000ns})
  Destination:            u_ps/design_1_i/axi_smc/inst/m01_nodes/m01_aw_node/inst/s_sc_xpm_cdc_async_rst_inst/arststages_ff_reg[1]/CLR
                            (recovery check against rising-edge clock clk_fpga_0  {rise@0.000ns fall@5.000ns period=10.000ns})
  Path Group:             (none)
  Path Type:              Recovery (Max at Slow Process Corner)
  Data Path Delay:        5.167ns  (logic 0.672ns (13.007%)  route 4.495ns (86.993%))
  Logic Levels:           1  (LUT1=1)
  Clock Path Skew:        -0.374ns (DCD - SCD + CPR)
    Destination Clock Delay (DCD):    2.676ns
    Source Clock Delay      (SCD):    3.050ns
    Clock Pessimism Removal (CPR):    0.000ns
  Clock Uncertainty:      0.154ns  ((TSJ^2 + TIJ^2)^1/2 + DJ) / 2 + PE
    Total System Jitter     (TSJ):    0.071ns
    Total Input Jitter      (TIJ):    0.300ns
    Discrete Jitter          (DJ):    0.000ns
    Phase Error              (PE):    0.000ns
  Timing Exception:       False Path

    Location             Delay type                Incr(ns)  Path(ns)    Netlist Resource(s)
  -------------------------------------------------------------------    -------------------
                         (clock clk_fpga_0 rise edge)
                                                      0.000     0.000 r  
    PS7_X0Y0             PS7                          0.000     0.000 r  u_ps/design_1_i/processing_system7_0/inst/PS7_i/FCLKCLK[0]
                         net (fo=1, routed)           1.207     1.207    u_ps/design_1_i/processing_system7_0/inst/FCLK_CLK_unbuffered[0]
    BUFGCTRL_X0Y0        BUFG (Prop_bufg_I_O)         0.101     1.308 r  u_ps/design_1_i/processing_system7_0/inst/buffer_fclk_clk_0.FCLK_CLK_0_BUFG/O
                         net (fo=6511, routed)        1.742     3.050    u_ps/design_1_i/axi_smc/inst/clk_map/psr_aclk/U0/aclk
    SLICE_X42Y58         FDRE                                         r  u_ps/design_1_i/axi_smc/inst/clk_map/psr_aclk/U0/ACTIVE_LOW_BSR_OUT_DFF[0].FDRE_BSR_N/C
  -------------------------------------------------------------------    -------------------
    SLICE_X42Y58         FDRE (Prop_fdre_C_Q)         0.518     3.568 r  u_ps/design_1_i/axi_smc/inst/clk_map/psr_aclk/U0/ACTIVE_LOW_BSR_OUT_DFF[0].FDRE_BSR_N/Q
                         net (fo=26, routed)          3.963     7.531    u_ps/design_1_i/axi_smc/inst/m01_nodes/m01_aw_node/inst/s_sc_xpm_cdc_async_rst_inst/src_arst
    SLICE_X15Y66         LUT1 (Prop_lut1_I0_O)        0.154     7.685 f  u_ps/design_1_i/axi_smc/inst/m01_nodes/m01_aw_node/inst/s_sc_xpm_cdc_async_rst_inst/arststages_ff[2]_i_1/O
                         net (fo=3, routed)           0.532     8.217    u_ps/design_1_i/axi_smc/inst/m01_nodes/m01_aw_node/inst/s_sc_xpm_cdc_async_rst_inst/reset_pol
    SLICE_X15Y66         FDCE                                         f  u_ps/design_1_i/axi_smc/inst/m01_nodes/m01_aw_node/inst/s_sc_xpm_cdc_async_rst_inst/arststages_ff_reg[1]/CLR
  -------------------------------------------------------------------    -------------------

                         (clock clk_fpga_0 rise edge)
                                                      0.000     0.000 r  
    PS7_X0Y0             PS7                          0.000     0.000 r  u_ps/design_1_i/processing_system7_0/inst/PS7_i/FCLKCLK[0]
                         net (fo=1, routed)           1.101     1.101    u_ps/design_1_i/processing_system7_0/inst/FCLK_CLK_unbuffered[0]
    BUFGCTRL_X0Y0        BUFG (Prop_bufg_I_O)         0.091     1.192 r  u_ps/design_1_i/processing_system7_0/inst/buffer_fclk_clk_0.FCLK_CLK_0_BUFG/O
                         net (fo=6511, routed)        1.484     2.676    u_ps/design_1_i/axi_smc/inst/m01_nodes/m01_aw_node/inst/s_sc_xpm_cdc_async_rst_inst/dest_clk
    SLICE_X15Y66         FDCE                                         r  u_ps/design_1_i/axi_smc/inst/m01_nodes/m01_aw_node/inst/s_sc_xpm_cdc_async_rst_inst/arststages_ff_reg[1]/C

Slack:                    inf
  Source:                 u_ps/design_1_i/axi_smc/inst/clk_map/psr_aclk/U0/ACTIVE_LOW_BSR_OUT_DFF[0].FDRE_BSR_N/C
                            (rising edge-triggered cell FDRE clocked by clk_fpga_0  {rise@0.000ns fall@5.000ns period=10.000ns})
  Destination:            u_ps/design_1_i/axi_smc/inst/m01_nodes/m01_aw_node/inst/s_sc_xpm_cdc_async_rst_inst/arststages_ff_reg[2]/CLR
                            (recovery check against rising-edge clock clk_fpga_0  {rise@0.000ns fall@5.000ns period=10.000ns})
  Path Group:             (none)
  Path Type:              Recovery (Max at Slow Process Corner)
  Data Path Delay:        5.167ns  (logic 0.672ns (13.007%)  route 4.495ns (86.993%))
  Logic Levels:           1  (LUT1=1)
  Clock Path Skew:        -0.374ns (DCD - SCD + CPR)
    Destination Clock Delay (DCD):    2.676ns
    Source Clock Delay      (SCD):    3.050ns
    Clock Pessimism Removal (CPR):    0.000ns
  Clock Uncertainty:      0.154ns  ((TSJ^2 + TIJ^2)^1/2 + DJ) / 2 + PE
    Total System Jitter     (TSJ):    0.071ns
    Total Input Jitter      (TIJ):    0.300ns
    Discrete Jitter          (DJ):    0.000ns
    Phase Error              (PE):    0.000ns
  Timing Exception:       False Path

    Location             Delay type                Incr(ns)  Path(ns)    Netlist Resource(s)
  -------------------------------------------------------------------    -------------------
                         (clock clk_fpga_0 rise edge)
                                                      0.000     0.000 r  
    PS7_X0Y0             PS7                          0.000     0.000 r  u_ps/design_1_i/processing_system7_0/inst/PS7_i/FCLKCLK[0]
                         net (fo=1, routed)           1.207     1.207    u_ps/design_1_i/processing_system7_0/inst/FCLK_CLK_unbuffered[0]
    BUFGCTRL_X0Y0        BUFG (Prop_bufg_I_O)         0.101     1.308 r  u_ps/design_1_i/processing_system7_0/inst/buffer_fclk_clk_0.FCLK_CLK_0_BUFG/O
                         net (fo=6511, routed)        1.742     3.050    u_ps/design_1_i/axi_smc/inst/clk_map/psr_aclk/U0/aclk
    SLICE_X42Y58         FDRE                                         r  u_ps/design_1_i/axi_smc/inst/clk_map/psr_aclk/U0/ACTIVE_LOW_BSR_OUT_DFF[0].FDRE_BSR_N/C
  -------------------------------------------------------------------    -------------------
    SLICE_X42Y58         FDRE (Prop_fdre_C_Q)         0.518     3.568 r  u_ps/design_1_i/axi_smc/inst/clk_map/psr_aclk/U0/ACTIVE_LOW_BSR_OUT_DFF[0].FDRE_BSR_N/Q
                         net (fo=26, routed)          3.963     7.531    u_ps/design_1_i/axi_smc/inst/m01_nodes/m01_aw_node/inst/s_sc_xpm_cdc_async_rst_inst/src_arst
    SLICE_X15Y66         LUT1 (Prop_lut1_I0_O)        0.154     7.685 f  u_ps/design_1_i/axi_smc/inst/m01_nodes/m01_aw_node/inst/s_sc_xpm_cdc_async_rst_inst/arststages_ff[2]_i_1/O
                         net (fo=3, routed)           0.532     8.217    u_ps/design_1_i/axi_smc/inst/m01_nodes/m01_aw_node/inst/s_sc_xpm_cdc_async_rst_inst/reset_pol
    SLICE_X15Y66         FDCE                                         f  u_ps/design_1_i/axi_smc/inst/m01_nodes/m01_aw_node/inst/s_sc_xpm_cdc_async_rst_inst/arststages_ff_reg[2]/CLR
  -------------------------------------------------------------------    -------------------

                         (clock clk_fpga_0 rise edge)
                                                      0.000     0.000 r  
    PS7_X0Y0             PS7                          0.000     0.000 r  u_ps/design_1_i/processing_system7_0/inst/PS7_i/FCLKCLK[0]
                         net (fo=1, routed)           1.101     1.101    u_ps/design_1_i/processing_system7_0/inst/FCLK_CLK_unbuffered[0]
    BUFGCTRL_X0Y0        BUFG (Prop_bufg_I_O)         0.091     1.192 r  u_ps/design_1_i/processing_system7_0/inst/buffer_fclk_clk_0.FCLK_CLK_0_BUFG/O
                         net (fo=6511, routed)        1.484     2.676    u_ps/design_1_i/axi_smc/inst/m01_nodes/m01_aw_node/inst/s_sc_xpm_cdc_async_rst_inst/dest_clk
    SLICE_X15Y66         FDCE                                         r  u_ps/design_1_i/axi_smc/inst/m01_nodes/m01_aw_node/inst/s_sc_xpm_cdc_async_rst_inst/arststages_ff_reg[2]/C

Slack:                    inf
  Source:                 u_ps/design_1_i/axi_smc/inst/clk_map/psr_aclk/U0/ACTIVE_LOW_BSR_OUT_DFF[0].FDRE_BSR_N/C
                            (rising edge-triggered cell FDRE clocked by clk_fpga_0  {rise@0.000ns fall@5.000ns period=10.000ns})
  Destination:            u_ps/design_1_i/axi_smc/inst/m00_nodes/m00_b_node/inst/s_sc_xpm_cdc_async_rst_inst/arststages_ff_reg[0]/CLR
                            (recovery check against rising-edge clock clk_fpga_0  {rise@0.000ns fall@5.000ns period=10.000ns})
  Path Group:             (none)
  Path Type:              Recovery (Max at Slow Process Corner)
  Data Path Delay:        5.106ns  (logic 0.642ns (12.572%)  route 4.464ns (87.427%))
  Logic Levels:           1  (LUT1=1)
  Clock Path Skew:        -0.375ns (DCD - SCD + CPR)
    Destination Clock Delay (DCD):    2.675ns
    Source Clock Delay      (SCD):    3.050ns
    Clock Pessimism Removal (CPR):    0.000ns
  Clock Uncertainty:      0.154ns  ((TSJ^2 + TIJ^2)^1/2 + DJ) / 2 + PE
    Total System Jitter     (TSJ):    0.071ns
    Total Input Jitter      (TIJ):    0.300ns
    Discrete Jitter          (DJ):    0.000ns
    Phase Error              (PE):    0.000ns
  Timing Exception:       False Path

    Location             Delay type                Incr(ns)  Path(ns)    Netlist Resource(s)
  -------------------------------------------------------------------    -------------------
                         (clock clk_fpga_0 rise edge)
                                                      0.000     0.000 r  
    PS7_X0Y0             PS7                          0.000     0.000 r  u_ps/design_1_i/processing_system7_0/inst/PS7_i/FCLKCLK[0]
                         net (fo=1, routed)           1.207     1.207    u_ps/design_1_i/processing_system7_0/inst/FCLK_CLK_unbuffered[0]
    BUFGCTRL_X0Y0        BUFG (Prop_bufg_I_O)         0.101     1.308 r  u_ps/design_1_i/processing_system7_0/inst/buffer_fclk_clk_0.FCLK_CLK_0_BUFG/O
                         net (fo=6511, routed)        1.742     3.050    u_ps/design_1_i/axi_smc/inst/clk_map/psr_aclk/U0/aclk
    SLICE_X42Y58         FDRE                                         r  u_ps/design_1_i/axi_smc/inst/clk_map/psr_aclk/U0/ACTIVE_LOW_BSR_OUT_DFF[0].FDRE_BSR_N/C
  -------------------------------------------------------------------    -------------------
    SLICE_X42Y58         FDRE (Prop_fdre_C_Q)         0.518     3.568 r  u_ps/design_1_i/axi_smc/inst/clk_map/psr_aclk/U0/ACTIVE_LOW_BSR_OUT_DFF[0].FDRE_BSR_N/Q
                         net (fo=26, routed)          3.963     7.531    u_ps/design_1_i/axi_smc/inst/m00_nodes/m00_b_node/inst/s_sc_xpm_cdc_async_rst_inst/src_arst
    SLICE_X15Y66         LUT1 (Prop_lut1_I0_O)        0.124     7.655 f  u_ps/design_1_i/axi_smc/inst/m00_nodes/m00_b_node/inst/s_sc_xpm_cdc_async_rst_inst/arststages_ff[2]_i_1/O
                         net (fo=3, routed)           0.502     8.156    u_ps/design_1_i/axi_smc/inst/m00_nodes/m00_b_node/inst/s_sc_xpm_cdc_async_rst_inst/reset_pol
    SLICE_X16Y66         FDCE                                         f  u_ps/design_1_i/axi_smc/inst/m00_nodes/m00_b_node/inst/s_sc_xpm_cdc_async_rst_inst/arststages_ff_reg[0]/CLR
  -------------------------------------------------------------------    -------------------

                         (clock clk_fpga_0 rise edge)
                                                      0.000     0.000 r  
    PS7_X0Y0             PS7                          0.000     0.000 r  u_ps/design_1_i/processing_system7_0/inst/PS7_i/FCLKCLK[0]
                         net (fo=1, routed)           1.101     1.101    u_ps/design_1_i/processing_system7_0/inst/FCLK_CLK_unbuffered[0]
    BUFGCTRL_X0Y0        BUFG (Prop_bufg_I_O)         0.091     1.192 r  u_ps/design_1_i/processing_system7_0/inst/buffer_fclk_clk_0.FCLK_CLK_0_BUFG/O
                         net (fo=6511, routed)        1.483     2.675    u_ps/design_1_i/axi_smc/inst/m00_nodes/m00_b_node/inst/s_sc_xpm_cdc_async_rst_inst/dest_clk
    SLICE_X16Y66         FDCE                                         r  u_ps/design_1_i/axi_smc/inst/m00_nodes/m00_b_node/inst/s_sc_xpm_cdc_async_rst_inst/arststages_ff_reg[0]/C





Min Delay Paths
--------------------------------------------------------------------------------------
Slack:                    inf
  Source:                 u_ps/design_1_i/axi_smc/inst/clk_map/psr_aclk/U0/ACTIVE_LOW_BSR_OUT_DFF[0].FDRE_BSR_N/C
                            (rising edge-triggered cell FDRE clocked by clk_fpga_0  {rise@0.000ns fall@5.000ns period=10.000ns})
  Destination:            u_ps/design_1_i/axi_smc/inst/m00_nodes/m00_w_node/inst/s_sc_xpm_cdc_async_rst_inst/arststages_ff_reg[0]/CLR
                            (removal check against rising-edge clock clk_fpga_0  {rise@0.000ns fall@5.000ns period=10.000ns})
  Path Group:             (none)
  Path Type:              Removal (Min at Fast Process Corner)
  Data Path Delay:        0.636ns  (logic 0.209ns (32.861%)  route 0.427ns (67.139%))
  Logic Levels:           1  (LUT1=1)
  Clock Path Skew:        0.299ns (DCD - SCD - CPR)
    Destination Clock Delay (DCD):    1.229ns
    Source Clock Delay      (SCD):    0.930ns
    Clock Pessimism Removal (CPR):    -0.000ns
  Clock Uncertainty:      0.154ns  ((TSJ^2 + TIJ^2)^1/2 + DJ) / 2 + PE
    Total System Jitter     (TSJ):    0.071ns
    Total Input Jitter      (TIJ):    0.300ns
    Discrete Jitter          (DJ):    0.000ns
    Phase Error              (PE):    0.000ns
  Timing Exception:       False Path

    Location             Delay type                Incr(ns)  Path(ns)    Netlist Resource(s)
  -------------------------------------------------------------------    -------------------
                         (clock clk_fpga_0 rise edge)
                                                      0.000     0.000 r  
    PS7_X0Y0             PS7                          0.000     0.000 r  u_ps/design_1_i/processing_system7_0/inst/PS7_i/FCLKCLK[0]
                         net (fo=1, routed)           0.315     0.315    u_ps/design_1_i/processing_system7_0/inst/FCLK_CLK_unbuffered[0]
    BUFGCTRL_X0Y0        BUFG (Prop_bufg_I_O)         0.026     0.341 r  u_ps/design_1_i/processing_system7_0/inst/buffer_fclk_clk_0.FCLK_CLK_0_BUFG/O
                         net (fo=6511, routed)        0.589     0.930    u_ps/design_1_i/axi_smc/inst/clk_map/psr_aclk/U0/aclk
    SLICE_X42Y58         FDRE                                         r  u_ps/design_1_i/axi_smc/inst/clk_map/psr_aclk/U0/ACTIVE_LOW_BSR_OUT_DFF[0].FDRE_BSR_N/C
  -------------------------------------------------------------------    -------------------
    SLICE_X42Y58         FDRE (Prop_fdre_C_Q)         0.164     1.094 r  u_ps/design_1_i/axi_smc/inst/clk_map/psr_aclk/U0/ACTIVE_LOW_BSR_OUT_DFF[0].FDRE_BSR_N/Q
                         net (fo=26, routed)          0.312     1.405    u_ps/design_1_i/axi_smc/inst/m00_nodes/m00_w_node/inst/s_sc_xpm_cdc_async_rst_inst/src_arst
    SLICE_X42Y56         LUT1 (Prop_lut1_I0_O)        0.045     1.450 f  u_ps/design_1_i/axi_smc/inst/m00_nodes/m00_w_node/inst/s_sc_xpm_cdc_async_rst_inst/arststages_ff[2]_i_1/O
                         net (fo=3, routed)           0.115     1.566    u_ps/design_1_i/axi_smc/inst/m00_nodes/m00_w_node/inst/s_sc_xpm_cdc_async_rst_inst/reset_pol
    SLICE_X42Y57         FDCE                                         f  u_ps/design_1_i/axi_smc/inst/m00_nodes/m00_w_node/inst/s_sc_xpm_cdc_async_rst_inst/arststages_ff_reg[0]/CLR
  -------------------------------------------------------------------    -------------------

                         (clock clk_fpga_0 rise edge)
                                                      0.000     0.000 r  
    PS7_X0Y0             PS7                          0.000     0.000 r  u_ps/design_1_i/processing_system7_0/inst/PS7_i/FCLKCLK[0]
                         net (fo=1, routed)           0.341     0.341    u_ps/design_1_i/processing_system7_0/inst/FCLK_CLK_unbuffered[0]
    BUFGCTRL_X0Y0        BUFG (Prop_bufg_I_O)         0.029     0.370 r  u_ps/design_1_i/processing_system7_0/inst/buffer_fclk_clk_0.FCLK_CLK_0_BUFG/O
                         net (fo=6511, routed)        0.859     1.229    u_ps/design_1_i/axi_smc/inst/m00_nodes/m00_w_node/inst/s_sc_xpm_cdc_async_rst_inst/dest_clk
    SLICE_X42Y57         FDCE                                         r  u_ps/design_1_i/axi_smc/inst/m00_nodes/m00_w_node/inst/s_sc_xpm_cdc_async_rst_inst/arststages_ff_reg[0]/C

Slack:                    inf
  Source:                 u_ps/design_1_i/axi_smc/inst/clk_map/psr_aclk/U0/ACTIVE_LOW_BSR_OUT_DFF[0].FDRE_BSR_N/C
                            (rising edge-triggered cell FDRE clocked by clk_fpga_0  {rise@0.000ns fall@5.000ns period=10.000ns})
  Destination:            u_ps/design_1_i/axi_smc/inst/m00_nodes/m00_w_node/inst/s_sc_xpm_cdc_async_rst_inst/arststages_ff_reg[1]/CLR
                            (removal check against rising-edge clock clk_fpga_0  {rise@0.000ns fall@5.000ns period=10.000ns})
  Path Group:             (none)
  Path Type:              Removal (Min at Fast Process Corner)
  Data Path Delay:        0.636ns  (logic 0.209ns (32.861%)  route 0.427ns (67.139%))
  Logic Levels:           1  (LUT1=1)
  Clock Path Skew:        0.299ns (DCD - SCD - CPR)
    Destination Clock Delay (DCD):    1.229ns
    Source Clock Delay      (SCD):    0.930ns
    Clock Pessimism Removal (CPR):    -0.000ns
  Clock Uncertainty:      0.154ns  ((TSJ^2 + TIJ^2)^1/2 + DJ) / 2 + PE
    Total System Jitter     (TSJ):    0.071ns
    Total Input Jitter      (TIJ):    0.300ns
    Discrete Jitter          (DJ):    0.000ns
    Phase Error              (PE):    0.000ns
  Timing Exception:       False Path

    Location             Delay type                Incr(ns)  Path(ns)    Netlist Resource(s)
  -------------------------------------------------------------------    -------------------
                         (clock clk_fpga_0 rise edge)
                                                      0.000     0.000 r  
    PS7_X0Y0             PS7                          0.000     0.000 r  u_ps/design_1_i/processing_system7_0/inst/PS7_i/FCLKCLK[0]
                         net (fo=1, routed)           0.315     0.315    u_ps/design_1_i/processing_system7_0/inst/FCLK_CLK_unbuffered[0]
    BUFGCTRL_X0Y0        BUFG (Prop_bufg_I_O)         0.026     0.341 r  u_ps/design_1_i/processing_system7_0/inst/buffer_fclk_clk_0.FCLK_CLK_0_BUFG/O
                         net (fo=6511, routed)        0.589     0.930    u_ps/design_1_i/axi_smc/inst/clk_map/psr_aclk/U0/aclk
    SLICE_X42Y58         FDRE                                         r  u_ps/design_1_i/axi_smc/inst/clk_map/psr_aclk/U0/ACTIVE_LOW_BSR_OUT_DFF[0].FDRE_BSR_N/C
  -------------------------------------------------------------------    -------------------
    SLICE_X42Y58         FDRE (Prop_fdre_C_Q)         0.164     1.094 r  u_ps/design_1_i/axi_smc/inst/clk_map/psr_aclk/U0/ACTIVE_LOW_BSR_OUT_DFF[0].FDRE_BSR_N/Q
                         net (fo=26, routed)          0.312     1.405    u_ps/design_1_i/axi_smc/inst/m00_nodes/m00_w_node/inst/s_sc_xpm_cdc_async_rst_inst/src_arst
    SLICE_X42Y56         LUT1 (Prop_lut1_I0_O)        0.045     1.450 f  u_ps/design_1_i/axi_smc/inst/m00_nodes/m00_w_node/inst/s_sc_xpm_cdc_async_rst_inst/arststages_ff[2]_i_1/O
                         net (fo=3, routed)           0.115     1.566    u_ps/design_1_i/axi_smc/inst/m00_nodes/m00_w_node/inst/s_sc_xpm_cdc_async_rst_inst/reset_pol
    SLICE_X42Y57         FDCE                                         f  u_ps/design_1_i/axi_smc/inst/m00_nodes/m00_w_node/inst/s_sc_xpm_cdc_async_rst_inst/arststages_ff_reg[1]/CLR
  -------------------------------------------------------------------    -------------------

                         (clock clk_fpga_0 rise edge)
                                                      0.000     0.000 r  
    PS7_X0Y0             PS7                          0.000     0.000 r  u_ps/design_1_i/processing_system7_0/inst/PS7_i/FCLKCLK[0]
                         net (fo=1, routed)           0.341     0.341    u_ps/design_1_i/processing_system7_0/inst/FCLK_CLK_unbuffered[0]
    BUFGCTRL_X0Y0        BUFG (Prop_bufg_I_O)         0.029     0.370 r  u_ps/design_1_i/processing_system7_0/inst/buffer_fclk_clk_0.FCLK_CLK_0_BUFG/O
                         net (fo=6511, routed)        0.859     1.229    u_ps/design_1_i/axi_smc/inst/m00_nodes/m00_w_node/inst/s_sc_xpm_cdc_async_rst_inst/dest_clk
    SLICE_X42Y57         FDCE                                         r  u_ps/design_1_i/axi_smc/inst/m00_nodes/m00_w_node/inst/s_sc_xpm_cdc_async_rst_inst/arststages_ff_reg[1]/C

Slack:                    inf
  Source:                 u_ps/design_1_i/axi_smc/inst/clk_map/psr_aclk/U0/ACTIVE_LOW_BSR_OUT_DFF[0].FDRE_BSR_N/C
                            (rising edge-triggered cell FDRE clocked by clk_fpga_0  {rise@0.000ns fall@5.000ns period=10.000ns})
  Destination:            u_ps/design_1_i/axi_smc/inst/m00_nodes/m00_w_node/inst/s_sc_xpm_cdc_async_rst_inst/arststages_ff_reg[2]/CLR
                            (removal check against rising-edge clock clk_fpga_0  {rise@0.000ns fall@5.000ns period=10.000ns})
  Path Group:             (none)
  Path Type:              Removal (Min at Fast Process Corner)
  Data Path Delay:        0.636ns  (logic 0.209ns (32.861%)  route 0.427ns (67.139%))
  Logic Levels:           1  (LUT1=1)
  Clock Path Skew:        0.299ns (DCD - SCD - CPR)
    Destination Clock Delay (DCD):    1.229ns
    Source Clock Delay      (SCD):    0.930ns
    Clock Pessimism Removal (CPR):    -0.000ns
  Clock Uncertainty:      0.154ns  ((TSJ^2 + TIJ^2)^1/2 + DJ) / 2 + PE
    Total System Jitter     (TSJ):    0.071ns
    Total Input Jitter      (TIJ):    0.300ns
    Discrete Jitter          (DJ):    0.000ns
    Phase Error              (PE):    0.000ns
  Timing Exception:       False Path

    Location             Delay type                Incr(ns)  Path(ns)    Netlist Resource(s)
  -------------------------------------------------------------------    -------------------
                         (clock clk_fpga_0 rise edge)
                                                      0.000     0.000 r  
    PS7_X0Y0             PS7                          0.000     0.000 r  u_ps/design_1_i/processing_system7_0/inst/PS7_i/FCLKCLK[0]
                         net (fo=1, routed)           0.315     0.315    u_ps/design_1_i/processing_system7_0/inst/FCLK_CLK_unbuffered[0]
    BUFGCTRL_X0Y0        BUFG (Prop_bufg_I_O)         0.026     0.341 r  u_ps/design_1_i/processing_system7_0/inst/buffer_fclk_clk_0.FCLK_CLK_0_BUFG/O
                         net (fo=6511, routed)        0.589     0.930    u_ps/design_1_i/axi_smc/inst/clk_map/psr_aclk/U0/aclk
    SLICE_X42Y58         FDRE                                         r  u_ps/design_1_i/axi_smc/inst/clk_map/psr_aclk/U0/ACTIVE_LOW_BSR_OUT_DFF[0].FDRE_BSR_N/C
  -------------------------------------------------------------------    -------------------
    SLICE_X42Y58         FDRE (Prop_fdre_C_Q)         0.164     1.094 r  u_ps/design_1_i/axi_smc/inst/clk_map/psr_aclk/U0/ACTIVE_LOW_BSR_OUT_DFF[0].FDRE_BSR_N/Q
                         net (fo=26, routed)          0.312     1.405    u_ps/design_1_i/axi_smc/inst/m00_nodes/m00_w_node/inst/s_sc_xpm_cdc_async_rst_inst/src_arst
    SLICE_X42Y56         LUT1 (Prop_lut1_I0_O)        0.045     1.450 f  u_ps/design_1_i/axi_smc/inst/m00_nodes/m00_w_node/inst/s_sc_xpm_cdc_async_rst_inst/arststages_ff[2]_i_1/O
                         net (fo=3, routed)           0.115     1.566    u_ps/design_1_i/axi_smc/inst/m00_nodes/m00_w_node/inst/s_sc_xpm_cdc_async_rst_inst/reset_pol
    SLICE_X42Y57         FDCE                                         f  u_ps/design_1_i/axi_smc/inst/m00_nodes/m00_w_node/inst/s_sc_xpm_cdc_async_rst_inst/arststages_ff_reg[2]/CLR
  -------------------------------------------------------------------    -------------------

                         (clock clk_fpga_0 rise edge)
                                                      0.000     0.000 r  
    PS7_X0Y0             PS7                          0.000     0.000 r  u_ps/design_1_i/processing_system7_0/inst/PS7_i/FCLKCLK[0]
                         net (fo=1, routed)           0.341     0.341    u_ps/design_1_i/processing_system7_0/inst/FCLK_CLK_unbuffered[0]
    BUFGCTRL_X0Y0        BUFG (Prop_bufg_I_O)         0.029     0.370 r  u_ps/design_1_i/processing_system7_0/inst/buffer_fclk_clk_0.FCLK_CLK_0_BUFG/O
                         net (fo=6511, routed)        0.859     1.229    u_ps/design_1_i/axi_smc/inst/m00_nodes/m00_w_node/inst/s_sc_xpm_cdc_async_rst_inst/dest_clk
    SLICE_X42Y57         FDCE                                         r  u_ps/design_1_i/axi_smc/inst/m00_nodes/m00_w_node/inst/s_sc_xpm_cdc_async_rst_inst/arststages_ff_reg[2]/C

Slack:                    inf
  Source:                 u_ps/design_1_i/axi_smc/inst/clk_map/psr_aclk/U0/ACTIVE_LOW_BSR_OUT_DFF[0].FDRE_BSR_N/C
                            (rising edge-triggered cell FDRE clocked by clk_fpga_0  {rise@0.000ns fall@5.000ns period=10.000ns})
  Destination:            u_ps/design_1_i/axi_smc/inst/m01_exit_pipeline/m01_exit/inst/xpm_cdc_async_rst_inst/arststages_ff_reg[0]/CLR
                            (removal check against rising-edge clock clk_fpga_0  {rise@0.000ns fall@5.000ns period=10.000ns})
  Path Group:             (none)
  Path Type:              Removal (Min at Fast Process Corner)
  Data Path Delay:        0.697ns  (logic 0.208ns (29.861%)  route 0.489ns (70.139%))
  Logic Levels:           1  (LUT1=1)
  Clock Path Skew:        0.300ns (DCD - SCD - CPR)
    Destination Clock Delay (DCD):    1.230ns
    Source Clock Delay      (SCD):    0.930ns
    Clock Pessimism Removal (CPR):    -0.000ns
  Clock Uncertainty:      0.154ns  ((TSJ^2 + TIJ^2)^1/2 + DJ) / 2 + PE
    Total System Jitter     (TSJ):    0.071ns
    Total Input Jitter      (TIJ):    0.300ns
    Discrete Jitter          (DJ):    0.000ns
    Phase Error              (PE):    0.000ns
  Timing Exception:       False Path

    Location             Delay type                Incr(ns)  Path(ns)    Netlist Resource(s)
  -------------------------------------------------------------------    -------------------
                         (clock clk_fpga_0 rise edge)
                                                      0.000     0.000 r  
    PS7_X0Y0             PS7                          0.000     0.000 r  u_ps/design_1_i/processing_system7_0/inst/PS7_i/FCLKCLK[0]
                         net (fo=1, routed)           0.315     0.315    u_ps/design_1_i/processing_system7_0/inst/FCLK_CLK_unbuffered[0]
    BUFGCTRL_X0Y0        BUFG (Prop_bufg_I_O)         0.026     0.341 r  u_ps/design_1_i/processing_system7_0/inst/buffer_fclk_clk_0.FCLK_CLK_0_BUFG/O
                         net (fo=6511, routed)        0.589     0.930    u_ps/design_1_i/axi_smc/inst/clk_map/psr_aclk/U0/aclk
    SLICE_X42Y58         FDRE                                         r  u_ps/design_1_i/axi_smc/inst/clk_map/psr_aclk/U0/ACTIVE_LOW_BSR_OUT_DFF[0].FDRE_BSR_N/C
  -------------------------------------------------------------------    -------------------
    SLICE_X42Y58         FDRE (Prop_fdre_C_Q)         0.164     1.094 r  u_ps/design_1_i/axi_smc/inst/clk_map/psr_aclk/U0/ACTIVE_LOW_BSR_OUT_DFF[0].FDRE_BSR_N/Q
                         net (fo=26, routed)          0.312     1.405    u_ps/design_1_i/axi_smc/inst/m01_exit_pipeline/m01_exit/inst/xpm_cdc_async_rst_inst/src_arst
    SLICE_X42Y56         LUT1 (Prop_lut1_I0_O)        0.044     1.449 f  u_ps/design_1_i/axi_smc/inst/m01_exit_pipeline/m01_exit/inst/xpm_cdc_async_rst_inst/arststages_ff[2]_i_1/O
                         net (fo=3, routed)           0.177     1.626    u_ps/design_1_i/axi_smc/inst/m01_exit_pipeline/m01_exit/inst/xpm_cdc_async_rst_inst/reset_pol
    SLICE_X42Y56         FDCE                                         f  u_ps/design_1_i/axi_smc/inst/m01_exit_pipeline/m01_exit/inst/xpm_cdc_async_rst_inst/arststages_ff_reg[0]/CLR
  -------------------------------------------------------------------    -------------------

                         (clock clk_fpga_0 rise edge)
                                                      0.000     0.000 r  
    PS7_X0Y0             PS7                          0.000     0.000 r  u_ps/design_1_i/processing_system7_0/inst/PS7_i/FCLKCLK[0]
                         net (fo=1, routed)           0.341     0.341    u_ps/design_1_i/processing_system7_0/inst/FCLK_CLK_unbuffered[0]
    BUFGCTRL_X0Y0        BUFG (Prop_bufg_I_O)         0.029     0.370 r  u_ps/design_1_i/processing_system7_0/inst/buffer_fclk_clk_0.FCLK_CLK_0_BUFG/O
                         net (fo=6511, routed)        0.860     1.230    u_ps/design_1_i/axi_smc/inst/m01_exit_pipeline/m01_exit/inst/xpm_cdc_async_rst_inst/dest_clk
    SLICE_X42Y56         FDCE                                         r  u_ps/design_1_i/axi_smc/inst/m01_exit_pipeline/m01_exit/inst/xpm_cdc_async_rst_inst/arststages_ff_reg[0]/C

Slack:                    inf
  Source:                 u_ps/design_1_i/axi_smc/inst/clk_map/psr_aclk/U0/ACTIVE_LOW_BSR_OUT_DFF[0].FDRE_BSR_N/C
                            (rising edge-triggered cell FDRE clocked by clk_fpga_0  {rise@0.000ns fall@5.000ns period=10.000ns})
  Destination:            u_ps/design_1_i/axi_smc/inst/m01_exit_pipeline/m01_exit/inst/xpm_cdc_async_rst_inst/arststages_ff_reg[1]/CLR
                            (removal check against rising-edge clock clk_fpga_0  {rise@0.000ns fall@5.000ns period=10.000ns})
  Path Group:             (none)
  Path Type:              Removal (Min at Fast Process Corner)
  Data Path Delay:        0.697ns  (logic 0.208ns (29.861%)  route 0.489ns (70.139%))
  Logic Levels:           1  (LUT1=1)
  Clock Path Skew:        0.300ns (DCD - SCD - CPR)
    Destination Clock Delay (DCD):    1.230ns
    Source Clock Delay      (SCD):    0.930ns
    Clock Pessimism Removal (CPR):    -0.000ns
  Clock Uncertainty:      0.154ns  ((TSJ^2 + TIJ^2)^1/2 + DJ) / 2 + PE
    Total System Jitter     (TSJ):    0.071ns
    Total Input Jitter      (TIJ):    0.300ns
    Discrete Jitter          (DJ):    0.000ns
    Phase Error              (PE):    0.000ns
  Timing Exception:       False Path

    Location             Delay type                Incr(ns)  Path(ns)    Netlist Resource(s)
  -------------------------------------------------------------------    -------------------
                         (clock clk_fpga_0 rise edge)
                                                      0.000     0.000 r  
    PS7_X0Y0             PS7                          0.000     0.000 r  u_ps/design_1_i/processing_system7_0/inst/PS7_i/FCLKCLK[0]
                         net (fo=1, routed)           0.315     0.315    u_ps/design_1_i/processing_system7_0/inst/FCLK_CLK_unbuffered[0]
    BUFGCTRL_X0Y0        BUFG (Prop_bufg_I_O)         0.026     0.341 r  u_ps/design_1_i/processing_system7_0/inst/buffer_fclk_clk_0.FCLK_CLK_0_BUFG/O
                         net (fo=6511, routed)        0.589     0.930    u_ps/design_1_i/axi_smc/inst/clk_map/psr_aclk/U0/aclk
    SLICE_X42Y58         FDRE                                         r  u_ps/design_1_i/axi_smc/inst/clk_map/psr_aclk/U0/ACTIVE_LOW_BSR_OUT_DFF[0].FDRE_BSR_N/C
  -------------------------------------------------------------------    -------------------
    SLICE_X42Y58         FDRE (Prop_fdre_C_Q)         0.164     1.094 r  u_ps/design_1_i/axi_smc/inst/clk_map/psr_aclk/U0/ACTIVE_LOW_BSR_OUT_DFF[0].FDRE_BSR_N/Q
                         net (fo=26, routed)          0.312     1.405    u_ps/design_1_i/axi_smc/inst/m01_exit_pipeline/m01_exit/inst/xpm_cdc_async_rst_inst/src_arst
    SLICE_X42Y56         LUT1 (Prop_lut1_I0_O)        0.044     1.449 f  u_ps/design_1_i/axi_smc/inst/m01_exit_pipeline/m01_exit/inst/xpm_cdc_async_rst_inst/arststages_ff[2]_i_1/O
                         net (fo=3, routed)           0.177     1.626    u_ps/design_1_i/axi_smc/inst/m01_exit_pipeline/m01_exit/inst/xpm_cdc_async_rst_inst/reset_pol
    SLICE_X42Y56         FDCE                                         f  u_ps/design_1_i/axi_smc/inst/m01_exit_pipeline/m01_exit/inst/xpm_cdc_async_rst_inst/arststages_ff_reg[1]/CLR
  -------------------------------------------------------------------    -------------------

                         (clock clk_fpga_0 rise edge)
                                                      0.000     0.000 r  
    PS7_X0Y0             PS7                          0.000     0.000 r  u_ps/design_1_i/processing_system7_0/inst/PS7_i/FCLKCLK[0]
                         net (fo=1, routed)           0.341     0.341    u_ps/design_1_i/processing_system7_0/inst/FCLK_CLK_unbuffered[0]
    BUFGCTRL_X0Y0        BUFG (Prop_bufg_I_O)         0.029     0.370 r  u_ps/design_1_i/processing_system7_0/inst/buffer_fclk_clk_0.FCLK_CLK_0_BUFG/O
                         net (fo=6511, routed)        0.860     1.230    u_ps/design_1_i/axi_smc/inst/m01_exit_pipeline/m01_exit/inst/xpm_cdc_async_rst_inst/dest_clk
    SLICE_X42Y56         FDCE                                         r  u_ps/design_1_i/axi_smc/inst/m01_exit_pipeline/m01_exit/inst/xpm_cdc_async_rst_inst/arststages_ff_reg[1]/C

Slack:                    inf
  Source:                 u_ps/design_1_i/axi_smc/inst/clk_map/psr_aclk/U0/ACTIVE_LOW_BSR_OUT_DFF[0].FDRE_BSR_N/C
                            (rising edge-triggered cell FDRE clocked by clk_fpga_0  {rise@0.000ns fall@5.000ns period=10.000ns})
  Destination:            u_ps/design_1_i/axi_smc/inst/m01_exit_pipeline/m01_exit/inst/xpm_cdc_async_rst_inst/arststages_ff_reg[2]/CLR
                            (removal check against rising-edge clock clk_fpga_0  {rise@0.000ns fall@5.000ns period=10.000ns})
  Path Group:             (none)
  Path Type:              Removal (Min at Fast Process Corner)
  Data Path Delay:        0.697ns  (logic 0.208ns (29.861%)  route 0.489ns (70.139%))
  Logic Levels:           1  (LUT1=1)
  Clock Path Skew:        0.300ns (DCD - SCD - CPR)
    Destination Clock Delay (DCD):    1.230ns
    Source Clock Delay      (SCD):    0.930ns
    Clock Pessimism Removal (CPR):    -0.000ns
  Clock Uncertainty:      0.154ns  ((TSJ^2 + TIJ^2)^1/2 + DJ) / 2 + PE
    Total System Jitter     (TSJ):    0.071ns
    Total Input Jitter      (TIJ):    0.300ns
    Discrete Jitter          (DJ):    0.000ns
    Phase Error              (PE):    0.000ns
  Timing Exception:       False Path

    Location             Delay type                Incr(ns)  Path(ns)    Netlist Resource(s)
  -------------------------------------------------------------------    -------------------
                         (clock clk_fpga_0 rise edge)
                                                      0.000     0.000 r  
    PS7_X0Y0             PS7                          0.000     0.000 r  u_ps/design_1_i/processing_system7_0/inst/PS7_i/FCLKCLK[0]
                         net (fo=1, routed)           0.315     0.315    u_ps/design_1_i/processing_system7_0/inst/FCLK_CLK_unbuffered[0]
    BUFGCTRL_X0Y0        BUFG (Prop_bufg_I_O)         0.026     0.341 r  u_ps/design_1_i/processing_system7_0/inst/buffer_fclk_clk_0.FCLK_CLK_0_BUFG/O
                         net (fo=6511, routed)        0.589     0.930    u_ps/design_1_i/axi_smc/inst/clk_map/psr_aclk/U0/aclk
    SLICE_X42Y58         FDRE                                         r  u_ps/design_1_i/axi_smc/inst/clk_map/psr_aclk/U0/ACTIVE_LOW_BSR_OUT_DFF[0].FDRE_BSR_N/C
  -------------------------------------------------------------------    -------------------
    SLICE_X42Y58         FDRE (Prop_fdre_C_Q)         0.164     1.094 r  u_ps/design_1_i/axi_smc/inst/clk_map/psr_aclk/U0/ACTIVE_LOW_BSR_OUT_DFF[0].FDRE_BSR_N/Q
                         net (fo=26, routed)          0.312     1.405    u_ps/design_1_i/axi_smc/inst/m01_exit_pipeline/m01_exit/inst/xpm_cdc_async_rst_inst/src_arst
    SLICE_X42Y56         LUT1 (Prop_lut1_I0_O)        0.044     1.449 f  u_ps/design_1_i/axi_smc/inst/m01_exit_pipeline/m01_exit/inst/xpm_cdc_async_rst_inst/arststages_ff[2]_i_1/O
                         net (fo=3, routed)           0.177     1.626    u_ps/design_1_i/axi_smc/inst/m01_exit_pipeline/m01_exit/inst/xpm_cdc_async_rst_inst/reset_pol
    SLICE_X42Y56         FDCE                                         f  u_ps/design_1_i/axi_smc/inst/m01_exit_pipeline/m01_exit/inst/xpm_cdc_async_rst_inst/arststages_ff_reg[2]/CLR
  -------------------------------------------------------------------    -------------------

                         (clock clk_fpga_0 rise edge)
                                                      0.000     0.000 r  
    PS7_X0Y0             PS7                          0.000     0.000 r  u_ps/design_1_i/processing_system7_0/inst/PS7_i/FCLKCLK[0]
                         net (fo=1, routed)           0.341     0.341    u_ps/design_1_i/processing_system7_0/inst/FCLK_CLK_unbuffered[0]
    BUFGCTRL_X0Y0        BUFG (Prop_bufg_I_O)         0.029     0.370 r  u_ps/design_1_i/processing_system7_0/inst/buffer_fclk_clk_0.FCLK_CLK_0_BUFG/O
                         net (fo=6511, routed)        0.860     1.230    u_ps/design_1_i/axi_smc/inst/m01_exit_pipeline/m01_exit/inst/xpm_cdc_async_rst_inst/dest_clk
    SLICE_X42Y56         FDCE                                         r  u_ps/design_1_i/axi_smc/inst/m01_exit_pipeline/m01_exit/inst/xpm_cdc_async_rst_inst/arststages_ff_reg[2]/C

Slack:                    inf
  Source:                 u_ps/design_1_i/axi_smc/inst/clk_map/psr_aclk/U0/ACTIVE_LOW_BSR_OUT_DFF[0].FDRE_BSR_N/C
                            (rising edge-triggered cell FDRE clocked by clk_fpga_0  {rise@0.000ns fall@5.000ns period=10.000ns})
  Destination:            u_ps/design_1_i/axi_smc/inst/m01_nodes/m01_b_node/inst/s_sc_xpm_cdc_async_rst_inst/arststages_ff_reg[0]/CLR
                            (removal check against rising-edge clock clk_fpga_0  {rise@0.000ns fall@5.000ns period=10.000ns})
  Path Group:             (none)
  Path Type:              Removal (Min at Fast Process Corner)
  Data Path Delay:        0.758ns  (logic 0.209ns (27.556%)  route 0.549ns (72.444%))
  Logic Levels:           1  (LUT1=1)
  Clock Path Skew:        0.295ns (DCD - SCD - CPR)
    Destination Clock Delay (DCD):    1.225ns
    Source Clock Delay      (SCD):    0.930ns
    Clock Pessimism Removal (CPR):    -0.000ns
  Clock Uncertainty:      0.154ns  ((TSJ^2 + TIJ^2)^1/2 + DJ) / 2 + PE
    Total System Jitter     (TSJ):    0.071ns
    Total Input Jitter      (TIJ):    0.300ns
    Discrete Jitter          (DJ):    0.000ns
    Phase Error              (PE):    0.000ns
  Timing Exception:       False Path

    Location             Delay type                Incr(ns)  Path(ns)    Netlist Resource(s)
  -------------------------------------------------------------------    -------------------
                         (clock clk_fpga_0 rise edge)
                                                      0.000     0.000 r  
    PS7_X0Y0             PS7                          0.000     0.000 r  u_ps/design_1_i/processing_system7_0/inst/PS7_i/FCLKCLK[0]
                         net (fo=1, routed)           0.315     0.315    u_ps/design_1_i/processing_system7_0/inst/FCLK_CLK_unbuffered[0]
    BUFGCTRL_X0Y0        BUFG (Prop_bufg_I_O)         0.026     0.341 r  u_ps/design_1_i/processing_system7_0/inst/buffer_fclk_clk_0.FCLK_CLK_0_BUFG/O
                         net (fo=6511, routed)        0.589     0.930    u_ps/design_1_i/axi_smc/inst/clk_map/psr_aclk/U0/aclk
    SLICE_X42Y58         FDRE                                         r  u_ps/design_1_i/axi_smc/inst/clk_map/psr_aclk/U0/ACTIVE_LOW_BSR_OUT_DFF[0].FDRE_BSR_N/C
  -------------------------------------------------------------------    -------------------
    SLICE_X42Y58         FDRE (Prop_fdre_C_Q)         0.164     1.094 r  u_ps/design_1_i/axi_smc/inst/clk_map/psr_aclk/U0/ACTIVE_LOW_BSR_OUT_DFF[0].FDRE_BSR_N/Q
                         net (fo=26, routed)          0.370     1.464    u_ps/design_1_i/axi_smc/inst/m01_nodes/m01_b_node/inst/s_sc_xpm_cdc_async_rst_inst/src_arst
    SLICE_X42Y64         LUT1 (Prop_lut1_I0_O)        0.045     1.509 f  u_ps/design_1_i/axi_smc/inst/m01_nodes/m01_b_node/inst/s_sc_xpm_cdc_async_rst_inst/arststages_ff[2]_i_1/O
                         net (fo=3, routed)           0.179     1.688    u_ps/design_1_i/axi_smc/inst/m01_nodes/m01_b_node/inst/s_sc_xpm_cdc_async_rst_inst/reset_pol
    SLICE_X43Y64         FDCE                                         f  u_ps/design_1_i/axi_smc/inst/m01_nodes/m01_b_node/inst/s_sc_xpm_cdc_async_rst_inst/arststages_ff_reg[0]/CLR
  -------------------------------------------------------------------    -------------------

                         (clock clk_fpga_0 rise edge)
                                                      0.000     0.000 r  
    PS7_X0Y0             PS7                          0.000     0.000 r  u_ps/design_1_i/processing_system7_0/inst/PS7_i/FCLKCLK[0]
                         net (fo=1, routed)           0.341     0.341    u_ps/design_1_i/processing_system7_0/inst/FCLK_CLK_unbuffered[0]
    BUFGCTRL_X0Y0        BUFG (Prop_bufg_I_O)         0.029     0.370 r  u_ps/design_1_i/processing_system7_0/inst/buffer_fclk_clk_0.FCLK_CLK_0_BUFG/O
                         net (fo=6511, routed)        0.855     1.225    u_ps/design_1_i/axi_smc/inst/m01_nodes/m01_b_node/inst/s_sc_xpm_cdc_async_rst_inst/dest_clk
    SLICE_X43Y64         FDCE                                         r  u_ps/design_1_i/axi_smc/inst/m01_nodes/m01_b_node/inst/s_sc_xpm_cdc_async_rst_inst/arststages_ff_reg[0]/C

Slack:                    inf
  Source:                 u_ps/design_1_i/axi_smc/inst/clk_map/psr_aclk/U0/ACTIVE_LOW_BSR_OUT_DFF[0].FDRE_BSR_N/C
                            (rising edge-triggered cell FDRE clocked by clk_fpga_0  {rise@0.000ns fall@5.000ns period=10.000ns})
  Destination:            u_ps/design_1_i/axi_smc/inst/m01_nodes/m01_b_node/inst/s_sc_xpm_cdc_async_rst_inst/arststages_ff_reg[1]/CLR
                            (removal check against rising-edge clock clk_fpga_0  {rise@0.000ns fall@5.000ns period=10.000ns})
  Path Group:             (none)
  Path Type:              Removal (Min at Fast Process Corner)
  Data Path Delay:        0.758ns  (logic 0.209ns (27.556%)  route 0.549ns (72.444%))
  Logic Levels:           1  (LUT1=1)
  Clock Path Skew:        0.295ns (DCD - SCD - CPR)
    Destination Clock Delay (DCD):    1.225ns
    Source Clock Delay      (SCD):    0.930ns
    Clock Pessimism Removal (CPR):    -0.000ns
  Clock Uncertainty:      0.154ns  ((TSJ^2 + TIJ^2)^1/2 + DJ) / 2 + PE
    Total System Jitter     (TSJ):    0.071ns
    Total Input Jitter      (TIJ):    0.300ns
    Discrete Jitter          (DJ):    0.000ns
    Phase Error              (PE):    0.000ns
  Timing Exception:       False Path

    Location             Delay type                Incr(ns)  Path(ns)    Netlist Resource(s)
  -------------------------------------------------------------------    -------------------
                         (clock clk_fpga_0 rise edge)
                                                      0.000     0.000 r  
    PS7_X0Y0             PS7                          0.000     0.000 r  u_ps/design_1_i/processing_system7_0/inst/PS7_i/FCLKCLK[0]
                         net (fo=1, routed)           0.315     0.315    u_ps/design_1_i/processing_system7_0/inst/FCLK_CLK_unbuffered[0]
    BUFGCTRL_X0Y0        BUFG (Prop_bufg_I_O)         0.026     0.341 r  u_ps/design_1_i/processing_system7_0/inst/buffer_fclk_clk_0.FCLK_CLK_0_BUFG/O
                         net (fo=6511, routed)        0.589     0.930    u_ps/design_1_i/axi_smc/inst/clk_map/psr_aclk/U0/aclk
    SLICE_X42Y58         FDRE                                         r  u_ps/design_1_i/axi_smc/inst/clk_map/psr_aclk/U0/ACTIVE_LOW_BSR_OUT_DFF[0].FDRE_BSR_N/C
  -------------------------------------------------------------------    -------------------
    SLICE_X42Y58         FDRE (Prop_fdre_C_Q)         0.164     1.094 r  u_ps/design_1_i/axi_smc/inst/clk_map/psr_aclk/U0/ACTIVE_LOW_BSR_OUT_DFF[0].FDRE_BSR_N/Q
                         net (fo=26, routed)          0.370     1.464    u_ps/design_1_i/axi_smc/inst/m01_nodes/m01_b_node/inst/s_sc_xpm_cdc_async_rst_inst/src_arst
    SLICE_X42Y64         LUT1 (Prop_lut1_I0_O)        0.045     1.509 f  u_ps/design_1_i/axi_smc/inst/m01_nodes/m01_b_node/inst/s_sc_xpm_cdc_async_rst_inst/arststages_ff[2]_i_1/O
                         net (fo=3, routed)           0.179     1.688    u_ps/design_1_i/axi_smc/inst/m01_nodes/m01_b_node/inst/s_sc_xpm_cdc_async_rst_inst/reset_pol
    SLICE_X43Y64         FDCE                                         f  u_ps/design_1_i/axi_smc/inst/m01_nodes/m01_b_node/inst/s_sc_xpm_cdc_async_rst_inst/arststages_ff_reg[1]/CLR
  -------------------------------------------------------------------    -------------------

                         (clock clk_fpga_0 rise edge)
                                                      0.000     0.000 r  
    PS7_X0Y0             PS7                          0.000     0.000 r  u_ps/design_1_i/processing_system7_0/inst/PS7_i/FCLKCLK[0]
                         net (fo=1, routed)           0.341     0.341    u_ps/design_1_i/processing_system7_0/inst/FCLK_CLK_unbuffered[0]
    BUFGCTRL_X0Y0        BUFG (Prop_bufg_I_O)         0.029     0.370 r  u_ps/design_1_i/processing_system7_0/inst/buffer_fclk_clk_0.FCLK_CLK_0_BUFG/O
                         net (fo=6511, routed)        0.855     1.225    u_ps/design_1_i/axi_smc/inst/m01_nodes/m01_b_node/inst/s_sc_xpm_cdc_async_rst_inst/dest_clk
    SLICE_X43Y64         FDCE                                         r  u_ps/design_1_i/axi_smc/inst/m01_nodes/m01_b_node/inst/s_sc_xpm_cdc_async_rst_inst/arststages_ff_reg[1]/C

Slack:                    inf
  Source:                 u_ps/design_1_i/axi_smc/inst/clk_map/psr_aclk/U0/ACTIVE_LOW_BSR_OUT_DFF[0].FDRE_BSR_N/C
                            (rising edge-triggered cell FDRE clocked by clk_fpga_0  {rise@0.000ns fall@5.000ns period=10.000ns})
  Destination:            u_ps/design_1_i/axi_smc/inst/m01_nodes/m01_b_node/inst/s_sc_xpm_cdc_async_rst_inst/arststages_ff_reg[2]/CLR
                            (removal check against rising-edge clock clk_fpga_0  {rise@0.000ns fall@5.000ns period=10.000ns})
  Path Group:             (none)
  Path Type:              Removal (Min at Fast Process Corner)
  Data Path Delay:        0.758ns  (logic 0.209ns (27.556%)  route 0.549ns (72.444%))
  Logic Levels:           1  (LUT1=1)
  Clock Path Skew:        0.295ns (DCD - SCD - CPR)
    Destination Clock Delay (DCD):    1.225ns
    Source Clock Delay      (SCD):    0.930ns
    Clock Pessimism Removal (CPR):    -0.000ns
  Clock Uncertainty:      0.154ns  ((TSJ^2 + TIJ^2)^1/2 + DJ) / 2 + PE
    Total System Jitter     (TSJ):    0.071ns
    Total Input Jitter      (TIJ):    0.300ns
    Discrete Jitter          (DJ):    0.000ns
    Phase Error              (PE):    0.000ns
  Timing Exception:       False Path

    Location             Delay type                Incr(ns)  Path(ns)    Netlist Resource(s)
  -------------------------------------------------------------------    -------------------
                         (clock clk_fpga_0 rise edge)
                                                      0.000     0.000 r  
    PS7_X0Y0             PS7                          0.000     0.000 r  u_ps/design_1_i/processing_system7_0/inst/PS7_i/FCLKCLK[0]
                         net (fo=1, routed)           0.315     0.315    u_ps/design_1_i/processing_system7_0/inst/FCLK_CLK_unbuffered[0]
    BUFGCTRL_X0Y0        BUFG (Prop_bufg_I_O)         0.026     0.341 r  u_ps/design_1_i/processing_system7_0/inst/buffer_fclk_clk_0.FCLK_CLK_0_BUFG/O
                         net (fo=6511, routed)        0.589     0.930    u_ps/design_1_i/axi_smc/inst/clk_map/psr_aclk/U0/aclk
    SLICE_X42Y58         FDRE                                         r  u_ps/design_1_i/axi_smc/inst/clk_map/psr_aclk/U0/ACTIVE_LOW_BSR_OUT_DFF[0].FDRE_BSR_N/C
  -------------------------------------------------------------------    -------------------
    SLICE_X42Y58         FDRE (Prop_fdre_C_Q)         0.164     1.094 r  u_ps/design_1_i/axi_smc/inst/clk_map/psr_aclk/U0/ACTIVE_LOW_BSR_OUT_DFF[0].FDRE_BSR_N/Q
                         net (fo=26, routed)          0.370     1.464    u_ps/design_1_i/axi_smc/inst/m01_nodes/m01_b_node/inst/s_sc_xpm_cdc_async_rst_inst/src_arst
    SLICE_X42Y64         LUT1 (Prop_lut1_I0_O)        0.045     1.509 f  u_ps/design_1_i/axi_smc/inst/m01_nodes/m01_b_node/inst/s_sc_xpm_cdc_async_rst_inst/arststages_ff[2]_i_1/O
                         net (fo=3, routed)           0.179     1.688    u_ps/design_1_i/axi_smc/inst/m01_nodes/m01_b_node/inst/s_sc_xpm_cdc_async_rst_inst/reset_pol
    SLICE_X43Y64         FDCE                                         f  u_ps/design_1_i/axi_smc/inst/m01_nodes/m01_b_node/inst/s_sc_xpm_cdc_async_rst_inst/arststages_ff_reg[2]/CLR
  -------------------------------------------------------------------    -------------------

                         (clock clk_fpga_0 rise edge)
                                                      0.000     0.000 r  
    PS7_X0Y0             PS7                          0.000     0.000 r  u_ps/design_1_i/processing_system7_0/inst/PS7_i/FCLKCLK[0]
                         net (fo=1, routed)           0.341     0.341    u_ps/design_1_i/processing_system7_0/inst/FCLK_CLK_unbuffered[0]
    BUFGCTRL_X0Y0        BUFG (Prop_bufg_I_O)         0.029     0.370 r  u_ps/design_1_i/processing_system7_0/inst/buffer_fclk_clk_0.FCLK_CLK_0_BUFG/O
                         net (fo=6511, routed)        0.855     1.225    u_ps/design_1_i/axi_smc/inst/m01_nodes/m01_b_node/inst/s_sc_xpm_cdc_async_rst_inst/dest_clk
    SLICE_X43Y64         FDCE                                         r  u_ps/design_1_i/axi_smc/inst/m01_nodes/m01_b_node/inst/s_sc_xpm_cdc_async_rst_inst/arststages_ff_reg[2]/C

Slack:                    inf
  Source:                 u_ps/design_1_i/axi_smc/inst/clk_map/psr_aclk/U0/ACTIVE_LOW_BSR_OUT_DFF[0].FDRE_BSR_N/C
                            (rising edge-triggered cell FDRE clocked by clk_fpga_0  {rise@0.000ns fall@5.000ns period=10.000ns})
  Destination:            u_ps/design_1_i/axi_smc/inst/m02_exit_pipeline/m02_exit/inst/xpm_cdc_async_rst_inst/arststages_ff_reg[0]/CLR
                            (removal check against rising-edge clock clk_fpga_0  {rise@0.000ns fall@5.000ns period=10.000ns})
  Path Group:             (none)
  Path Type:              Removal (Min at Fast Process Corner)
  Data Path Delay:        0.811ns  (logic 0.209ns (25.773%)  route 0.602ns (74.227%))
  Logic Levels:           1  (LUT1=1)
  Clock Path Skew:        0.295ns (DCD - SCD - CPR)
    Destination Clock Delay (DCD):    1.225ns
    Source Clock Delay      (SCD):    0.930ns
    Clock Pessimism Removal (CPR):    -0.000ns
  Clock Uncertainty:      0.154ns  ((TSJ^2 + TIJ^2)^1/2 + DJ) / 2 + PE
    Total System Jitter     (TSJ):    0.071ns
    Total Input Jitter      (TIJ):    0.300ns
    Discrete Jitter          (DJ):    0.000ns
    Phase Error              (PE):    0.000ns
  Timing Exception:       False Path

    Location             Delay type                Incr(ns)  Path(ns)    Netlist Resource(s)
  -------------------------------------------------------------------    -------------------
                         (clock clk_fpga_0 rise edge)
                                                      0.000     0.000 r  
    PS7_X0Y0             PS7                          0.000     0.000 r  u_ps/design_1_i/processing_system7_0/inst/PS7_i/FCLKCLK[0]
                         net (fo=1, routed)           0.315     0.315    u_ps/design_1_i/processing_system7_0/inst/FCLK_CLK_unbuffered[0]
    BUFGCTRL_X0Y0        BUFG (Prop_bufg_I_O)         0.026     0.341 r  u_ps/design_1_i/processing_system7_0/inst/buffer_fclk_clk_0.FCLK_CLK_0_BUFG/O
                         net (fo=6511, routed)        0.589     0.930    u_ps/design_1_i/axi_smc/inst/clk_map/psr_aclk/U0/aclk
    SLICE_X42Y58         FDRE                                         r  u_ps/design_1_i/axi_smc/inst/clk_map/psr_aclk/U0/ACTIVE_LOW_BSR_OUT_DFF[0].FDRE_BSR_N/C
  -------------------------------------------------------------------    -------------------
    SLICE_X42Y58         FDRE (Prop_fdre_C_Q)         0.164     1.094 r  u_ps/design_1_i/axi_smc/inst/clk_map/psr_aclk/U0/ACTIVE_LOW_BSR_OUT_DFF[0].FDRE_BSR_N/Q
                         net (fo=26, routed)          0.370     1.464    u_ps/design_1_i/axi_smc/inst/m02_exit_pipeline/m02_exit/inst/xpm_cdc_async_rst_inst/src_arst
    SLICE_X42Y64         LUT1 (Prop_lut1_I0_O)        0.045     1.509 f  u_ps/design_1_i/axi_smc/inst/m02_exit_pipeline/m02_exit/inst/xpm_cdc_async_rst_inst/arststages_ff[2]_i_1/O
                         net (fo=3, routed)           0.232     1.741    u_ps/design_1_i/axi_smc/inst/m02_exit_pipeline/m02_exit/inst/xpm_cdc_async_rst_inst/reset_pol
    SLICE_X42Y64         FDCE                                         f  u_ps/design_1_i/axi_smc/inst/m02_exit_pipeline/m02_exit/inst/xpm_cdc_async_rst_inst/arststages_ff_reg[0]/CLR
  -------------------------------------------------------------------    -------------------

                         (clock clk_fpga_0 rise edge)
                                                      0.000     0.000 r  
    PS7_X0Y0             PS7                          0.000     0.000 r  u_ps/design_1_i/processing_system7_0/inst/PS7_i/FCLKCLK[0]
                         net (fo=1, routed)           0.341     0.341    u_ps/design_1_i/processing_system7_0/inst/FCLK_CLK_unbuffered[0]
    BUFGCTRL_X0Y0        BUFG (Prop_bufg_I_O)         0.029     0.370 r  u_ps/design_1_i/processing_system7_0/inst/buffer_fclk_clk_0.FCLK_CLK_0_BUFG/O
                         net (fo=6511, routed)        0.855     1.225    u_ps/design_1_i/axi_smc/inst/m02_exit_pipeline/m02_exit/inst/xpm_cdc_async_rst_inst/dest_clk
    SLICE_X42Y64         FDCE                                         r  u_ps/design_1_i/axi_smc/inst/m02_exit_pipeline/m02_exit/inst/xpm_cdc_async_rst_inst/arststages_ff_reg[0]/C





--------------------------------------------------------------------------------------
Path Group:  (none)
From Clock:  
  To Clock:  clkout0

Max Delay             2 Endpoints
Min Delay             2 Endpoints
--------------------------------------------------------------------------------------


Max Delay Paths
--------------------------------------------------------------------------------------
Slack:                    inf
  Source:                 btn0
                            (input port)
  Destination:            u_hdmi/U0/LockLostReset/SyncAsyncx/oSyncStages_reg[0]/PRE
                            (recovery check against rising-edge clock clkout0  {rise@0.000ns fall@20.000ns period=40.000ns})
  Path Group:             (none)
  Path Type:              Recovery (Max at Slow Process Corner)
  Data Path Delay:        2.578ns  (logic 1.489ns (57.760%)  route 1.089ns (42.240%))
  Logic Levels:           1  (IBUF=1)
  Clock Path Skew:        8.204ns (DCD - SCD + CPR)
    Destination Clock Delay (DCD):    8.204ns
    Source Clock Delay      (SCD):    0.000ns
    Clock Pessimism Removal (CPR):    0.000ns
  Clock Uncertainty:      0.181ns  ((TSJ^2 + DJ^2)^1/2) / 2 + PE
    Total System Jitter     (TSJ):    0.050ns
    Discrete Jitter          (DJ):    0.161ns
    Phase Error              (PE):    0.097ns
  Timing Exception:       False Path

    Location             Delay type                Incr(ns)  Path(ns)    Netlist Resource(s)
  -------------------------------------------------------------------    -------------------
    K18                                               0.000     0.000 f  btn0 (IN)
                         net (fo=0)                   0.000     0.000    btn0
    K18                  IBUF (Prop_ibuf_I_O)         1.489     1.489 f  btn0_IBUF_inst/O
                         net (fo=5, routed)           1.089     2.578    u_hdmi/U0/LockLostReset/SyncAsyncx/AS[0]
    SLICE_X43Y74         FDPE                                         f  u_hdmi/U0/LockLostReset/SyncAsyncx/oSyncStages_reg[0]/PRE
  -------------------------------------------------------------------    -------------------

                         (clock clkout0 rise edge)    0.000     0.000 r  
    K17                                               0.000     0.000 r  clk (IN)
                         net (fo=0)                   0.000     0.000    clk
    K17                  IBUF (Prop_ibuf_I_O)         1.421     1.421 r  clk_IBUF_inst/O
                         net (fo=1, routed)           1.880     3.301    clk_IBUF
    BUFGCTRL_X0Y16       BUFG (Prop_bufg_I_O)         0.091     3.392 r  clk_IBUF_BUFG_inst/O
                         net (fo=288, routed)         1.490     4.883    u_pclk/CLK
    MMCME2_ADV_X0Y0      MMCME2_ADV (Prop_mmcme2_adv_CLKIN1_CLKOUT0)
                                                      0.083     4.966 r  u_pclk/u_mmcm/CLKOUT0
                         net (fo=1, routed)           1.599     6.565    u_pclk/clkout0
    BUFGCTRL_X0Y1        BUFG (Prop_bufg_I_O)         0.091     6.656 r  u_pclk/u_bufg/O
                         net (fo=218, routed)         1.549     8.204    u_hdmi/U0/LockLostReset/SyncAsyncx/PixelClk
    SLICE_X43Y74         FDPE                                         r  u_hdmi/U0/LockLostReset/SyncAsyncx/oSyncStages_reg[0]/C

Slack:                    inf
  Source:                 btn0
                            (input port)
  Destination:            u_hdmi/U0/LockLostReset/SyncAsyncx/oSyncStages_reg[1]/PRE
                            (recovery check against rising-edge clock clkout0  {rise@0.000ns fall@20.000ns period=40.000ns})
  Path Group:             (none)
  Path Type:              Recovery (Max at Slow Process Corner)
  Data Path Delay:        2.578ns  (logic 1.489ns (57.760%)  route 1.089ns (42.240%))
  Logic Levels:           1  (IBUF=1)
  Clock Path Skew:        8.204ns (DCD - SCD + CPR)
    Destination Clock Delay (DCD):    8.204ns
    Source Clock Delay      (SCD):    0.000ns
    Clock Pessimism Removal (CPR):    0.000ns
  Clock Uncertainty:      0.181ns  ((TSJ^2 + DJ^2)^1/2) / 2 + PE
    Total System Jitter     (TSJ):    0.050ns
    Discrete Jitter          (DJ):    0.161ns
    Phase Error              (PE):    0.097ns
  Timing Exception:       False Path

    Location             Delay type                Incr(ns)  Path(ns)    Netlist Resource(s)
  -------------------------------------------------------------------    -------------------
    K18                                               0.000     0.000 f  btn0 (IN)
                         net (fo=0)                   0.000     0.000    btn0
    K18                  IBUF (Prop_ibuf_I_O)         1.489     1.489 f  btn0_IBUF_inst/O
                         net (fo=5, routed)           1.089     2.578    u_hdmi/U0/LockLostReset/SyncAsyncx/AS[0]
    SLICE_X43Y74         FDPE                                         f  u_hdmi/U0/LockLostReset/SyncAsyncx/oSyncStages_reg[1]/PRE
  -------------------------------------------------------------------    -------------------

                         (clock clkout0 rise edge)    0.000     0.000 r  
    K17                                               0.000     0.000 r  clk (IN)
                         net (fo=0)                   0.000     0.000    clk
    K17                  IBUF (Prop_ibuf_I_O)         1.421     1.421 r  clk_IBUF_inst/O
                         net (fo=1, routed)           1.880     3.301    clk_IBUF
    BUFGCTRL_X0Y16       BUFG (Prop_bufg_I_O)         0.091     3.392 r  clk_IBUF_BUFG_inst/O
                         net (fo=288, routed)         1.490     4.883    u_pclk/CLK
    MMCME2_ADV_X0Y0      MMCME2_ADV (Prop_mmcme2_adv_CLKIN1_CLKOUT0)
                                                      0.083     4.966 r  u_pclk/u_mmcm/CLKOUT0
                         net (fo=1, routed)           1.599     6.565    u_pclk/clkout0
    BUFGCTRL_X0Y1        BUFG (Prop_bufg_I_O)         0.091     6.656 r  u_pclk/u_bufg/O
                         net (fo=218, routed)         1.549     8.204    u_hdmi/U0/LockLostReset/SyncAsyncx/PixelClk
    SLICE_X43Y74         FDPE                                         r  u_hdmi/U0/LockLostReset/SyncAsyncx/oSyncStages_reg[1]/C





Min Delay Paths
--------------------------------------------------------------------------------------
Slack:                    inf
  Source:                 btn0
                            (input port)
  Destination:            u_hdmi/U0/LockLostReset/SyncAsyncx/oSyncStages_reg[0]/PRE
                            (removal check against rising-edge clock clkout0  {rise@0.000ns fall@20.000ns period=40.000ns})
  Path Group:             (none)
  Path Type:              Removal (Min at Fast Process Corner)
  Data Path Delay:        0.699ns  (logic 0.257ns (36.690%)  route 0.443ns (63.310%))
  Logic Levels:           1  (IBUF=1)
  Clock Path Skew:        3.427ns (DCD - SCD - CPR)
    Destination Clock Delay (DCD):    3.427ns
    Source Clock Delay      (SCD):    0.000ns
    Clock Pessimism Removal (CPR):    -0.000ns
  Timing Exception:       False Path

    Location             Delay type                Incr(ns)  Path(ns)    Netlist Resource(s)
  -------------------------------------------------------------------    -------------------
    K18                                               0.000     0.000 f  btn0 (IN)
                         net (fo=0)                   0.000     0.000    btn0
    K18                  IBUF (Prop_ibuf_I_O)         0.257     0.257 f  btn0_IBUF_inst/O
                         net (fo=5, routed)           0.443     0.699    u_hdmi/U0/LockLostReset/SyncAsyncx/AS[0]
    SLICE_X43Y74         FDPE                                         f  u_hdmi/U0/LockLostReset/SyncAsyncx/oSyncStages_reg[0]/PRE
  -------------------------------------------------------------------    -------------------

                         (clock clkout0 rise edge)    0.000     0.000 r  
    K17                                               0.000     0.000 r  clk (IN)
                         net (fo=0)                   0.000     0.000    clk
    K17                  IBUF (Prop_ibuf_I_O)         0.447     0.447 r  clk_IBUF_inst/O
                         net (fo=1, routed)           0.683     1.130    clk_IBUF
    BUFGCTRL_X0Y16       BUFG (Prop_bufg_I_O)         0.029     1.159 r  clk_IBUF_BUFG_inst/O
                         net (fo=288, routed)         0.814     1.973    u_pclk/CLK
    MMCME2_ADV_X0Y0      MMCME2_ADV (Prop_mmcme2_adv_CLKIN1_CLKOUT0)
                                                      0.053     2.026 r  u_pclk/u_mmcm/CLKOUT0
                         net (fo=1, routed)           0.528     2.554    u_pclk/clkout0
    BUFGCTRL_X0Y1        BUFG (Prop_bufg_I_O)         0.029     2.583 r  u_pclk/u_bufg/O
                         net (fo=218, routed)         0.844     3.427    u_hdmi/U0/LockLostReset/SyncAsyncx/PixelClk
    SLICE_X43Y74         FDPE                                         r  u_hdmi/U0/LockLostReset/SyncAsyncx/oSyncStages_reg[0]/C

Slack:                    inf
  Source:                 btn0
                            (input port)
  Destination:            u_hdmi/U0/LockLostReset/SyncAsyncx/oSyncStages_reg[1]/PRE
                            (removal check against rising-edge clock clkout0  {rise@0.000ns fall@20.000ns period=40.000ns})
  Path Group:             (none)
  Path Type:              Removal (Min at Fast Process Corner)
  Data Path Delay:        0.699ns  (logic 0.257ns (36.690%)  route 0.443ns (63.310%))
  Logic Levels:           1  (IBUF=1)
  Clock Path Skew:        3.427ns (DCD - SCD - CPR)
    Destination Clock Delay (DCD):    3.427ns
    Source Clock Delay      (SCD):    0.000ns
    Clock Pessimism Removal (CPR):    -0.000ns
  Timing Exception:       False Path

    Location             Delay type                Incr(ns)  Path(ns)    Netlist Resource(s)
  -------------------------------------------------------------------    -------------------
    K18                                               0.000     0.000 f  btn0 (IN)
                         net (fo=0)                   0.000     0.000    btn0
    K18                  IBUF (Prop_ibuf_I_O)         0.257     0.257 f  btn0_IBUF_inst/O
                         net (fo=5, routed)           0.443     0.699    u_hdmi/U0/LockLostReset/SyncAsyncx/AS[0]
    SLICE_X43Y74         FDPE                                         f  u_hdmi/U0/LockLostReset/SyncAsyncx/oSyncStages_reg[1]/PRE
  -------------------------------------------------------------------    -------------------

                         (clock clkout0 rise edge)    0.000     0.000 r  
    K17                                               0.000     0.000 r  clk (IN)
                         net (fo=0)                   0.000     0.000    clk
    K17                  IBUF (Prop_ibuf_I_O)         0.447     0.447 r  clk_IBUF_inst/O
                         net (fo=1, routed)           0.683     1.130    clk_IBUF
    BUFGCTRL_X0Y16       BUFG (Prop_bufg_I_O)         0.029     1.159 r  clk_IBUF_BUFG_inst/O
                         net (fo=288, routed)         0.814     1.973    u_pclk/CLK
    MMCME2_ADV_X0Y0      MMCME2_ADV (Prop_mmcme2_adv_CLKIN1_CLKOUT0)
                                                      0.053     2.026 r  u_pclk/u_mmcm/CLKOUT0
                         net (fo=1, routed)           0.528     2.554    u_pclk/clkout0
    BUFGCTRL_X0Y1        BUFG (Prop_bufg_I_O)         0.029     2.583 r  u_pclk/u_bufg/O
                         net (fo=218, routed)         0.844     3.427    u_hdmi/U0/LockLostReset/SyncAsyncx/PixelClk
    SLICE_X43Y74         FDPE                                         r  u_hdmi/U0/LockLostReset/SyncAsyncx/oSyncStages_reg[1]/C





--------------------------------------------------------------------------------------
Path Group:  (none)
From Clock:  clk_fpga_0
  To Clock:  clkout0

Max Delay            15 Endpoints
Min Delay            15 Endpoints
--------------------------------------------------------------------------------------


Max Delay Paths
--------------------------------------------------------------------------------------
Slack:                    inf
  Source:                 u_ctrl/u_s00_axi/slv_reg2_reg[6]/C
                            (rising edge-triggered cell FDRE clocked by clk_fpga_0  {rise@0.000ns fall@5.000ns period=10.000ns})
  Destination:            u_scene/u_scene2/g_reg[1]/D
                            (rising edge-triggered cell FDCE clocked by clkout0  {rise@0.000ns fall@20.000ns period=40.000ns})
  Path Group:             (none)
  Path Type:              Setup (Max at Slow Process Corner)
  Data Path Delay:        13.898ns  (logic 5.777ns (41.566%)  route 8.121ns (58.434%))
  Logic Levels:           11  (CARRY4=4 DSP48E1=1 LUT3=1 LUT4=1 LUT5=1 LUT6=3)
  Clock Path Skew:        5.153ns (DCD - SCD + CPR)
    Destination Clock Delay (DCD):    8.135ns
    Source Clock Delay      (SCD):    2.982ns
    Clock Pessimism Removal (CPR):    0.000ns
  Clock Uncertainty:      0.271ns  ((TSJ^2 + TIJ^2 + DJ^2)^1/2) / 2 + PE
    Total System Jitter     (TSJ):    0.071ns
    Total Input Jitter      (TIJ):    0.300ns
    Discrete Jitter          (DJ):    0.161ns
    Phase Error              (PE):    0.097ns
  Timing Exception:       False Path

    Location             Delay type                Incr(ns)  Path(ns)    Netlist Resource(s)
  -------------------------------------------------------------------    -------------------
                         (clock clk_fpga_0 rise edge)
                                                      0.000     0.000 r  
    PS7_X0Y0             PS7                          0.000     0.000 r  u_ps/design_1_i/processing_system7_0/inst/PS7_i/FCLKCLK[0]
                         net (fo=1, routed)           1.207     1.207    u_ps/design_1_i/processing_system7_0/inst/FCLK_CLK_unbuffered[0]
    BUFGCTRL_X0Y0        BUFG (Prop_bufg_I_O)         0.101     1.308 r  u_ps/design_1_i/processing_system7_0/inst/buffer_fclk_clk_0.FCLK_CLK_0_BUFG/O
                         net (fo=6511, routed)        1.674     2.982    u_ctrl/u_s00_axi/CLK
    SLICE_X34Y46         FDRE                                         r  u_ctrl/u_s00_axi/slv_reg2_reg[6]/C
  -------------------------------------------------------------------    -------------------
    SLICE_X34Y46         FDRE (Prop_fdre_C_Q)         0.478     3.460 r  u_ctrl/u_s00_axi/slv_reg2_reg[6]/Q
                         net (fo=3, routed)           1.391     4.851    u_scene/u_scene2/Q[6]
    DSP48_X1Y24          DSP48E1 (Prop_dsp48e1_B[6]_P[20])
                                                      3.828     8.679 f  u_scene/u_scene2/scaled_energy/P[20]
                         net (fo=5, routed)           1.695    10.374    u_scene/u_scene2/scaled_energy__0[20]
    SLICE_X32Y64         LUT4 (Prop_lut4_I0_O)        0.124    10.498 r  u_scene/u_scene2/in_bar_carry_i_14/O
                         net (fo=1, routed)           0.670    11.168    u_scene/u_scene2/in_bar_carry_i_14_n_0
    SLICE_X32Y64         LUT6 (Prop_lut6_I3_O)        0.124    11.292 f  u_scene/u_scene2/in_bar_carry_i_13/O
                         net (fo=2, routed)           0.601    11.893    u_scene/u_scene2/in_bar_carry_i_13_n_0
    SLICE_X32Y65         LUT5 (Prop_lut5_I3_O)        0.124    12.017 r  u_scene/u_scene2/in_bar_carry_i_9/O
                         net (fo=2, routed)           0.835    12.852    u_scene/u_scene2/in_bar_carry_i_9_n_0
    SLICE_X31Y65         LUT6 (Prop_lut6_I0_O)        0.124    12.976 r  u_scene/u_scene2/in_bar_carry_i_1/O
                         net (fo=1, routed)           0.471    13.447    u_scene/u_scene2/in_bar_carry_i_1_n_0
    SLICE_X31Y66         CARRY4 (Prop_carry4_DI[3]_CO[3])
                                                      0.385    13.832 r  u_scene/u_scene2/in_bar_carry/CO[3]
                         net (fo=1, routed)           0.000    13.832    u_scene/u_scene2/in_bar_carry_n_0
    SLICE_X31Y67         CARRY4 (Prop_carry4_CI_CO[3])
                                                      0.114    13.946 r  u_scene/u_scene2/in_bar_carry__0/CO[3]
                         net (fo=1, routed)           0.000    13.946    u_scene/u_scene2/in_bar_carry__0_n_0
    SLICE_X31Y68         CARRY4 (Prop_carry4_CI_CO[3])
                                                      0.114    14.060 r  u_scene/u_scene2/in_bar_carry__1/CO[3]
                         net (fo=1, routed)           0.000    14.060    u_scene/u_scene2/in_bar_carry__1_n_0
    SLICE_X31Y69         CARRY4 (Prop_carry4_CI_CO[3])
                                                      0.114    14.174 r  u_scene/u_scene2/in_bar_carry__2/CO[3]
                         net (fo=1, routed)           1.372    15.546    u_scene/u_scene2/in_bar
    SLICE_X39Y70         LUT6 (Prop_lut6_I5_O)        0.124    15.670 r  u_scene/u_scene2/r[0]_i_1__0/O
                         net (fo=3, routed)           1.086    16.756    u_scene/u_scene2/r[0]_i_1__0_n_0
    SLICE_X32Y68         LUT3 (Prop_lut3_I0_O)        0.124    16.880 r  u_scene/u_scene2/g[1]_i_1/O
                         net (fo=1, routed)           0.000    16.880    u_scene/u_scene2/g[1]_i_1_n_0
    SLICE_X32Y68         FDCE                                         r  u_scene/u_scene2/g_reg[1]/D
  -------------------------------------------------------------------    -------------------

                         (clock clkout0 rise edge)    0.000     0.000 r  
    K17                                               0.000     0.000 r  clk (IN)
                         net (fo=0)                   0.000     0.000    clk
    K17                  IBUF (Prop_ibuf_I_O)         1.421     1.421 r  clk_IBUF_inst/O
                         net (fo=1, routed)           1.880     3.301    clk_IBUF
    BUFGCTRL_X0Y16       BUFG (Prop_bufg_I_O)         0.091     3.392 r  clk_IBUF_BUFG_inst/O
                         net (fo=288, routed)         1.490     4.883    u_pclk/CLK
    MMCME2_ADV_X0Y0      MMCME2_ADV (Prop_mmcme2_adv_CLKIN1_CLKOUT0)
                                                      0.083     4.966 r  u_pclk/u_mmcm/CLKOUT0
                         net (fo=1, routed)           1.599     6.565    u_pclk/clkout0
    BUFGCTRL_X0Y1        BUFG (Prop_bufg_I_O)         0.091     6.656 r  u_pclk/u_bufg/O
                         net (fo=218, routed)         1.480     8.135    u_scene/u_scene2/pixel_clk
    SLICE_X32Y68         FDCE                                         r  u_scene/u_scene2/g_reg[1]/C

Slack:                    inf
  Source:                 u_ctrl/u_s00_axi/slv_reg2_reg[6]/C
                            (rising edge-triggered cell FDRE clocked by clk_fpga_0  {rise@0.000ns fall@5.000ns period=10.000ns})
  Destination:            u_scene/u_scene2/g_reg[0]/D
                            (rising edge-triggered cell FDCE clocked by clkout0  {rise@0.000ns fall@20.000ns period=40.000ns})
  Path Group:             (none)
  Path Type:              Setup (Max at Slow Process Corner)
  Data Path Delay:        13.523ns  (logic 5.777ns (42.719%)  route 7.746ns (57.281%))
  Logic Levels:           11  (CARRY4=4 DSP48E1=1 LUT3=1 LUT4=1 LUT5=1 LUT6=3)
  Clock Path Skew:        5.153ns (DCD - SCD + CPR)
    Destination Clock Delay (DCD):    8.135ns
    Source Clock Delay      (SCD):    2.982ns
    Clock Pessimism Removal (CPR):    0.000ns
  Clock Uncertainty:      0.271ns  ((TSJ^2 + TIJ^2 + DJ^2)^1/2) / 2 + PE
    Total System Jitter     (TSJ):    0.071ns
    Total Input Jitter      (TIJ):    0.300ns
    Discrete Jitter          (DJ):    0.161ns
    Phase Error              (PE):    0.097ns
  Timing Exception:       False Path

    Location             Delay type                Incr(ns)  Path(ns)    Netlist Resource(s)
  -------------------------------------------------------------------    -------------------
                         (clock clk_fpga_0 rise edge)
                                                      0.000     0.000 r  
    PS7_X0Y0             PS7                          0.000     0.000 r  u_ps/design_1_i/processing_system7_0/inst/PS7_i/FCLKCLK[0]
                         net (fo=1, routed)           1.207     1.207    u_ps/design_1_i/processing_system7_0/inst/FCLK_CLK_unbuffered[0]
    BUFGCTRL_X0Y0        BUFG (Prop_bufg_I_O)         0.101     1.308 r  u_ps/design_1_i/processing_system7_0/inst/buffer_fclk_clk_0.FCLK_CLK_0_BUFG/O
                         net (fo=6511, routed)        1.674     2.982    u_ctrl/u_s00_axi/CLK
    SLICE_X34Y46         FDRE                                         r  u_ctrl/u_s00_axi/slv_reg2_reg[6]/C
  -------------------------------------------------------------------    -------------------
    SLICE_X34Y46         FDRE (Prop_fdre_C_Q)         0.478     3.460 r  u_ctrl/u_s00_axi/slv_reg2_reg[6]/Q
                         net (fo=3, routed)           1.391     4.851    u_scene/u_scene2/Q[6]
    DSP48_X1Y24          DSP48E1 (Prop_dsp48e1_B[6]_P[20])
                                                      3.828     8.679 f  u_scene/u_scene2/scaled_energy/P[20]
                         net (fo=5, routed)           1.695    10.374    u_scene/u_scene2/scaled_energy__0[20]
    SLICE_X32Y64         LUT4 (Prop_lut4_I0_O)        0.124    10.498 r  u_scene/u_scene2/in_bar_carry_i_14/O
                         net (fo=1, routed)           0.670    11.168    u_scene/u_scene2/in_bar_carry_i_14_n_0
    SLICE_X32Y64         LUT6 (Prop_lut6_I3_O)        0.124    11.292 f  u_scene/u_scene2/in_bar_carry_i_13/O
                         net (fo=2, routed)           0.601    11.893    u_scene/u_scene2/in_bar_carry_i_13_n_0
    SLICE_X32Y65         LUT5 (Prop_lut5_I3_O)        0.124    12.017 r  u_scene/u_scene2/in_bar_carry_i_9/O
                         net (fo=2, routed)           0.835    12.852    u_scene/u_scene2/in_bar_carry_i_9_n_0
    SLICE_X31Y65         LUT6 (Prop_lut6_I0_O)        0.124    12.976 r  u_scene/u_scene2/in_bar_carry_i_1/O
                         net (fo=1, routed)           0.471    13.447    u_scene/u_scene2/in_bar_carry_i_1_n_0
    SLICE_X31Y66         CARRY4 (Prop_carry4_DI[3]_CO[3])
                                                      0.385    13.832 r  u_scene/u_scene2/in_bar_carry/CO[3]
                         net (fo=1, routed)           0.000    13.832    u_scene/u_scene2/in_bar_carry_n_0
    SLICE_X31Y67         CARRY4 (Prop_carry4_CI_CO[3])
                                                      0.114    13.946 r  u_scene/u_scene2/in_bar_carry__0/CO[3]
                         net (fo=1, routed)           0.000    13.946    u_scene/u_scene2/in_bar_carry__0_n_0
    SLICE_X31Y68         CARRY4 (Prop_carry4_CI_CO[3])
                                                      0.114    14.060 r  u_scene/u_scene2/in_bar_carry__1/CO[3]
                         net (fo=1, routed)           0.000    14.060    u_scene/u_scene2/in_bar_carry__1_n_0
    SLICE_X31Y69         CARRY4 (Prop_carry4_CI_CO[3])
                                                      0.114    14.174 r  u_scene/u_scene2/in_bar_carry__2/CO[3]
                         net (fo=1, routed)           1.372    15.546    u_scene/u_scene2/in_bar
    SLICE_X39Y70         LUT6 (Prop_lut6_I5_O)        0.124    15.670 r  u_scene/u_scene2/r[0]_i_1__0/O
                         net (fo=3, routed)           0.711    16.381    u_scene/u_scene2/r[0]_i_1__0_n_0
    SLICE_X32Y68         LUT3 (Prop_lut3_I0_O)        0.124    16.505 r  u_scene/u_scene2/g[0]_i_1/O
                         net (fo=1, routed)           0.000    16.505    u_scene/u_scene2/g[0]_i_1_n_0
    SLICE_X32Y68         FDCE                                         r  u_scene/u_scene2/g_reg[0]/D
  -------------------------------------------------------------------    -------------------

                         (clock clkout0 rise edge)    0.000     0.000 r  
    K17                                               0.000     0.000 r  clk (IN)
                         net (fo=0)                   0.000     0.000    clk
    K17                  IBUF (Prop_ibuf_I_O)         1.421     1.421 r  clk_IBUF_inst/O
                         net (fo=1, routed)           1.880     3.301    clk_IBUF
    BUFGCTRL_X0Y16       BUFG (Prop_bufg_I_O)         0.091     3.392 r  clk_IBUF_BUFG_inst/O
                         net (fo=288, routed)         1.490     4.883    u_pclk/CLK
    MMCME2_ADV_X0Y0      MMCME2_ADV (Prop_mmcme2_adv_CLKIN1_CLKOUT0)
                                                      0.083     4.966 r  u_pclk/u_mmcm/CLKOUT0
                         net (fo=1, routed)           1.599     6.565    u_pclk/clkout0
    BUFGCTRL_X0Y1        BUFG (Prop_bufg_I_O)         0.091     6.656 r  u_pclk/u_bufg/O
                         net (fo=218, routed)         1.480     8.135    u_scene/u_scene2/pixel_clk
    SLICE_X32Y68         FDCE                                         r  u_scene/u_scene2/g_reg[0]/C

Slack:                    inf
  Source:                 u_ctrl/u_s00_axi/slv_reg2_reg[6]/C
                            (rising edge-triggered cell FDRE clocked by clk_fpga_0  {rise@0.000ns fall@5.000ns period=10.000ns})
  Destination:            u_scene/u_scene2/r_reg[0]/D
                            (rising edge-triggered cell FDCE clocked by clkout0  {rise@0.000ns fall@20.000ns period=40.000ns})
  Path Group:             (none)
  Path Type:              Setup (Max at Slow Process Corner)
  Data Path Delay:        13.024ns  (logic 5.653ns (43.403%)  route 7.371ns (56.597%))
  Logic Levels:           10  (CARRY4=4 DSP48E1=1 LUT4=1 LUT5=1 LUT6=3)
  Clock Path Skew:        5.227ns (DCD - SCD + CPR)
    Destination Clock Delay (DCD):    8.209ns
    Source Clock Delay      (SCD):    2.982ns
    Clock Pessimism Removal (CPR):    0.000ns
  Clock Uncertainty:      0.271ns  ((TSJ^2 + TIJ^2 + DJ^2)^1/2) / 2 + PE
    Total System Jitter     (TSJ):    0.071ns
    Total Input Jitter      (TIJ):    0.300ns
    Discrete Jitter          (DJ):    0.161ns
    Phase Error              (PE):    0.097ns
  Timing Exception:       False Path

    Location             Delay type                Incr(ns)  Path(ns)    Netlist Resource(s)
  -------------------------------------------------------------------    -------------------
                         (clock clk_fpga_0 rise edge)
                                                      0.000     0.000 r  
    PS7_X0Y0             PS7                          0.000     0.000 r  u_ps/design_1_i/processing_system7_0/inst/PS7_i/FCLKCLK[0]
                         net (fo=1, routed)           1.207     1.207    u_ps/design_1_i/processing_system7_0/inst/FCLK_CLK_unbuffered[0]
    BUFGCTRL_X0Y0        BUFG (Prop_bufg_I_O)         0.101     1.308 r  u_ps/design_1_i/processing_system7_0/inst/buffer_fclk_clk_0.FCLK_CLK_0_BUFG/O
                         net (fo=6511, routed)        1.674     2.982    u_ctrl/u_s00_axi/CLK
    SLICE_X34Y46         FDRE                                         r  u_ctrl/u_s00_axi/slv_reg2_reg[6]/C
  -------------------------------------------------------------------    -------------------
    SLICE_X34Y46         FDRE (Prop_fdre_C_Q)         0.478     3.460 r  u_ctrl/u_s00_axi/slv_reg2_reg[6]/Q
                         net (fo=3, routed)           1.391     4.851    u_scene/u_scene2/Q[6]
    DSP48_X1Y24          DSP48E1 (Prop_dsp48e1_B[6]_P[20])
                                                      3.828     8.679 f  u_scene/u_scene2/scaled_energy/P[20]
                         net (fo=5, routed)           1.695    10.374    u_scene/u_scene2/scaled_energy__0[20]
    SLICE_X32Y64         LUT4 (Prop_lut4_I0_O)        0.124    10.498 r  u_scene/u_scene2/in_bar_carry_i_14/O
                         net (fo=1, routed)           0.670    11.168    u_scene/u_scene2/in_bar_carry_i_14_n_0
    SLICE_X32Y64         LUT6 (Prop_lut6_I3_O)        0.124    11.292 f  u_scene/u_scene2/in_bar_carry_i_13/O
                         net (fo=2, routed)           0.601    11.893    u_scene/u_scene2/in_bar_carry_i_13_n_0
    SLICE_X32Y65         LUT5 (Prop_lut5_I3_O)        0.124    12.017 r  u_scene/u_scene2/in_bar_carry_i_9/O
                         net (fo=2, routed)           0.835    12.852    u_scene/u_scene2/in_bar_carry_i_9_n_0
    SLICE_X31Y65         LUT6 (Prop_lut6_I0_O)        0.124    12.976 r  u_scene/u_scene2/in_bar_carry_i_1/O
                         net (fo=1, routed)           0.471    13.447    u_scene/u_scene2/in_bar_carry_i_1_n_0
    SLICE_X31Y66         CARRY4 (Prop_carry4_DI[3]_CO[3])
                                                      0.385    13.832 r  u_scene/u_scene2/in_bar_carry/CO[3]
                         net (fo=1, routed)           0.000    13.832    u_scene/u_scene2/in_bar_carry_n_0
    SLICE_X31Y67         CARRY4 (Prop_carry4_CI_CO[3])
                                                      0.114    13.946 r  u_scene/u_scene2/in_bar_carry__0/CO[3]
                         net (fo=1, routed)           0.000    13.946    u_scene/u_scene2/in_bar_carry__0_n_0
    SLICE_X31Y68         CARRY4 (Prop_carry4_CI_CO[3])
                                                      0.114    14.060 r  u_scene/u_scene2/in_bar_carry__1/CO[3]
                         net (fo=1, routed)           0.000    14.060    u_scene/u_scene2/in_bar_carry__1_n_0
    SLICE_X31Y69         CARRY4 (Prop_carry4_CI_CO[3])
                                                      0.114    14.174 r  u_scene/u_scene2/in_bar_carry__2/CO[3]
                         net (fo=1, routed)           1.372    15.546    u_scene/u_scene2/in_bar
    SLICE_X39Y70         LUT6 (Prop_lut6_I5_O)        0.124    15.670 r  u_scene/u_scene2/r[0]_i_1__0/O
                         net (fo=3, routed)           0.336    16.006    u_scene/u_scene2/r[0]_i_1__0_n_0
    SLICE_X37Y70         FDCE                                         r  u_scene/u_scene2/r_reg[0]/D
  -------------------------------------------------------------------    -------------------

                         (clock clkout0 rise edge)    0.000     0.000 r  
    K17                                               0.000     0.000 r  clk (IN)
                         net (fo=0)                   0.000     0.000    clk
    K17                  IBUF (Prop_ibuf_I_O)         1.421     1.421 r  clk_IBUF_inst/O
                         net (fo=1, routed)           1.880     3.301    clk_IBUF
    BUFGCTRL_X0Y16       BUFG (Prop_bufg_I_O)         0.091     3.392 r  clk_IBUF_BUFG_inst/O
                         net (fo=288, routed)         1.490     4.883    u_pclk/CLK
    MMCME2_ADV_X0Y0      MMCME2_ADV (Prop_mmcme2_adv_CLKIN1_CLKOUT0)
                                                      0.083     4.966 r  u_pclk/u_mmcm/CLKOUT0
                         net (fo=1, routed)           1.599     6.565    u_pclk/clkout0
    BUFGCTRL_X0Y1        BUFG (Prop_bufg_I_O)         0.091     6.656 r  u_pclk/u_bufg/O
                         net (fo=218, routed)         1.554     8.209    u_scene/u_scene2/pixel_clk
    SLICE_X37Y70         FDCE                                         r  u_scene/u_scene2/r_reg[0]/C

Slack:                    inf
  Source:                 u_ctrl/u_s00_axi/slv_reg2_reg[6]/C
                            (rising edge-triggered cell FDRE clocked by clk_fpga_0  {rise@0.000ns fall@5.000ns period=10.000ns})
  Destination:            u_scene/u_scene4/g_reg[0]/D
                            (rising edge-triggered cell FDCE clocked by clkout0  {rise@0.000ns fall@20.000ns period=40.000ns})
  Path Group:             (none)
  Path Type:              Setup (Max at Slow Process Corner)
  Data Path Delay:        11.580ns  (logic 5.799ns (50.078%)  route 5.781ns (49.922%))
  Logic Levels:           8  (CARRY4=2 DSP48E1=1 LUT3=1 LUT4=1 LUT5=3)
  Clock Path Skew:        5.223ns (DCD - SCD + CPR)
    Destination Clock Delay (DCD):    8.205ns
    Source Clock Delay      (SCD):    2.982ns
    Clock Pessimism Removal (CPR):    0.000ns
  Clock Uncertainty:      0.271ns  ((TSJ^2 + TIJ^2 + DJ^2)^1/2) / 2 + PE
    Total System Jitter     (TSJ):    0.071ns
    Total Input Jitter      (TIJ):    0.300ns
    Discrete Jitter          (DJ):    0.161ns
    Phase Error              (PE):    0.097ns
  Timing Exception:       False Path

    Location             Delay type                Incr(ns)  Path(ns)    Netlist Resource(s)
  -------------------------------------------------------------------    -------------------
                         (clock clk_fpga_0 rise edge)
                                                      0.000     0.000 r  
    PS7_X0Y0             PS7                          0.000     0.000 r  u_ps/design_1_i/processing_system7_0/inst/PS7_i/FCLKCLK[0]
                         net (fo=1, routed)           1.207     1.207    u_ps/design_1_i/processing_system7_0/inst/FCLK_CLK_unbuffered[0]
    BUFGCTRL_X0Y0        BUFG (Prop_bufg_I_O)         0.101     1.308 r  u_ps/design_1_i/processing_system7_0/inst/buffer_fclk_clk_0.FCLK_CLK_0_BUFG/O
                         net (fo=6511, routed)        1.674     2.982    u_ctrl/u_s00_axi/CLK
    SLICE_X34Y46         FDRE                                         r  u_ctrl/u_s00_axi/slv_reg2_reg[6]/C
  -------------------------------------------------------------------    -------------------
    SLICE_X34Y46         FDRE (Prop_fdre_C_Q)         0.478     3.460 r  u_ctrl/u_s00_axi/slv_reg2_reg[6]/Q
                         net (fo=3, routed)           1.391     4.851    u_scene/u_scene4/Q[6]
    DSP48_X1Y25          DSP48E1 (Prop_dsp48e1_B[6]_P[20])
                                                      3.828     8.679 r  u_scene/u_scene4/scaled/P[20]
                         net (fo=3, routed)           1.294     9.973    u_scene/u_scene4/scaled__0[20]
    SLICE_X33Y64         LUT3 (Prop_lut3_I2_O)        0.124    10.097 f  u_scene/u_scene4/in_bar_carry_i_13__0/O
                         net (fo=1, routed)           0.154    10.251    u_scene/u_scene4/in_bar_carry_i_13__0_n_0
    SLICE_X33Y64         LUT5 (Prop_lut5_I3_O)        0.124    10.375 r  u_scene/u_scene4/in_bar_carry_i_9__0/O
                         net (fo=8, routed)           0.889    11.264    u_scene/u_scene4/in_bar_carry_i_9__0_n_0
    SLICE_X34Y65         LUT5 (Prop_lut5_I3_O)        0.124    11.388 r  u_scene/u_scene4/in_bar_carry_i_5__0/O
                         net (fo=1, routed)           0.000    11.388    u_scene/u_scene4/in_bar_carry_i_5__0_n_0
    SLICE_X34Y65         CARRY4 (Prop_carry4_S[3]_CO[3])
                                                      0.376    11.764 r  u_scene/u_scene4/in_bar_carry/CO[3]
                         net (fo=1, routed)           0.000    11.764    u_scene/u_scene4/in_bar_carry_n_0
    SLICE_X34Y66         CARRY4 (Prop_carry4_CI_CO[0])
                                                      0.254    12.018 f  u_scene/u_scene4/in_bar_carry__0/CO[0]
                         net (fo=10, routed)          0.870    12.888    u_sync/b_reg[3]_0[0]
    SLICE_X35Y70         LUT5 (Prop_lut5_I4_O)        0.367    13.255 r  u_sync/r[0]_i_2__0/O
                         net (fo=3, routed)           1.183    14.438    u_sync/r[0]_i_2__0_n_0
    SLICE_X36Y73         LUT4 (Prop_lut4_I3_O)        0.124    14.562 r  u_sync/g[0]_i_1__1/O
                         net (fo=1, routed)           0.000    14.562    u_scene/u_scene4/g_reg[3]_1[0]
    SLICE_X36Y73         FDCE                                         r  u_scene/u_scene4/g_reg[0]/D
  -------------------------------------------------------------------    -------------------

                         (clock clkout0 rise edge)    0.000     0.000 r  
    K17                                               0.000     0.000 r  clk (IN)
                         net (fo=0)                   0.000     0.000    clk
    K17                  IBUF (Prop_ibuf_I_O)         1.421     1.421 r  clk_IBUF_inst/O
                         net (fo=1, routed)           1.880     3.301    clk_IBUF
    BUFGCTRL_X0Y16       BUFG (Prop_bufg_I_O)         0.091     3.392 r  clk_IBUF_BUFG_inst/O
                         net (fo=288, routed)         1.490     4.883    u_pclk/CLK
    MMCME2_ADV_X0Y0      MMCME2_ADV (Prop_mmcme2_adv_CLKIN1_CLKOUT0)
                                                      0.083     4.966 r  u_pclk/u_mmcm/CLKOUT0
                         net (fo=1, routed)           1.599     6.565    u_pclk/clkout0
    BUFGCTRL_X0Y1        BUFG (Prop_bufg_I_O)         0.091     6.656 r  u_pclk/u_bufg/O
                         net (fo=218, routed)         1.550     8.205    u_scene/u_scene4/pixel_clk
    SLICE_X36Y73         FDCE                                         r  u_scene/u_scene4/g_reg[0]/C

Slack:                    inf
  Source:                 u_ctrl/u_s00_axi/slv_reg2_reg[6]/C
                            (rising edge-triggered cell FDRE clocked by clk_fpga_0  {rise@0.000ns fall@5.000ns period=10.000ns})
  Destination:            u_scene/u_scene4/r_reg[0]/D
                            (rising edge-triggered cell FDCE clocked by clkout0  {rise@0.000ns fall@20.000ns period=40.000ns})
  Path Group:             (none)
  Path Type:              Setup (Max at Slow Process Corner)
  Data Path Delay:        11.515ns  (logic 5.799ns (50.361%)  route 5.716ns (49.639%))
  Logic Levels:           8  (CARRY4=2 DSP48E1=1 LUT3=1 LUT4=1 LUT5=3)
  Clock Path Skew:        5.223ns (DCD - SCD + CPR)
    Destination Clock Delay (DCD):    8.205ns
    Source Clock Delay      (SCD):    2.982ns
    Clock Pessimism Removal (CPR):    0.000ns
  Clock Uncertainty:      0.271ns  ((TSJ^2 + TIJ^2 + DJ^2)^1/2) / 2 + PE
    Total System Jitter     (TSJ):    0.071ns
    Total Input Jitter      (TIJ):    0.300ns
    Discrete Jitter          (DJ):    0.161ns
    Phase Error              (PE):    0.097ns
  Timing Exception:       False Path

    Location             Delay type                Incr(ns)  Path(ns)    Netlist Resource(s)
  -------------------------------------------------------------------    -------------------
                         (clock clk_fpga_0 rise edge)
                                                      0.000     0.000 r  
    PS7_X0Y0             PS7                          0.000     0.000 r  u_ps/design_1_i/processing_system7_0/inst/PS7_i/FCLKCLK[0]
                         net (fo=1, routed)           1.207     1.207    u_ps/design_1_i/processing_system7_0/inst/FCLK_CLK_unbuffered[0]
    BUFGCTRL_X0Y0        BUFG (Prop_bufg_I_O)         0.101     1.308 r  u_ps/design_1_i/processing_system7_0/inst/buffer_fclk_clk_0.FCLK_CLK_0_BUFG/O
                         net (fo=6511, routed)        1.674     2.982    u_ctrl/u_s00_axi/CLK
    SLICE_X34Y46         FDRE                                         r  u_ctrl/u_s00_axi/slv_reg2_reg[6]/C
  -------------------------------------------------------------------    -------------------
    SLICE_X34Y46         FDRE (Prop_fdre_C_Q)         0.478     3.460 r  u_ctrl/u_s00_axi/slv_reg2_reg[6]/Q
                         net (fo=3, routed)           1.391     4.851    u_scene/u_scene4/Q[6]
    DSP48_X1Y25          DSP48E1 (Prop_dsp48e1_B[6]_P[20])
                                                      3.828     8.679 r  u_scene/u_scene4/scaled/P[20]
                         net (fo=3, routed)           1.294     9.973    u_scene/u_scene4/scaled__0[20]
    SLICE_X33Y64         LUT3 (Prop_lut3_I2_O)        0.124    10.097 f  u_scene/u_scene4/in_bar_carry_i_13__0/O
                         net (fo=1, routed)           0.154    10.251    u_scene/u_scene4/in_bar_carry_i_13__0_n_0
    SLICE_X33Y64         LUT5 (Prop_lut5_I3_O)        0.124    10.375 r  u_scene/u_scene4/in_bar_carry_i_9__0/O
                         net (fo=8, routed)           0.889    11.264    u_scene/u_scene4/in_bar_carry_i_9__0_n_0
    SLICE_X34Y65         LUT5 (Prop_lut5_I3_O)        0.124    11.388 r  u_scene/u_scene4/in_bar_carry_i_5__0/O
                         net (fo=1, routed)           0.000    11.388    u_scene/u_scene4/in_bar_carry_i_5__0_n_0
    SLICE_X34Y65         CARRY4 (Prop_carry4_S[3]_CO[3])
                                                      0.376    11.764 r  u_scene/u_scene4/in_bar_carry/CO[3]
                         net (fo=1, routed)           0.000    11.764    u_scene/u_scene4/in_bar_carry_n_0
    SLICE_X34Y66         CARRY4 (Prop_carry4_CI_CO[0])
                                                      0.254    12.018 f  u_scene/u_scene4/in_bar_carry__0/CO[0]
                         net (fo=10, routed)          0.870    12.888    u_sync/b_reg[3]_0[0]
    SLICE_X35Y70         LUT5 (Prop_lut5_I4_O)        0.367    13.255 r  u_sync/r[0]_i_2__0/O
                         net (fo=3, routed)           1.118    14.373    u_sync/r[0]_i_2__0_n_0
    SLICE_X37Y73         LUT4 (Prop_lut4_I1_O)        0.124    14.497 r  u_sync/r[0]_i_1__2/O
                         net (fo=1, routed)           0.000    14.497    u_scene/u_scene4/r_reg[3]_1[0]
    SLICE_X37Y73         FDCE                                         r  u_scene/u_scene4/r_reg[0]/D
  -------------------------------------------------------------------    -------------------

                         (clock clkout0 rise edge)    0.000     0.000 r  
    K17                                               0.000     0.000 r  clk (IN)
                         net (fo=0)                   0.000     0.000    clk
    K17                  IBUF (Prop_ibuf_I_O)         1.421     1.421 r  clk_IBUF_inst/O
                         net (fo=1, routed)           1.880     3.301    clk_IBUF
    BUFGCTRL_X0Y16       BUFG (Prop_bufg_I_O)         0.091     3.392 r  clk_IBUF_BUFG_inst/O
                         net (fo=288, routed)         1.490     4.883    u_pclk/CLK
    MMCME2_ADV_X0Y0      MMCME2_ADV (Prop_mmcme2_adv_CLKIN1_CLKOUT0)
                                                      0.083     4.966 r  u_pclk/u_mmcm/CLKOUT0
                         net (fo=1, routed)           1.599     6.565    u_pclk/clkout0
    BUFGCTRL_X0Y1        BUFG (Prop_bufg_I_O)         0.091     6.656 r  u_pclk/u_bufg/O
                         net (fo=218, routed)         1.550     8.205    u_scene/u_scene4/pixel_clk
    SLICE_X37Y73         FDCE                                         r  u_scene/u_scene4/r_reg[0]/C

Slack:                    inf
  Source:                 u_ctrl/u_s00_axi/slv_reg2_reg[6]/C
                            (rising edge-triggered cell FDRE clocked by clk_fpga_0  {rise@0.000ns fall@5.000ns period=10.000ns})
  Destination:            u_scene/u_scene4/b_reg[3]/D
                            (rising edge-triggered cell FDCE clocked by clkout0  {rise@0.000ns fall@20.000ns period=40.000ns})
  Path Group:             (none)
  Path Type:              Setup (Max at Slow Process Corner)
  Data Path Delay:        11.281ns  (logic 5.675ns (50.305%)  route 5.606ns (49.695%))
  Logic Levels:           7  (CARRY4=2 DSP48E1=1 LUT3=1 LUT5=3)
  Clock Path Skew:        5.223ns (DCD - SCD + CPR)
    Destination Clock Delay (DCD):    8.205ns
    Source Clock Delay      (SCD):    2.982ns
    Clock Pessimism Removal (CPR):    0.000ns
  Clock Uncertainty:      0.271ns  ((TSJ^2 + TIJ^2 + DJ^2)^1/2) / 2 + PE
    Total System Jitter     (TSJ):    0.071ns
    Total Input Jitter      (TIJ):    0.300ns
    Discrete Jitter          (DJ):    0.161ns
    Phase Error              (PE):    0.097ns
  Timing Exception:       False Path

    Location             Delay type                Incr(ns)  Path(ns)    Netlist Resource(s)
  -------------------------------------------------------------------    -------------------
                         (clock clk_fpga_0 rise edge)
                                                      0.000     0.000 r  
    PS7_X0Y0             PS7                          0.000     0.000 r  u_ps/design_1_i/processing_system7_0/inst/PS7_i/FCLKCLK[0]
                         net (fo=1, routed)           1.207     1.207    u_ps/design_1_i/processing_system7_0/inst/FCLK_CLK_unbuffered[0]
    BUFGCTRL_X0Y0        BUFG (Prop_bufg_I_O)         0.101     1.308 r  u_ps/design_1_i/processing_system7_0/inst/buffer_fclk_clk_0.FCLK_CLK_0_BUFG/O
                         net (fo=6511, routed)        1.674     2.982    u_ctrl/u_s00_axi/CLK
    SLICE_X34Y46         FDRE                                         r  u_ctrl/u_s00_axi/slv_reg2_reg[6]/C
  -------------------------------------------------------------------    -------------------
    SLICE_X34Y46         FDRE (Prop_fdre_C_Q)         0.478     3.460 r  u_ctrl/u_s00_axi/slv_reg2_reg[6]/Q
                         net (fo=3, routed)           1.391     4.851    u_scene/u_scene4/Q[6]
    DSP48_X1Y25          DSP48E1 (Prop_dsp48e1_B[6]_P[20])
                                                      3.828     8.679 r  u_scene/u_scene4/scaled/P[20]
                         net (fo=3, routed)           1.294     9.973    u_scene/u_scene4/scaled__0[20]
    SLICE_X33Y64         LUT3 (Prop_lut3_I2_O)        0.124    10.097 f  u_scene/u_scene4/in_bar_carry_i_13__0/O
                         net (fo=1, routed)           0.154    10.251    u_scene/u_scene4/in_bar_carry_i_13__0_n_0
    SLICE_X33Y64         LUT5 (Prop_lut5_I3_O)        0.124    10.375 r  u_scene/u_scene4/in_bar_carry_i_9__0/O
                         net (fo=8, routed)           0.889    11.264    u_scene/u_scene4/in_bar_carry_i_9__0_n_0
    SLICE_X34Y65         LUT5 (Prop_lut5_I3_O)        0.124    11.388 r  u_scene/u_scene4/in_bar_carry_i_5__0/O
                         net (fo=1, routed)           0.000    11.388    u_scene/u_scene4/in_bar_carry_i_5__0_n_0
    SLICE_X34Y65         CARRY4 (Prop_carry4_S[3]_CO[3])
                                                      0.376    11.764 r  u_scene/u_scene4/in_bar_carry/CO[3]
                         net (fo=1, routed)           0.000    11.764    u_scene/u_scene4/in_bar_carry_n_0
    SLICE_X34Y66         CARRY4 (Prop_carry4_CI_CO[0])
                                                      0.254    12.018 r  u_scene/u_scene4/in_bar_carry__0/CO[0]
                         net (fo=10, routed)          1.878    13.896    u_sync/b_reg[3]_0[0]
    SLICE_X38Y73         LUT5 (Prop_lut5_I4_O)        0.367    14.263 r  u_sync/b[3]_i_1__0/O
                         net (fo=1, routed)           0.000    14.263    u_scene/u_scene4/b_reg[3]_3[3]
    SLICE_X38Y73         FDCE                                         r  u_scene/u_scene4/b_reg[3]/D
  -------------------------------------------------------------------    -------------------

                         (clock clkout0 rise edge)    0.000     0.000 r  
    K17                                               0.000     0.000 r  clk (IN)
                         net (fo=0)                   0.000     0.000    clk
    K17                  IBUF (Prop_ibuf_I_O)         1.421     1.421 r  clk_IBUF_inst/O
                         net (fo=1, routed)           1.880     3.301    clk_IBUF
    BUFGCTRL_X0Y16       BUFG (Prop_bufg_I_O)         0.091     3.392 r  clk_IBUF_BUFG_inst/O
                         net (fo=288, routed)         1.490     4.883    u_pclk/CLK
    MMCME2_ADV_X0Y0      MMCME2_ADV (Prop_mmcme2_adv_CLKIN1_CLKOUT0)
                                                      0.083     4.966 r  u_pclk/u_mmcm/CLKOUT0
                         net (fo=1, routed)           1.599     6.565    u_pclk/clkout0
    BUFGCTRL_X0Y1        BUFG (Prop_bufg_I_O)         0.091     6.656 r  u_pclk/u_bufg/O
                         net (fo=218, routed)         1.550     8.205    u_scene/u_scene4/pixel_clk
    SLICE_X38Y73         FDCE                                         r  u_scene/u_scene4/b_reg[3]/C

Slack:                    inf
  Source:                 u_ctrl/u_s00_axi/slv_reg2_reg[6]/C
                            (rising edge-triggered cell FDRE clocked by clk_fpga_0  {rise@0.000ns fall@5.000ns period=10.000ns})
  Destination:            u_scene/u_scene4/b_reg[0]/D
                            (rising edge-triggered cell FDCE clocked by clkout0  {rise@0.000ns fall@20.000ns period=40.000ns})
  Path Group:             (none)
  Path Type:              Setup (Max at Slow Process Corner)
  Data Path Delay:        11.237ns  (logic 5.799ns (51.608%)  route 5.438ns (48.392%))
  Logic Levels:           8  (CARRY4=2 DSP48E1=1 LUT3=1 LUT4=1 LUT5=3)
  Clock Path Skew:        5.226ns (DCD - SCD + CPR)
    Destination Clock Delay (DCD):    8.208ns
    Source Clock Delay      (SCD):    2.982ns
    Clock Pessimism Removal (CPR):    0.000ns
  Clock Uncertainty:      0.271ns  ((TSJ^2 + TIJ^2 + DJ^2)^1/2) / 2 + PE
    Total System Jitter     (TSJ):    0.071ns
    Total Input Jitter      (TIJ):    0.300ns
    Discrete Jitter          (DJ):    0.161ns
    Phase Error              (PE):    0.097ns
  Timing Exception:       False Path

    Location             Delay type                Incr(ns)  Path(ns)    Netlist Resource(s)
  -------------------------------------------------------------------    -------------------
                         (clock clk_fpga_0 rise edge)
                                                      0.000     0.000 r  
    PS7_X0Y0             PS7                          0.000     0.000 r  u_ps/design_1_i/processing_system7_0/inst/PS7_i/FCLKCLK[0]
                         net (fo=1, routed)           1.207     1.207    u_ps/design_1_i/processing_system7_0/inst/FCLK_CLK_unbuffered[0]
    BUFGCTRL_X0Y0        BUFG (Prop_bufg_I_O)         0.101     1.308 r  u_ps/design_1_i/processing_system7_0/inst/buffer_fclk_clk_0.FCLK_CLK_0_BUFG/O
                         net (fo=6511, routed)        1.674     2.982    u_ctrl/u_s00_axi/CLK
    SLICE_X34Y46         FDRE                                         r  u_ctrl/u_s00_axi/slv_reg2_reg[6]/C
  -------------------------------------------------------------------    -------------------
    SLICE_X34Y46         FDRE (Prop_fdre_C_Q)         0.478     3.460 r  u_ctrl/u_s00_axi/slv_reg2_reg[6]/Q
                         net (fo=3, routed)           1.391     4.851    u_scene/u_scene4/Q[6]
    DSP48_X1Y25          DSP48E1 (Prop_dsp48e1_B[6]_P[20])
                                                      3.828     8.679 r  u_scene/u_scene4/scaled/P[20]
                         net (fo=3, routed)           1.294     9.973    u_scene/u_scene4/scaled__0[20]
    SLICE_X33Y64         LUT3 (Prop_lut3_I2_O)        0.124    10.097 f  u_scene/u_scene4/in_bar_carry_i_13__0/O
                         net (fo=1, routed)           0.154    10.251    u_scene/u_scene4/in_bar_carry_i_13__0_n_0
    SLICE_X33Y64         LUT5 (Prop_lut5_I3_O)        0.124    10.375 r  u_scene/u_scene4/in_bar_carry_i_9__0/O
                         net (fo=8, routed)           0.889    11.264    u_scene/u_scene4/in_bar_carry_i_9__0_n_0
    SLICE_X34Y65         LUT5 (Prop_lut5_I3_O)        0.124    11.388 r  u_scene/u_scene4/in_bar_carry_i_5__0/O
                         net (fo=1, routed)           0.000    11.388    u_scene/u_scene4/in_bar_carry_i_5__0_n_0
    SLICE_X34Y65         CARRY4 (Prop_carry4_S[3]_CO[3])
                                                      0.376    11.764 r  u_scene/u_scene4/in_bar_carry/CO[3]
                         net (fo=1, routed)           0.000    11.764    u_scene/u_scene4/in_bar_carry_n_0
    SLICE_X34Y66         CARRY4 (Prop_carry4_CI_CO[0])
                                                      0.254    12.018 f  u_scene/u_scene4/in_bar_carry__0/CO[0]
                         net (fo=10, routed)          0.870    12.888    u_sync/b_reg[3]_0[0]
    SLICE_X35Y70         LUT5 (Prop_lut5_I4_O)        0.367    13.255 r  u_sync/r[0]_i_2__0/O
                         net (fo=3, routed)           0.840    14.095    u_sync/r[0]_i_2__0_n_0
    SLICE_X38Y71         LUT4 (Prop_lut4_I3_O)        0.124    14.219 r  u_sync/b[0]_i_1__0/O
                         net (fo=1, routed)           0.000    14.219    u_scene/u_scene4/b_reg[3]_3[0]
    SLICE_X38Y71         FDCE                                         r  u_scene/u_scene4/b_reg[0]/D
  -------------------------------------------------------------------    -------------------

                         (clock clkout0 rise edge)    0.000     0.000 r  
    K17                                               0.000     0.000 r  clk (IN)
                         net (fo=0)                   0.000     0.000    clk
    K17                  IBUF (Prop_ibuf_I_O)         1.421     1.421 r  clk_IBUF_inst/O
                         net (fo=1, routed)           1.880     3.301    clk_IBUF
    BUFGCTRL_X0Y16       BUFG (Prop_bufg_I_O)         0.091     3.392 r  clk_IBUF_BUFG_inst/O
                         net (fo=288, routed)         1.490     4.883    u_pclk/CLK
    MMCME2_ADV_X0Y0      MMCME2_ADV (Prop_mmcme2_adv_CLKIN1_CLKOUT0)
                                                      0.083     4.966 r  u_pclk/u_mmcm/CLKOUT0
                         net (fo=1, routed)           1.599     6.565    u_pclk/clkout0
    BUFGCTRL_X0Y1        BUFG (Prop_bufg_I_O)         0.091     6.656 r  u_pclk/u_bufg/O
                         net (fo=218, routed)         1.553     8.208    u_scene/u_scene4/pixel_clk
    SLICE_X38Y71         FDCE                                         r  u_scene/u_scene4/b_reg[0]/C

Slack:                    inf
  Source:                 u_ctrl/u_s00_axi/slv_reg2_reg[6]/C
                            (rising edge-triggered cell FDRE clocked by clk_fpga_0  {rise@0.000ns fall@5.000ns period=10.000ns})
  Destination:            u_scene/u_scene4/b_reg[2]/D
                            (rising edge-triggered cell FDCE clocked by clkout0  {rise@0.000ns fall@20.000ns period=40.000ns})
  Path Group:             (none)
  Path Type:              Setup (Max at Slow Process Corner)
  Data Path Delay:        10.925ns  (logic 5.675ns (51.943%)  route 5.250ns (48.057%))
  Logic Levels:           7  (CARRY4=2 DSP48E1=1 LUT3=1 LUT5=2 LUT6=1)
  Clock Path Skew:        5.223ns (DCD - SCD + CPR)
    Destination Clock Delay (DCD):    8.205ns
    Source Clock Delay      (SCD):    2.982ns
    Clock Pessimism Removal (CPR):    0.000ns
  Clock Uncertainty:      0.271ns  ((TSJ^2 + TIJ^2 + DJ^2)^1/2) / 2 + PE
    Total System Jitter     (TSJ):    0.071ns
    Total Input Jitter      (TIJ):    0.300ns
    Discrete Jitter          (DJ):    0.161ns
    Phase Error              (PE):    0.097ns
  Timing Exception:       False Path

    Location             Delay type                Incr(ns)  Path(ns)    Netlist Resource(s)
  -------------------------------------------------------------------    -------------------
                         (clock clk_fpga_0 rise edge)
                                                      0.000     0.000 r  
    PS7_X0Y0             PS7                          0.000     0.000 r  u_ps/design_1_i/processing_system7_0/inst/PS7_i/FCLKCLK[0]
                         net (fo=1, routed)           1.207     1.207    u_ps/design_1_i/processing_system7_0/inst/FCLK_CLK_unbuffered[0]
    BUFGCTRL_X0Y0        BUFG (Prop_bufg_I_O)         0.101     1.308 r  u_ps/design_1_i/processing_system7_0/inst/buffer_fclk_clk_0.FCLK_CLK_0_BUFG/O
                         net (fo=6511, routed)        1.674     2.982    u_ctrl/u_s00_axi/CLK
    SLICE_X34Y46         FDRE                                         r  u_ctrl/u_s00_axi/slv_reg2_reg[6]/C
  -------------------------------------------------------------------    -------------------
    SLICE_X34Y46         FDRE (Prop_fdre_C_Q)         0.478     3.460 r  u_ctrl/u_s00_axi/slv_reg2_reg[6]/Q
                         net (fo=3, routed)           1.391     4.851    u_scene/u_scene4/Q[6]
    DSP48_X1Y25          DSP48E1 (Prop_dsp48e1_B[6]_P[20])
                                                      3.828     8.679 r  u_scene/u_scene4/scaled/P[20]
                         net (fo=3, routed)           1.294     9.973    u_scene/u_scene4/scaled__0[20]
    SLICE_X33Y64         LUT3 (Prop_lut3_I2_O)        0.124    10.097 f  u_scene/u_scene4/in_bar_carry_i_13__0/O
                         net (fo=1, routed)           0.154    10.251    u_scene/u_scene4/in_bar_carry_i_13__0_n_0
    SLICE_X33Y64         LUT5 (Prop_lut5_I3_O)        0.124    10.375 r  u_scene/u_scene4/in_bar_carry_i_9__0/O
                         net (fo=8, routed)           0.889    11.264    u_scene/u_scene4/in_bar_carry_i_9__0_n_0
    SLICE_X34Y65         LUT5 (Prop_lut5_I3_O)        0.124    11.388 r  u_scene/u_scene4/in_bar_carry_i_5__0/O
                         net (fo=1, routed)           0.000    11.388    u_scene/u_scene4/in_bar_carry_i_5__0_n_0
    SLICE_X34Y65         CARRY4 (Prop_carry4_S[3]_CO[3])
                                                      0.376    11.764 r  u_scene/u_scene4/in_bar_carry/CO[3]
                         net (fo=1, routed)           0.000    11.764    u_scene/u_scene4/in_bar_carry_n_0
    SLICE_X34Y66         CARRY4 (Prop_carry4_CI_CO[0])
                                                      0.254    12.018 r  u_scene/u_scene4/in_bar_carry__0/CO[0]
                         net (fo=10, routed)          1.523    13.540    u_sync/b_reg[3]_0[0]
    SLICE_X36Y73         LUT6 (Prop_lut6_I0_O)        0.367    13.907 r  u_sync/b[2]_i_1__0/O
                         net (fo=1, routed)           0.000    13.907    u_scene/u_scene4/b_reg[3]_3[2]
    SLICE_X36Y73         FDCE                                         r  u_scene/u_scene4/b_reg[2]/D
  -------------------------------------------------------------------    -------------------

                         (clock clkout0 rise edge)    0.000     0.000 r  
    K17                                               0.000     0.000 r  clk (IN)
                         net (fo=0)                   0.000     0.000    clk
    K17                  IBUF (Prop_ibuf_I_O)         1.421     1.421 r  clk_IBUF_inst/O
                         net (fo=1, routed)           1.880     3.301    clk_IBUF
    BUFGCTRL_X0Y16       BUFG (Prop_bufg_I_O)         0.091     3.392 r  clk_IBUF_BUFG_inst/O
                         net (fo=288, routed)         1.490     4.883    u_pclk/CLK
    MMCME2_ADV_X0Y0      MMCME2_ADV (Prop_mmcme2_adv_CLKIN1_CLKOUT0)
                                                      0.083     4.966 r  u_pclk/u_mmcm/CLKOUT0
                         net (fo=1, routed)           1.599     6.565    u_pclk/clkout0
    BUFGCTRL_X0Y1        BUFG (Prop_bufg_I_O)         0.091     6.656 r  u_pclk/u_bufg/O
                         net (fo=218, routed)         1.550     8.205    u_scene/u_scene4/pixel_clk
    SLICE_X36Y73         FDCE                                         r  u_scene/u_scene4/b_reg[2]/C

Slack:                    inf
  Source:                 u_ctrl/u_s00_axi/slv_reg2_reg[6]/C
                            (rising edge-triggered cell FDRE clocked by clk_fpga_0  {rise@0.000ns fall@5.000ns period=10.000ns})
  Destination:            u_scene/u_scene4/r_reg[1]/D
                            (rising edge-triggered cell FDCE clocked by clkout0  {rise@0.000ns fall@20.000ns period=40.000ns})
  Path Group:             (none)
  Path Type:              Setup (Max at Slow Process Corner)
  Data Path Delay:        10.782ns  (logic 5.675ns (52.633%)  route 5.107ns (47.367%))
  Logic Levels:           7  (CARRY4=2 DSP48E1=1 LUT3=1 LUT5=2 LUT6=1)
  Clock Path Skew:        5.223ns (DCD - SCD + CPR)
    Destination Clock Delay (DCD):    8.205ns
    Source Clock Delay      (SCD):    2.982ns
    Clock Pessimism Removal (CPR):    0.000ns
  Clock Uncertainty:      0.271ns  ((TSJ^2 + TIJ^2 + DJ^2)^1/2) / 2 + PE
    Total System Jitter     (TSJ):    0.071ns
    Total Input Jitter      (TIJ):    0.300ns
    Discrete Jitter          (DJ):    0.161ns
    Phase Error              (PE):    0.097ns
  Timing Exception:       False Path

    Location             Delay type                Incr(ns)  Path(ns)    Netlist Resource(s)
  -------------------------------------------------------------------    -------------------
                         (clock clk_fpga_0 rise edge)
                                                      0.000     0.000 r  
    PS7_X0Y0             PS7                          0.000     0.000 r  u_ps/design_1_i/processing_system7_0/inst/PS7_i/FCLKCLK[0]
                         net (fo=1, routed)           1.207     1.207    u_ps/design_1_i/processing_system7_0/inst/FCLK_CLK_unbuffered[0]
    BUFGCTRL_X0Y0        BUFG (Prop_bufg_I_O)         0.101     1.308 r  u_ps/design_1_i/processing_system7_0/inst/buffer_fclk_clk_0.FCLK_CLK_0_BUFG/O
                         net (fo=6511, routed)        1.674     2.982    u_ctrl/u_s00_axi/CLK
    SLICE_X34Y46         FDRE                                         r  u_ctrl/u_s00_axi/slv_reg2_reg[6]/C
  -------------------------------------------------------------------    -------------------
    SLICE_X34Y46         FDRE (Prop_fdre_C_Q)         0.478     3.460 r  u_ctrl/u_s00_axi/slv_reg2_reg[6]/Q
                         net (fo=3, routed)           1.391     4.851    u_scene/u_scene4/Q[6]
    DSP48_X1Y25          DSP48E1 (Prop_dsp48e1_B[6]_P[20])
                                                      3.828     8.679 r  u_scene/u_scene4/scaled/P[20]
                         net (fo=3, routed)           1.294     9.973    u_scene/u_scene4/scaled__0[20]
    SLICE_X33Y64         LUT3 (Prop_lut3_I2_O)        0.124    10.097 f  u_scene/u_scene4/in_bar_carry_i_13__0/O
                         net (fo=1, routed)           0.154    10.251    u_scene/u_scene4/in_bar_carry_i_13__0_n_0
    SLICE_X33Y64         LUT5 (Prop_lut5_I3_O)        0.124    10.375 r  u_scene/u_scene4/in_bar_carry_i_9__0/O
                         net (fo=8, routed)           0.889    11.264    u_scene/u_scene4/in_bar_carry_i_9__0_n_0
    SLICE_X34Y65         LUT5 (Prop_lut5_I3_O)        0.124    11.388 r  u_scene/u_scene4/in_bar_carry_i_5__0/O
                         net (fo=1, routed)           0.000    11.388    u_scene/u_scene4/in_bar_carry_i_5__0_n_0
    SLICE_X34Y65         CARRY4 (Prop_carry4_S[3]_CO[3])
                                                      0.376    11.764 r  u_scene/u_scene4/in_bar_carry/CO[3]
                         net (fo=1, routed)           0.000    11.764    u_scene/u_scene4/in_bar_carry_n_0
    SLICE_X34Y66         CARRY4 (Prop_carry4_CI_CO[0])
                                                      0.254    12.018 r  u_scene/u_scene4/in_bar_carry__0/CO[0]
                         net (fo=10, routed)          1.379    13.397    u_sync/b_reg[3]_0[0]
    SLICE_X38Y73         LUT6 (Prop_lut6_I0_O)        0.367    13.764 r  u_sync/r[1]_i_1__1/O
                         net (fo=1, routed)           0.000    13.764    u_scene/u_scene4/r_reg[3]_1[1]
    SLICE_X38Y73         FDCE                                         r  u_scene/u_scene4/r_reg[1]/D
  -------------------------------------------------------------------    -------------------

                         (clock clkout0 rise edge)    0.000     0.000 r  
    K17                                               0.000     0.000 r  clk (IN)
                         net (fo=0)                   0.000     0.000    clk
    K17                  IBUF (Prop_ibuf_I_O)         1.421     1.421 r  clk_IBUF_inst/O
                         net (fo=1, routed)           1.880     3.301    clk_IBUF
    BUFGCTRL_X0Y16       BUFG (Prop_bufg_I_O)         0.091     3.392 r  clk_IBUF_BUFG_inst/O
                         net (fo=288, routed)         1.490     4.883    u_pclk/CLK
    MMCME2_ADV_X0Y0      MMCME2_ADV (Prop_mmcme2_adv_CLKIN1_CLKOUT0)
                                                      0.083     4.966 r  u_pclk/u_mmcm/CLKOUT0
                         net (fo=1, routed)           1.599     6.565    u_pclk/clkout0
    BUFGCTRL_X0Y1        BUFG (Prop_bufg_I_O)         0.091     6.656 r  u_pclk/u_bufg/O
                         net (fo=218, routed)         1.550     8.205    u_scene/u_scene4/pixel_clk
    SLICE_X38Y73         FDCE                                         r  u_scene/u_scene4/r_reg[1]/C

Slack:                    inf
  Source:                 u_ctrl/u_s00_axi/slv_reg2_reg[6]/C
                            (rising edge-triggered cell FDRE clocked by clk_fpga_0  {rise@0.000ns fall@5.000ns period=10.000ns})
  Destination:            u_scene/u_scene4/b_reg[1]/D
                            (rising edge-triggered cell FDCE clocked by clkout0  {rise@0.000ns fall@20.000ns period=40.000ns})
  Path Group:             (none)
  Path Type:              Setup (Max at Slow Process Corner)
  Data Path Delay:        10.714ns  (logic 5.675ns (52.970%)  route 5.039ns (47.030%))
  Logic Levels:           7  (CARRY4=2 DSP48E1=1 LUT3=1 LUT5=2 LUT6=1)
  Clock Path Skew:        5.226ns (DCD - SCD + CPR)
    Destination Clock Delay (DCD):    8.208ns
    Source Clock Delay      (SCD):    2.982ns
    Clock Pessimism Removal (CPR):    0.000ns
  Clock Uncertainty:      0.271ns  ((TSJ^2 + TIJ^2 + DJ^2)^1/2) / 2 + PE
    Total System Jitter     (TSJ):    0.071ns
    Total Input Jitter      (TIJ):    0.300ns
    Discrete Jitter          (DJ):    0.161ns
    Phase Error              (PE):    0.097ns
  Timing Exception:       False Path

    Location             Delay type                Incr(ns)  Path(ns)    Netlist Resource(s)
  -------------------------------------------------------------------    -------------------
                         (clock clk_fpga_0 rise edge)
                                                      0.000     0.000 r  
    PS7_X0Y0             PS7                          0.000     0.000 r  u_ps/design_1_i/processing_system7_0/inst/PS7_i/FCLKCLK[0]
                         net (fo=1, routed)           1.207     1.207    u_ps/design_1_i/processing_system7_0/inst/FCLK_CLK_unbuffered[0]
    BUFGCTRL_X0Y0        BUFG (Prop_bufg_I_O)         0.101     1.308 r  u_ps/design_1_i/processing_system7_0/inst/buffer_fclk_clk_0.FCLK_CLK_0_BUFG/O
                         net (fo=6511, routed)        1.674     2.982    u_ctrl/u_s00_axi/CLK
    SLICE_X34Y46         FDRE                                         r  u_ctrl/u_s00_axi/slv_reg2_reg[6]/C
  -------------------------------------------------------------------    -------------------
    SLICE_X34Y46         FDRE (Prop_fdre_C_Q)         0.478     3.460 r  u_ctrl/u_s00_axi/slv_reg2_reg[6]/Q
                         net (fo=3, routed)           1.391     4.851    u_scene/u_scene4/Q[6]
    DSP48_X1Y25          DSP48E1 (Prop_dsp48e1_B[6]_P[20])
                                                      3.828     8.679 r  u_scene/u_scene4/scaled/P[20]
                         net (fo=3, routed)           1.294     9.973    u_scene/u_scene4/scaled__0[20]
    SLICE_X33Y64         LUT3 (Prop_lut3_I2_O)        0.124    10.097 f  u_scene/u_scene4/in_bar_carry_i_13__0/O
                         net (fo=1, routed)           0.154    10.251    u_scene/u_scene4/in_bar_carry_i_13__0_n_0
    SLICE_X33Y64         LUT5 (Prop_lut5_I3_O)        0.124    10.375 r  u_scene/u_scene4/in_bar_carry_i_9__0/O
                         net (fo=8, routed)           0.889    11.264    u_scene/u_scene4/in_bar_carry_i_9__0_n_0
    SLICE_X34Y65         LUT5 (Prop_lut5_I3_O)        0.124    11.388 r  u_scene/u_scene4/in_bar_carry_i_5__0/O
                         net (fo=1, routed)           0.000    11.388    u_scene/u_scene4/in_bar_carry_i_5__0_n_0
    SLICE_X34Y65         CARRY4 (Prop_carry4_S[3]_CO[3])
                                                      0.376    11.764 r  u_scene/u_scene4/in_bar_carry/CO[3]
                         net (fo=1, routed)           0.000    11.764    u_scene/u_scene4/in_bar_carry_n_0
    SLICE_X34Y66         CARRY4 (Prop_carry4_CI_CO[0])
                                                      0.254    12.018 r  u_scene/u_scene4/in_bar_carry__0/CO[0]
                         net (fo=10, routed)          1.311    13.329    u_sync/b_reg[3]_0[0]
    SLICE_X39Y71         LUT6 (Prop_lut6_I0_O)        0.367    13.696 r  u_sync/b[1]_i_1__0/O
                         net (fo=1, routed)           0.000    13.696    u_scene/u_scene4/b_reg[3]_3[1]
    SLICE_X39Y71         FDCE                                         r  u_scene/u_scene4/b_reg[1]/D
  -------------------------------------------------------------------    -------------------

                         (clock clkout0 rise edge)    0.000     0.000 r  
    K17                                               0.000     0.000 r  clk (IN)
                         net (fo=0)                   0.000     0.000    clk
    K17                  IBUF (Prop_ibuf_I_O)         1.421     1.421 r  clk_IBUF_inst/O
                         net (fo=1, routed)           1.880     3.301    clk_IBUF
    BUFGCTRL_X0Y16       BUFG (Prop_bufg_I_O)         0.091     3.392 r  clk_IBUF_BUFG_inst/O
                         net (fo=288, routed)         1.490     4.883    u_pclk/CLK
    MMCME2_ADV_X0Y0      MMCME2_ADV (Prop_mmcme2_adv_CLKIN1_CLKOUT0)
                                                      0.083     4.966 r  u_pclk/u_mmcm/CLKOUT0
                         net (fo=1, routed)           1.599     6.565    u_pclk/clkout0
    BUFGCTRL_X0Y1        BUFG (Prop_bufg_I_O)         0.091     6.656 r  u_pclk/u_bufg/O
                         net (fo=218, routed)         1.553     8.208    u_scene/u_scene4/pixel_clk
    SLICE_X39Y71         FDCE                                         r  u_scene/u_scene4/b_reg[1]/C





Min Delay Paths
--------------------------------------------------------------------------------------
Slack:                    inf
  Source:                 u_ctrl/u_s00_axi/slv_reg2_reg[3]/C
                            (rising edge-triggered cell FDRE clocked by clk_fpga_0  {rise@0.000ns fall@5.000ns period=10.000ns})
  Destination:            u_scene/u_scene2/g_reg[1]/D
                            (rising edge-triggered cell FDCE clocked by clkout0  {rise@0.000ns fall@20.000ns period=40.000ns})
  Path Group:             (none)
  Path Type:              Hold (Min at Fast Process Corner)
  Data Path Delay:        1.798ns  (logic 0.780ns (43.383%)  route 1.018ns (56.617%))
  Logic Levels:           2  (DSP48E1=1 LUT3=1)
  Clock Path Skew:        2.501ns (DCD - SCD - CPR)
    Destination Clock Delay (DCD):    3.404ns
    Source Clock Delay      (SCD):    0.904ns
    Clock Pessimism Removal (CPR):    -0.000ns
  Clock Uncertainty:      0.271ns  ((TSJ^2 + TIJ^2 + DJ^2)^1/2) / 2 + PE
    Total System Jitter     (TSJ):    0.071ns
    Total Input Jitter      (TIJ):    0.300ns
    Discrete Jitter          (DJ):    0.161ns
    Phase Error              (PE):    0.097ns
  Timing Exception:       False Path

    Location             Delay type                Incr(ns)  Path(ns)    Netlist Resource(s)
  -------------------------------------------------------------------    -------------------
                         (clock clk_fpga_0 rise edge)
                                                      0.000     0.000 r  
    PS7_X0Y0             PS7                          0.000     0.000 r  u_ps/design_1_i/processing_system7_0/inst/PS7_i/FCLKCLK[0]
                         net (fo=1, routed)           0.315     0.315    u_ps/design_1_i/processing_system7_0/inst/FCLK_CLK_unbuffered[0]
    BUFGCTRL_X0Y0        BUFG (Prop_bufg_I_O)         0.026     0.341 r  u_ps/design_1_i/processing_system7_0/inst/buffer_fclk_clk_0.FCLK_CLK_0_BUFG/O
                         net (fo=6511, routed)        0.563     0.904    u_ctrl/u_s00_axi/CLK
    SLICE_X34Y46         FDRE                                         r  u_ctrl/u_s00_axi/slv_reg2_reg[3]/C
  -------------------------------------------------------------------    -------------------
    SLICE_X34Y46         FDRE (Prop_fdre_C_Q)         0.164     1.067 r  u_ctrl/u_s00_axi/slv_reg2_reg[3]/Q
                         net (fo=3, routed)           0.442     1.510    u_scene/u_scene2/Q[3]
    DSP48_X1Y24          DSP48E1 (Prop_dsp48e1_B[3]_P[22])
                                                      0.571     2.081 r  u_scene/u_scene2/scaled_energy/P[22]
                         net (fo=5, routed)           0.576     2.656    u_scene/u_scene2/scaled_energy__0[22]
    SLICE_X32Y68         LUT3 (Prop_lut3_I2_O)        0.045     2.701 r  u_scene/u_scene2/g[1]_i_1/O
                         net (fo=1, routed)           0.000     2.701    u_scene/u_scene2/g[1]_i_1_n_0
    SLICE_X32Y68         FDCE                                         r  u_scene/u_scene2/g_reg[1]/D
  -------------------------------------------------------------------    -------------------

                         (clock clkout0 rise edge)    0.000     0.000 r  
    K17                                               0.000     0.000 r  clk (IN)
                         net (fo=0)                   0.000     0.000    clk
    K17                  IBUF (Prop_ibuf_I_O)         0.447     0.447 r  clk_IBUF_inst/O
                         net (fo=1, routed)           0.683     1.130    clk_IBUF
    BUFGCTRL_X0Y16       BUFG (Prop_bufg_I_O)         0.029     1.159 r  clk_IBUF_BUFG_inst/O
                         net (fo=288, routed)         0.814     1.973    u_pclk/CLK
    MMCME2_ADV_X0Y0      MMCME2_ADV (Prop_mmcme2_adv_CLKIN1_CLKOUT0)
                                                      0.053     2.026 r  u_pclk/u_mmcm/CLKOUT0
                         net (fo=1, routed)           0.528     2.554    u_pclk/clkout0
    BUFGCTRL_X0Y1        BUFG (Prop_bufg_I_O)         0.029     2.583 r  u_pclk/u_bufg/O
                         net (fo=218, routed)         0.821     3.404    u_scene/u_scene2/pixel_clk
    SLICE_X32Y68         FDCE                                         r  u_scene/u_scene2/g_reg[1]/C

Slack:                    inf
  Source:                 u_ctrl/u_s00_axi/slv_reg2_reg[3]/C
                            (rising edge-triggered cell FDRE clocked by clk_fpga_0  {rise@0.000ns fall@5.000ns period=10.000ns})
  Destination:            u_scene/u_scene2/g_reg[0]/D
                            (rising edge-triggered cell FDCE clocked by clkout0  {rise@0.000ns fall@20.000ns period=40.000ns})
  Path Group:             (none)
  Path Type:              Hold (Min at Fast Process Corner)
  Data Path Delay:        1.856ns  (logic 0.780ns (42.031%)  route 1.076ns (57.969%))
  Logic Levels:           2  (DSP48E1=1 LUT3=1)
  Clock Path Skew:        2.501ns (DCD - SCD - CPR)
    Destination Clock Delay (DCD):    3.404ns
    Source Clock Delay      (SCD):    0.904ns
    Clock Pessimism Removal (CPR):    -0.000ns
  Clock Uncertainty:      0.271ns  ((TSJ^2 + TIJ^2 + DJ^2)^1/2) / 2 + PE
    Total System Jitter     (TSJ):    0.071ns
    Total Input Jitter      (TIJ):    0.300ns
    Discrete Jitter          (DJ):    0.161ns
    Phase Error              (PE):    0.097ns
  Timing Exception:       False Path

    Location             Delay type                Incr(ns)  Path(ns)    Netlist Resource(s)
  -------------------------------------------------------------------    -------------------
                         (clock clk_fpga_0 rise edge)
                                                      0.000     0.000 r  
    PS7_X0Y0             PS7                          0.000     0.000 r  u_ps/design_1_i/processing_system7_0/inst/PS7_i/FCLKCLK[0]
                         net (fo=1, routed)           0.315     0.315    u_ps/design_1_i/processing_system7_0/inst/FCLK_CLK_unbuffered[0]
    BUFGCTRL_X0Y0        BUFG (Prop_bufg_I_O)         0.026     0.341 r  u_ps/design_1_i/processing_system7_0/inst/buffer_fclk_clk_0.FCLK_CLK_0_BUFG/O
                         net (fo=6511, routed)        0.563     0.904    u_ctrl/u_s00_axi/CLK
    SLICE_X34Y46         FDRE                                         r  u_ctrl/u_s00_axi/slv_reg2_reg[3]/C
  -------------------------------------------------------------------    -------------------
    SLICE_X34Y46         FDRE (Prop_fdre_C_Q)         0.164     1.067 r  u_ctrl/u_s00_axi/slv_reg2_reg[3]/Q
                         net (fo=3, routed)           0.442     1.510    u_scene/u_scene2/Q[3]
    DSP48_X1Y24          DSP48E1 (Prop_dsp48e1_B[3]_P[21])
                                                      0.571     2.081 r  u_scene/u_scene2/scaled_energy/P[21]
                         net (fo=7, routed)           0.634     2.714    u_scene/u_scene2/scaled_energy__0[21]
    SLICE_X32Y68         LUT3 (Prop_lut3_I2_O)        0.045     2.759 r  u_scene/u_scene2/g[0]_i_1/O
                         net (fo=1, routed)           0.000     2.759    u_scene/u_scene2/g[0]_i_1_n_0
    SLICE_X32Y68         FDCE                                         r  u_scene/u_scene2/g_reg[0]/D
  -------------------------------------------------------------------    -------------------

                         (clock clkout0 rise edge)    0.000     0.000 r  
    K17                                               0.000     0.000 r  clk (IN)
                         net (fo=0)                   0.000     0.000    clk
    K17                  IBUF (Prop_ibuf_I_O)         0.447     0.447 r  clk_IBUF_inst/O
                         net (fo=1, routed)           0.683     1.130    clk_IBUF
    BUFGCTRL_X0Y16       BUFG (Prop_bufg_I_O)         0.029     1.159 r  clk_IBUF_BUFG_inst/O
                         net (fo=288, routed)         0.814     1.973    u_pclk/CLK
    MMCME2_ADV_X0Y0      MMCME2_ADV (Prop_mmcme2_adv_CLKIN1_CLKOUT0)
                                                      0.053     2.026 r  u_pclk/u_mmcm/CLKOUT0
                         net (fo=1, routed)           0.528     2.554    u_pclk/clkout0
    BUFGCTRL_X0Y1        BUFG (Prop_bufg_I_O)         0.029     2.583 r  u_pclk/u_bufg/O
                         net (fo=218, routed)         0.821     3.404    u_scene/u_scene2/pixel_clk
    SLICE_X32Y68         FDCE                                         r  u_scene/u_scene2/g_reg[0]/C

Slack:                    inf
  Source:                 u_ctrl/u_s00_axi/slv_reg2_reg[3]/C
                            (rising edge-triggered cell FDRE clocked by clk_fpga_0  {rise@0.000ns fall@5.000ns period=10.000ns})
  Destination:            u_scene/u_scene4/r_reg[2]/D
                            (rising edge-triggered cell FDCE clocked by clkout0  {rise@0.000ns fall@20.000ns period=40.000ns})
  Path Group:             (none)
  Path Type:              Hold (Min at Fast Process Corner)
  Data Path Delay:        2.026ns  (logic 0.994ns (49.069%)  route 1.032ns (50.931%))
  Logic Levels:           4  (CARRY4=1 DSP48E1=1 LUT4=1 LUT6=1)
  Clock Path Skew:        2.498ns (DCD - SCD - CPR)
    Destination Clock Delay (DCD):    3.401ns
    Source Clock Delay      (SCD):    0.904ns
    Clock Pessimism Removal (CPR):    -0.000ns
  Clock Uncertainty:      0.271ns  ((TSJ^2 + TIJ^2 + DJ^2)^1/2) / 2 + PE
    Total System Jitter     (TSJ):    0.071ns
    Total Input Jitter      (TIJ):    0.300ns
    Discrete Jitter          (DJ):    0.161ns
    Phase Error              (PE):    0.097ns
  Timing Exception:       False Path

    Location             Delay type                Incr(ns)  Path(ns)    Netlist Resource(s)
  -------------------------------------------------------------------    -------------------
                         (clock clk_fpga_0 rise edge)
                                                      0.000     0.000 r  
    PS7_X0Y0             PS7                          0.000     0.000 r  u_ps/design_1_i/processing_system7_0/inst/PS7_i/FCLKCLK[0]
                         net (fo=1, routed)           0.315     0.315    u_ps/design_1_i/processing_system7_0/inst/FCLK_CLK_unbuffered[0]
    BUFGCTRL_X0Y0        BUFG (Prop_bufg_I_O)         0.026     0.341 r  u_ps/design_1_i/processing_system7_0/inst/buffer_fclk_clk_0.FCLK_CLK_0_BUFG/O
                         net (fo=6511, routed)        0.563     0.904    u_ctrl/u_s00_axi/CLK
    SLICE_X34Y46         FDRE                                         r  u_ctrl/u_s00_axi/slv_reg2_reg[3]/C
  -------------------------------------------------------------------    -------------------
    SLICE_X34Y46         FDRE (Prop_fdre_C_Q)         0.164     1.067 r  u_ctrl/u_s00_axi/slv_reg2_reg[3]/Q
                         net (fo=3, routed)           0.442     1.510    u_scene/u_scene4/Q[3]
    DSP48_X1Y25          DSP48E1 (Prop_dsp48e1_B[3]_P[23])
                                                      0.571     2.081 r  u_scene/u_scene4/scaled/P[23]
                         net (fo=3, routed)           0.326     2.407    u_sync/P[1]
    SLICE_X34Y66         LUT4 (Prop_lut4_I2_O)        0.048     2.455 r  u_sync/in_bar_carry__0_i_1/O
                         net (fo=1, routed)           0.000     2.455    u_scene/u_scene4/b_reg[3]_1[0]
    SLICE_X34Y66         CARRY4 (Prop_carry4_DI[0]_CO[0])
                                                      0.087     2.542 r  u_scene/u_scene4/in_bar_carry__0/CO[0]
                         net (fo=10, routed)          0.263     2.805    u_sync/b_reg[3]_0[0]
    SLICE_X35Y72         LUT6 (Prop_lut6_I0_O)        0.124     2.929 r  u_sync/r[2]_i_1__1/O
                         net (fo=1, routed)           0.000     2.929    u_scene/u_scene4/r_reg[3]_1[2]
    SLICE_X35Y72         FDCE                                         r  u_scene/u_scene4/r_reg[2]/D
  -------------------------------------------------------------------    -------------------

                         (clock clkout0 rise edge)    0.000     0.000 r  
    K17                                               0.000     0.000 r  clk (IN)
                         net (fo=0)                   0.000     0.000    clk
    K17                  IBUF (Prop_ibuf_I_O)         0.447     0.447 r  clk_IBUF_inst/O
                         net (fo=1, routed)           0.683     1.130    clk_IBUF
    BUFGCTRL_X0Y16       BUFG (Prop_bufg_I_O)         0.029     1.159 r  clk_IBUF_BUFG_inst/O
                         net (fo=288, routed)         0.814     1.973    u_pclk/CLK
    MMCME2_ADV_X0Y0      MMCME2_ADV (Prop_mmcme2_adv_CLKIN1_CLKOUT0)
                                                      0.053     2.026 r  u_pclk/u_mmcm/CLKOUT0
                         net (fo=1, routed)           0.528     2.554    u_pclk/clkout0
    BUFGCTRL_X0Y1        BUFG (Prop_bufg_I_O)         0.029     2.583 r  u_pclk/u_bufg/O
                         net (fo=218, routed)         0.818     3.401    u_scene/u_scene4/pixel_clk
    SLICE_X35Y72         FDCE                                         r  u_scene/u_scene4/r_reg[2]/C

Slack:                    inf
  Source:                 u_ctrl/u_s00_axi/slv_reg2_reg[3]/C
                            (rising edge-triggered cell FDRE clocked by clk_fpga_0  {rise@0.000ns fall@5.000ns period=10.000ns})
  Destination:            u_scene/u_scene4/g_reg[1]/D
                            (rising edge-triggered cell FDCE clocked by clkout0  {rise@0.000ns fall@20.000ns period=40.000ns})
  Path Group:             (none)
  Path Type:              Hold (Min at Fast Process Corner)
  Data Path Delay:        2.027ns  (logic 0.994ns (49.044%)  route 1.033ns (50.956%))
  Logic Levels:           4  (CARRY4=1 DSP48E1=1 LUT4=1 LUT6=1)
  Clock Path Skew:        2.498ns (DCD - SCD - CPR)
    Destination Clock Delay (DCD):    3.401ns
    Source Clock Delay      (SCD):    0.904ns
    Clock Pessimism Removal (CPR):    -0.000ns
  Clock Uncertainty:      0.271ns  ((TSJ^2 + TIJ^2 + DJ^2)^1/2) / 2 + PE
    Total System Jitter     (TSJ):    0.071ns
    Total Input Jitter      (TIJ):    0.300ns
    Discrete Jitter          (DJ):    0.161ns
    Phase Error              (PE):    0.097ns
  Timing Exception:       False Path

    Location             Delay type                Incr(ns)  Path(ns)    Netlist Resource(s)
  -------------------------------------------------------------------    -------------------
                         (clock clk_fpga_0 rise edge)
                                                      0.000     0.000 r  
    PS7_X0Y0             PS7                          0.000     0.000 r  u_ps/design_1_i/processing_system7_0/inst/PS7_i/FCLKCLK[0]
                         net (fo=1, routed)           0.315     0.315    u_ps/design_1_i/processing_system7_0/inst/FCLK_CLK_unbuffered[0]
    BUFGCTRL_X0Y0        BUFG (Prop_bufg_I_O)         0.026     0.341 r  u_ps/design_1_i/processing_system7_0/inst/buffer_fclk_clk_0.FCLK_CLK_0_BUFG/O
                         net (fo=6511, routed)        0.563     0.904    u_ctrl/u_s00_axi/CLK
    SLICE_X34Y46         FDRE                                         r  u_ctrl/u_s00_axi/slv_reg2_reg[3]/C
  -------------------------------------------------------------------    -------------------
    SLICE_X34Y46         FDRE (Prop_fdre_C_Q)         0.164     1.067 r  u_ctrl/u_s00_axi/slv_reg2_reg[3]/Q
                         net (fo=3, routed)           0.442     1.510    u_scene/u_scene4/Q[3]
    DSP48_X1Y25          DSP48E1 (Prop_dsp48e1_B[3]_P[23])
                                                      0.571     2.081 r  u_scene/u_scene4/scaled/P[23]
                         net (fo=3, routed)           0.326     2.407    u_sync/P[1]
    SLICE_X34Y66         LUT4 (Prop_lut4_I2_O)        0.048     2.455 r  u_sync/in_bar_carry__0_i_1/O
                         net (fo=1, routed)           0.000     2.455    u_scene/u_scene4/b_reg[3]_1[0]
    SLICE_X34Y66         CARRY4 (Prop_carry4_DI[0]_CO[0])
                                                      0.087     2.542 r  u_scene/u_scene4/in_bar_carry__0/CO[0]
                         net (fo=10, routed)          0.264     2.806    u_sync/b_reg[3]_0[0]
    SLICE_X35Y72         LUT6 (Prop_lut6_I0_O)        0.124     2.930 r  u_sync/g[1]_i_1__0/O
                         net (fo=1, routed)           0.000     2.930    u_scene/u_scene4/g_reg[3]_1[1]
    SLICE_X35Y72         FDCE                                         r  u_scene/u_scene4/g_reg[1]/D
  -------------------------------------------------------------------    -------------------

                         (clock clkout0 rise edge)    0.000     0.000 r  
    K17                                               0.000     0.000 r  clk (IN)
                         net (fo=0)                   0.000     0.000    clk
    K17                  IBUF (Prop_ibuf_I_O)         0.447     0.447 r  clk_IBUF_inst/O
                         net (fo=1, routed)           0.683     1.130    clk_IBUF
    BUFGCTRL_X0Y16       BUFG (Prop_bufg_I_O)         0.029     1.159 r  clk_IBUF_BUFG_inst/O
                         net (fo=288, routed)         0.814     1.973    u_pclk/CLK
    MMCME2_ADV_X0Y0      MMCME2_ADV (Prop_mmcme2_adv_CLKIN1_CLKOUT0)
                                                      0.053     2.026 r  u_pclk/u_mmcm/CLKOUT0
                         net (fo=1, routed)           0.528     2.554    u_pclk/clkout0
    BUFGCTRL_X0Y1        BUFG (Prop_bufg_I_O)         0.029     2.583 r  u_pclk/u_bufg/O
                         net (fo=218, routed)         0.818     3.401    u_scene/u_scene4/pixel_clk
    SLICE_X35Y72         FDCE                                         r  u_scene/u_scene4/g_reg[1]/C

Slack:                    inf
  Source:                 u_ctrl/u_s00_axi/slv_reg2_reg[3]/C
                            (rising edge-triggered cell FDRE clocked by clk_fpga_0  {rise@0.000ns fall@5.000ns period=10.000ns})
  Destination:            u_scene/u_scene4/g_reg[2]/D
                            (rising edge-triggered cell FDCE clocked by clkout0  {rise@0.000ns fall@20.000ns period=40.000ns})
  Path Group:             (none)
  Path Type:              Hold (Min at Fast Process Corner)
  Data Path Delay:        2.263ns  (logic 0.994ns (43.922%)  route 1.269ns (56.078%))
  Logic Levels:           4  (CARRY4=1 DSP48E1=1 LUT4=1 LUT6=1)
  Clock Path Skew:        2.523ns (DCD - SCD - CPR)
    Destination Clock Delay (DCD):    3.426ns
    Source Clock Delay      (SCD):    0.904ns
    Clock Pessimism Removal (CPR):    -0.000ns
  Clock Uncertainty:      0.271ns  ((TSJ^2 + TIJ^2 + DJ^2)^1/2) / 2 + PE
    Total System Jitter     (TSJ):    0.071ns
    Total Input Jitter      (TIJ):    0.300ns
    Discrete Jitter          (DJ):    0.161ns
    Phase Error              (PE):    0.097ns
  Timing Exception:       False Path

    Location             Delay type                Incr(ns)  Path(ns)    Netlist Resource(s)
  -------------------------------------------------------------------    -------------------
                         (clock clk_fpga_0 rise edge)
                                                      0.000     0.000 r  
    PS7_X0Y0             PS7                          0.000     0.000 r  u_ps/design_1_i/processing_system7_0/inst/PS7_i/FCLKCLK[0]
                         net (fo=1, routed)           0.315     0.315    u_ps/design_1_i/processing_system7_0/inst/FCLK_CLK_unbuffered[0]
    BUFGCTRL_X0Y0        BUFG (Prop_bufg_I_O)         0.026     0.341 r  u_ps/design_1_i/processing_system7_0/inst/buffer_fclk_clk_0.FCLK_CLK_0_BUFG/O
                         net (fo=6511, routed)        0.563     0.904    u_ctrl/u_s00_axi/CLK
    SLICE_X34Y46         FDRE                                         r  u_ctrl/u_s00_axi/slv_reg2_reg[3]/C
  -------------------------------------------------------------------    -------------------
    SLICE_X34Y46         FDRE (Prop_fdre_C_Q)         0.164     1.067 r  u_ctrl/u_s00_axi/slv_reg2_reg[3]/Q
                         net (fo=3, routed)           0.442     1.510    u_scene/u_scene4/Q[3]
    DSP48_X1Y25          DSP48E1 (Prop_dsp48e1_B[3]_P[23])
                                                      0.571     2.081 r  u_scene/u_scene4/scaled/P[23]
                         net (fo=3, routed)           0.326     2.407    u_sync/P[1]
    SLICE_X34Y66         LUT4 (Prop_lut4_I2_O)        0.048     2.455 r  u_sync/in_bar_carry__0_i_1/O
                         net (fo=1, routed)           0.000     2.455    u_scene/u_scene4/b_reg[3]_1[0]
    SLICE_X34Y66         CARRY4 (Prop_carry4_DI[0]_CO[0])
                                                      0.087     2.542 r  u_scene/u_scene4/in_bar_carry__0/CO[0]
                         net (fo=10, routed)          0.501     3.043    u_sync/b_reg[3]_0[0]
    SLICE_X36Y73         LUT6 (Prop_lut6_I0_O)        0.124     3.167 r  u_sync/g[2]_i_1/O
                         net (fo=1, routed)           0.000     3.167    u_scene/u_scene4/g_reg[3]_1[2]
    SLICE_X36Y73         FDCE                                         r  u_scene/u_scene4/g_reg[2]/D
  -------------------------------------------------------------------    -------------------

                         (clock clkout0 rise edge)    0.000     0.000 r  
    K17                                               0.000     0.000 r  clk (IN)
                         net (fo=0)                   0.000     0.000    clk
    K17                  IBUF (Prop_ibuf_I_O)         0.447     0.447 r  clk_IBUF_inst/O
                         net (fo=1, routed)           0.683     1.130    clk_IBUF
    BUFGCTRL_X0Y16       BUFG (Prop_bufg_I_O)         0.029     1.159 r  clk_IBUF_BUFG_inst/O
                         net (fo=288, routed)         0.814     1.973    u_pclk/CLK
    MMCME2_ADV_X0Y0      MMCME2_ADV (Prop_mmcme2_adv_CLKIN1_CLKOUT0)
                                                      0.053     2.026 r  u_pclk/u_mmcm/CLKOUT0
                         net (fo=1, routed)           0.528     2.554    u_pclk/clkout0
    BUFGCTRL_X0Y1        BUFG (Prop_bufg_I_O)         0.029     2.583 r  u_pclk/u_bufg/O
                         net (fo=218, routed)         0.843     3.426    u_scene/u_scene4/pixel_clk
    SLICE_X36Y73         FDCE                                         r  u_scene/u_scene4/g_reg[2]/C

Slack:                    inf
  Source:                 u_ctrl/u_s00_axi/slv_reg2_reg[3]/C
                            (rising edge-triggered cell FDRE clocked by clk_fpga_0  {rise@0.000ns fall@5.000ns period=10.000ns})
  Destination:            u_scene/u_scene4/g_reg[3]/D
                            (rising edge-triggered cell FDCE clocked by clkout0  {rise@0.000ns fall@20.000ns period=40.000ns})
  Path Group:             (none)
  Path Type:              Hold (Min at Fast Process Corner)
  Data Path Delay:        2.264ns  (logic 0.994ns (43.900%)  route 1.270ns (56.100%))
  Logic Levels:           4  (CARRY4=1 DSP48E1=1 LUT4=1 LUT5=1)
  Clock Path Skew:        2.523ns (DCD - SCD - CPR)
    Destination Clock Delay (DCD):    3.426ns
    Source Clock Delay      (SCD):    0.904ns
    Clock Pessimism Removal (CPR):    -0.000ns
  Clock Uncertainty:      0.271ns  ((TSJ^2 + TIJ^2 + DJ^2)^1/2) / 2 + PE
    Total System Jitter     (TSJ):    0.071ns
    Total Input Jitter      (TIJ):    0.300ns
    Discrete Jitter          (DJ):    0.161ns
    Phase Error              (PE):    0.097ns
  Timing Exception:       False Path

    Location             Delay type                Incr(ns)  Path(ns)    Netlist Resource(s)
  -------------------------------------------------------------------    -------------------
                         (clock clk_fpga_0 rise edge)
                                                      0.000     0.000 r  
    PS7_X0Y0             PS7                          0.000     0.000 r  u_ps/design_1_i/processing_system7_0/inst/PS7_i/FCLKCLK[0]
                         net (fo=1, routed)           0.315     0.315    u_ps/design_1_i/processing_system7_0/inst/FCLK_CLK_unbuffered[0]
    BUFGCTRL_X0Y0        BUFG (Prop_bufg_I_O)         0.026     0.341 r  u_ps/design_1_i/processing_system7_0/inst/buffer_fclk_clk_0.FCLK_CLK_0_BUFG/O
                         net (fo=6511, routed)        0.563     0.904    u_ctrl/u_s00_axi/CLK
    SLICE_X34Y46         FDRE                                         r  u_ctrl/u_s00_axi/slv_reg2_reg[3]/C
  -------------------------------------------------------------------    -------------------
    SLICE_X34Y46         FDRE (Prop_fdre_C_Q)         0.164     1.067 r  u_ctrl/u_s00_axi/slv_reg2_reg[3]/Q
                         net (fo=3, routed)           0.442     1.510    u_scene/u_scene4/Q[3]
    DSP48_X1Y25          DSP48E1 (Prop_dsp48e1_B[3]_P[23])
                                                      0.571     2.081 r  u_scene/u_scene4/scaled/P[23]
                         net (fo=3, routed)           0.326     2.407    u_sync/P[1]
    SLICE_X34Y66         LUT4 (Prop_lut4_I2_O)        0.048     2.455 r  u_sync/in_bar_carry__0_i_1/O
                         net (fo=1, routed)           0.000     2.455    u_scene/u_scene4/b_reg[3]_1[0]
    SLICE_X34Y66         CARRY4 (Prop_carry4_DI[0]_CO[0])
                                                      0.087     2.542 r  u_scene/u_scene4/in_bar_carry__0/CO[0]
                         net (fo=10, routed)          0.502     3.044    u_sync/b_reg[3]_0[0]
    SLICE_X36Y73         LUT5 (Prop_lut5_I4_O)        0.124     3.168 r  u_sync/g[3]_i_1/O
                         net (fo=1, routed)           0.000     3.168    u_scene/u_scene4/g_reg[3]_1[3]
    SLICE_X36Y73         FDCE                                         r  u_scene/u_scene4/g_reg[3]/D
  -------------------------------------------------------------------    -------------------

                         (clock clkout0 rise edge)    0.000     0.000 r  
    K17                                               0.000     0.000 r  clk (IN)
                         net (fo=0)                   0.000     0.000    clk
    K17                  IBUF (Prop_ibuf_I_O)         0.447     0.447 r  clk_IBUF_inst/O
                         net (fo=1, routed)           0.683     1.130    clk_IBUF
    BUFGCTRL_X0Y16       BUFG (Prop_bufg_I_O)         0.029     1.159 r  clk_IBUF_BUFG_inst/O
                         net (fo=288, routed)         0.814     1.973    u_pclk/CLK
    MMCME2_ADV_X0Y0      MMCME2_ADV (Prop_mmcme2_adv_CLKIN1_CLKOUT0)
                                                      0.053     2.026 r  u_pclk/u_mmcm/CLKOUT0
                         net (fo=1, routed)           0.528     2.554    u_pclk/clkout0
    BUFGCTRL_X0Y1        BUFG (Prop_bufg_I_O)         0.029     2.583 r  u_pclk/u_bufg/O
                         net (fo=218, routed)         0.843     3.426    u_scene/u_scene4/pixel_clk
    SLICE_X36Y73         FDCE                                         r  u_scene/u_scene4/g_reg[3]/C

Slack:                    inf
  Source:                 u_ctrl/u_s00_axi/slv_reg2_reg[3]/C
                            (rising edge-triggered cell FDRE clocked by clk_fpga_0  {rise@0.000ns fall@5.000ns period=10.000ns})
  Destination:            u_scene/u_scene4/r_reg[3]/D
                            (rising edge-triggered cell FDCE clocked by clkout0  {rise@0.000ns fall@20.000ns period=40.000ns})
  Path Group:             (none)
  Path Type:              Hold (Min at Fast Process Corner)
  Data Path Delay:        2.320ns  (logic 0.994ns (42.850%)  route 1.326ns (57.150%))
  Logic Levels:           4  (CARRY4=1 DSP48E1=1 LUT4=1 LUT5=1)
  Clock Path Skew:        2.523ns (DCD - SCD - CPR)
    Destination Clock Delay (DCD):    3.426ns
    Source Clock Delay      (SCD):    0.904ns
    Clock Pessimism Removal (CPR):    -0.000ns
  Clock Uncertainty:      0.271ns  ((TSJ^2 + TIJ^2 + DJ^2)^1/2) / 2 + PE
    Total System Jitter     (TSJ):    0.071ns
    Total Input Jitter      (TIJ):    0.300ns
    Discrete Jitter          (DJ):    0.161ns
    Phase Error              (PE):    0.097ns
  Timing Exception:       False Path

    Location             Delay type                Incr(ns)  Path(ns)    Netlist Resource(s)
  -------------------------------------------------------------------    -------------------
                         (clock clk_fpga_0 rise edge)
                                                      0.000     0.000 r  
    PS7_X0Y0             PS7                          0.000     0.000 r  u_ps/design_1_i/processing_system7_0/inst/PS7_i/FCLKCLK[0]
                         net (fo=1, routed)           0.315     0.315    u_ps/design_1_i/processing_system7_0/inst/FCLK_CLK_unbuffered[0]
    BUFGCTRL_X0Y0        BUFG (Prop_bufg_I_O)         0.026     0.341 r  u_ps/design_1_i/processing_system7_0/inst/buffer_fclk_clk_0.FCLK_CLK_0_BUFG/O
                         net (fo=6511, routed)        0.563     0.904    u_ctrl/u_s00_axi/CLK
    SLICE_X34Y46         FDRE                                         r  u_ctrl/u_s00_axi/slv_reg2_reg[3]/C
  -------------------------------------------------------------------    -------------------
    SLICE_X34Y46         FDRE (Prop_fdre_C_Q)         0.164     1.067 r  u_ctrl/u_s00_axi/slv_reg2_reg[3]/Q
                         net (fo=3, routed)           0.442     1.510    u_scene/u_scene4/Q[3]
    DSP48_X1Y25          DSP48E1 (Prop_dsp48e1_B[3]_P[23])
                                                      0.571     2.081 r  u_scene/u_scene4/scaled/P[23]
                         net (fo=3, routed)           0.326     2.407    u_sync/P[1]
    SLICE_X34Y66         LUT4 (Prop_lut4_I2_O)        0.048     2.455 r  u_sync/in_bar_carry__0_i_1/O
                         net (fo=1, routed)           0.000     2.455    u_scene/u_scene4/b_reg[3]_1[0]
    SLICE_X34Y66         CARRY4 (Prop_carry4_DI[0]_CO[0])
                                                      0.087     2.542 r  u_scene/u_scene4/in_bar_carry__0/CO[0]
                         net (fo=10, routed)          0.557     3.099    u_sync/b_reg[3]_0[0]
    SLICE_X39Y73         LUT5 (Prop_lut5_I4_O)        0.124     3.223 r  u_sync/r[3]_i_1__0/O
                         net (fo=1, routed)           0.000     3.223    u_scene/u_scene4/r_reg[3]_1[3]
    SLICE_X39Y73         FDCE                                         r  u_scene/u_scene4/r_reg[3]/D
  -------------------------------------------------------------------    -------------------

                         (clock clkout0 rise edge)    0.000     0.000 r  
    K17                                               0.000     0.000 r  clk (IN)
                         net (fo=0)                   0.000     0.000    clk
    K17                  IBUF (Prop_ibuf_I_O)         0.447     0.447 r  clk_IBUF_inst/O
                         net (fo=1, routed)           0.683     1.130    clk_IBUF
    BUFGCTRL_X0Y16       BUFG (Prop_bufg_I_O)         0.029     1.159 r  clk_IBUF_BUFG_inst/O
                         net (fo=288, routed)         0.814     1.973    u_pclk/CLK
    MMCME2_ADV_X0Y0      MMCME2_ADV (Prop_mmcme2_adv_CLKIN1_CLKOUT0)
                                                      0.053     2.026 r  u_pclk/u_mmcm/CLKOUT0
                         net (fo=1, routed)           0.528     2.554    u_pclk/clkout0
    BUFGCTRL_X0Y1        BUFG (Prop_bufg_I_O)         0.029     2.583 r  u_pclk/u_bufg/O
                         net (fo=218, routed)         0.843     3.426    u_scene/u_scene4/pixel_clk
    SLICE_X39Y73         FDCE                                         r  u_scene/u_scene4/r_reg[3]/C

Slack:                    inf
  Source:                 u_ctrl/u_s00_axi/slv_reg2_reg[3]/C
                            (rising edge-triggered cell FDRE clocked by clk_fpga_0  {rise@0.000ns fall@5.000ns period=10.000ns})
  Destination:            u_scene/u_scene4/b_reg[1]/D
                            (rising edge-triggered cell FDCE clocked by clkout0  {rise@0.000ns fall@20.000ns period=40.000ns})
  Path Group:             (none)
  Path Type:              Hold (Min at Fast Process Corner)
  Data Path Delay:        2.378ns  (logic 0.994ns (41.801%)  route 1.384ns (58.199%))
  Logic Levels:           4  (CARRY4=1 DSP48E1=1 LUT4=1 LUT6=1)
  Clock Path Skew:        2.526ns (DCD - SCD - CPR)
    Destination Clock Delay (DCD):    3.429ns
    Source Clock Delay      (SCD):    0.904ns
    Clock Pessimism Removal (CPR):    -0.000ns
  Clock Uncertainty:      0.271ns  ((TSJ^2 + TIJ^2 + DJ^2)^1/2) / 2 + PE
    Total System Jitter     (TSJ):    0.071ns
    Total Input Jitter      (TIJ):    0.300ns
    Discrete Jitter          (DJ):    0.161ns
    Phase Error              (PE):    0.097ns
  Timing Exception:       False Path

    Location             Delay type                Incr(ns)  Path(ns)    Netlist Resource(s)
  -------------------------------------------------------------------    -------------------
                         (clock clk_fpga_0 rise edge)
                                                      0.000     0.000 r  
    PS7_X0Y0             PS7                          0.000     0.000 r  u_ps/design_1_i/processing_system7_0/inst/PS7_i/FCLKCLK[0]
                         net (fo=1, routed)           0.315     0.315    u_ps/design_1_i/processing_system7_0/inst/FCLK_CLK_unbuffered[0]
    BUFGCTRL_X0Y0        BUFG (Prop_bufg_I_O)         0.026     0.341 r  u_ps/design_1_i/processing_system7_0/inst/buffer_fclk_clk_0.FCLK_CLK_0_BUFG/O
                         net (fo=6511, routed)        0.563     0.904    u_ctrl/u_s00_axi/CLK
    SLICE_X34Y46         FDRE                                         r  u_ctrl/u_s00_axi/slv_reg2_reg[3]/C
  -------------------------------------------------------------------    -------------------
    SLICE_X34Y46         FDRE (Prop_fdre_C_Q)         0.164     1.067 r  u_ctrl/u_s00_axi/slv_reg2_reg[3]/Q
                         net (fo=3, routed)           0.442     1.510    u_scene/u_scene4/Q[3]
    DSP48_X1Y25          DSP48E1 (Prop_dsp48e1_B[3]_P[23])
                                                      0.571     2.081 r  u_scene/u_scene4/scaled/P[23]
                         net (fo=3, routed)           0.326     2.407    u_sync/P[1]
    SLICE_X34Y66         LUT4 (Prop_lut4_I2_O)        0.048     2.455 r  u_sync/in_bar_carry__0_i_1/O
                         net (fo=1, routed)           0.000     2.455    u_scene/u_scene4/b_reg[3]_1[0]
    SLICE_X34Y66         CARRY4 (Prop_carry4_DI[0]_CO[0])
                                                      0.087     2.542 r  u_scene/u_scene4/in_bar_carry__0/CO[0]
                         net (fo=10, routed)          0.616     3.157    u_sync/b_reg[3]_0[0]
    SLICE_X39Y71         LUT6 (Prop_lut6_I0_O)        0.124     3.281 r  u_sync/b[1]_i_1__0/O
                         net (fo=1, routed)           0.000     3.281    u_scene/u_scene4/b_reg[3]_3[1]
    SLICE_X39Y71         FDCE                                         r  u_scene/u_scene4/b_reg[1]/D
  -------------------------------------------------------------------    -------------------

                         (clock clkout0 rise edge)    0.000     0.000 r  
    K17                                               0.000     0.000 r  clk (IN)
                         net (fo=0)                   0.000     0.000    clk
    K17                  IBUF (Prop_ibuf_I_O)         0.447     0.447 r  clk_IBUF_inst/O
                         net (fo=1, routed)           0.683     1.130    clk_IBUF
    BUFGCTRL_X0Y16       BUFG (Prop_bufg_I_O)         0.029     1.159 r  clk_IBUF_BUFG_inst/O
                         net (fo=288, routed)         0.814     1.973    u_pclk/CLK
    MMCME2_ADV_X0Y0      MMCME2_ADV (Prop_mmcme2_adv_CLKIN1_CLKOUT0)
                                                      0.053     2.026 r  u_pclk/u_mmcm/CLKOUT0
                         net (fo=1, routed)           0.528     2.554    u_pclk/clkout0
    BUFGCTRL_X0Y1        BUFG (Prop_bufg_I_O)         0.029     2.583 r  u_pclk/u_bufg/O
                         net (fo=218, routed)         0.846     3.429    u_scene/u_scene4/pixel_clk
    SLICE_X39Y71         FDCE                                         r  u_scene/u_scene4/b_reg[1]/C

Slack:                    inf
  Source:                 u_ctrl/u_s00_axi/slv_reg2_reg[3]/C
                            (rising edge-triggered cell FDRE clocked by clk_fpga_0  {rise@0.000ns fall@5.000ns period=10.000ns})
  Destination:            u_scene/u_scene4/r_reg[1]/D
                            (rising edge-triggered cell FDCE clocked by clkout0  {rise@0.000ns fall@20.000ns period=40.000ns})
  Path Group:             (none)
  Path Type:              Hold (Min at Fast Process Corner)
  Data Path Delay:        2.395ns  (logic 0.994ns (41.509%)  route 1.401ns (58.491%))
  Logic Levels:           4  (CARRY4=1 DSP48E1=1 LUT4=1 LUT6=1)
  Clock Path Skew:        2.523ns (DCD - SCD - CPR)
    Destination Clock Delay (DCD):    3.426ns
    Source Clock Delay      (SCD):    0.904ns
    Clock Pessimism Removal (CPR):    -0.000ns
  Clock Uncertainty:      0.271ns  ((TSJ^2 + TIJ^2 + DJ^2)^1/2) / 2 + PE
    Total System Jitter     (TSJ):    0.071ns
    Total Input Jitter      (TIJ):    0.300ns
    Discrete Jitter          (DJ):    0.161ns
    Phase Error              (PE):    0.097ns
  Timing Exception:       False Path

    Location             Delay type                Incr(ns)  Path(ns)    Netlist Resource(s)
  -------------------------------------------------------------------    -------------------
                         (clock clk_fpga_0 rise edge)
                                                      0.000     0.000 r  
    PS7_X0Y0             PS7                          0.000     0.000 r  u_ps/design_1_i/processing_system7_0/inst/PS7_i/FCLKCLK[0]
                         net (fo=1, routed)           0.315     0.315    u_ps/design_1_i/processing_system7_0/inst/FCLK_CLK_unbuffered[0]
    BUFGCTRL_X0Y0        BUFG (Prop_bufg_I_O)         0.026     0.341 r  u_ps/design_1_i/processing_system7_0/inst/buffer_fclk_clk_0.FCLK_CLK_0_BUFG/O
                         net (fo=6511, routed)        0.563     0.904    u_ctrl/u_s00_axi/CLK
    SLICE_X34Y46         FDRE                                         r  u_ctrl/u_s00_axi/slv_reg2_reg[3]/C
  -------------------------------------------------------------------    -------------------
    SLICE_X34Y46         FDRE (Prop_fdre_C_Q)         0.164     1.067 r  u_ctrl/u_s00_axi/slv_reg2_reg[3]/Q
                         net (fo=3, routed)           0.442     1.510    u_scene/u_scene4/Q[3]
    DSP48_X1Y25          DSP48E1 (Prop_dsp48e1_B[3]_P[23])
                                                      0.571     2.081 r  u_scene/u_scene4/scaled/P[23]
                         net (fo=3, routed)           0.326     2.407    u_sync/P[1]
    SLICE_X34Y66         LUT4 (Prop_lut4_I2_O)        0.048     2.455 r  u_sync/in_bar_carry__0_i_1/O
                         net (fo=1, routed)           0.000     2.455    u_scene/u_scene4/b_reg[3]_1[0]
    SLICE_X34Y66         CARRY4 (Prop_carry4_DI[0]_CO[0])
                                                      0.087     2.542 r  u_scene/u_scene4/in_bar_carry__0/CO[0]
                         net (fo=10, routed)          0.632     3.174    u_sync/b_reg[3]_0[0]
    SLICE_X38Y73         LUT6 (Prop_lut6_I0_O)        0.124     3.298 r  u_sync/r[1]_i_1__1/O
                         net (fo=1, routed)           0.000     3.298    u_scene/u_scene4/r_reg[3]_1[1]
    SLICE_X38Y73         FDCE                                         r  u_scene/u_scene4/r_reg[1]/D
  -------------------------------------------------------------------    -------------------

                         (clock clkout0 rise edge)    0.000     0.000 r  
    K17                                               0.000     0.000 r  clk (IN)
                         net (fo=0)                   0.000     0.000    clk
    K17                  IBUF (Prop_ibuf_I_O)         0.447     0.447 r  clk_IBUF_inst/O
                         net (fo=1, routed)           0.683     1.130    clk_IBUF
    BUFGCTRL_X0Y16       BUFG (Prop_bufg_I_O)         0.029     1.159 r  clk_IBUF_BUFG_inst/O
                         net (fo=288, routed)         0.814     1.973    u_pclk/CLK
    MMCME2_ADV_X0Y0      MMCME2_ADV (Prop_mmcme2_adv_CLKIN1_CLKOUT0)
                                                      0.053     2.026 r  u_pclk/u_mmcm/CLKOUT0
                         net (fo=1, routed)           0.528     2.554    u_pclk/clkout0
    BUFGCTRL_X0Y1        BUFG (Prop_bufg_I_O)         0.029     2.583 r  u_pclk/u_bufg/O
                         net (fo=218, routed)         0.843     3.426    u_scene/u_scene4/pixel_clk
    SLICE_X38Y73         FDCE                                         r  u_scene/u_scene4/r_reg[1]/C

Slack:                    inf
  Source:                 u_ctrl/u_s00_axi/slv_reg2_reg[3]/C
                            (rising edge-triggered cell FDRE clocked by clk_fpga_0  {rise@0.000ns fall@5.000ns period=10.000ns})
  Destination:            u_scene/u_scene4/b_reg[2]/D
                            (rising edge-triggered cell FDCE clocked by clkout0  {rise@0.000ns fall@20.000ns period=40.000ns})
  Path Group:             (none)
  Path Type:              Hold (Min at Fast Process Corner)
  Data Path Delay:        2.424ns  (logic 0.994ns (41.009%)  route 1.430ns (58.991%))
  Logic Levels:           4  (CARRY4=1 DSP48E1=1 LUT4=1 LUT6=1)
  Clock Path Skew:        2.523ns (DCD - SCD - CPR)
    Destination Clock Delay (DCD):    3.426ns
    Source Clock Delay      (SCD):    0.904ns
    Clock Pessimism Removal (CPR):    -0.000ns
  Clock Uncertainty:      0.271ns  ((TSJ^2 + TIJ^2 + DJ^2)^1/2) / 2 + PE
    Total System Jitter     (TSJ):    0.071ns
    Total Input Jitter      (TIJ):    0.300ns
    Discrete Jitter          (DJ):    0.161ns
    Phase Error              (PE):    0.097ns
  Timing Exception:       False Path

    Location             Delay type                Incr(ns)  Path(ns)    Netlist Resource(s)
  -------------------------------------------------------------------    -------------------
                         (clock clk_fpga_0 rise edge)
                                                      0.000     0.000 r  
    PS7_X0Y0             PS7                          0.000     0.000 r  u_ps/design_1_i/processing_system7_0/inst/PS7_i/FCLKCLK[0]
                         net (fo=1, routed)           0.315     0.315    u_ps/design_1_i/processing_system7_0/inst/FCLK_CLK_unbuffered[0]
    BUFGCTRL_X0Y0        BUFG (Prop_bufg_I_O)         0.026     0.341 r  u_ps/design_1_i/processing_system7_0/inst/buffer_fclk_clk_0.FCLK_CLK_0_BUFG/O
                         net (fo=6511, routed)        0.563     0.904    u_ctrl/u_s00_axi/CLK
    SLICE_X34Y46         FDRE                                         r  u_ctrl/u_s00_axi/slv_reg2_reg[3]/C
  -------------------------------------------------------------------    -------------------
    SLICE_X34Y46         FDRE (Prop_fdre_C_Q)         0.164     1.067 r  u_ctrl/u_s00_axi/slv_reg2_reg[3]/Q
                         net (fo=3, routed)           0.442     1.510    u_scene/u_scene4/Q[3]
    DSP48_X1Y25          DSP48E1 (Prop_dsp48e1_B[3]_P[23])
                                                      0.571     2.081 r  u_scene/u_scene4/scaled/P[23]
                         net (fo=3, routed)           0.326     2.407    u_sync/P[1]
    SLICE_X34Y66         LUT4 (Prop_lut4_I2_O)        0.048     2.455 r  u_sync/in_bar_carry__0_i_1/O
                         net (fo=1, routed)           0.000     2.455    u_scene/u_scene4/b_reg[3]_1[0]
    SLICE_X34Y66         CARRY4 (Prop_carry4_DI[0]_CO[0])
                                                      0.087     2.542 r  u_scene/u_scene4/in_bar_carry__0/CO[0]
                         net (fo=10, routed)          0.662     3.203    u_sync/b_reg[3]_0[0]
    SLICE_X36Y73         LUT6 (Prop_lut6_I0_O)        0.124     3.327 r  u_sync/b[2]_i_1__0/O
                         net (fo=1, routed)           0.000     3.327    u_scene/u_scene4/b_reg[3]_3[2]
    SLICE_X36Y73         FDCE                                         r  u_scene/u_scene4/b_reg[2]/D
  -------------------------------------------------------------------    -------------------

                         (clock clkout0 rise edge)    0.000     0.000 r  
    K17                                               0.000     0.000 r  clk (IN)
                         net (fo=0)                   0.000     0.000    clk
    K17                  IBUF (Prop_ibuf_I_O)         0.447     0.447 r  clk_IBUF_inst/O
                         net (fo=1, routed)           0.683     1.130    clk_IBUF
    BUFGCTRL_X0Y16       BUFG (Prop_bufg_I_O)         0.029     1.159 r  clk_IBUF_BUFG_inst/O
                         net (fo=288, routed)         0.814     1.973    u_pclk/CLK
    MMCME2_ADV_X0Y0      MMCME2_ADV (Prop_mmcme2_adv_CLKIN1_CLKOUT0)
                                                      0.053     2.026 r  u_pclk/u_mmcm/CLKOUT0
                         net (fo=1, routed)           0.528     2.554    u_pclk/clkout0
    BUFGCTRL_X0Y1        BUFG (Prop_bufg_I_O)         0.029     2.583 r  u_pclk/u_bufg/O
                         net (fo=218, routed)         0.843     3.426    u_scene/u_scene4/pixel_clk
    SLICE_X36Y73         FDCE                                         r  u_scene/u_scene4/b_reg[2]/C





--------------------------------------------------------------------------------------
Path Group:  (none)
From Clock:  sys_clk_pin
  To Clock:  clkout0

Max Delay            52 Endpoints
Min Delay            52 Endpoints
--------------------------------------------------------------------------------------


Max Delay Paths
--------------------------------------------------------------------------------------
Slack:                    inf
  Source:                 lo_held_reg[14]/C
                            (rising edge-triggered cell FDCE clocked by sys_clk_pin  {rise@0.000ns fall@4.000ns period=8.000ns})
  Destination:            u_scene/u_scene2/g_reg[1]/D
                            (rising edge-triggered cell FDCE clocked by clkout0  {rise@0.000ns fall@20.000ns period=40.000ns})
  Path Group:             (none)
  Path Type:              Setup (Max at Slow Process Corner)
  Data Path Delay:        13.543ns  (logic 5.830ns (43.048%)  route 7.713ns (56.952%))
  Logic Levels:           11  (CARRY4=4 DSP48E1=1 LUT3=1 LUT4=1 LUT5=1 LUT6=3)
  Clock Path Skew:        2.811ns (DCD - SCD + CPR)
    Destination Clock Delay (DCD):    8.135ns
    Source Clock Delay      (SCD):    5.325ns
    Clock Pessimism Removal (CPR):    0.000ns
  Clock Uncertainty:      0.185ns  ((TSJ^2 + DJ^2)^1/2) / 2 + PE
    Total System Jitter     (TSJ):    0.071ns
    Discrete Jitter          (DJ):    0.161ns
    Phase Error              (PE):    0.097ns
  Timing Exception:       False Path

    Location             Delay type                Incr(ns)  Path(ns)    Netlist Resource(s)
  -------------------------------------------------------------------    -------------------
                         (clock sys_clk_pin rise edge)
                                                      0.000     0.000 r  
    K17                                               0.000     0.000 r  clk (IN)
                         net (fo=0)                   0.000     0.000    clk
    K17                  IBUF (Prop_ibuf_I_O)         1.492     1.492 r  clk_IBUF_inst/O
                         net (fo=1, routed)           2.076     3.568    clk_IBUF
    BUFGCTRL_X0Y16       BUFG (Prop_bufg_I_O)         0.101     3.669 r  clk_IBUF_BUFG_inst/O
                         net (fo=288, routed)         1.656     5.325    clk_IBUF_BUFG
    SLICE_X34Y62         FDCE                                         r  lo_held_reg[14]/C
  -------------------------------------------------------------------    -------------------
    SLICE_X34Y62         FDCE (Prop_fdce_C_Q)         0.518     5.843 r  lo_held_reg[14]/Q
                         net (fo=2, routed)           0.983     6.826    u_scene/u_scene2/scaled_energy_2[14]
    DSP48_X1Y24          DSP48E1 (Prop_dsp48e1_A[14]_P[20])
                                                      3.841    10.667 f  u_scene/u_scene2/scaled_energy/P[20]
                         net (fo=5, routed)           1.695    12.361    u_scene/u_scene2/scaled_energy__0[20]
    SLICE_X32Y64         LUT4 (Prop_lut4_I0_O)        0.124    12.485 r  u_scene/u_scene2/in_bar_carry_i_14/O
                         net (fo=1, routed)           0.670    13.155    u_scene/u_scene2/in_bar_carry_i_14_n_0
    SLICE_X32Y64         LUT6 (Prop_lut6_I3_O)        0.124    13.279 f  u_scene/u_scene2/in_bar_carry_i_13/O
                         net (fo=2, routed)           0.601    13.880    u_scene/u_scene2/in_bar_carry_i_13_n_0
    SLICE_X32Y65         LUT5 (Prop_lut5_I3_O)        0.124    14.004 r  u_scene/u_scene2/in_bar_carry_i_9/O
                         net (fo=2, routed)           0.835    14.840    u_scene/u_scene2/in_bar_carry_i_9_n_0
    SLICE_X31Y65         LUT6 (Prop_lut6_I0_O)        0.124    14.964 r  u_scene/u_scene2/in_bar_carry_i_1/O
                         net (fo=1, routed)           0.471    15.435    u_scene/u_scene2/in_bar_carry_i_1_n_0
    SLICE_X31Y66         CARRY4 (Prop_carry4_DI[3]_CO[3])
                                                      0.385    15.820 r  u_scene/u_scene2/in_bar_carry/CO[3]
                         net (fo=1, routed)           0.000    15.820    u_scene/u_scene2/in_bar_carry_n_0
    SLICE_X31Y67         CARRY4 (Prop_carry4_CI_CO[3])
                                                      0.114    15.934 r  u_scene/u_scene2/in_bar_carry__0/CO[3]
                         net (fo=1, routed)           0.000    15.934    u_scene/u_scene2/in_bar_carry__0_n_0
    SLICE_X31Y68         CARRY4 (Prop_carry4_CI_CO[3])
                                                      0.114    16.048 r  u_scene/u_scene2/in_bar_carry__1/CO[3]
                         net (fo=1, routed)           0.000    16.048    u_scene/u_scene2/in_bar_carry__1_n_0
    SLICE_X31Y69         CARRY4 (Prop_carry4_CI_CO[3])
                                                      0.114    16.162 r  u_scene/u_scene2/in_bar_carry__2/CO[3]
                         net (fo=1, routed)           1.372    17.534    u_scene/u_scene2/in_bar
    SLICE_X39Y70         LUT6 (Prop_lut6_I5_O)        0.124    17.658 r  u_scene/u_scene2/r[0]_i_1__0/O
                         net (fo=3, routed)           1.086    18.744    u_scene/u_scene2/r[0]_i_1__0_n_0
    SLICE_X32Y68         LUT3 (Prop_lut3_I0_O)        0.124    18.868 r  u_scene/u_scene2/g[1]_i_1/O
                         net (fo=1, routed)           0.000    18.868    u_scene/u_scene2/g[1]_i_1_n_0
    SLICE_X32Y68         FDCE                                         r  u_scene/u_scene2/g_reg[1]/D
  -------------------------------------------------------------------    -------------------

                         (clock clkout0 rise edge)    0.000     0.000 r  
    K17                                               0.000     0.000 r  clk (IN)
                         net (fo=0)                   0.000     0.000    clk
    K17                  IBUF (Prop_ibuf_I_O)         1.421     1.421 r  clk_IBUF_inst/O
                         net (fo=1, routed)           1.880     3.301    clk_IBUF
    BUFGCTRL_X0Y16       BUFG (Prop_bufg_I_O)         0.091     3.392 r  clk_IBUF_BUFG_inst/O
                         net (fo=288, routed)         1.490     4.883    u_pclk/CLK
    MMCME2_ADV_X0Y0      MMCME2_ADV (Prop_mmcme2_adv_CLKIN1_CLKOUT0)
                                                      0.083     4.966 r  u_pclk/u_mmcm/CLKOUT0
                         net (fo=1, routed)           1.599     6.565    u_pclk/clkout0
    BUFGCTRL_X0Y1        BUFG (Prop_bufg_I_O)         0.091     6.656 r  u_pclk/u_bufg/O
                         net (fo=218, routed)         1.480     8.135    u_scene/u_scene2/pixel_clk
    SLICE_X32Y68         FDCE                                         r  u_scene/u_scene2/g_reg[1]/C

Slack:                    inf
  Source:                 lo_held_reg[14]/C
                            (rising edge-triggered cell FDCE clocked by sys_clk_pin  {rise@0.000ns fall@4.000ns period=8.000ns})
  Destination:            u_scene/u_scene2/g_reg[0]/D
                            (rising edge-triggered cell FDCE clocked by clkout0  {rise@0.000ns fall@20.000ns period=40.000ns})
  Path Group:             (none)
  Path Type:              Setup (Max at Slow Process Corner)
  Data Path Delay:        13.168ns  (logic 5.830ns (44.274%)  route 7.338ns (55.726%))
  Logic Levels:           11  (CARRY4=4 DSP48E1=1 LUT3=1 LUT4=1 LUT5=1 LUT6=3)
  Clock Path Skew:        2.811ns (DCD - SCD + CPR)
    Destination Clock Delay (DCD):    8.135ns
    Source Clock Delay      (SCD):    5.325ns
    Clock Pessimism Removal (CPR):    0.000ns
  Clock Uncertainty:      0.185ns  ((TSJ^2 + DJ^2)^1/2) / 2 + PE
    Total System Jitter     (TSJ):    0.071ns
    Discrete Jitter          (DJ):    0.161ns
    Phase Error              (PE):    0.097ns
  Timing Exception:       False Path

    Location             Delay type                Incr(ns)  Path(ns)    Netlist Resource(s)
  -------------------------------------------------------------------    -------------------
                         (clock sys_clk_pin rise edge)
                                                      0.000     0.000 r  
    K17                                               0.000     0.000 r  clk (IN)
                         net (fo=0)                   0.000     0.000    clk
    K17                  IBUF (Prop_ibuf_I_O)         1.492     1.492 r  clk_IBUF_inst/O
                         net (fo=1, routed)           2.076     3.568    clk_IBUF
    BUFGCTRL_X0Y16       BUFG (Prop_bufg_I_O)         0.101     3.669 r  clk_IBUF_BUFG_inst/O
                         net (fo=288, routed)         1.656     5.325    clk_IBUF_BUFG
    SLICE_X34Y62         FDCE                                         r  lo_held_reg[14]/C
  -------------------------------------------------------------------    -------------------
    SLICE_X34Y62         FDCE (Prop_fdce_C_Q)         0.518     5.843 r  lo_held_reg[14]/Q
                         net (fo=2, routed)           0.983     6.826    u_scene/u_scene2/scaled_energy_2[14]
    DSP48_X1Y24          DSP48E1 (Prop_dsp48e1_A[14]_P[20])
                                                      3.841    10.667 f  u_scene/u_scene2/scaled_energy/P[20]
                         net (fo=5, routed)           1.695    12.361    u_scene/u_scene2/scaled_energy__0[20]
    SLICE_X32Y64         LUT4 (Prop_lut4_I0_O)        0.124    12.485 r  u_scene/u_scene2/in_bar_carry_i_14/O
                         net (fo=1, routed)           0.670    13.155    u_scene/u_scene2/in_bar_carry_i_14_n_0
    SLICE_X32Y64         LUT6 (Prop_lut6_I3_O)        0.124    13.279 f  u_scene/u_scene2/in_bar_carry_i_13/O
                         net (fo=2, routed)           0.601    13.880    u_scene/u_scene2/in_bar_carry_i_13_n_0
    SLICE_X32Y65         LUT5 (Prop_lut5_I3_O)        0.124    14.004 r  u_scene/u_scene2/in_bar_carry_i_9/O
                         net (fo=2, routed)           0.835    14.840    u_scene/u_scene2/in_bar_carry_i_9_n_0
    SLICE_X31Y65         LUT6 (Prop_lut6_I0_O)        0.124    14.964 r  u_scene/u_scene2/in_bar_carry_i_1/O
                         net (fo=1, routed)           0.471    15.435    u_scene/u_scene2/in_bar_carry_i_1_n_0
    SLICE_X31Y66         CARRY4 (Prop_carry4_DI[3]_CO[3])
                                                      0.385    15.820 r  u_scene/u_scene2/in_bar_carry/CO[3]
                         net (fo=1, routed)           0.000    15.820    u_scene/u_scene2/in_bar_carry_n_0
    SLICE_X31Y67         CARRY4 (Prop_carry4_CI_CO[3])
                                                      0.114    15.934 r  u_scene/u_scene2/in_bar_carry__0/CO[3]
                         net (fo=1, routed)           0.000    15.934    u_scene/u_scene2/in_bar_carry__0_n_0
    SLICE_X31Y68         CARRY4 (Prop_carry4_CI_CO[3])
                                                      0.114    16.048 r  u_scene/u_scene2/in_bar_carry__1/CO[3]
                         net (fo=1, routed)           0.000    16.048    u_scene/u_scene2/in_bar_carry__1_n_0
    SLICE_X31Y69         CARRY4 (Prop_carry4_CI_CO[3])
                                                      0.114    16.162 r  u_scene/u_scene2/in_bar_carry__2/CO[3]
                         net (fo=1, routed)           1.372    17.534    u_scene/u_scene2/in_bar
    SLICE_X39Y70         LUT6 (Prop_lut6_I5_O)        0.124    17.658 r  u_scene/u_scene2/r[0]_i_1__0/O
                         net (fo=3, routed)           0.711    18.369    u_scene/u_scene2/r[0]_i_1__0_n_0
    SLICE_X32Y68         LUT3 (Prop_lut3_I0_O)        0.124    18.493 r  u_scene/u_scene2/g[0]_i_1/O
                         net (fo=1, routed)           0.000    18.493    u_scene/u_scene2/g[0]_i_1_n_0
    SLICE_X32Y68         FDCE                                         r  u_scene/u_scene2/g_reg[0]/D
  -------------------------------------------------------------------    -------------------

                         (clock clkout0 rise edge)    0.000     0.000 r  
    K17                                               0.000     0.000 r  clk (IN)
                         net (fo=0)                   0.000     0.000    clk
    K17                  IBUF (Prop_ibuf_I_O)         1.421     1.421 r  clk_IBUF_inst/O
                         net (fo=1, routed)           1.880     3.301    clk_IBUF
    BUFGCTRL_X0Y16       BUFG (Prop_bufg_I_O)         0.091     3.392 r  clk_IBUF_BUFG_inst/O
                         net (fo=288, routed)         1.490     4.883    u_pclk/CLK
    MMCME2_ADV_X0Y0      MMCME2_ADV (Prop_mmcme2_adv_CLKIN1_CLKOUT0)
                                                      0.083     4.966 r  u_pclk/u_mmcm/CLKOUT0
                         net (fo=1, routed)           1.599     6.565    u_pclk/clkout0
    BUFGCTRL_X0Y1        BUFG (Prop_bufg_I_O)         0.091     6.656 r  u_pclk/u_bufg/O
                         net (fo=218, routed)         1.480     8.135    u_scene/u_scene2/pixel_clk
    SLICE_X32Y68         FDCE                                         r  u_scene/u_scene2/g_reg[0]/C

Slack:                    inf
  Source:                 lo_held_reg[14]/C
                            (rising edge-triggered cell FDCE clocked by sys_clk_pin  {rise@0.000ns fall@4.000ns period=8.000ns})
  Destination:            u_scene/u_scene2/r_reg[0]/D
                            (rising edge-triggered cell FDCE clocked by clkout0  {rise@0.000ns fall@20.000ns period=40.000ns})
  Path Group:             (none)
  Path Type:              Setup (Max at Slow Process Corner)
  Data Path Delay:        12.669ns  (logic 5.706ns (45.039%)  route 6.963ns (54.961%))
  Logic Levels:           10  (CARRY4=4 DSP48E1=1 LUT4=1 LUT5=1 LUT6=3)
  Clock Path Skew:        2.885ns (DCD - SCD + CPR)
    Destination Clock Delay (DCD):    8.209ns
    Source Clock Delay      (SCD):    5.325ns
    Clock Pessimism Removal (CPR):    0.000ns
  Clock Uncertainty:      0.185ns  ((TSJ^2 + DJ^2)^1/2) / 2 + PE
    Total System Jitter     (TSJ):    0.071ns
    Discrete Jitter          (DJ):    0.161ns
    Phase Error              (PE):    0.097ns
  Timing Exception:       False Path

    Location             Delay type                Incr(ns)  Path(ns)    Netlist Resource(s)
  -------------------------------------------------------------------    -------------------
                         (clock sys_clk_pin rise edge)
                                                      0.000     0.000 r  
    K17                                               0.000     0.000 r  clk (IN)
                         net (fo=0)                   0.000     0.000    clk
    K17                  IBUF (Prop_ibuf_I_O)         1.492     1.492 r  clk_IBUF_inst/O
                         net (fo=1, routed)           2.076     3.568    clk_IBUF
    BUFGCTRL_X0Y16       BUFG (Prop_bufg_I_O)         0.101     3.669 r  clk_IBUF_BUFG_inst/O
                         net (fo=288, routed)         1.656     5.325    clk_IBUF_BUFG
    SLICE_X34Y62         FDCE                                         r  lo_held_reg[14]/C
  -------------------------------------------------------------------    -------------------
    SLICE_X34Y62         FDCE (Prop_fdce_C_Q)         0.518     5.843 r  lo_held_reg[14]/Q
                         net (fo=2, routed)           0.983     6.826    u_scene/u_scene2/scaled_energy_2[14]
    DSP48_X1Y24          DSP48E1 (Prop_dsp48e1_A[14]_P[20])
                                                      3.841    10.667 f  u_scene/u_scene2/scaled_energy/P[20]
                         net (fo=5, routed)           1.695    12.361    u_scene/u_scene2/scaled_energy__0[20]
    SLICE_X32Y64         LUT4 (Prop_lut4_I0_O)        0.124    12.485 r  u_scene/u_scene2/in_bar_carry_i_14/O
                         net (fo=1, routed)           0.670    13.155    u_scene/u_scene2/in_bar_carry_i_14_n_0
    SLICE_X32Y64         LUT6 (Prop_lut6_I3_O)        0.124    13.279 f  u_scene/u_scene2/in_bar_carry_i_13/O
                         net (fo=2, routed)           0.601    13.880    u_scene/u_scene2/in_bar_carry_i_13_n_0
    SLICE_X32Y65         LUT5 (Prop_lut5_I3_O)        0.124    14.004 r  u_scene/u_scene2/in_bar_carry_i_9/O
                         net (fo=2, routed)           0.835    14.840    u_scene/u_scene2/in_bar_carry_i_9_n_0
    SLICE_X31Y65         LUT6 (Prop_lut6_I0_O)        0.124    14.964 r  u_scene/u_scene2/in_bar_carry_i_1/O
                         net (fo=1, routed)           0.471    15.435    u_scene/u_scene2/in_bar_carry_i_1_n_0
    SLICE_X31Y66         CARRY4 (Prop_carry4_DI[3]_CO[3])
                                                      0.385    15.820 r  u_scene/u_scene2/in_bar_carry/CO[3]
                         net (fo=1, routed)           0.000    15.820    u_scene/u_scene2/in_bar_carry_n_0
    SLICE_X31Y67         CARRY4 (Prop_carry4_CI_CO[3])
                                                      0.114    15.934 r  u_scene/u_scene2/in_bar_carry__0/CO[3]
                         net (fo=1, routed)           0.000    15.934    u_scene/u_scene2/in_bar_carry__0_n_0
    SLICE_X31Y68         CARRY4 (Prop_carry4_CI_CO[3])
                                                      0.114    16.048 r  u_scene/u_scene2/in_bar_carry__1/CO[3]
                         net (fo=1, routed)           0.000    16.048    u_scene/u_scene2/in_bar_carry__1_n_0
    SLICE_X31Y69         CARRY4 (Prop_carry4_CI_CO[3])
                                                      0.114    16.162 r  u_scene/u_scene2/in_bar_carry__2/CO[3]
                         net (fo=1, routed)           1.372    17.534    u_scene/u_scene2/in_bar
    SLICE_X39Y70         LUT6 (Prop_lut6_I5_O)        0.124    17.658 r  u_scene/u_scene2/r[0]_i_1__0/O
                         net (fo=3, routed)           0.336    17.994    u_scene/u_scene2/r[0]_i_1__0_n_0
    SLICE_X37Y70         FDCE                                         r  u_scene/u_scene2/r_reg[0]/D
  -------------------------------------------------------------------    -------------------

                         (clock clkout0 rise edge)    0.000     0.000 r  
    K17                                               0.000     0.000 r  clk (IN)
                         net (fo=0)                   0.000     0.000    clk
    K17                  IBUF (Prop_ibuf_I_O)         1.421     1.421 r  clk_IBUF_inst/O
                         net (fo=1, routed)           1.880     3.301    clk_IBUF
    BUFGCTRL_X0Y16       BUFG (Prop_bufg_I_O)         0.091     3.392 r  clk_IBUF_BUFG_inst/O
                         net (fo=288, routed)         1.490     4.883    u_pclk/CLK
    MMCME2_ADV_X0Y0      MMCME2_ADV (Prop_mmcme2_adv_CLKIN1_CLKOUT0)
                                                      0.083     4.966 r  u_pclk/u_mmcm/CLKOUT0
                         net (fo=1, routed)           1.599     6.565    u_pclk/clkout0
    BUFGCTRL_X0Y1        BUFG (Prop_bufg_I_O)         0.091     6.656 r  u_pclk/u_bufg/O
                         net (fo=218, routed)         1.554     8.209    u_scene/u_scene2/pixel_clk
    SLICE_X37Y70         FDCE                                         r  u_scene/u_scene2/r_reg[0]/C

Slack:                    inf
  Source:                 mid_held_reg[15]/C
                            (rising edge-triggered cell FDCE clocked by sys_clk_pin  {rise@0.000ns fall@4.000ns period=8.000ns})
  Destination:            u_scene/u_scene4/g_reg[0]/D
                            (rising edge-triggered cell FDCE clocked by clkout0  {rise@0.000ns fall@20.000ns period=40.000ns})
  Path Group:             (none)
  Path Type:              Setup (Max at Slow Process Corner)
  Data Path Delay:        12.297ns  (logic 5.976ns (48.598%)  route 6.321ns (51.402%))
  Logic Levels:           9  (CARRY4=2 DSP48E1=1 LUT3=1 LUT4=1 LUT5=4)
  Clock Path Skew:        2.807ns (DCD - SCD + CPR)
    Destination Clock Delay (DCD):    8.205ns
    Source Clock Delay      (SCD):    5.399ns
    Clock Pessimism Removal (CPR):    0.000ns
  Clock Uncertainty:      0.185ns  ((TSJ^2 + DJ^2)^1/2) / 2 + PE
    Total System Jitter     (TSJ):    0.071ns
    Discrete Jitter          (DJ):    0.161ns
    Phase Error              (PE):    0.097ns
  Timing Exception:       False Path

    Location             Delay type                Incr(ns)  Path(ns)    Netlist Resource(s)
  -------------------------------------------------------------------    -------------------
                         (clock sys_clk_pin rise edge)
                                                      0.000     0.000 r  
    K17                                               0.000     0.000 r  clk (IN)
                         net (fo=0)                   0.000     0.000    clk
    K17                  IBUF (Prop_ibuf_I_O)         1.492     1.492 r  clk_IBUF_inst/O
                         net (fo=1, routed)           2.076     3.568    clk_IBUF
    BUFGCTRL_X0Y16       BUFG (Prop_bufg_I_O)         0.101     3.669 r  clk_IBUF_BUFG_inst/O
                         net (fo=288, routed)         1.730     5.399    clk_IBUF_BUFG
    SLICE_X38Y66         FDCE                                         r  mid_held_reg[15]/C
  -------------------------------------------------------------------    -------------------
    SLICE_X38Y66         FDCE (Prop_fdce_C_Q)         0.518     5.917 r  mid_held_reg[15]/Q
                         net (fo=3, routed)           1.245     7.162    u_sync/b_reg[3][15]
    SLICE_X33Y66         LUT5 (Prop_lut5_I0_O)        0.124     7.286 r  u_sync/scaled_i_1/O
                         net (fo=11, routed)          0.686     7.972    u_scene/u_scene4/A[15]
    DSP48_X1Y25          DSP48E1 (Prop_dsp48e1_A[15]_P[20])
                                                      3.841    11.813 r  u_scene/u_scene4/scaled/P[20]
                         net (fo=3, routed)           1.294    13.107    u_scene/u_scene4/scaled__0[20]
    SLICE_X33Y64         LUT3 (Prop_lut3_I2_O)        0.124    13.231 f  u_scene/u_scene4/in_bar_carry_i_13__0/O
                         net (fo=1, routed)           0.154    13.385    u_scene/u_scene4/in_bar_carry_i_13__0_n_0
    SLICE_X33Y64         LUT5 (Prop_lut5_I3_O)        0.124    13.509 r  u_scene/u_scene4/in_bar_carry_i_9__0/O
                         net (fo=8, routed)           0.889    14.398    u_scene/u_scene4/in_bar_carry_i_9__0_n_0
    SLICE_X34Y65         LUT5 (Prop_lut5_I3_O)        0.124    14.522 r  u_scene/u_scene4/in_bar_carry_i_5__0/O
                         net (fo=1, routed)           0.000    14.522    u_scene/u_scene4/in_bar_carry_i_5__0_n_0
    SLICE_X34Y65         CARRY4 (Prop_carry4_S[3]_CO[3])
                                                      0.376    14.898 r  u_scene/u_scene4/in_bar_carry/CO[3]
                         net (fo=1, routed)           0.000    14.898    u_scene/u_scene4/in_bar_carry_n_0
    SLICE_X34Y66         CARRY4 (Prop_carry4_CI_CO[0])
                                                      0.254    15.152 f  u_scene/u_scene4/in_bar_carry__0/CO[0]
                         net (fo=10, routed)          0.870    16.021    u_sync/b_reg[3]_0[0]
    SLICE_X35Y70         LUT5 (Prop_lut5_I4_O)        0.367    16.388 r  u_sync/r[0]_i_2__0/O
                         net (fo=3, routed)           1.183    17.572    u_sync/r[0]_i_2__0_n_0
    SLICE_X36Y73         LUT4 (Prop_lut4_I3_O)        0.124    17.696 r  u_sync/g[0]_i_1__1/O
                         net (fo=1, routed)           0.000    17.696    u_scene/u_scene4/g_reg[3]_1[0]
    SLICE_X36Y73         FDCE                                         r  u_scene/u_scene4/g_reg[0]/D
  -------------------------------------------------------------------    -------------------

                         (clock clkout0 rise edge)    0.000     0.000 r  
    K17                                               0.000     0.000 r  clk (IN)
                         net (fo=0)                   0.000     0.000    clk
    K17                  IBUF (Prop_ibuf_I_O)         1.421     1.421 r  clk_IBUF_inst/O
                         net (fo=1, routed)           1.880     3.301    clk_IBUF
    BUFGCTRL_X0Y16       BUFG (Prop_bufg_I_O)         0.091     3.392 r  clk_IBUF_BUFG_inst/O
                         net (fo=288, routed)         1.490     4.883    u_pclk/CLK
    MMCME2_ADV_X0Y0      MMCME2_ADV (Prop_mmcme2_adv_CLKIN1_CLKOUT0)
                                                      0.083     4.966 r  u_pclk/u_mmcm/CLKOUT0
                         net (fo=1, routed)           1.599     6.565    u_pclk/clkout0
    BUFGCTRL_X0Y1        BUFG (Prop_bufg_I_O)         0.091     6.656 r  u_pclk/u_bufg/O
                         net (fo=218, routed)         1.550     8.205    u_scene/u_scene4/pixel_clk
    SLICE_X36Y73         FDCE                                         r  u_scene/u_scene4/g_reg[0]/C

Slack:                    inf
  Source:                 mid_held_reg[15]/C
                            (rising edge-triggered cell FDCE clocked by sys_clk_pin  {rise@0.000ns fall@4.000ns period=8.000ns})
  Destination:            u_scene/u_scene4/r_reg[0]/D
                            (rising edge-triggered cell FDCE clocked by clkout0  {rise@0.000ns fall@20.000ns period=40.000ns})
  Path Group:             (none)
  Path Type:              Setup (Max at Slow Process Corner)
  Data Path Delay:        12.232ns  (logic 5.976ns (48.856%)  route 6.256ns (51.144%))
  Logic Levels:           9  (CARRY4=2 DSP48E1=1 LUT3=1 LUT4=1 LUT5=4)
  Clock Path Skew:        2.807ns (DCD - SCD + CPR)
    Destination Clock Delay (DCD):    8.205ns
    Source Clock Delay      (SCD):    5.399ns
    Clock Pessimism Removal (CPR):    0.000ns
  Clock Uncertainty:      0.185ns  ((TSJ^2 + DJ^2)^1/2) / 2 + PE
    Total System Jitter     (TSJ):    0.071ns
    Discrete Jitter          (DJ):    0.161ns
    Phase Error              (PE):    0.097ns
  Timing Exception:       False Path

    Location             Delay type                Incr(ns)  Path(ns)    Netlist Resource(s)
  -------------------------------------------------------------------    -------------------
                         (clock sys_clk_pin rise edge)
                                                      0.000     0.000 r  
    K17                                               0.000     0.000 r  clk (IN)
                         net (fo=0)                   0.000     0.000    clk
    K17                  IBUF (Prop_ibuf_I_O)         1.492     1.492 r  clk_IBUF_inst/O
                         net (fo=1, routed)           2.076     3.568    clk_IBUF
    BUFGCTRL_X0Y16       BUFG (Prop_bufg_I_O)         0.101     3.669 r  clk_IBUF_BUFG_inst/O
                         net (fo=288, routed)         1.730     5.399    clk_IBUF_BUFG
    SLICE_X38Y66         FDCE                                         r  mid_held_reg[15]/C
  -------------------------------------------------------------------    -------------------
    SLICE_X38Y66         FDCE (Prop_fdce_C_Q)         0.518     5.917 r  mid_held_reg[15]/Q
                         net (fo=3, routed)           1.245     7.162    u_sync/b_reg[3][15]
    SLICE_X33Y66         LUT5 (Prop_lut5_I0_O)        0.124     7.286 r  u_sync/scaled_i_1/O
                         net (fo=11, routed)          0.686     7.972    u_scene/u_scene4/A[15]
    DSP48_X1Y25          DSP48E1 (Prop_dsp48e1_A[15]_P[20])
                                                      3.841    11.813 r  u_scene/u_scene4/scaled/P[20]
                         net (fo=3, routed)           1.294    13.107    u_scene/u_scene4/scaled__0[20]
    SLICE_X33Y64         LUT3 (Prop_lut3_I2_O)        0.124    13.231 f  u_scene/u_scene4/in_bar_carry_i_13__0/O
                         net (fo=1, routed)           0.154    13.385    u_scene/u_scene4/in_bar_carry_i_13__0_n_0
    SLICE_X33Y64         LUT5 (Prop_lut5_I3_O)        0.124    13.509 r  u_scene/u_scene4/in_bar_carry_i_9__0/O
                         net (fo=8, routed)           0.889    14.398    u_scene/u_scene4/in_bar_carry_i_9__0_n_0
    SLICE_X34Y65         LUT5 (Prop_lut5_I3_O)        0.124    14.522 r  u_scene/u_scene4/in_bar_carry_i_5__0/O
                         net (fo=1, routed)           0.000    14.522    u_scene/u_scene4/in_bar_carry_i_5__0_n_0
    SLICE_X34Y65         CARRY4 (Prop_carry4_S[3]_CO[3])
                                                      0.376    14.898 r  u_scene/u_scene4/in_bar_carry/CO[3]
                         net (fo=1, routed)           0.000    14.898    u_scene/u_scene4/in_bar_carry_n_0
    SLICE_X34Y66         CARRY4 (Prop_carry4_CI_CO[0])
                                                      0.254    15.152 f  u_scene/u_scene4/in_bar_carry__0/CO[0]
                         net (fo=10, routed)          0.870    16.021    u_sync/b_reg[3]_0[0]
    SLICE_X35Y70         LUT5 (Prop_lut5_I4_O)        0.367    16.388 r  u_sync/r[0]_i_2__0/O
                         net (fo=3, routed)           1.118    17.507    u_sync/r[0]_i_2__0_n_0
    SLICE_X37Y73         LUT4 (Prop_lut4_I1_O)        0.124    17.631 r  u_sync/r[0]_i_1__2/O
                         net (fo=1, routed)           0.000    17.631    u_scene/u_scene4/r_reg[3]_1[0]
    SLICE_X37Y73         FDCE                                         r  u_scene/u_scene4/r_reg[0]/D
  -------------------------------------------------------------------    -------------------

                         (clock clkout0 rise edge)    0.000     0.000 r  
    K17                                               0.000     0.000 r  clk (IN)
                         net (fo=0)                   0.000     0.000    clk
    K17                  IBUF (Prop_ibuf_I_O)         1.421     1.421 r  clk_IBUF_inst/O
                         net (fo=1, routed)           1.880     3.301    clk_IBUF
    BUFGCTRL_X0Y16       BUFG (Prop_bufg_I_O)         0.091     3.392 r  clk_IBUF_BUFG_inst/O
                         net (fo=288, routed)         1.490     4.883    u_pclk/CLK
    MMCME2_ADV_X0Y0      MMCME2_ADV (Prop_mmcme2_adv_CLKIN1_CLKOUT0)
                                                      0.083     4.966 r  u_pclk/u_mmcm/CLKOUT0
                         net (fo=1, routed)           1.599     6.565    u_pclk/clkout0
    BUFGCTRL_X0Y1        BUFG (Prop_bufg_I_O)         0.091     6.656 r  u_pclk/u_bufg/O
                         net (fo=218, routed)         1.550     8.205    u_scene/u_scene4/pixel_clk
    SLICE_X37Y73         FDCE                                         r  u_scene/u_scene4/r_reg[0]/C

Slack:                    inf
  Source:                 mid_held_reg[15]/C
                            (rising edge-triggered cell FDCE clocked by sys_clk_pin  {rise@0.000ns fall@4.000ns period=8.000ns})
  Destination:            u_scene/u_scene4/b_reg[3]/D
                            (rising edge-triggered cell FDCE clocked by clkout0  {rise@0.000ns fall@20.000ns period=40.000ns})
  Path Group:             (none)
  Path Type:              Setup (Max at Slow Process Corner)
  Data Path Delay:        11.998ns  (logic 5.852ns (48.774%)  route 6.146ns (51.226%))
  Logic Levels:           8  (CARRY4=2 DSP48E1=1 LUT3=1 LUT5=4)
  Clock Path Skew:        2.807ns (DCD - SCD + CPR)
    Destination Clock Delay (DCD):    8.205ns
    Source Clock Delay      (SCD):    5.399ns
    Clock Pessimism Removal (CPR):    0.000ns
  Clock Uncertainty:      0.185ns  ((TSJ^2 + DJ^2)^1/2) / 2 + PE
    Total System Jitter     (TSJ):    0.071ns
    Discrete Jitter          (DJ):    0.161ns
    Phase Error              (PE):    0.097ns
  Timing Exception:       False Path

    Location             Delay type                Incr(ns)  Path(ns)    Netlist Resource(s)
  -------------------------------------------------------------------    -------------------
                         (clock sys_clk_pin rise edge)
                                                      0.000     0.000 r  
    K17                                               0.000     0.000 r  clk (IN)
                         net (fo=0)                   0.000     0.000    clk
    K17                  IBUF (Prop_ibuf_I_O)         1.492     1.492 r  clk_IBUF_inst/O
                         net (fo=1, routed)           2.076     3.568    clk_IBUF
    BUFGCTRL_X0Y16       BUFG (Prop_bufg_I_O)         0.101     3.669 r  clk_IBUF_BUFG_inst/O
                         net (fo=288, routed)         1.730     5.399    clk_IBUF_BUFG
    SLICE_X38Y66         FDCE                                         r  mid_held_reg[15]/C
  -------------------------------------------------------------------    -------------------
    SLICE_X38Y66         FDCE (Prop_fdce_C_Q)         0.518     5.917 r  mid_held_reg[15]/Q
                         net (fo=3, routed)           1.245     7.162    u_sync/b_reg[3][15]
    SLICE_X33Y66         LUT5 (Prop_lut5_I0_O)        0.124     7.286 r  u_sync/scaled_i_1/O
                         net (fo=11, routed)          0.686     7.972    u_scene/u_scene4/A[15]
    DSP48_X1Y25          DSP48E1 (Prop_dsp48e1_A[15]_P[20])
                                                      3.841    11.813 r  u_scene/u_scene4/scaled/P[20]
                         net (fo=3, routed)           1.294    13.107    u_scene/u_scene4/scaled__0[20]
    SLICE_X33Y64         LUT3 (Prop_lut3_I2_O)        0.124    13.231 f  u_scene/u_scene4/in_bar_carry_i_13__0/O
                         net (fo=1, routed)           0.154    13.385    u_scene/u_scene4/in_bar_carry_i_13__0_n_0
    SLICE_X33Y64         LUT5 (Prop_lut5_I3_O)        0.124    13.509 r  u_scene/u_scene4/in_bar_carry_i_9__0/O
                         net (fo=8, routed)           0.889    14.398    u_scene/u_scene4/in_bar_carry_i_9__0_n_0
    SLICE_X34Y65         LUT5 (Prop_lut5_I3_O)        0.124    14.522 r  u_scene/u_scene4/in_bar_carry_i_5__0/O
                         net (fo=1, routed)           0.000    14.522    u_scene/u_scene4/in_bar_carry_i_5__0_n_0
    SLICE_X34Y65         CARRY4 (Prop_carry4_S[3]_CO[3])
                                                      0.376    14.898 r  u_scene/u_scene4/in_bar_carry/CO[3]
                         net (fo=1, routed)           0.000    14.898    u_scene/u_scene4/in_bar_carry_n_0
    SLICE_X34Y66         CARRY4 (Prop_carry4_CI_CO[0])
                                                      0.254    15.152 r  u_scene/u_scene4/in_bar_carry__0/CO[0]
                         net (fo=10, routed)          1.878    17.030    u_sync/b_reg[3]_0[0]
    SLICE_X38Y73         LUT5 (Prop_lut5_I4_O)        0.367    17.397 r  u_sync/b[3]_i_1__0/O
                         net (fo=1, routed)           0.000    17.397    u_scene/u_scene4/b_reg[3]_3[3]
    SLICE_X38Y73         FDCE                                         r  u_scene/u_scene4/b_reg[3]/D
  -------------------------------------------------------------------    -------------------

                         (clock clkout0 rise edge)    0.000     0.000 r  
    K17                                               0.000     0.000 r  clk (IN)
                         net (fo=0)                   0.000     0.000    clk
    K17                  IBUF (Prop_ibuf_I_O)         1.421     1.421 r  clk_IBUF_inst/O
                         net (fo=1, routed)           1.880     3.301    clk_IBUF
    BUFGCTRL_X0Y16       BUFG (Prop_bufg_I_O)         0.091     3.392 r  clk_IBUF_BUFG_inst/O
                         net (fo=288, routed)         1.490     4.883    u_pclk/CLK
    MMCME2_ADV_X0Y0      MMCME2_ADV (Prop_mmcme2_adv_CLKIN1_CLKOUT0)
                                                      0.083     4.966 r  u_pclk/u_mmcm/CLKOUT0
                         net (fo=1, routed)           1.599     6.565    u_pclk/clkout0
    BUFGCTRL_X0Y1        BUFG (Prop_bufg_I_O)         0.091     6.656 r  u_pclk/u_bufg/O
                         net (fo=218, routed)         1.550     8.205    u_scene/u_scene4/pixel_clk
    SLICE_X38Y73         FDCE                                         r  u_scene/u_scene4/b_reg[3]/C

Slack:                    inf
  Source:                 mid_held_reg[15]/C
                            (rising edge-triggered cell FDCE clocked by sys_clk_pin  {rise@0.000ns fall@4.000ns period=8.000ns})
  Destination:            u_scene/u_scene4/b_reg[0]/D
                            (rising edge-triggered cell FDCE clocked by clkout0  {rise@0.000ns fall@20.000ns period=40.000ns})
  Path Group:             (none)
  Path Type:              Setup (Max at Slow Process Corner)
  Data Path Delay:        11.954ns  (logic 5.976ns (49.994%)  route 5.978ns (50.006%))
  Logic Levels:           9  (CARRY4=2 DSP48E1=1 LUT3=1 LUT4=1 LUT5=4)
  Clock Path Skew:        2.810ns (DCD - SCD + CPR)
    Destination Clock Delay (DCD):    8.208ns
    Source Clock Delay      (SCD):    5.399ns
    Clock Pessimism Removal (CPR):    0.000ns
  Clock Uncertainty:      0.185ns  ((TSJ^2 + DJ^2)^1/2) / 2 + PE
    Total System Jitter     (TSJ):    0.071ns
    Discrete Jitter          (DJ):    0.161ns
    Phase Error              (PE):    0.097ns
  Timing Exception:       False Path

    Location             Delay type                Incr(ns)  Path(ns)    Netlist Resource(s)
  -------------------------------------------------------------------    -------------------
                         (clock sys_clk_pin rise edge)
                                                      0.000     0.000 r  
    K17                                               0.000     0.000 r  clk (IN)
                         net (fo=0)                   0.000     0.000    clk
    K17                  IBUF (Prop_ibuf_I_O)         1.492     1.492 r  clk_IBUF_inst/O
                         net (fo=1, routed)           2.076     3.568    clk_IBUF
    BUFGCTRL_X0Y16       BUFG (Prop_bufg_I_O)         0.101     3.669 r  clk_IBUF_BUFG_inst/O
                         net (fo=288, routed)         1.730     5.399    clk_IBUF_BUFG
    SLICE_X38Y66         FDCE                                         r  mid_held_reg[15]/C
  -------------------------------------------------------------------    -------------------
    SLICE_X38Y66         FDCE (Prop_fdce_C_Q)         0.518     5.917 r  mid_held_reg[15]/Q
                         net (fo=3, routed)           1.245     7.162    u_sync/b_reg[3][15]
    SLICE_X33Y66         LUT5 (Prop_lut5_I0_O)        0.124     7.286 r  u_sync/scaled_i_1/O
                         net (fo=11, routed)          0.686     7.972    u_scene/u_scene4/A[15]
    DSP48_X1Y25          DSP48E1 (Prop_dsp48e1_A[15]_P[20])
                                                      3.841    11.813 r  u_scene/u_scene4/scaled/P[20]
                         net (fo=3, routed)           1.294    13.107    u_scene/u_scene4/scaled__0[20]
    SLICE_X33Y64         LUT3 (Prop_lut3_I2_O)        0.124    13.231 f  u_scene/u_scene4/in_bar_carry_i_13__0/O
                         net (fo=1, routed)           0.154    13.385    u_scene/u_scene4/in_bar_carry_i_13__0_n_0
    SLICE_X33Y64         LUT5 (Prop_lut5_I3_O)        0.124    13.509 r  u_scene/u_scene4/in_bar_carry_i_9__0/O
                         net (fo=8, routed)           0.889    14.398    u_scene/u_scene4/in_bar_carry_i_9__0_n_0
    SLICE_X34Y65         LUT5 (Prop_lut5_I3_O)        0.124    14.522 r  u_scene/u_scene4/in_bar_carry_i_5__0/O
                         net (fo=1, routed)           0.000    14.522    u_scene/u_scene4/in_bar_carry_i_5__0_n_0
    SLICE_X34Y65         CARRY4 (Prop_carry4_S[3]_CO[3])
                                                      0.376    14.898 r  u_scene/u_scene4/in_bar_carry/CO[3]
                         net (fo=1, routed)           0.000    14.898    u_scene/u_scene4/in_bar_carry_n_0
    SLICE_X34Y66         CARRY4 (Prop_carry4_CI_CO[0])
                                                      0.254    15.152 f  u_scene/u_scene4/in_bar_carry__0/CO[0]
                         net (fo=10, routed)          0.870    16.021    u_sync/b_reg[3]_0[0]
    SLICE_X35Y70         LUT5 (Prop_lut5_I4_O)        0.367    16.388 r  u_sync/r[0]_i_2__0/O
                         net (fo=3, routed)           0.840    17.228    u_sync/r[0]_i_2__0_n_0
    SLICE_X38Y71         LUT4 (Prop_lut4_I3_O)        0.124    17.352 r  u_sync/b[0]_i_1__0/O
                         net (fo=1, routed)           0.000    17.352    u_scene/u_scene4/b_reg[3]_3[0]
    SLICE_X38Y71         FDCE                                         r  u_scene/u_scene4/b_reg[0]/D
  -------------------------------------------------------------------    -------------------

                         (clock clkout0 rise edge)    0.000     0.000 r  
    K17                                               0.000     0.000 r  clk (IN)
                         net (fo=0)                   0.000     0.000    clk
    K17                  IBUF (Prop_ibuf_I_O)         1.421     1.421 r  clk_IBUF_inst/O
                         net (fo=1, routed)           1.880     3.301    clk_IBUF
    BUFGCTRL_X0Y16       BUFG (Prop_bufg_I_O)         0.091     3.392 r  clk_IBUF_BUFG_inst/O
                         net (fo=288, routed)         1.490     4.883    u_pclk/CLK
    MMCME2_ADV_X0Y0      MMCME2_ADV (Prop_mmcme2_adv_CLKIN1_CLKOUT0)
                                                      0.083     4.966 r  u_pclk/u_mmcm/CLKOUT0
                         net (fo=1, routed)           1.599     6.565    u_pclk/clkout0
    BUFGCTRL_X0Y1        BUFG (Prop_bufg_I_O)         0.091     6.656 r  u_pclk/u_bufg/O
                         net (fo=218, routed)         1.553     8.208    u_scene/u_scene4/pixel_clk
    SLICE_X38Y71         FDCE                                         r  u_scene/u_scene4/b_reg[0]/C

Slack:                    inf
  Source:                 mid_held_reg[15]/C
                            (rising edge-triggered cell FDCE clocked by sys_clk_pin  {rise@0.000ns fall@4.000ns period=8.000ns})
  Destination:            u_scene/u_scene4/b_reg[2]/D
                            (rising edge-triggered cell FDCE clocked by clkout0  {rise@0.000ns fall@20.000ns period=40.000ns})
  Path Group:             (none)
  Path Type:              Setup (Max at Slow Process Corner)
  Data Path Delay:        11.643ns  (logic 5.852ns (50.264%)  route 5.791ns (49.736%))
  Logic Levels:           8  (CARRY4=2 DSP48E1=1 LUT3=1 LUT5=3 LUT6=1)
  Clock Path Skew:        2.807ns (DCD - SCD + CPR)
    Destination Clock Delay (DCD):    8.205ns
    Source Clock Delay      (SCD):    5.399ns
    Clock Pessimism Removal (CPR):    0.000ns
  Clock Uncertainty:      0.185ns  ((TSJ^2 + DJ^2)^1/2) / 2 + PE
    Total System Jitter     (TSJ):    0.071ns
    Discrete Jitter          (DJ):    0.161ns
    Phase Error              (PE):    0.097ns
  Timing Exception:       False Path

    Location             Delay type                Incr(ns)  Path(ns)    Netlist Resource(s)
  -------------------------------------------------------------------    -------------------
                         (clock sys_clk_pin rise edge)
                                                      0.000     0.000 r  
    K17                                               0.000     0.000 r  clk (IN)
                         net (fo=0)                   0.000     0.000    clk
    K17                  IBUF (Prop_ibuf_I_O)         1.492     1.492 r  clk_IBUF_inst/O
                         net (fo=1, routed)           2.076     3.568    clk_IBUF
    BUFGCTRL_X0Y16       BUFG (Prop_bufg_I_O)         0.101     3.669 r  clk_IBUF_BUFG_inst/O
                         net (fo=288, routed)         1.730     5.399    clk_IBUF_BUFG
    SLICE_X38Y66         FDCE                                         r  mid_held_reg[15]/C
  -------------------------------------------------------------------    -------------------
    SLICE_X38Y66         FDCE (Prop_fdce_C_Q)         0.518     5.917 r  mid_held_reg[15]/Q
                         net (fo=3, routed)           1.245     7.162    u_sync/b_reg[3][15]
    SLICE_X33Y66         LUT5 (Prop_lut5_I0_O)        0.124     7.286 r  u_sync/scaled_i_1/O
                         net (fo=11, routed)          0.686     7.972    u_scene/u_scene4/A[15]
    DSP48_X1Y25          DSP48E1 (Prop_dsp48e1_A[15]_P[20])
                                                      3.841    11.813 r  u_scene/u_scene4/scaled/P[20]
                         net (fo=3, routed)           1.294    13.107    u_scene/u_scene4/scaled__0[20]
    SLICE_X33Y64         LUT3 (Prop_lut3_I2_O)        0.124    13.231 f  u_scene/u_scene4/in_bar_carry_i_13__0/O
                         net (fo=1, routed)           0.154    13.385    u_scene/u_scene4/in_bar_carry_i_13__0_n_0
    SLICE_X33Y64         LUT5 (Prop_lut5_I3_O)        0.124    13.509 r  u_scene/u_scene4/in_bar_carry_i_9__0/O
                         net (fo=8, routed)           0.889    14.398    u_scene/u_scene4/in_bar_carry_i_9__0_n_0
    SLICE_X34Y65         LUT5 (Prop_lut5_I3_O)        0.124    14.522 r  u_scene/u_scene4/in_bar_carry_i_5__0/O
                         net (fo=1, routed)           0.000    14.522    u_scene/u_scene4/in_bar_carry_i_5__0_n_0
    SLICE_X34Y65         CARRY4 (Prop_carry4_S[3]_CO[3])
                                                      0.376    14.898 r  u_scene/u_scene4/in_bar_carry/CO[3]
                         net (fo=1, routed)           0.000    14.898    u_scene/u_scene4/in_bar_carry_n_0
    SLICE_X34Y66         CARRY4 (Prop_carry4_CI_CO[0])
                                                      0.254    15.152 r  u_scene/u_scene4/in_bar_carry__0/CO[0]
                         net (fo=10, routed)          1.523    16.674    u_sync/b_reg[3]_0[0]
    SLICE_X36Y73         LUT6 (Prop_lut6_I0_O)        0.367    17.041 r  u_sync/b[2]_i_1__0/O
                         net (fo=1, routed)           0.000    17.041    u_scene/u_scene4/b_reg[3]_3[2]
    SLICE_X36Y73         FDCE                                         r  u_scene/u_scene4/b_reg[2]/D
  -------------------------------------------------------------------    -------------------

                         (clock clkout0 rise edge)    0.000     0.000 r  
    K17                                               0.000     0.000 r  clk (IN)
                         net (fo=0)                   0.000     0.000    clk
    K17                  IBUF (Prop_ibuf_I_O)         1.421     1.421 r  clk_IBUF_inst/O
                         net (fo=1, routed)           1.880     3.301    clk_IBUF
    BUFGCTRL_X0Y16       BUFG (Prop_bufg_I_O)         0.091     3.392 r  clk_IBUF_BUFG_inst/O
                         net (fo=288, routed)         1.490     4.883    u_pclk/CLK
    MMCME2_ADV_X0Y0      MMCME2_ADV (Prop_mmcme2_adv_CLKIN1_CLKOUT0)
                                                      0.083     4.966 r  u_pclk/u_mmcm/CLKOUT0
                         net (fo=1, routed)           1.599     6.565    u_pclk/clkout0
    BUFGCTRL_X0Y1        BUFG (Prop_bufg_I_O)         0.091     6.656 r  u_pclk/u_bufg/O
                         net (fo=218, routed)         1.550     8.205    u_scene/u_scene4/pixel_clk
    SLICE_X36Y73         FDCE                                         r  u_scene/u_scene4/b_reg[2]/C

Slack:                    inf
  Source:                 mid_held_reg[15]/C
                            (rising edge-triggered cell FDCE clocked by sys_clk_pin  {rise@0.000ns fall@4.000ns period=8.000ns})
  Destination:            u_scene/u_scene4/r_reg[1]/D
                            (rising edge-triggered cell FDCE clocked by clkout0  {rise@0.000ns fall@20.000ns period=40.000ns})
  Path Group:             (none)
  Path Type:              Setup (Max at Slow Process Corner)
  Data Path Delay:        11.499ns  (logic 5.852ns (50.890%)  route 5.647ns (49.110%))
  Logic Levels:           8  (CARRY4=2 DSP48E1=1 LUT3=1 LUT5=3 LUT6=1)
  Clock Path Skew:        2.807ns (DCD - SCD + CPR)
    Destination Clock Delay (DCD):    8.205ns
    Source Clock Delay      (SCD):    5.399ns
    Clock Pessimism Removal (CPR):    0.000ns
  Clock Uncertainty:      0.185ns  ((TSJ^2 + DJ^2)^1/2) / 2 + PE
    Total System Jitter     (TSJ):    0.071ns
    Discrete Jitter          (DJ):    0.161ns
    Phase Error              (PE):    0.097ns
  Timing Exception:       False Path

    Location             Delay type                Incr(ns)  Path(ns)    Netlist Resource(s)
  -------------------------------------------------------------------    -------------------
                         (clock sys_clk_pin rise edge)
                                                      0.000     0.000 r  
    K17                                               0.000     0.000 r  clk (IN)
                         net (fo=0)                   0.000     0.000    clk
    K17                  IBUF (Prop_ibuf_I_O)         1.492     1.492 r  clk_IBUF_inst/O
                         net (fo=1, routed)           2.076     3.568    clk_IBUF
    BUFGCTRL_X0Y16       BUFG (Prop_bufg_I_O)         0.101     3.669 r  clk_IBUF_BUFG_inst/O
                         net (fo=288, routed)         1.730     5.399    clk_IBUF_BUFG
    SLICE_X38Y66         FDCE                                         r  mid_held_reg[15]/C
  -------------------------------------------------------------------    -------------------
    SLICE_X38Y66         FDCE (Prop_fdce_C_Q)         0.518     5.917 r  mid_held_reg[15]/Q
                         net (fo=3, routed)           1.245     7.162    u_sync/b_reg[3][15]
    SLICE_X33Y66         LUT5 (Prop_lut5_I0_O)        0.124     7.286 r  u_sync/scaled_i_1/O
                         net (fo=11, routed)          0.686     7.972    u_scene/u_scene4/A[15]
    DSP48_X1Y25          DSP48E1 (Prop_dsp48e1_A[15]_P[20])
                                                      3.841    11.813 r  u_scene/u_scene4/scaled/P[20]
                         net (fo=3, routed)           1.294    13.107    u_scene/u_scene4/scaled__0[20]
    SLICE_X33Y64         LUT3 (Prop_lut3_I2_O)        0.124    13.231 f  u_scene/u_scene4/in_bar_carry_i_13__0/O
                         net (fo=1, routed)           0.154    13.385    u_scene/u_scene4/in_bar_carry_i_13__0_n_0
    SLICE_X33Y64         LUT5 (Prop_lut5_I3_O)        0.124    13.509 r  u_scene/u_scene4/in_bar_carry_i_9__0/O
                         net (fo=8, routed)           0.889    14.398    u_scene/u_scene4/in_bar_carry_i_9__0_n_0
    SLICE_X34Y65         LUT5 (Prop_lut5_I3_O)        0.124    14.522 r  u_scene/u_scene4/in_bar_carry_i_5__0/O
                         net (fo=1, routed)           0.000    14.522    u_scene/u_scene4/in_bar_carry_i_5__0_n_0
    SLICE_X34Y65         CARRY4 (Prop_carry4_S[3]_CO[3])
                                                      0.376    14.898 r  u_scene/u_scene4/in_bar_carry/CO[3]
                         net (fo=1, routed)           0.000    14.898    u_scene/u_scene4/in_bar_carry_n_0
    SLICE_X34Y66         CARRY4 (Prop_carry4_CI_CO[0])
                                                      0.254    15.152 r  u_scene/u_scene4/in_bar_carry__0/CO[0]
                         net (fo=10, routed)          1.379    16.531    u_sync/b_reg[3]_0[0]
    SLICE_X38Y73         LUT6 (Prop_lut6_I0_O)        0.367    16.898 r  u_sync/r[1]_i_1__1/O
                         net (fo=1, routed)           0.000    16.898    u_scene/u_scene4/r_reg[3]_1[1]
    SLICE_X38Y73         FDCE                                         r  u_scene/u_scene4/r_reg[1]/D
  -------------------------------------------------------------------    -------------------

                         (clock clkout0 rise edge)    0.000     0.000 r  
    K17                                               0.000     0.000 r  clk (IN)
                         net (fo=0)                   0.000     0.000    clk
    K17                  IBUF (Prop_ibuf_I_O)         1.421     1.421 r  clk_IBUF_inst/O
                         net (fo=1, routed)           1.880     3.301    clk_IBUF
    BUFGCTRL_X0Y16       BUFG (Prop_bufg_I_O)         0.091     3.392 r  clk_IBUF_BUFG_inst/O
                         net (fo=288, routed)         1.490     4.883    u_pclk/CLK
    MMCME2_ADV_X0Y0      MMCME2_ADV (Prop_mmcme2_adv_CLKIN1_CLKOUT0)
                                                      0.083     4.966 r  u_pclk/u_mmcm/CLKOUT0
                         net (fo=1, routed)           1.599     6.565    u_pclk/clkout0
    BUFGCTRL_X0Y1        BUFG (Prop_bufg_I_O)         0.091     6.656 r  u_pclk/u_bufg/O
                         net (fo=218, routed)         1.550     8.205    u_scene/u_scene4/pixel_clk
    SLICE_X38Y73         FDCE                                         r  u_scene/u_scene4/r_reg[1]/C

Slack:                    inf
  Source:                 mid_held_reg[15]/C
                            (rising edge-triggered cell FDCE clocked by sys_clk_pin  {rise@0.000ns fall@4.000ns period=8.000ns})
  Destination:            u_scene/u_scene4/b_reg[1]/D
                            (rising edge-triggered cell FDCE clocked by clkout0  {rise@0.000ns fall@20.000ns period=40.000ns})
  Path Group:             (none)
  Path Type:              Setup (Max at Slow Process Corner)
  Data Path Delay:        11.431ns  (logic 5.852ns (51.196%)  route 5.579ns (48.804%))
  Logic Levels:           8  (CARRY4=2 DSP48E1=1 LUT3=1 LUT5=3 LUT6=1)
  Clock Path Skew:        2.810ns (DCD - SCD + CPR)
    Destination Clock Delay (DCD):    8.208ns
    Source Clock Delay      (SCD):    5.399ns
    Clock Pessimism Removal (CPR):    0.000ns
  Clock Uncertainty:      0.185ns  ((TSJ^2 + DJ^2)^1/2) / 2 + PE
    Total System Jitter     (TSJ):    0.071ns
    Discrete Jitter          (DJ):    0.161ns
    Phase Error              (PE):    0.097ns
  Timing Exception:       False Path

    Location             Delay type                Incr(ns)  Path(ns)    Netlist Resource(s)
  -------------------------------------------------------------------    -------------------
                         (clock sys_clk_pin rise edge)
                                                      0.000     0.000 r  
    K17                                               0.000     0.000 r  clk (IN)
                         net (fo=0)                   0.000     0.000    clk
    K17                  IBUF (Prop_ibuf_I_O)         1.492     1.492 r  clk_IBUF_inst/O
                         net (fo=1, routed)           2.076     3.568    clk_IBUF
    BUFGCTRL_X0Y16       BUFG (Prop_bufg_I_O)         0.101     3.669 r  clk_IBUF_BUFG_inst/O
                         net (fo=288, routed)         1.730     5.399    clk_IBUF_BUFG
    SLICE_X38Y66         FDCE                                         r  mid_held_reg[15]/C
  -------------------------------------------------------------------    -------------------
    SLICE_X38Y66         FDCE (Prop_fdce_C_Q)         0.518     5.917 r  mid_held_reg[15]/Q
                         net (fo=3, routed)           1.245     7.162    u_sync/b_reg[3][15]
    SLICE_X33Y66         LUT5 (Prop_lut5_I0_O)        0.124     7.286 r  u_sync/scaled_i_1/O
                         net (fo=11, routed)          0.686     7.972    u_scene/u_scene4/A[15]
    DSP48_X1Y25          DSP48E1 (Prop_dsp48e1_A[15]_P[20])
                                                      3.841    11.813 r  u_scene/u_scene4/scaled/P[20]
                         net (fo=3, routed)           1.294    13.107    u_scene/u_scene4/scaled__0[20]
    SLICE_X33Y64         LUT3 (Prop_lut3_I2_O)        0.124    13.231 f  u_scene/u_scene4/in_bar_carry_i_13__0/O
                         net (fo=1, routed)           0.154    13.385    u_scene/u_scene4/in_bar_carry_i_13__0_n_0
    SLICE_X33Y64         LUT5 (Prop_lut5_I3_O)        0.124    13.509 r  u_scene/u_scene4/in_bar_carry_i_9__0/O
                         net (fo=8, routed)           0.889    14.398    u_scene/u_scene4/in_bar_carry_i_9__0_n_0
    SLICE_X34Y65         LUT5 (Prop_lut5_I3_O)        0.124    14.522 r  u_scene/u_scene4/in_bar_carry_i_5__0/O
                         net (fo=1, routed)           0.000    14.522    u_scene/u_scene4/in_bar_carry_i_5__0_n_0
    SLICE_X34Y65         CARRY4 (Prop_carry4_S[3]_CO[3])
                                                      0.376    14.898 r  u_scene/u_scene4/in_bar_carry/CO[3]
                         net (fo=1, routed)           0.000    14.898    u_scene/u_scene4/in_bar_carry_n_0
    SLICE_X34Y66         CARRY4 (Prop_carry4_CI_CO[0])
                                                      0.254    15.152 r  u_scene/u_scene4/in_bar_carry__0/CO[0]
                         net (fo=10, routed)          1.311    16.462    u_sync/b_reg[3]_0[0]
    SLICE_X39Y71         LUT6 (Prop_lut6_I0_O)        0.367    16.829 r  u_sync/b[1]_i_1__0/O
                         net (fo=1, routed)           0.000    16.829    u_scene/u_scene4/b_reg[3]_3[1]
    SLICE_X39Y71         FDCE                                         r  u_scene/u_scene4/b_reg[1]/D
  -------------------------------------------------------------------    -------------------

                         (clock clkout0 rise edge)    0.000     0.000 r  
    K17                                               0.000     0.000 r  clk (IN)
                         net (fo=0)                   0.000     0.000    clk
    K17                  IBUF (Prop_ibuf_I_O)         1.421     1.421 r  clk_IBUF_inst/O
                         net (fo=1, routed)           1.880     3.301    clk_IBUF
    BUFGCTRL_X0Y16       BUFG (Prop_bufg_I_O)         0.091     3.392 r  clk_IBUF_BUFG_inst/O
                         net (fo=288, routed)         1.490     4.883    u_pclk/CLK
    MMCME2_ADV_X0Y0      MMCME2_ADV (Prop_mmcme2_adv_CLKIN1_CLKOUT0)
                                                      0.083     4.966 r  u_pclk/u_mmcm/CLKOUT0
                         net (fo=1, routed)           1.599     6.565    u_pclk/clkout0
    BUFGCTRL_X0Y1        BUFG (Prop_bufg_I_O)         0.091     6.656 r  u_pclk/u_bufg/O
                         net (fo=218, routed)         1.553     8.208    u_scene/u_scene4/pixel_clk
    SLICE_X39Y71         FDCE                                         r  u_scene/u_scene4/b_reg[1]/C





Min Delay Paths
--------------------------------------------------------------------------------------
Slack:                    inf
  Source:                 amp_held_reg[13]/C
                            (rising edge-triggered cell FDCE clocked by sys_clk_pin  {rise@0.000ns fall@4.000ns period=8.000ns})
  Destination:            u_scene/u_scene1/r_reg[1]/D
                            (rising edge-triggered cell FDCE clocked by clkout0  {rise@0.000ns fall@20.000ns period=40.000ns})
  Path Group:             (none)
  Path Type:              Hold (Min at Fast Process Corner)
  Data Path Delay:        0.643ns  (logic 0.186ns (28.941%)  route 0.457ns (71.059%))
  Logic Levels:           1  (LUT6=1)
  Clock Path Skew:        1.931ns (DCD - SCD - CPR)
    Destination Clock Delay (DCD):    3.428ns
    Source Clock Delay      (SCD):    1.497ns
    Clock Pessimism Removal (CPR):    -0.000ns
  Clock Uncertainty:      0.185ns  ((TSJ^2 + DJ^2)^1/2) / 2 + PE
    Total System Jitter     (TSJ):    0.071ns
    Discrete Jitter          (DJ):    0.161ns
    Phase Error              (PE):    0.097ns
  Timing Exception:       False Path

    Location             Delay type                Incr(ns)  Path(ns)    Netlist Resource(s)
  -------------------------------------------------------------------    -------------------
                         (clock sys_clk_pin rise edge)
                                                      0.000     0.000 r  
    K17                                               0.000     0.000 r  clk (IN)
                         net (fo=0)                   0.000     0.000    clk
    K17                  IBUF (Prop_ibuf_I_O)         0.259     0.259 r  clk_IBUF_inst/O
                         net (fo=1, routed)           0.627     0.887    clk_IBUF
    BUFGCTRL_X0Y16       BUFG (Prop_bufg_I_O)         0.026     0.913 r  clk_IBUF_BUFG_inst/O
                         net (fo=288, routed)         0.585     1.497    clk_IBUF_BUFG
    SLICE_X36Y57         FDCE                                         r  amp_held_reg[13]/C
  -------------------------------------------------------------------    -------------------
    SLICE_X36Y57         FDCE (Prop_fdce_C_Q)         0.141     1.638 r  amp_held_reg[13]/Q
                         net (fo=5, routed)           0.457     2.095    u_sync/r_reg[3]_2[5]
    SLICE_X37Y72         LUT6 (Prop_lut6_I5_O)        0.045     2.140 r  u_sync/r[1]_i_1/O
                         net (fo=1, routed)           0.000     2.140    u_scene/u_scene1/r_reg[1]_0
    SLICE_X37Y72         FDCE                                         r  u_scene/u_scene1/r_reg[1]/D
  -------------------------------------------------------------------    -------------------

                         (clock clkout0 rise edge)    0.000     0.000 r  
    K17                                               0.000     0.000 r  clk (IN)
                         net (fo=0)                   0.000     0.000    clk
    K17                  IBUF (Prop_ibuf_I_O)         0.447     0.447 r  clk_IBUF_inst/O
                         net (fo=1, routed)           0.683     1.130    clk_IBUF
    BUFGCTRL_X0Y16       BUFG (Prop_bufg_I_O)         0.029     1.159 r  clk_IBUF_BUFG_inst/O
                         net (fo=288, routed)         0.814     1.973    u_pclk/CLK
    MMCME2_ADV_X0Y0      MMCME2_ADV (Prop_mmcme2_adv_CLKIN1_CLKOUT0)
                                                      0.053     2.026 r  u_pclk/u_mmcm/CLKOUT0
                         net (fo=1, routed)           0.528     2.554    u_pclk/clkout0
    BUFGCTRL_X0Y1        BUFG (Prop_bufg_I_O)         0.029     2.583 r  u_pclk/u_bufg/O
                         net (fo=218, routed)         0.845     3.428    u_scene/u_scene1/pixel_clk
    SLICE_X37Y72         FDCE                                         r  u_scene/u_scene1/r_reg[1]/C

Slack:                    inf
  Source:                 mid_held_reg[13]/C
                            (rising edge-triggered cell FDCE clocked by sys_clk_pin  {rise@0.000ns fall@4.000ns period=8.000ns})
  Destination:            u_scene/u_scene3/b_reg[1]/D
                            (rising edge-triggered cell FDCE clocked by clkout0  {rise@0.000ns fall@20.000ns period=40.000ns})
  Path Group:             (none)
  Path Type:              Hold (Min at Fast Process Corner)
  Data Path Delay:        0.727ns  (logic 0.209ns (28.766%)  route 0.518ns (71.234%))
  Logic Levels:           1  (LUT3=1)
  Clock Path Skew:        1.909ns (DCD - SCD - CPR)
    Destination Clock Delay (DCD):    3.402ns
    Source Clock Delay      (SCD):    1.493ns
    Clock Pessimism Removal (CPR):    -0.000ns
  Clock Uncertainty:      0.185ns  ((TSJ^2 + DJ^2)^1/2) / 2 + PE
    Total System Jitter     (TSJ):    0.071ns
    Discrete Jitter          (DJ):    0.161ns
    Phase Error              (PE):    0.097ns
  Timing Exception:       False Path

    Location             Delay type                Incr(ns)  Path(ns)    Netlist Resource(s)
  -------------------------------------------------------------------    -------------------
                         (clock sys_clk_pin rise edge)
                                                      0.000     0.000 r  
    K17                                               0.000     0.000 r  clk (IN)
                         net (fo=0)                   0.000     0.000    clk
    K17                  IBUF (Prop_ibuf_I_O)         0.259     0.259 r  clk_IBUF_inst/O
                         net (fo=1, routed)           0.627     0.887    clk_IBUF
    BUFGCTRL_X0Y16       BUFG (Prop_bufg_I_O)         0.026     0.913 r  clk_IBUF_BUFG_inst/O
                         net (fo=288, routed)         0.581     1.493    clk_IBUF_BUFG
    SLICE_X38Y66         FDCE                                         r  mid_held_reg[13]/C
  -------------------------------------------------------------------    -------------------
    SLICE_X38Y66         FDCE (Prop_fdce_C_Q)         0.164     1.657 r  mid_held_reg[13]/Q
                         net (fo=3, routed)           0.518     2.175    u_sync/b_reg[3][13]
    SLICE_X35Y71         LUT3 (Prop_lut3_I1_O)        0.045     2.220 r  u_sync/b[1]_i_1/O
                         net (fo=1, routed)           0.000     2.220    u_scene/u_scene3/b_reg[3]_1[1]
    SLICE_X35Y71         FDCE                                         r  u_scene/u_scene3/b_reg[1]/D
  -------------------------------------------------------------------    -------------------

                         (clock clkout0 rise edge)    0.000     0.000 r  
    K17                                               0.000     0.000 r  clk (IN)
                         net (fo=0)                   0.000     0.000    clk
    K17                  IBUF (Prop_ibuf_I_O)         0.447     0.447 r  clk_IBUF_inst/O
                         net (fo=1, routed)           0.683     1.130    clk_IBUF
    BUFGCTRL_X0Y16       BUFG (Prop_bufg_I_O)         0.029     1.159 r  clk_IBUF_BUFG_inst/O
                         net (fo=288, routed)         0.814     1.973    u_pclk/CLK
    MMCME2_ADV_X0Y0      MMCME2_ADV (Prop_mmcme2_adv_CLKIN1_CLKOUT0)
                                                      0.053     2.026 r  u_pclk/u_mmcm/CLKOUT0
                         net (fo=1, routed)           0.528     2.554    u_pclk/clkout0
    BUFGCTRL_X0Y1        BUFG (Prop_bufg_I_O)         0.029     2.583 r  u_pclk/u_bufg/O
                         net (fo=218, routed)         0.819     3.402    u_scene/u_scene3/pixel_clk
    SLICE_X35Y71         FDCE                                         r  u_scene/u_scene3/b_reg[1]/C

Slack:                    inf
  Source:                 mid_held_reg[13]/C
                            (rising edge-triggered cell FDCE clocked by sys_clk_pin  {rise@0.000ns fall@4.000ns period=8.000ns})
  Destination:            u_scene/u_scene3/r_reg[0]/D
                            (rising edge-triggered cell FDCE clocked by clkout0  {rise@0.000ns fall@20.000ns period=40.000ns})
  Path Group:             (none)
  Path Type:              Hold (Min at Fast Process Corner)
  Data Path Delay:        0.761ns  (logic 0.211ns (27.734%)  route 0.550ns (72.266%))
  Logic Levels:           1  (LUT4=1)
  Clock Path Skew:        1.935ns (DCD - SCD - CPR)
    Destination Clock Delay (DCD):    3.428ns
    Source Clock Delay      (SCD):    1.493ns
    Clock Pessimism Removal (CPR):    -0.000ns
  Clock Uncertainty:      0.185ns  ((TSJ^2 + DJ^2)^1/2) / 2 + PE
    Total System Jitter     (TSJ):    0.071ns
    Discrete Jitter          (DJ):    0.161ns
    Phase Error              (PE):    0.097ns
  Timing Exception:       False Path

    Location             Delay type                Incr(ns)  Path(ns)    Netlist Resource(s)
  -------------------------------------------------------------------    -------------------
                         (clock sys_clk_pin rise edge)
                                                      0.000     0.000 r  
    K17                                               0.000     0.000 r  clk (IN)
                         net (fo=0)                   0.000     0.000    clk
    K17                  IBUF (Prop_ibuf_I_O)         0.259     0.259 r  clk_IBUF_inst/O
                         net (fo=1, routed)           0.627     0.887    clk_IBUF
    BUFGCTRL_X0Y16       BUFG (Prop_bufg_I_O)         0.026     0.913 r  clk_IBUF_BUFG_inst/O
                         net (fo=288, routed)         0.581     1.493    clk_IBUF_BUFG
    SLICE_X38Y66         FDCE                                         r  mid_held_reg[13]/C
  -------------------------------------------------------------------    -------------------
    SLICE_X38Y66         FDCE (Prop_fdce_C_Q)         0.164     1.657 r  mid_held_reg[13]/Q
                         net (fo=3, routed)           0.550     2.207    u_sync/b_reg[3][13]
    SLICE_X38Y72         LUT4 (Prop_lut4_I1_O)        0.047     2.254 r  u_sync/r[0]_i_1/O
                         net (fo=1, routed)           0.000     2.254    u_scene/u_scene3/D[0]
    SLICE_X38Y72         FDCE                                         r  u_scene/u_scene3/r_reg[0]/D
  -------------------------------------------------------------------    -------------------

                         (clock clkout0 rise edge)    0.000     0.000 r  
    K17                                               0.000     0.000 r  clk (IN)
                         net (fo=0)                   0.000     0.000    clk
    K17                  IBUF (Prop_ibuf_I_O)         0.447     0.447 r  clk_IBUF_inst/O
                         net (fo=1, routed)           0.683     1.130    clk_IBUF
    BUFGCTRL_X0Y16       BUFG (Prop_bufg_I_O)         0.029     1.159 r  clk_IBUF_BUFG_inst/O
                         net (fo=288, routed)         0.814     1.973    u_pclk/CLK
    MMCME2_ADV_X0Y0      MMCME2_ADV (Prop_mmcme2_adv_CLKIN1_CLKOUT0)
                                                      0.053     2.026 r  u_pclk/u_mmcm/CLKOUT0
                         net (fo=1, routed)           0.528     2.554    u_pclk/clkout0
    BUFGCTRL_X0Y1        BUFG (Prop_bufg_I_O)         0.029     2.583 r  u_pclk/u_bufg/O
                         net (fo=218, routed)         0.845     3.428    u_scene/u_scene3/pixel_clk
    SLICE_X38Y72         FDCE                                         r  u_scene/u_scene3/r_reg[0]/C

Slack:                    inf
  Source:                 mid_held_reg[14]/C
                            (rising edge-triggered cell FDCE clocked by sys_clk_pin  {rise@0.000ns fall@4.000ns period=8.000ns})
  Destination:            u_scene/u_scene3/r_reg[1]/D
                            (rising edge-triggered cell FDCE clocked by clkout0  {rise@0.000ns fall@20.000ns period=40.000ns})
  Path Group:             (none)
  Path Type:              Hold (Min at Fast Process Corner)
  Data Path Delay:        0.765ns  (logic 0.207ns (27.071%)  route 0.558ns (72.929%))
  Logic Levels:           1  (LUT3=1)
  Clock Path Skew:        1.935ns (DCD - SCD - CPR)
    Destination Clock Delay (DCD):    3.428ns
    Source Clock Delay      (SCD):    1.493ns
    Clock Pessimism Removal (CPR):    -0.000ns
  Clock Uncertainty:      0.185ns  ((TSJ^2 + DJ^2)^1/2) / 2 + PE
    Total System Jitter     (TSJ):    0.071ns
    Discrete Jitter          (DJ):    0.161ns
    Phase Error              (PE):    0.097ns
  Timing Exception:       False Path

    Location             Delay type                Incr(ns)  Path(ns)    Netlist Resource(s)
  -------------------------------------------------------------------    -------------------
                         (clock sys_clk_pin rise edge)
                                                      0.000     0.000 r  
    K17                                               0.000     0.000 r  clk (IN)
                         net (fo=0)                   0.000     0.000    clk
    K17                  IBUF (Prop_ibuf_I_O)         0.259     0.259 r  clk_IBUF_inst/O
                         net (fo=1, routed)           0.627     0.887    clk_IBUF
    BUFGCTRL_X0Y16       BUFG (Prop_bufg_I_O)         0.026     0.913 r  clk_IBUF_BUFG_inst/O
                         net (fo=288, routed)         0.581     1.493    clk_IBUF_BUFG
    SLICE_X38Y66         FDCE                                         r  mid_held_reg[14]/C
  -------------------------------------------------------------------    -------------------
    SLICE_X38Y66         FDCE (Prop_fdce_C_Q)         0.164     1.657 r  mid_held_reg[14]/Q
                         net (fo=3, routed)           0.558     2.215    u_sync/b_reg[3][14]
    SLICE_X38Y72         LUT3 (Prop_lut3_I2_O)        0.043     2.258 r  u_sync/r[1]_i_1__0/O
                         net (fo=1, routed)           0.000     2.258    u_scene/u_scene3/D[1]
    SLICE_X38Y72         FDCE                                         r  u_scene/u_scene3/r_reg[1]/D
  -------------------------------------------------------------------    -------------------

                         (clock clkout0 rise edge)    0.000     0.000 r  
    K17                                               0.000     0.000 r  clk (IN)
                         net (fo=0)                   0.000     0.000    clk
    K17                  IBUF (Prop_ibuf_I_O)         0.447     0.447 r  clk_IBUF_inst/O
                         net (fo=1, routed)           0.683     1.130    clk_IBUF
    BUFGCTRL_X0Y16       BUFG (Prop_bufg_I_O)         0.029     1.159 r  clk_IBUF_BUFG_inst/O
                         net (fo=288, routed)         0.814     1.973    u_pclk/CLK
    MMCME2_ADV_X0Y0      MMCME2_ADV (Prop_mmcme2_adv_CLKIN1_CLKOUT0)
                                                      0.053     2.026 r  u_pclk/u_mmcm/CLKOUT0
                         net (fo=1, routed)           0.528     2.554    u_pclk/clkout0
    BUFGCTRL_X0Y1        BUFG (Prop_bufg_I_O)         0.029     2.583 r  u_pclk/u_bufg/O
                         net (fo=218, routed)         0.845     3.428    u_scene/u_scene3/pixel_clk
    SLICE_X38Y72         FDCE                                         r  u_scene/u_scene3/r_reg[1]/C

Slack:                    inf
  Source:                 mid_held_reg[15]/C
                            (rising edge-triggered cell FDCE clocked by sys_clk_pin  {rise@0.000ns fall@4.000ns period=8.000ns})
  Destination:            u_scene/u_scene3/r_reg[2]/D
                            (rising edge-triggered cell FDCE clocked by clkout0  {rise@0.000ns fall@20.000ns period=40.000ns})
  Path Group:             (none)
  Path Type:              Hold (Min at Fast Process Corner)
  Data Path Delay:        0.779ns  (logic 0.208ns (26.687%)  route 0.571ns (73.313%))
  Logic Levels:           1  (LUT3=1)
  Clock Path Skew:        1.909ns (DCD - SCD - CPR)
    Destination Clock Delay (DCD):    3.402ns
    Source Clock Delay      (SCD):    1.493ns
    Clock Pessimism Removal (CPR):    -0.000ns
  Clock Uncertainty:      0.185ns  ((TSJ^2 + DJ^2)^1/2) / 2 + PE
    Total System Jitter     (TSJ):    0.071ns
    Discrete Jitter          (DJ):    0.161ns
    Phase Error              (PE):    0.097ns
  Timing Exception:       False Path

    Location             Delay type                Incr(ns)  Path(ns)    Netlist Resource(s)
  -------------------------------------------------------------------    -------------------
                         (clock sys_clk_pin rise edge)
                                                      0.000     0.000 r  
    K17                                               0.000     0.000 r  clk (IN)
                         net (fo=0)                   0.000     0.000    clk
    K17                  IBUF (Prop_ibuf_I_O)         0.259     0.259 r  clk_IBUF_inst/O
                         net (fo=1, routed)           0.627     0.887    clk_IBUF
    BUFGCTRL_X0Y16       BUFG (Prop_bufg_I_O)         0.026     0.913 r  clk_IBUF_BUFG_inst/O
                         net (fo=288, routed)         0.581     1.493    clk_IBUF_BUFG
    SLICE_X38Y66         FDCE                                         r  mid_held_reg[15]/C
  -------------------------------------------------------------------    -------------------
    SLICE_X38Y66         FDCE (Prop_fdce_C_Q)         0.164     1.657 r  mid_held_reg[15]/Q
                         net (fo=3, routed)           0.571     2.229    u_sync/b_reg[3][15]
    SLICE_X35Y71         LUT3 (Prop_lut3_I2_O)        0.044     2.273 r  u_sync/r[2]_i_1__0/O
                         net (fo=1, routed)           0.000     2.273    u_scene/u_scene3/D[2]
    SLICE_X35Y71         FDCE                                         r  u_scene/u_scene3/r_reg[2]/D
  -------------------------------------------------------------------    -------------------

                         (clock clkout0 rise edge)    0.000     0.000 r  
    K17                                               0.000     0.000 r  clk (IN)
                         net (fo=0)                   0.000     0.000    clk
    K17                  IBUF (Prop_ibuf_I_O)         0.447     0.447 r  clk_IBUF_inst/O
                         net (fo=1, routed)           0.683     1.130    clk_IBUF
    BUFGCTRL_X0Y16       BUFG (Prop_bufg_I_O)         0.029     1.159 r  clk_IBUF_BUFG_inst/O
                         net (fo=288, routed)         0.814     1.973    u_pclk/CLK
    MMCME2_ADV_X0Y0      MMCME2_ADV (Prop_mmcme2_adv_CLKIN1_CLKOUT0)
                                                      0.053     2.026 r  u_pclk/u_mmcm/CLKOUT0
                         net (fo=1, routed)           0.528     2.554    u_pclk/clkout0
    BUFGCTRL_X0Y1        BUFG (Prop_bufg_I_O)         0.029     2.583 r  u_pclk/u_bufg/O
                         net (fo=218, routed)         0.819     3.402    u_scene/u_scene3/pixel_clk
    SLICE_X35Y71         FDCE                                         r  u_scene/u_scene3/r_reg[2]/C

Slack:                    inf
  Source:                 lo_held_reg[14]/C
                            (rising edge-triggered cell FDCE clocked by sys_clk_pin  {rise@0.000ns fall@4.000ns period=8.000ns})
  Destination:            u_scene/u_scene4/r_reg[2]/D
                            (rising edge-triggered cell FDCE clocked by clkout0  {rise@0.000ns fall@20.000ns period=40.000ns})
  Path Group:             (none)
  Path Type:              Hold (Min at Fast Process Corner)
  Data Path Delay:        0.814ns  (logic 0.254ns (31.187%)  route 0.560ns (68.813%))
  Logic Levels:           2  (LUT5=1 LUT6=1)
  Clock Path Skew:        1.933ns (DCD - SCD - CPR)
    Destination Clock Delay (DCD):    3.401ns
    Source Clock Delay      (SCD):    1.468ns
    Clock Pessimism Removal (CPR):    -0.000ns
  Clock Uncertainty:      0.185ns  ((TSJ^2 + DJ^2)^1/2) / 2 + PE
    Total System Jitter     (TSJ):    0.071ns
    Discrete Jitter          (DJ):    0.161ns
    Phase Error              (PE):    0.097ns
  Timing Exception:       False Path

    Location             Delay type                Incr(ns)  Path(ns)    Netlist Resource(s)
  -------------------------------------------------------------------    -------------------
                         (clock sys_clk_pin rise edge)
                                                      0.000     0.000 r  
    K17                                               0.000     0.000 r  clk (IN)
                         net (fo=0)                   0.000     0.000    clk
    K17                  IBUF (Prop_ibuf_I_O)         0.259     0.259 r  clk_IBUF_inst/O
                         net (fo=1, routed)           0.627     0.887    clk_IBUF
    BUFGCTRL_X0Y16       BUFG (Prop_bufg_I_O)         0.026     0.913 r  clk_IBUF_BUFG_inst/O
                         net (fo=288, routed)         0.556     1.468    clk_IBUF_BUFG
    SLICE_X34Y62         FDCE                                         r  lo_held_reg[14]/C
  -------------------------------------------------------------------    -------------------
    SLICE_X34Y62         FDCE (Prop_fdce_C_Q)         0.164     1.632 r  lo_held_reg[14]/Q
                         net (fo=2, routed)           0.268     1.901    u_sync/scaled_1[14]
    SLICE_X33Y66         LUT5 (Prop_lut5_I3_O)        0.045     1.946 r  u_sync/scaled_i_2/O
                         net (fo=5, routed)           0.292     2.238    u_sync/raw_bright[2]
    SLICE_X35Y72         LUT6 (Prop_lut6_I1_O)        0.045     2.283 r  u_sync/r[2]_i_1__1/O
                         net (fo=1, routed)           0.000     2.283    u_scene/u_scene4/r_reg[3]_1[2]
    SLICE_X35Y72         FDCE                                         r  u_scene/u_scene4/r_reg[2]/D
  -------------------------------------------------------------------    -------------------

                         (clock clkout0 rise edge)    0.000     0.000 r  
    K17                                               0.000     0.000 r  clk (IN)
                         net (fo=0)                   0.000     0.000    clk
    K17                  IBUF (Prop_ibuf_I_O)         0.447     0.447 r  clk_IBUF_inst/O
                         net (fo=1, routed)           0.683     1.130    clk_IBUF
    BUFGCTRL_X0Y16       BUFG (Prop_bufg_I_O)         0.029     1.159 r  clk_IBUF_BUFG_inst/O
                         net (fo=288, routed)         0.814     1.973    u_pclk/CLK
    MMCME2_ADV_X0Y0      MMCME2_ADV (Prop_mmcme2_adv_CLKIN1_CLKOUT0)
                                                      0.053     2.026 r  u_pclk/u_mmcm/CLKOUT0
                         net (fo=1, routed)           0.528     2.554    u_pclk/clkout0
    BUFGCTRL_X0Y1        BUFG (Prop_bufg_I_O)         0.029     2.583 r  u_pclk/u_bufg/O
                         net (fo=218, routed)         0.818     3.401    u_scene/u_scene4/pixel_clk
    SLICE_X35Y72         FDCE                                         r  u_scene/u_scene4/r_reg[2]/C

Slack:                    inf
  Source:                 mid_held_reg[14]/C
                            (rising edge-triggered cell FDCE clocked by sys_clk_pin  {rise@0.000ns fall@4.000ns period=8.000ns})
  Destination:            u_scene/u_scene3/b_reg[2]/D
                            (rising edge-triggered cell FDCE clocked by clkout0  {rise@0.000ns fall@20.000ns period=40.000ns})
  Path Group:             (none)
  Path Type:              Hold (Min at Fast Process Corner)
  Data Path Delay:        0.825ns  (logic 0.209ns (25.344%)  route 0.616ns (74.656%))
  Logic Levels:           1  (LUT4=1)
  Clock Path Skew:        1.935ns (DCD - SCD - CPR)
    Destination Clock Delay (DCD):    3.428ns
    Source Clock Delay      (SCD):    1.493ns
    Clock Pessimism Removal (CPR):    -0.000ns
  Clock Uncertainty:      0.185ns  ((TSJ^2 + DJ^2)^1/2) / 2 + PE
    Total System Jitter     (TSJ):    0.071ns
    Discrete Jitter          (DJ):    0.161ns
    Phase Error              (PE):    0.097ns
  Timing Exception:       False Path

    Location             Delay type                Incr(ns)  Path(ns)    Netlist Resource(s)
  -------------------------------------------------------------------    -------------------
                         (clock sys_clk_pin rise edge)
                                                      0.000     0.000 r  
    K17                                               0.000     0.000 r  clk (IN)
                         net (fo=0)                   0.000     0.000    clk
    K17                  IBUF (Prop_ibuf_I_O)         0.259     0.259 r  clk_IBUF_inst/O
                         net (fo=1, routed)           0.627     0.887    clk_IBUF
    BUFGCTRL_X0Y16       BUFG (Prop_bufg_I_O)         0.026     0.913 r  clk_IBUF_BUFG_inst/O
                         net (fo=288, routed)         0.581     1.493    clk_IBUF_BUFG
    SLICE_X38Y66         FDCE                                         r  mid_held_reg[14]/C
  -------------------------------------------------------------------    -------------------
    SLICE_X38Y66         FDCE (Prop_fdce_C_Q)         0.164     1.657 r  mid_held_reg[14]/Q
                         net (fo=3, routed)           0.616     2.273    u_sync/b_reg[3][14]
    SLICE_X39Y72         LUT4 (Prop_lut4_I3_O)        0.045     2.318 r  u_sync/b[2]_i_1/O
                         net (fo=1, routed)           0.000     2.318    u_scene/u_scene3/b_reg[3]_1[2]
    SLICE_X39Y72         FDCE                                         r  u_scene/u_scene3/b_reg[2]/D
  -------------------------------------------------------------------    -------------------

                         (clock clkout0 rise edge)    0.000     0.000 r  
    K17                                               0.000     0.000 r  clk (IN)
                         net (fo=0)                   0.000     0.000    clk
    K17                  IBUF (Prop_ibuf_I_O)         0.447     0.447 r  clk_IBUF_inst/O
                         net (fo=1, routed)           0.683     1.130    clk_IBUF
    BUFGCTRL_X0Y16       BUFG (Prop_bufg_I_O)         0.029     1.159 r  clk_IBUF_BUFG_inst/O
                         net (fo=288, routed)         0.814     1.973    u_pclk/CLK
    MMCME2_ADV_X0Y0      MMCME2_ADV (Prop_mmcme2_adv_CLKIN1_CLKOUT0)
                                                      0.053     2.026 r  u_pclk/u_mmcm/CLKOUT0
                         net (fo=1, routed)           0.528     2.554    u_pclk/clkout0
    BUFGCTRL_X0Y1        BUFG (Prop_bufg_I_O)         0.029     2.583 r  u_pclk/u_bufg/O
                         net (fo=218, routed)         0.845     3.428    u_scene/u_scene3/pixel_clk
    SLICE_X39Y72         FDCE                                         r  u_scene/u_scene3/b_reg[2]/C

Slack:                    inf
  Source:                 mid_held_reg[12]/C
                            (rising edge-triggered cell FDCE clocked by sys_clk_pin  {rise@0.000ns fall@4.000ns period=8.000ns})
  Destination:            u_scene/u_scene3/b_reg[0]/D
                            (rising edge-triggered cell FDCE clocked by clkout0  {rise@0.000ns fall@20.000ns period=40.000ns})
  Path Group:             (none)
  Path Type:              Hold (Min at Fast Process Corner)
  Data Path Delay:        0.825ns  (logic 0.209ns (25.341%)  route 0.616ns (74.659%))
  Logic Levels:           1  (LUT4=1)
  Clock Path Skew:        1.935ns (DCD - SCD - CPR)
    Destination Clock Delay (DCD):    3.428ns
    Source Clock Delay      (SCD):    1.493ns
    Clock Pessimism Removal (CPR):    -0.000ns
  Clock Uncertainty:      0.185ns  ((TSJ^2 + DJ^2)^1/2) / 2 + PE
    Total System Jitter     (TSJ):    0.071ns
    Discrete Jitter          (DJ):    0.161ns
    Phase Error              (PE):    0.097ns
  Timing Exception:       False Path

    Location             Delay type                Incr(ns)  Path(ns)    Netlist Resource(s)
  -------------------------------------------------------------------    -------------------
                         (clock sys_clk_pin rise edge)
                                                      0.000     0.000 r  
    K17                                               0.000     0.000 r  clk (IN)
                         net (fo=0)                   0.000     0.000    clk
    K17                  IBUF (Prop_ibuf_I_O)         0.259     0.259 r  clk_IBUF_inst/O
                         net (fo=1, routed)           0.627     0.887    clk_IBUF
    BUFGCTRL_X0Y16       BUFG (Prop_bufg_I_O)         0.026     0.913 r  clk_IBUF_BUFG_inst/O
                         net (fo=288, routed)         0.581     1.493    clk_IBUF_BUFG
    SLICE_X38Y66         FDCE                                         r  mid_held_reg[12]/C
  -------------------------------------------------------------------    -------------------
    SLICE_X38Y66         FDCE (Prop_fdce_C_Q)         0.164     1.657 r  mid_held_reg[12]/Q
                         net (fo=3, routed)           0.616     2.273    u_sync/b_reg[3][12]
    SLICE_X39Y72         LUT4 (Prop_lut4_I3_O)        0.045     2.318 r  u_sync/b[0]_i_1/O
                         net (fo=1, routed)           0.000     2.318    u_scene/u_scene3/b_reg[3]_1[0]
    SLICE_X39Y72         FDCE                                         r  u_scene/u_scene3/b_reg[0]/D
  -------------------------------------------------------------------    -------------------

                         (clock clkout0 rise edge)    0.000     0.000 r  
    K17                                               0.000     0.000 r  clk (IN)
                         net (fo=0)                   0.000     0.000    clk
    K17                  IBUF (Prop_ibuf_I_O)         0.447     0.447 r  clk_IBUF_inst/O
                         net (fo=1, routed)           0.683     1.130    clk_IBUF
    BUFGCTRL_X0Y16       BUFG (Prop_bufg_I_O)         0.029     1.159 r  clk_IBUF_BUFG_inst/O
                         net (fo=288, routed)         0.814     1.973    u_pclk/CLK
    MMCME2_ADV_X0Y0      MMCME2_ADV (Prop_mmcme2_adv_CLKIN1_CLKOUT0)
                                                      0.053     2.026 r  u_pclk/u_mmcm/CLKOUT0
                         net (fo=1, routed)           0.528     2.554    u_pclk/clkout0
    BUFGCTRL_X0Y1        BUFG (Prop_bufg_I_O)         0.029     2.583 r  u_pclk/u_bufg/O
                         net (fo=218, routed)         0.845     3.428    u_scene/u_scene3/pixel_clk
    SLICE_X39Y72         FDCE                                         r  u_scene/u_scene3/b_reg[0]/C

Slack:                    inf
  Source:                 amp_held_reg[15]/C
                            (rising edge-triggered cell FDCE clocked by sys_clk_pin  {rise@0.000ns fall@4.000ns period=8.000ns})
  Destination:            u_scene/u_scene1/r_reg[3]/D
                            (rising edge-triggered cell FDCE clocked by clkout0  {rise@0.000ns fall@20.000ns period=40.000ns})
  Path Group:             (none)
  Path Type:              Hold (Min at Fast Process Corner)
  Data Path Delay:        0.961ns  (logic 0.186ns (19.346%)  route 0.775ns (80.654%))
  Logic Levels:           1  (LUT6=1)
  Clock Path Skew:        1.958ns (DCD - SCD - CPR)
    Destination Clock Delay (DCD):    3.428ns
    Source Clock Delay      (SCD):    1.470ns
    Clock Pessimism Removal (CPR):    -0.000ns
  Clock Uncertainty:      0.185ns  ((TSJ^2 + DJ^2)^1/2) / 2 + PE
    Total System Jitter     (TSJ):    0.071ns
    Discrete Jitter          (DJ):    0.161ns
    Phase Error              (PE):    0.097ns
  Timing Exception:       False Path

    Location             Delay type                Incr(ns)  Path(ns)    Netlist Resource(s)
  -------------------------------------------------------------------    -------------------
                         (clock sys_clk_pin rise edge)
                                                      0.000     0.000 r  
    K17                                               0.000     0.000 r  clk (IN)
                         net (fo=0)                   0.000     0.000    clk
    K17                  IBUF (Prop_ibuf_I_O)         0.259     0.259 r  clk_IBUF_inst/O
                         net (fo=1, routed)           0.627     0.887    clk_IBUF
    BUFGCTRL_X0Y16       BUFG (Prop_bufg_I_O)         0.026     0.913 r  clk_IBUF_BUFG_inst/O
                         net (fo=288, routed)         0.558     1.470    clk_IBUF_BUFG
    SLICE_X31Y57         FDCE                                         r  amp_held_reg[15]/C
  -------------------------------------------------------------------    -------------------
    SLICE_X31Y57         FDCE (Prop_fdce_C_Q)         0.141     1.611 r  amp_held_reg[15]/Q
                         net (fo=15, routed)          0.775     2.387    u_sync/r_reg[3]_2[7]
    SLICE_X37Y72         LUT6 (Prop_lut6_I5_O)        0.045     2.432 r  u_sync/r[3]_i_1/O
                         net (fo=1, routed)           0.000     2.432    u_scene/u_scene1/r_reg[3]_6
    SLICE_X37Y72         FDCE                                         r  u_scene/u_scene1/r_reg[3]/D
  -------------------------------------------------------------------    -------------------

                         (clock clkout0 rise edge)    0.000     0.000 r  
    K17                                               0.000     0.000 r  clk (IN)
                         net (fo=0)                   0.000     0.000    clk
    K17                  IBUF (Prop_ibuf_I_O)         0.447     0.447 r  clk_IBUF_inst/O
                         net (fo=1, routed)           0.683     1.130    clk_IBUF
    BUFGCTRL_X0Y16       BUFG (Prop_bufg_I_O)         0.029     1.159 r  clk_IBUF_BUFG_inst/O
                         net (fo=288, routed)         0.814     1.973    u_pclk/CLK
    MMCME2_ADV_X0Y0      MMCME2_ADV (Prop_mmcme2_adv_CLKIN1_CLKOUT0)
                                                      0.053     2.026 r  u_pclk/u_mmcm/CLKOUT0
                         net (fo=1, routed)           0.528     2.554    u_pclk/clkout0
    BUFGCTRL_X0Y1        BUFG (Prop_bufg_I_O)         0.029     2.583 r  u_pclk/u_bufg/O
                         net (fo=218, routed)         0.845     3.428    u_scene/u_scene1/pixel_clk
    SLICE_X37Y72         FDCE                                         r  u_scene/u_scene1/r_reg[3]/C

Slack:                    inf
  Source:                 amp_held_reg[14]/C
                            (rising edge-triggered cell FDCE clocked by sys_clk_pin  {rise@0.000ns fall@4.000ns period=8.000ns})
  Destination:            u_scene/u_scene1/r_reg[2]/D
                            (rising edge-triggered cell FDCE clocked by clkout0  {rise@0.000ns fall@20.000ns period=40.000ns})
  Path Group:             (none)
  Path Type:              Hold (Min at Fast Process Corner)
  Data Path Delay:        0.963ns  (logic 0.186ns (19.312%)  route 0.777ns (80.688%))
  Logic Levels:           1  (LUT6=1)
  Clock Path Skew:        1.958ns (DCD - SCD - CPR)
    Destination Clock Delay (DCD):    3.428ns
    Source Clock Delay      (SCD):    1.470ns
    Clock Pessimism Removal (CPR):    -0.000ns
  Clock Uncertainty:      0.185ns  ((TSJ^2 + DJ^2)^1/2) / 2 + PE
    Total System Jitter     (TSJ):    0.071ns
    Discrete Jitter          (DJ):    0.161ns
    Phase Error              (PE):    0.097ns
  Timing Exception:       False Path

    Location             Delay type                Incr(ns)  Path(ns)    Netlist Resource(s)
  -------------------------------------------------------------------    -------------------
                         (clock sys_clk_pin rise edge)
                                                      0.000     0.000 r  
    K17                                               0.000     0.000 r  clk (IN)
                         net (fo=0)                   0.000     0.000    clk
    K17                  IBUF (Prop_ibuf_I_O)         0.259     0.259 r  clk_IBUF_inst/O
                         net (fo=1, routed)           0.627     0.887    clk_IBUF
    BUFGCTRL_X0Y16       BUFG (Prop_bufg_I_O)         0.026     0.913 r  clk_IBUF_BUFG_inst/O
                         net (fo=288, routed)         0.558     1.470    clk_IBUF_BUFG
    SLICE_X31Y57         FDCE                                         r  amp_held_reg[14]/C
  -------------------------------------------------------------------    -------------------
    SLICE_X31Y57         FDCE (Prop_fdce_C_Q)         0.141     1.611 r  amp_held_reg[14]/Q
                         net (fo=16, routed)          0.777     2.388    u_sync/r_reg[3]_2[6]
    SLICE_X37Y72         LUT6 (Prop_lut6_I5_O)        0.045     2.433 r  u_sync/r[2]_i_1/O
                         net (fo=1, routed)           0.000     2.433    u_scene/u_scene1/r_reg[2]_0
    SLICE_X37Y72         FDCE                                         r  u_scene/u_scene1/r_reg[2]/D
  -------------------------------------------------------------------    -------------------

                         (clock clkout0 rise edge)    0.000     0.000 r  
    K17                                               0.000     0.000 r  clk (IN)
                         net (fo=0)                   0.000     0.000    clk
    K17                  IBUF (Prop_ibuf_I_O)         0.447     0.447 r  clk_IBUF_inst/O
                         net (fo=1, routed)           0.683     1.130    clk_IBUF
    BUFGCTRL_X0Y16       BUFG (Prop_bufg_I_O)         0.029     1.159 r  clk_IBUF_BUFG_inst/O
                         net (fo=288, routed)         0.814     1.973    u_pclk/CLK
    MMCME2_ADV_X0Y0      MMCME2_ADV (Prop_mmcme2_adv_CLKIN1_CLKOUT0)
                                                      0.053     2.026 r  u_pclk/u_mmcm/CLKOUT0
                         net (fo=1, routed)           0.528     2.554    u_pclk/clkout0
    BUFGCTRL_X0Y1        BUFG (Prop_bufg_I_O)         0.029     2.583 r  u_pclk/u_bufg/O
                         net (fo=218, routed)         0.845     3.428    u_scene/u_scene1/pixel_clk
    SLICE_X37Y72         FDCE                                         r  u_scene/u_scene1/r_reg[2]/C





--------------------------------------------------------------------------------------
Path Group:  (none)
From Clock:  
  To Clock:  

Max Delay             2 Endpoints
Min Delay             2 Endpoints
--------------------------------------------------------------------------------------


Max Delay Paths
--------------------------------------------------------------------------------------
Slack:                    inf
  Source:                 sw[3]
                            (input port)
  Destination:            led[3]
                            (output port)
  Path Group:             (none)
  Path Type:              Max at Slow Process Corner
  Data Path Delay:        9.260ns  (logic 5.038ns (54.405%)  route 4.222ns (45.595%))
  Logic Levels:           2  (IBUF=1 OBUF=1)

    Location             Delay type                Incr(ns)  Path(ns)    Netlist Resource(s)
  -------------------------------------------------------------------    -------------------
    T16                                               0.000     0.000 r  sw[3] (IN)
                         net (fo=0)                   0.000     0.000    sw[3]
    T16                  IBUF (Prop_ibuf_I_O)         1.528     1.528 r  sw_IBUF[3]_inst/O
                         net (fo=3, routed)           4.222     5.750    led_OBUF[3]
    D18                  OBUF (Prop_obuf_I_O)         3.510     9.260 r  led_OBUF[3]_inst/O
                         net (fo=0)                   0.000     9.260    led[3]
    D18                                                               r  led[3] (OUT)
  -------------------------------------------------------------------    -------------------

Slack:                    inf
  Source:                 sw[2]
                            (input port)
  Destination:            led[2]
                            (output port)
  Path Group:             (none)
  Path Type:              Max at Slow Process Corner
  Data Path Delay:        8.833ns  (logic 5.025ns (56.887%)  route 3.808ns (43.113%))
  Logic Levels:           2  (IBUF=1 OBUF=1)

    Location             Delay type                Incr(ns)  Path(ns)    Netlist Resource(s)
  -------------------------------------------------------------------    -------------------
    W13                                               0.000     0.000 r  sw[2] (IN)
                         net (fo=0)                   0.000     0.000    sw[2]
    W13                  IBUF (Prop_ibuf_I_O)         1.539     1.539 r  sw_IBUF[2]_inst/O
                         net (fo=97, routed)          3.808     5.347    led_OBUF[2]
    G14                  OBUF (Prop_obuf_I_O)         3.485     8.833 r  led_OBUF[2]_inst/O
                         net (fo=0)                   0.000     8.833    led[2]
    G14                                                               r  led[2] (OUT)
  -------------------------------------------------------------------    -------------------





Min Delay Paths
--------------------------------------------------------------------------------------
Slack:                    inf
  Source:                 sw[2]
                            (input port)
  Destination:            led[2]
                            (output port)
  Path Group:             (none)
  Path Type:              Min at Fast Process Corner
  Data Path Delay:        2.719ns  (logic 1.493ns (54.912%)  route 1.226ns (45.088%))
  Logic Levels:           2  (IBUF=1 OBUF=1)

    Location             Delay type                Incr(ns)  Path(ns)    Netlist Resource(s)
  -------------------------------------------------------------------    -------------------
    W13                                               0.000     0.000 r  sw[2] (IN)
                         net (fo=0)                   0.000     0.000    sw[2]
    W13                  IBUF (Prop_ibuf_I_O)         0.306     0.306 r  sw_IBUF[2]_inst/O
                         net (fo=97, routed)          1.226     1.532    led_OBUF[2]
    G14                  OBUF (Prop_obuf_I_O)         1.187     2.719 r  led_OBUF[2]_inst/O
                         net (fo=0)                   0.000     2.719    led[2]
    G14                                                               r  led[2] (OUT)
  -------------------------------------------------------------------    -------------------

Slack:                    inf
  Source:                 sw[3]
                            (input port)
  Destination:            led[3]
                            (output port)
  Path Group:             (none)
  Path Type:              Min at Fast Process Corner
  Data Path Delay:        2.926ns  (logic 1.506ns (51.491%)  route 1.419ns (48.509%))
  Logic Levels:           2  (IBUF=1 OBUF=1)

    Location             Delay type                Incr(ns)  Path(ns)    Netlist Resource(s)
  -------------------------------------------------------------------    -------------------
    T16                                               0.000     0.000 r  sw[3] (IN)
                         net (fo=0)                   0.000     0.000    sw[3]
    T16                  IBUF (Prop_ibuf_I_O)         0.296     0.296 r  sw_IBUF[3]_inst/O
                         net (fo=3, routed)           1.419     1.715    led_OBUF[3]
    D18                  OBUF (Prop_obuf_I_O)         1.211     2.926 r  led_OBUF[3]_inst/O
                         net (fo=0)                   0.000     2.926    led[3]
    D18                                                               r  led[3] (OUT)
  -------------------------------------------------------------------    -------------------





--------------------------------------------------------------------------------------
Path Group:  (none)
From Clock:  clkfb
  To Clock:  

Max Delay             1 Endpoint
Min Delay             1 Endpoint
--------------------------------------------------------------------------------------


Max Delay Paths
--------------------------------------------------------------------------------------
Slack:                    inf
  Source:                 u_pclk/u_mmcm/CLKFBOUT
                            (clock source 'clkfb'  {rise@0.000ns fall@4.000ns period=8.000ns})
  Destination:            u_pclk/u_mmcm/CLKFBIN
  Path Group:             (none)
  Path Type:              Max at Slow Process Corner
  Data Path Delay:        0.014ns  (logic 0.000ns (0.000%)  route 0.014ns (99.997%))
  Logic Levels:           0  
  Clock Uncertainty:      0.144ns  ((TSJ^2 + DJ^2)^1/2) / 2 + PE
    Total System Jitter     (TSJ):    0.050ns
    Discrete Jitter          (DJ):    0.079ns
    Phase Error              (PE):    0.097ns

    Location             Delay type                Incr(ns)  Path(ns)    Netlist Resource(s)
  -------------------------------------------------------------------    -------------------
                         (clock clkfb fall edge)      4.000     4.000 f  
    K17                                               0.000     4.000 f  clk (IN)
                         net (fo=0)                   0.000     4.000    clk
    K17                  IBUF (Prop_ibuf_I_O)         1.492     5.492 f  clk_IBUF_inst/O
                         net (fo=1, routed)           2.076     7.568    clk_IBUF
    BUFGCTRL_X0Y16       BUFG (Prop_bufg_I_O)         0.101     7.669 f  clk_IBUF_BUFG_inst/O
                         net (fo=288, routed)         1.680     9.349    u_pclk/CLK
  -------------------------------------------------------------------    -------------------
    MMCME2_ADV_X0Y0      MMCME2_ADV (Prop_mmcme2_adv_CLKIN1_CLKFBOUT)
                                                      0.088     9.437 f  u_pclk/u_mmcm/CLKFBOUT
                         net (fo=1, routed)           0.014     9.451    u_pclk/clkfb
    MMCME2_ADV_X0Y0      MMCME2_ADV                                   f  u_pclk/u_mmcm/CLKFBIN
  -------------------------------------------------------------------    -------------------





Min Delay Paths
--------------------------------------------------------------------------------------
Slack:                    inf
  Source:                 u_pclk/u_mmcm/CLKFBOUT
                            (clock source 'clkfb'  {rise@0.000ns fall@4.000ns period=8.000ns})
  Destination:            u_pclk/u_mmcm/CLKFBIN
  Path Group:             (none)
  Path Type:              Min at Fast Process Corner
  Data Path Delay:        0.005ns  (logic 0.000ns (0.000%)  route 0.005ns (100.000%))
  Logic Levels:           0  
  Clock Uncertainty:      0.144ns  ((TSJ^2 + DJ^2)^1/2) / 2 + PE
    Total System Jitter     (TSJ):    0.050ns
    Discrete Jitter          (DJ):    0.079ns
    Phase Error              (PE):    0.097ns

    Location             Delay type                Incr(ns)  Path(ns)    Netlist Resource(s)
  -------------------------------------------------------------------    -------------------
                         (clock clkfb rise edge)      0.000     0.000 r  
    K17                                               0.000     0.000 r  clk (IN)
                         net (fo=0)                   0.000     0.000    clk
    K17                  IBUF (Prop_ibuf_I_O)         0.259     0.259 r  clk_IBUF_inst/O
                         net (fo=1, routed)           0.627     0.887    clk_IBUF
    BUFGCTRL_X0Y16       BUFG (Prop_bufg_I_O)         0.026     0.913 r  clk_IBUF_BUFG_inst/O
                         net (fo=288, routed)         0.548     1.460    u_pclk/CLK
  -------------------------------------------------------------------    -------------------
    MMCME2_ADV_X0Y0      MMCME2_ADV (Prop_mmcme2_adv_CLKIN1_CLKFBOUT)
                                                      0.050     1.510 r  u_pclk/u_mmcm/CLKFBOUT
                         net (fo=1, routed)           0.005     1.515    u_pclk/clkfb
    MMCME2_ADV_X0Y0      MMCME2_ADV                                   r  u_pclk/u_mmcm/CLKFBIN
  -------------------------------------------------------------------    -------------------





--------------------------------------------------------------------------------------
Path Group:  (none)
From Clock:  clkout0
  To Clock:  

Max Delay             1 Endpoint
Min Delay             1 Endpoint
--------------------------------------------------------------------------------------


Max Delay Paths
--------------------------------------------------------------------------------------
Slack:                    inf
  Source:                 u_sync/pixel_y_reg[7]/C
                            (rising edge-triggered cell FDCE clocked by clkout0  {rise@0.000ns fall@20.000ns period=40.000ns})
  Destination:            led[1]
                            (output port)
  Path Group:             (none)
  Path Type:              Max at Slow Process Corner
  Data Path Delay:        9.770ns  (logic 4.436ns (45.405%)  route 5.334ns (54.595%))
  Logic Levels:           3  (LUT4=1 LUT5=1 OBUF=1)
  Clock Uncertainty:      0.181ns  ((TSJ^2 + DJ^2)^1/2) / 2 + PE
    Total System Jitter     (TSJ):    0.050ns
    Discrete Jitter          (DJ):    0.161ns
    Phase Error              (PE):    0.097ns

    Location             Delay type                Incr(ns)  Path(ns)    Netlist Resource(s)
  -------------------------------------------------------------------    -------------------
                         (clock clkout0 rise edge)    0.000     0.000 r  
    K17                                               0.000     0.000 r  clk (IN)
                         net (fo=0)                   0.000     0.000    clk
    K17                  IBUF (Prop_ibuf_I_O)         1.492     1.492 r  clk_IBUF_inst/O
                         net (fo=1, routed)           2.076     3.568    clk_IBUF
    BUFGCTRL_X0Y16       BUFG (Prop_bufg_I_O)         0.101     3.669 r  clk_IBUF_BUFG_inst/O
                         net (fo=288, routed)         1.680     5.349    u_pclk/CLK
    MMCME2_ADV_X0Y0      MMCME2_ADV (Prop_mmcme2_adv_CLKIN1_CLKOUT0)
                                                      0.088     5.437 r  u_pclk/u_mmcm/CLKOUT0
                         net (fo=1, routed)           1.760     7.197    u_pclk/clkout0
    BUFGCTRL_X0Y1        BUFG (Prop_bufg_I_O)         0.101     7.298 r  u_pclk/u_bufg/O
                         net (fo=218, routed)         1.649     8.947    u_sync/CLK
    SLICE_X30Y71         FDCE                                         r  u_sync/pixel_y_reg[7]/C
  -------------------------------------------------------------------    -------------------
    SLICE_X30Y71         FDCE (Prop_fdce_C_Q)         0.478     9.425 f  u_sync/pixel_y_reg[7]/Q
                         net (fo=15, routed)          0.942    10.367    u_sync/pixel_y[7]
    SLICE_X31Y71         LUT4 (Prop_lut4_I2_O)        0.295    10.662 r  u_sync/led_OBUF[1]_inst_i_2/O
                         net (fo=2, routed)           0.813    11.475    u_sync/led_OBUF[1]_inst_i_2_n_0
    SLICE_X35Y71         LUT5 (Prop_lut5_I0_O)        0.124    11.599 r  u_sync/led_OBUF[1]_inst_i_1/O
                         net (fo=30, routed)          3.579    15.178    led_OBUF[1]
    M15                  OBUF (Prop_obuf_I_O)         3.539    18.717 r  led_OBUF[1]_inst/O
                         net (fo=0)                   0.000    18.717    led[1]
    M15                                                               r  led[1] (OUT)
  -------------------------------------------------------------------    -------------------





Min Delay Paths
--------------------------------------------------------------------------------------
Slack:                    inf
  Source:                 u_sync/pixel_y_reg[9]/C
                            (rising edge-triggered cell FDCE clocked by clkout0  {rise@0.000ns fall@20.000ns period=40.000ns})
  Destination:            led[1]
                            (output port)
  Path Group:             (none)
  Path Type:              Min at Fast Process Corner
  Data Path Delay:        3.033ns  (logic 1.426ns (47.010%)  route 1.607ns (52.990%))
  Logic Levels:           2  (LUT5=1 OBUF=1)
  Clock Uncertainty:      0.181ns  ((TSJ^2 + DJ^2)^1/2) / 2 + PE
    Total System Jitter     (TSJ):    0.050ns
    Discrete Jitter          (DJ):    0.161ns
    Phase Error              (PE):    0.097ns

    Location             Delay type                Incr(ns)  Path(ns)    Netlist Resource(s)
  -------------------------------------------------------------------    -------------------
                         (clock clkout0 rise edge)    0.000     0.000 r  
    K17                                               0.000     0.000 r  clk (IN)
                         net (fo=0)                   0.000     0.000    clk
    K17                  IBUF (Prop_ibuf_I_O)         0.259     0.259 r  clk_IBUF_inst/O
                         net (fo=1, routed)           0.627     0.887    clk_IBUF
    BUFGCTRL_X0Y16       BUFG (Prop_bufg_I_O)         0.026     0.913 r  clk_IBUF_BUFG_inst/O
                         net (fo=288, routed)         0.548     1.460    u_pclk/CLK
    MMCME2_ADV_X0Y0      MMCME2_ADV (Prop_mmcme2_adv_CLKIN1_CLKOUT0)
                                                      0.050     1.510 r  u_pclk/u_mmcm/CLKOUT0
                         net (fo=1, routed)           0.482     1.992    u_pclk/clkout0
    BUFGCTRL_X0Y1        BUFG (Prop_bufg_I_O)         0.026     2.018 r  u_pclk/u_bufg/O
                         net (fo=218, routed)         0.552     2.570    u_sync/CLK
    SLICE_X31Y70         FDCE                                         r  u_sync/pixel_y_reg[9]/C
  -------------------------------------------------------------------    -------------------
    SLICE_X31Y70         FDCE (Prop_fdce_C_Q)         0.141     2.711 f  u_sync/pixel_y_reg[9]/Q
                         net (fo=14, routed)          0.331     3.041    u_sync/pixel_y[9]
    SLICE_X35Y71         LUT5 (Prop_lut5_I3_O)        0.045     3.086 r  u_sync/led_OBUF[1]_inst_i_1/O
                         net (fo=30, routed)          1.277     4.363    led_OBUF[1]
    M15                  OBUF (Prop_obuf_I_O)         1.240     5.603 r  led_OBUF[1]_inst/O
                         net (fo=0)                   0.000     5.603    led[1]
    M15                                                               r  led[1] (OUT)
  -------------------------------------------------------------------    -------------------





--------------------------------------------------------------------------------------
Path Group:  (none)
From Clock:  clkout1
  To Clock:  

Max Delay             8 Endpoints
Min Delay             8 Endpoints
--------------------------------------------------------------------------------------


Max Delay Paths
--------------------------------------------------------------------------------------
Slack:                    inf
  Source:                 u_hdmi/U0/DataEncoders[2].DataSerializer/SerializerMaster/CLK
                            (rising edge-triggered cell OSERDESE2 clocked by clkout1  {rise@0.000ns fall@4.000ns period=8.000ns})
  Destination:            hdmi_tx_d_n[2]
                            (output port)
  Path Group:             (none)
  Path Type:              Max at Slow Process Corner
  Data Path Delay:        2.337ns  (logic 2.336ns (99.957%)  route 0.001ns (0.043%))
  Logic Levels:           1  (OBUFDS=1)
  Clock Uncertainty:      0.161ns  ((TSJ^2 + DJ^2)^1/2) / 2 + PE
    Total System Jitter     (TSJ):    0.050ns
    Discrete Jitter          (DJ):    0.118ns
    Phase Error              (PE):    0.097ns

    Location             Delay type                Incr(ns)  Path(ns)    Netlist Resource(s)
  -------------------------------------------------------------------    -------------------
                         (clock clkout1 rise edge)    0.000     0.000 r  
    K17                                               0.000     0.000 r  clk (IN)
                         net (fo=0)                   0.000     0.000    clk
    K17                  IBUF (Prop_ibuf_I_O)         1.492     1.492 r  clk_IBUF_inst/O
                         net (fo=1, routed)           2.076     3.568    clk_IBUF
    BUFGCTRL_X0Y16       BUFG (Prop_bufg_I_O)         0.101     3.669 r  clk_IBUF_BUFG_inst/O
                         net (fo=288, routed)         1.680     5.349    u_pclk/CLK
    MMCME2_ADV_X0Y0      MMCME2_ADV (Prop_mmcme2_adv_CLKIN1_CLKOUT1)
                                                      0.088     5.437 r  u_pclk/u_mmcm/CLKOUT1
                         net (fo=1, routed)           1.760     7.197    u_pclk/clkout1
    BUFGCTRL_X0Y2        BUFG (Prop_bufg_I_O)         0.101     7.298 r  u_pclk/u_bufg_sclk/O
                         net (fo=8, routed)           1.765     9.063    u_hdmi/U0/DataEncoders[2].DataSerializer/SerialClk
    OLOGIC_X0Y96         OSERDESE2                                    r  u_hdmi/U0/DataEncoders[2].DataSerializer/SerializerMaster/CLK
  -------------------------------------------------------------------    -------------------
    OLOGIC_X0Y96         OSERDESE2 (Prop_oserdese2_CLK_OQ)
                                                      0.472     9.535 r  u_hdmi/U0/DataEncoders[2].DataSerializer/SerializerMaster/OQ
                         net (fo=1, routed)           0.001     9.536    u_hdmi/U0/DataEncoders[2].DataSerializer/sDataOut
    B19                  OBUFDS (Prop_obufds_I_OB)    1.864    11.400 r  u_hdmi/U0/DataEncoders[2].DataSerializer/OutputBuffer/OB
                         net (fo=0)                   0.000    11.400    hdmi_tx_d_n[2]
    A20                                                               r  hdmi_tx_d_n[2] (OUT)
  -------------------------------------------------------------------    -------------------

Slack:                    inf
  Source:                 u_hdmi/U0/DataEncoders[2].DataSerializer/SerializerMaster/CLK
                            (rising edge-triggered cell OSERDESE2 clocked by clkout1  {rise@0.000ns fall@4.000ns period=8.000ns})
  Destination:            hdmi_tx_d_p[2]
                            (output port)
  Path Group:             (none)
  Path Type:              Max at Slow Process Corner
  Data Path Delay:        2.336ns  (logic 2.335ns (99.957%)  route 0.001ns (0.043%))
  Logic Levels:           1  (OBUFDS=1)
  Clock Uncertainty:      0.161ns  ((TSJ^2 + DJ^2)^1/2) / 2 + PE
    Total System Jitter     (TSJ):    0.050ns
    Discrete Jitter          (DJ):    0.118ns
    Phase Error              (PE):    0.097ns

    Location             Delay type                Incr(ns)  Path(ns)    Netlist Resource(s)
  -------------------------------------------------------------------    -------------------
                         (clock clkout1 rise edge)    0.000     0.000 r  
    K17                                               0.000     0.000 r  clk (IN)
                         net (fo=0)                   0.000     0.000    clk
    K17                  IBUF (Prop_ibuf_I_O)         1.492     1.492 r  clk_IBUF_inst/O
                         net (fo=1, routed)           2.076     3.568    clk_IBUF
    BUFGCTRL_X0Y16       BUFG (Prop_bufg_I_O)         0.101     3.669 r  clk_IBUF_BUFG_inst/O
                         net (fo=288, routed)         1.680     5.349    u_pclk/CLK
    MMCME2_ADV_X0Y0      MMCME2_ADV (Prop_mmcme2_adv_CLKIN1_CLKOUT1)
                                                      0.088     5.437 r  u_pclk/u_mmcm/CLKOUT1
                         net (fo=1, routed)           1.760     7.197    u_pclk/clkout1
    BUFGCTRL_X0Y2        BUFG (Prop_bufg_I_O)         0.101     7.298 r  u_pclk/u_bufg_sclk/O
                         net (fo=8, routed)           1.765     9.063    u_hdmi/U0/DataEncoders[2].DataSerializer/SerialClk
    OLOGIC_X0Y96         OSERDESE2                                    r  u_hdmi/U0/DataEncoders[2].DataSerializer/SerializerMaster/CLK
  -------------------------------------------------------------------    -------------------
    OLOGIC_X0Y96         OSERDESE2 (Prop_oserdese2_CLK_OQ)
                                                      0.472     9.535 r  u_hdmi/U0/DataEncoders[2].DataSerializer/SerializerMaster/OQ
                         net (fo=1, routed)           0.001     9.536    u_hdmi/U0/DataEncoders[2].DataSerializer/sDataOut
    B19                  OBUFDS (Prop_obufds_I_O)     1.863    11.399 r  u_hdmi/U0/DataEncoders[2].DataSerializer/OutputBuffer/O
                         net (fo=0)                   0.000    11.399    hdmi_tx_d_p[2]
    B19                                                               r  hdmi_tx_d_p[2] (OUT)
  -------------------------------------------------------------------    -------------------

Slack:                    inf
  Source:                 u_hdmi/U0/DataEncoders[1].DataSerializer/SerializerMaster/CLK
                            (rising edge-triggered cell OSERDESE2 clocked by clkout1  {rise@0.000ns fall@4.000ns period=8.000ns})
  Destination:            hdmi_tx_d_n[1]
                            (output port)
  Path Group:             (none)
  Path Type:              Max at Slow Process Corner
  Data Path Delay:        2.332ns  (logic 2.331ns (99.957%)  route 0.001ns (0.043%))
  Logic Levels:           1  (OBUFDS=1)
  Clock Uncertainty:      0.161ns  ((TSJ^2 + DJ^2)^1/2) / 2 + PE
    Total System Jitter     (TSJ):    0.050ns
    Discrete Jitter          (DJ):    0.118ns
    Phase Error              (PE):    0.097ns

    Location             Delay type                Incr(ns)  Path(ns)    Netlist Resource(s)
  -------------------------------------------------------------------    -------------------
                         (clock clkout1 rise edge)    0.000     0.000 r  
    K17                                               0.000     0.000 r  clk (IN)
                         net (fo=0)                   0.000     0.000    clk
    K17                  IBUF (Prop_ibuf_I_O)         1.492     1.492 r  clk_IBUF_inst/O
                         net (fo=1, routed)           2.076     3.568    clk_IBUF
    BUFGCTRL_X0Y16       BUFG (Prop_bufg_I_O)         0.101     3.669 r  clk_IBUF_BUFG_inst/O
                         net (fo=288, routed)         1.680     5.349    u_pclk/CLK
    MMCME2_ADV_X0Y0      MMCME2_ADV (Prop_mmcme2_adv_CLKIN1_CLKOUT1)
                                                      0.088     5.437 r  u_pclk/u_mmcm/CLKOUT1
                         net (fo=1, routed)           1.760     7.197    u_pclk/clkout1
    BUFGCTRL_X0Y2        BUFG (Prop_bufg_I_O)         0.101     7.298 r  u_pclk/u_bufg_sclk/O
                         net (fo=8, routed)           1.766     9.064    u_hdmi/U0/DataEncoders[1].DataSerializer/SerialClk
    OLOGIC_X0Y98         OSERDESE2                                    r  u_hdmi/U0/DataEncoders[1].DataSerializer/SerializerMaster/CLK
  -------------------------------------------------------------------    -------------------
    OLOGIC_X0Y98         OSERDESE2 (Prop_oserdese2_CLK_OQ)
                                                      0.472     9.536 r  u_hdmi/U0/DataEncoders[1].DataSerializer/SerializerMaster/OQ
                         net (fo=1, routed)           0.001     9.537    u_hdmi/U0/DataEncoders[1].DataSerializer/sDataOut
    C20                  OBUFDS (Prop_obufds_I_OB)    1.859    11.396 r  u_hdmi/U0/DataEncoders[1].DataSerializer/OutputBuffer/OB
                         net (fo=0)                   0.000    11.396    hdmi_tx_d_n[1]
    B20                                                               r  hdmi_tx_d_n[1] (OUT)
  -------------------------------------------------------------------    -------------------

Slack:                    inf
  Source:                 u_hdmi/U0/DataEncoders[1].DataSerializer/SerializerMaster/CLK
                            (rising edge-triggered cell OSERDESE2 clocked by clkout1  {rise@0.000ns fall@4.000ns period=8.000ns})
  Destination:            hdmi_tx_d_p[1]
                            (output port)
  Path Group:             (none)
  Path Type:              Max at Slow Process Corner
  Data Path Delay:        2.331ns  (logic 2.330ns (99.957%)  route 0.001ns (0.043%))
  Logic Levels:           1  (OBUFDS=1)
  Clock Uncertainty:      0.161ns  ((TSJ^2 + DJ^2)^1/2) / 2 + PE
    Total System Jitter     (TSJ):    0.050ns
    Discrete Jitter          (DJ):    0.118ns
    Phase Error              (PE):    0.097ns

    Location             Delay type                Incr(ns)  Path(ns)    Netlist Resource(s)
  -------------------------------------------------------------------    -------------------
                         (clock clkout1 rise edge)    0.000     0.000 r  
    K17                                               0.000     0.000 r  clk (IN)
                         net (fo=0)                   0.000     0.000    clk
    K17                  IBUF (Prop_ibuf_I_O)         1.492     1.492 r  clk_IBUF_inst/O
                         net (fo=1, routed)           2.076     3.568    clk_IBUF
    BUFGCTRL_X0Y16       BUFG (Prop_bufg_I_O)         0.101     3.669 r  clk_IBUF_BUFG_inst/O
                         net (fo=288, routed)         1.680     5.349    u_pclk/CLK
    MMCME2_ADV_X0Y0      MMCME2_ADV (Prop_mmcme2_adv_CLKIN1_CLKOUT1)
                                                      0.088     5.437 r  u_pclk/u_mmcm/CLKOUT1
                         net (fo=1, routed)           1.760     7.197    u_pclk/clkout1
    BUFGCTRL_X0Y2        BUFG (Prop_bufg_I_O)         0.101     7.298 r  u_pclk/u_bufg_sclk/O
                         net (fo=8, routed)           1.766     9.064    u_hdmi/U0/DataEncoders[1].DataSerializer/SerialClk
    OLOGIC_X0Y98         OSERDESE2                                    r  u_hdmi/U0/DataEncoders[1].DataSerializer/SerializerMaster/CLK
  -------------------------------------------------------------------    -------------------
    OLOGIC_X0Y98         OSERDESE2 (Prop_oserdese2_CLK_OQ)
                                                      0.472     9.536 r  u_hdmi/U0/DataEncoders[1].DataSerializer/SerializerMaster/OQ
                         net (fo=1, routed)           0.001     9.537    u_hdmi/U0/DataEncoders[1].DataSerializer/sDataOut
    C20                  OBUFDS (Prop_obufds_I_O)     1.858    11.395 r  u_hdmi/U0/DataEncoders[1].DataSerializer/OutputBuffer/O
                         net (fo=0)                   0.000    11.395    hdmi_tx_d_p[1]
    C20                                                               r  hdmi_tx_d_p[1] (OUT)
  -------------------------------------------------------------------    -------------------

Slack:                    inf
  Source:                 u_hdmi/U0/DataEncoders[0].DataSerializer/SerializerMaster/CLK
                            (rising edge-triggered cell OSERDESE2 clocked by clkout1  {rise@0.000ns fall@4.000ns period=8.000ns})
  Destination:            hdmi_tx_d_n[0]
                            (output port)
  Path Group:             (none)
  Path Type:              Max at Slow Process Corner
  Data Path Delay:        2.334ns  (logic 2.333ns (99.957%)  route 0.001ns (0.043%))
  Logic Levels:           1  (OBUFDS=1)
  Clock Uncertainty:      0.161ns  ((TSJ^2 + DJ^2)^1/2) / 2 + PE
    Total System Jitter     (TSJ):    0.050ns
    Discrete Jitter          (DJ):    0.118ns
    Phase Error              (PE):    0.097ns

    Location             Delay type                Incr(ns)  Path(ns)    Netlist Resource(s)
  -------------------------------------------------------------------    -------------------
                         (clock clkout1 rise edge)    0.000     0.000 r  
    K17                                               0.000     0.000 r  clk (IN)
                         net (fo=0)                   0.000     0.000    clk
    K17                  IBUF (Prop_ibuf_I_O)         1.492     1.492 r  clk_IBUF_inst/O
                         net (fo=1, routed)           2.076     3.568    clk_IBUF
    BUFGCTRL_X0Y16       BUFG (Prop_bufg_I_O)         0.101     3.669 r  clk_IBUF_BUFG_inst/O
                         net (fo=288, routed)         1.680     5.349    u_pclk/CLK
    MMCME2_ADV_X0Y0      MMCME2_ADV (Prop_mmcme2_adv_CLKIN1_CLKOUT1)
                                                      0.088     5.437 r  u_pclk/u_mmcm/CLKOUT1
                         net (fo=1, routed)           1.760     7.197    u_pclk/clkout1
    BUFGCTRL_X0Y2        BUFG (Prop_bufg_I_O)         0.101     7.298 r  u_pclk/u_bufg_sclk/O
                         net (fo=8, routed)           1.763     9.061    u_hdmi/U0/DataEncoders[0].DataSerializer/SerialClk
    OLOGIC_X0Y92         OSERDESE2                                    r  u_hdmi/U0/DataEncoders[0].DataSerializer/SerializerMaster/CLK
  -------------------------------------------------------------------    -------------------
    OLOGIC_X0Y92         OSERDESE2 (Prop_oserdese2_CLK_OQ)
                                                      0.472     9.533 r  u_hdmi/U0/DataEncoders[0].DataSerializer/SerializerMaster/OQ
                         net (fo=1, routed)           0.001     9.534    u_hdmi/U0/DataEncoders[0].DataSerializer/sDataOut
    D19                  OBUFDS (Prop_obufds_I_OB)    1.861    11.395 r  u_hdmi/U0/DataEncoders[0].DataSerializer/OutputBuffer/OB
                         net (fo=0)                   0.000    11.395    hdmi_tx_d_n[0]
    D20                                                               r  hdmi_tx_d_n[0] (OUT)
  -------------------------------------------------------------------    -------------------

Slack:                    inf
  Source:                 u_hdmi/U0/DataEncoders[0].DataSerializer/SerializerMaster/CLK
                            (rising edge-triggered cell OSERDESE2 clocked by clkout1  {rise@0.000ns fall@4.000ns period=8.000ns})
  Destination:            hdmi_tx_d_p[0]
                            (output port)
  Path Group:             (none)
  Path Type:              Max at Slow Process Corner
  Data Path Delay:        2.333ns  (logic 2.332ns (99.957%)  route 0.001ns (0.043%))
  Logic Levels:           1  (OBUFDS=1)
  Clock Uncertainty:      0.161ns  ((TSJ^2 + DJ^2)^1/2) / 2 + PE
    Total System Jitter     (TSJ):    0.050ns
    Discrete Jitter          (DJ):    0.118ns
    Phase Error              (PE):    0.097ns

    Location             Delay type                Incr(ns)  Path(ns)    Netlist Resource(s)
  -------------------------------------------------------------------    -------------------
                         (clock clkout1 rise edge)    0.000     0.000 r  
    K17                                               0.000     0.000 r  clk (IN)
                         net (fo=0)                   0.000     0.000    clk
    K17                  IBUF (Prop_ibuf_I_O)         1.492     1.492 r  clk_IBUF_inst/O
                         net (fo=1, routed)           2.076     3.568    clk_IBUF
    BUFGCTRL_X0Y16       BUFG (Prop_bufg_I_O)         0.101     3.669 r  clk_IBUF_BUFG_inst/O
                         net (fo=288, routed)         1.680     5.349    u_pclk/CLK
    MMCME2_ADV_X0Y0      MMCME2_ADV (Prop_mmcme2_adv_CLKIN1_CLKOUT1)
                                                      0.088     5.437 r  u_pclk/u_mmcm/CLKOUT1
                         net (fo=1, routed)           1.760     7.197    u_pclk/clkout1
    BUFGCTRL_X0Y2        BUFG (Prop_bufg_I_O)         0.101     7.298 r  u_pclk/u_bufg_sclk/O
                         net (fo=8, routed)           1.763     9.061    u_hdmi/U0/DataEncoders[0].DataSerializer/SerialClk
    OLOGIC_X0Y92         OSERDESE2                                    r  u_hdmi/U0/DataEncoders[0].DataSerializer/SerializerMaster/CLK
  -------------------------------------------------------------------    -------------------
    OLOGIC_X0Y92         OSERDESE2 (Prop_oserdese2_CLK_OQ)
                                                      0.472     9.533 r  u_hdmi/U0/DataEncoders[0].DataSerializer/SerializerMaster/OQ
                         net (fo=1, routed)           0.001     9.534    u_hdmi/U0/DataEncoders[0].DataSerializer/sDataOut
    D19                  OBUFDS (Prop_obufds_I_O)     1.860    11.394 r  u_hdmi/U0/DataEncoders[0].DataSerializer/OutputBuffer/O
                         net (fo=0)                   0.000    11.394    hdmi_tx_d_p[0]
    D19                                                               r  hdmi_tx_d_p[0] (OUT)
  -------------------------------------------------------------------    -------------------

Slack:                    inf
  Source:                 u_hdmi/U0/ClockSerializer/SerializerMaster/CLK
                            (rising edge-triggered cell OSERDESE2 clocked by clkout1  {rise@0.000ns fall@4.000ns period=8.000ns})
  Destination:            hdmi_tx_clk_n
                            (output port)
  Path Group:             (none)
  Path Type:              Max at Slow Process Corner
  Data Path Delay:        2.314ns  (logic 2.313ns (99.957%)  route 0.001ns (0.043%))
  Logic Levels:           1  (OBUFDS=1)
  Clock Uncertainty:      0.161ns  ((TSJ^2 + DJ^2)^1/2) / 2 + PE
    Total System Jitter     (TSJ):    0.050ns
    Discrete Jitter          (DJ):    0.118ns
    Phase Error              (PE):    0.097ns

    Location             Delay type                Incr(ns)  Path(ns)    Netlist Resource(s)
  -------------------------------------------------------------------    -------------------
                         (clock clkout1 rise edge)    0.000     0.000 r  
    K17                                               0.000     0.000 r  clk (IN)
                         net (fo=0)                   0.000     0.000    clk
    K17                  IBUF (Prop_ibuf_I_O)         1.492     1.492 r  clk_IBUF_inst/O
                         net (fo=1, routed)           2.076     3.568    clk_IBUF
    BUFGCTRL_X0Y16       BUFG (Prop_bufg_I_O)         0.101     3.669 r  clk_IBUF_BUFG_inst/O
                         net (fo=288, routed)         1.680     5.349    u_pclk/CLK
    MMCME2_ADV_X0Y0      MMCME2_ADV (Prop_mmcme2_adv_CLKIN1_CLKOUT1)
                                                      0.088     5.437 r  u_pclk/u_mmcm/CLKOUT1
                         net (fo=1, routed)           1.760     7.197    u_pclk/clkout1
    BUFGCTRL_X0Y2        BUFG (Prop_bufg_I_O)         0.101     7.298 r  u_pclk/u_bufg_sclk/O
                         net (fo=8, routed)           1.747     9.045    u_hdmi/U0/ClockSerializer/SerialClk
    OLOGIC_X0Y74         OSERDESE2                                    r  u_hdmi/U0/ClockSerializer/SerializerMaster/CLK
  -------------------------------------------------------------------    -------------------
    OLOGIC_X0Y74         OSERDESE2 (Prop_oserdese2_CLK_OQ)
                                                      0.472     9.517 r  u_hdmi/U0/ClockSerializer/SerializerMaster/OQ
                         net (fo=1, routed)           0.001     9.518    u_hdmi/U0/ClockSerializer/sDataOut
    H16                  OBUFDS (Prop_obufds_I_OB)    1.841    11.359 r  u_hdmi/U0/ClockSerializer/OutputBuffer/OB
                         net (fo=0)                   0.000    11.359    hdmi_tx_clk_n
    H17                                                               r  hdmi_tx_clk_n (OUT)
  -------------------------------------------------------------------    -------------------

Slack:                    inf
  Source:                 u_hdmi/U0/ClockSerializer/SerializerMaster/CLK
                            (rising edge-triggered cell OSERDESE2 clocked by clkout1  {rise@0.000ns fall@4.000ns period=8.000ns})
  Destination:            hdmi_tx_clk_p
                            (output port)
  Path Group:             (none)
  Path Type:              Max at Slow Process Corner
  Data Path Delay:        2.313ns  (logic 2.312ns (99.957%)  route 0.001ns (0.043%))
  Logic Levels:           1  (OBUFDS=1)
  Clock Uncertainty:      0.161ns  ((TSJ^2 + DJ^2)^1/2) / 2 + PE
    Total System Jitter     (TSJ):    0.050ns
    Discrete Jitter          (DJ):    0.118ns
    Phase Error              (PE):    0.097ns

    Location             Delay type                Incr(ns)  Path(ns)    Netlist Resource(s)
  -------------------------------------------------------------------    -------------------
                         (clock clkout1 rise edge)    0.000     0.000 r  
    K17                                               0.000     0.000 r  clk (IN)
                         net (fo=0)                   0.000     0.000    clk
    K17                  IBUF (Prop_ibuf_I_O)         1.492     1.492 r  clk_IBUF_inst/O
                         net (fo=1, routed)           2.076     3.568    clk_IBUF
    BUFGCTRL_X0Y16       BUFG (Prop_bufg_I_O)         0.101     3.669 r  clk_IBUF_BUFG_inst/O
                         net (fo=288, routed)         1.680     5.349    u_pclk/CLK
    MMCME2_ADV_X0Y0      MMCME2_ADV (Prop_mmcme2_adv_CLKIN1_CLKOUT1)
                                                      0.088     5.437 r  u_pclk/u_mmcm/CLKOUT1
                         net (fo=1, routed)           1.760     7.197    u_pclk/clkout1
    BUFGCTRL_X0Y2        BUFG (Prop_bufg_I_O)         0.101     7.298 r  u_pclk/u_bufg_sclk/O
                         net (fo=8, routed)           1.747     9.045    u_hdmi/U0/ClockSerializer/SerialClk
    OLOGIC_X0Y74         OSERDESE2                                    r  u_hdmi/U0/ClockSerializer/SerializerMaster/CLK
  -------------------------------------------------------------------    -------------------
    OLOGIC_X0Y74         OSERDESE2 (Prop_oserdese2_CLK_OQ)
                                                      0.472     9.517 r  u_hdmi/U0/ClockSerializer/SerializerMaster/OQ
                         net (fo=1, routed)           0.001     9.518    u_hdmi/U0/ClockSerializer/sDataOut
    H16                  OBUFDS (Prop_obufds_I_O)     1.840    11.358 r  u_hdmi/U0/ClockSerializer/OutputBuffer/O
                         net (fo=0)                   0.000    11.358    hdmi_tx_clk_p
    H16                                                               r  hdmi_tx_clk_p (OUT)
  -------------------------------------------------------------------    -------------------





Min Delay Paths
--------------------------------------------------------------------------------------
Slack:                    inf
  Source:                 u_hdmi/U0/ClockSerializer/SerializerMaster/CLK
                            (rising edge-triggered cell OSERDESE2 clocked by clkout1  {rise@0.000ns fall@4.000ns period=8.000ns})
  Destination:            hdmi_tx_clk_p
                            (output port)
  Path Group:             (none)
  Path Type:              Min at Fast Process Corner
  Data Path Delay:        0.967ns  (logic 0.966ns (99.897%)  route 0.001ns (0.103%))
  Logic Levels:           1  (OBUFDS=1)
  Clock Uncertainty:      0.161ns  ((TSJ^2 + DJ^2)^1/2) / 2 + PE
    Total System Jitter     (TSJ):    0.050ns
    Discrete Jitter          (DJ):    0.118ns
    Phase Error              (PE):    0.097ns

    Location             Delay type                Incr(ns)  Path(ns)    Netlist Resource(s)
  -------------------------------------------------------------------    -------------------
                         (clock clkout1 rise edge)    0.000     0.000 r  
    K17                                               0.000     0.000 r  clk (IN)
                         net (fo=0)                   0.000     0.000    clk
    K17                  IBUF (Prop_ibuf_I_O)         0.259     0.259 r  clk_IBUF_inst/O
                         net (fo=1, routed)           0.627     0.887    clk_IBUF
    BUFGCTRL_X0Y16       BUFG (Prop_bufg_I_O)         0.026     0.913 r  clk_IBUF_BUFG_inst/O
                         net (fo=288, routed)         0.548     1.460    u_pclk/CLK
    MMCME2_ADV_X0Y0      MMCME2_ADV (Prop_mmcme2_adv_CLKIN1_CLKOUT1)
                                                      0.050     1.510 r  u_pclk/u_mmcm/CLKOUT1
                         net (fo=1, routed)           0.482     1.992    u_pclk/clkout1
    BUFGCTRL_X0Y2        BUFG (Prop_bufg_I_O)         0.026     2.018 r  u_pclk/u_bufg_sclk/O
                         net (fo=8, routed)           0.573     2.591    u_hdmi/U0/ClockSerializer/SerialClk
    OLOGIC_X0Y74         OSERDESE2                                    r  u_hdmi/U0/ClockSerializer/SerializerMaster/CLK
  -------------------------------------------------------------------    -------------------
    OLOGIC_X0Y74         OSERDESE2 (Prop_oserdese2_CLK_OQ)
                                                      0.177     2.768 r  u_hdmi/U0/ClockSerializer/SerializerMaster/OQ
                         net (fo=1, routed)           0.001     2.769    u_hdmi/U0/ClockSerializer/sDataOut
    H16                  OBUFDS (Prop_obufds_I_O)     0.789     3.558 r  u_hdmi/U0/ClockSerializer/OutputBuffer/O
                         net (fo=0)                   0.000     3.558    hdmi_tx_clk_p
    H16                                                               r  hdmi_tx_clk_p (OUT)
  -------------------------------------------------------------------    -------------------

Slack:                    inf
  Source:                 u_hdmi/U0/ClockSerializer/SerializerMaster/CLK
                            (rising edge-triggered cell OSERDESE2 clocked by clkout1  {rise@0.000ns fall@4.000ns period=8.000ns})
  Destination:            hdmi_tx_clk_n
                            (output port)
  Path Group:             (none)
  Path Type:              Min at Fast Process Corner
  Data Path Delay:        0.968ns  (logic 0.967ns (99.897%)  route 0.001ns (0.103%))
  Logic Levels:           1  (OBUFDS=1)
  Clock Uncertainty:      0.161ns  ((TSJ^2 + DJ^2)^1/2) / 2 + PE
    Total System Jitter     (TSJ):    0.050ns
    Discrete Jitter          (DJ):    0.118ns
    Phase Error              (PE):    0.097ns

    Location             Delay type                Incr(ns)  Path(ns)    Netlist Resource(s)
  -------------------------------------------------------------------    -------------------
                         (clock clkout1 rise edge)    0.000     0.000 r  
    K17                                               0.000     0.000 r  clk (IN)
                         net (fo=0)                   0.000     0.000    clk
    K17                  IBUF (Prop_ibuf_I_O)         0.259     0.259 r  clk_IBUF_inst/O
                         net (fo=1, routed)           0.627     0.887    clk_IBUF
    BUFGCTRL_X0Y16       BUFG (Prop_bufg_I_O)         0.026     0.913 r  clk_IBUF_BUFG_inst/O
                         net (fo=288, routed)         0.548     1.460    u_pclk/CLK
    MMCME2_ADV_X0Y0      MMCME2_ADV (Prop_mmcme2_adv_CLKIN1_CLKOUT1)
                                                      0.050     1.510 r  u_pclk/u_mmcm/CLKOUT1
                         net (fo=1, routed)           0.482     1.992    u_pclk/clkout1
    BUFGCTRL_X0Y2        BUFG (Prop_bufg_I_O)         0.026     2.018 r  u_pclk/u_bufg_sclk/O
                         net (fo=8, routed)           0.573     2.591    u_hdmi/U0/ClockSerializer/SerialClk
    OLOGIC_X0Y74         OSERDESE2                                    r  u_hdmi/U0/ClockSerializer/SerializerMaster/CLK
  -------------------------------------------------------------------    -------------------
    OLOGIC_X0Y74         OSERDESE2 (Prop_oserdese2_CLK_OQ)
                                                      0.177     2.768 r  u_hdmi/U0/ClockSerializer/SerializerMaster/OQ
                         net (fo=1, routed)           0.001     2.769    u_hdmi/U0/ClockSerializer/sDataOut
    H16                  OBUFDS (Prop_obufds_I_OB)    0.790     3.559 r  u_hdmi/U0/ClockSerializer/OutputBuffer/OB
                         net (fo=0)                   0.000     3.559    hdmi_tx_clk_n
    H17                                                               r  hdmi_tx_clk_n (OUT)
  -------------------------------------------------------------------    -------------------

Slack:                    inf
  Source:                 u_hdmi/U0/DataEncoders[0].DataSerializer/SerializerMaster/CLK
                            (rising edge-triggered cell OSERDESE2 clocked by clkout1  {rise@0.000ns fall@4.000ns period=8.000ns})
  Destination:            hdmi_tx_d_p[0]
                            (output port)
  Path Group:             (none)
  Path Type:              Min at Fast Process Corner
  Data Path Delay:        0.987ns  (logic 0.986ns (99.899%)  route 0.001ns (0.101%))
  Logic Levels:           1  (OBUFDS=1)
  Clock Uncertainty:      0.161ns  ((TSJ^2 + DJ^2)^1/2) / 2 + PE
    Total System Jitter     (TSJ):    0.050ns
    Discrete Jitter          (DJ):    0.118ns
    Phase Error              (PE):    0.097ns

    Location             Delay type                Incr(ns)  Path(ns)    Netlist Resource(s)
  -------------------------------------------------------------------    -------------------
                         (clock clkout1 rise edge)    0.000     0.000 r  
    K17                                               0.000     0.000 r  clk (IN)
                         net (fo=0)                   0.000     0.000    clk
    K17                  IBUF (Prop_ibuf_I_O)         0.259     0.259 r  clk_IBUF_inst/O
                         net (fo=1, routed)           0.627     0.887    clk_IBUF
    BUFGCTRL_X0Y16       BUFG (Prop_bufg_I_O)         0.026     0.913 r  clk_IBUF_BUFG_inst/O
                         net (fo=288, routed)         0.548     1.460    u_pclk/CLK
    MMCME2_ADV_X0Y0      MMCME2_ADV (Prop_mmcme2_adv_CLKIN1_CLKOUT1)
                                                      0.050     1.510 r  u_pclk/u_mmcm/CLKOUT1
                         net (fo=1, routed)           0.482     1.992    u_pclk/clkout1
    BUFGCTRL_X0Y2        BUFG (Prop_bufg_I_O)         0.026     2.018 r  u_pclk/u_bufg_sclk/O
                         net (fo=8, routed)           0.580     2.598    u_hdmi/U0/DataEncoders[0].DataSerializer/SerialClk
    OLOGIC_X0Y92         OSERDESE2                                    r  u_hdmi/U0/DataEncoders[0].DataSerializer/SerializerMaster/CLK
  -------------------------------------------------------------------    -------------------
    OLOGIC_X0Y92         OSERDESE2 (Prop_oserdese2_CLK_OQ)
                                                      0.177     2.775 r  u_hdmi/U0/DataEncoders[0].DataSerializer/SerializerMaster/OQ
                         net (fo=1, routed)           0.001     2.776    u_hdmi/U0/DataEncoders[0].DataSerializer/sDataOut
    D19                  OBUFDS (Prop_obufds_I_O)     0.809     3.585 r  u_hdmi/U0/DataEncoders[0].DataSerializer/OutputBuffer/O
                         net (fo=0)                   0.000     3.585    hdmi_tx_d_p[0]
    D19                                                               r  hdmi_tx_d_p[0] (OUT)
  -------------------------------------------------------------------    -------------------

Slack:                    inf
  Source:                 u_hdmi/U0/DataEncoders[1].DataSerializer/SerializerMaster/CLK
                            (rising edge-triggered cell OSERDESE2 clocked by clkout1  {rise@0.000ns fall@4.000ns period=8.000ns})
  Destination:            hdmi_tx_d_p[1]
                            (output port)
  Path Group:             (none)
  Path Type:              Min at Fast Process Corner
  Data Path Delay:        0.985ns  (logic 0.984ns (99.898%)  route 0.001ns (0.102%))
  Logic Levels:           1  (OBUFDS=1)
  Clock Uncertainty:      0.161ns  ((TSJ^2 + DJ^2)^1/2) / 2 + PE
    Total System Jitter     (TSJ):    0.050ns
    Discrete Jitter          (DJ):    0.118ns
    Phase Error              (PE):    0.097ns

    Location             Delay type                Incr(ns)  Path(ns)    Netlist Resource(s)
  -------------------------------------------------------------------    -------------------
                         (clock clkout1 rise edge)    0.000     0.000 r  
    K17                                               0.000     0.000 r  clk (IN)
                         net (fo=0)                   0.000     0.000    clk
    K17                  IBUF (Prop_ibuf_I_O)         0.259     0.259 r  clk_IBUF_inst/O
                         net (fo=1, routed)           0.627     0.887    clk_IBUF
    BUFGCTRL_X0Y16       BUFG (Prop_bufg_I_O)         0.026     0.913 r  clk_IBUF_BUFG_inst/O
                         net (fo=288, routed)         0.548     1.460    u_pclk/CLK
    MMCME2_ADV_X0Y0      MMCME2_ADV (Prop_mmcme2_adv_CLKIN1_CLKOUT1)
                                                      0.050     1.510 r  u_pclk/u_mmcm/CLKOUT1
                         net (fo=1, routed)           0.482     1.992    u_pclk/clkout1
    BUFGCTRL_X0Y2        BUFG (Prop_bufg_I_O)         0.026     2.018 r  u_pclk/u_bufg_sclk/O
                         net (fo=8, routed)           0.582     2.600    u_hdmi/U0/DataEncoders[1].DataSerializer/SerialClk
    OLOGIC_X0Y98         OSERDESE2                                    r  u_hdmi/U0/DataEncoders[1].DataSerializer/SerializerMaster/CLK
  -------------------------------------------------------------------    -------------------
    OLOGIC_X0Y98         OSERDESE2 (Prop_oserdese2_CLK_OQ)
                                                      0.177     2.777 r  u_hdmi/U0/DataEncoders[1].DataSerializer/SerializerMaster/OQ
                         net (fo=1, routed)           0.001     2.778    u_hdmi/U0/DataEncoders[1].DataSerializer/sDataOut
    C20                  OBUFDS (Prop_obufds_I_O)     0.807     3.585 r  u_hdmi/U0/DataEncoders[1].DataSerializer/OutputBuffer/O
                         net (fo=0)                   0.000     3.585    hdmi_tx_d_p[1]
    C20                                                               r  hdmi_tx_d_p[1] (OUT)
  -------------------------------------------------------------------    -------------------

Slack:                    inf
  Source:                 u_hdmi/U0/DataEncoders[0].DataSerializer/SerializerMaster/CLK
                            (rising edge-triggered cell OSERDESE2 clocked by clkout1  {rise@0.000ns fall@4.000ns period=8.000ns})
  Destination:            hdmi_tx_d_n[0]
                            (output port)
  Path Group:             (none)
  Path Type:              Min at Fast Process Corner
  Data Path Delay:        0.988ns  (logic 0.987ns (99.899%)  route 0.001ns (0.101%))
  Logic Levels:           1  (OBUFDS=1)
  Clock Uncertainty:      0.161ns  ((TSJ^2 + DJ^2)^1/2) / 2 + PE
    Total System Jitter     (TSJ):    0.050ns
    Discrete Jitter          (DJ):    0.118ns
    Phase Error              (PE):    0.097ns

    Location             Delay type                Incr(ns)  Path(ns)    Netlist Resource(s)
  -------------------------------------------------------------------    -------------------
                         (clock clkout1 rise edge)    0.000     0.000 r  
    K17                                               0.000     0.000 r  clk (IN)
                         net (fo=0)                   0.000     0.000    clk
    K17                  IBUF (Prop_ibuf_I_O)         0.259     0.259 r  clk_IBUF_inst/O
                         net (fo=1, routed)           0.627     0.887    clk_IBUF
    BUFGCTRL_X0Y16       BUFG (Prop_bufg_I_O)         0.026     0.913 r  clk_IBUF_BUFG_inst/O
                         net (fo=288, routed)         0.548     1.460    u_pclk/CLK
    MMCME2_ADV_X0Y0      MMCME2_ADV (Prop_mmcme2_adv_CLKIN1_CLKOUT1)
                                                      0.050     1.510 r  u_pclk/u_mmcm/CLKOUT1
                         net (fo=1, routed)           0.482     1.992    u_pclk/clkout1
    BUFGCTRL_X0Y2        BUFG (Prop_bufg_I_O)         0.026     2.018 r  u_pclk/u_bufg_sclk/O
                         net (fo=8, routed)           0.580     2.598    u_hdmi/U0/DataEncoders[0].DataSerializer/SerialClk
    OLOGIC_X0Y92         OSERDESE2                                    r  u_hdmi/U0/DataEncoders[0].DataSerializer/SerializerMaster/CLK
  -------------------------------------------------------------------    -------------------
    OLOGIC_X0Y92         OSERDESE2 (Prop_oserdese2_CLK_OQ)
                                                      0.177     2.775 r  u_hdmi/U0/DataEncoders[0].DataSerializer/SerializerMaster/OQ
                         net (fo=1, routed)           0.001     2.776    u_hdmi/U0/DataEncoders[0].DataSerializer/sDataOut
    D19                  OBUFDS (Prop_obufds_I_OB)    0.810     3.586 r  u_hdmi/U0/DataEncoders[0].DataSerializer/OutputBuffer/OB
                         net (fo=0)                   0.000     3.586    hdmi_tx_d_n[0]
    D20                                                               r  hdmi_tx_d_n[0] (OUT)
  -------------------------------------------------------------------    -------------------

Slack:                    inf
  Source:                 u_hdmi/U0/DataEncoders[1].DataSerializer/SerializerMaster/CLK
                            (rising edge-triggered cell OSERDESE2 clocked by clkout1  {rise@0.000ns fall@4.000ns period=8.000ns})
  Destination:            hdmi_tx_d_n[1]
                            (output port)
  Path Group:             (none)
  Path Type:              Min at Fast Process Corner
  Data Path Delay:        0.986ns  (logic 0.985ns (99.899%)  route 0.001ns (0.101%))
  Logic Levels:           1  (OBUFDS=1)
  Clock Uncertainty:      0.161ns  ((TSJ^2 + DJ^2)^1/2) / 2 + PE
    Total System Jitter     (TSJ):    0.050ns
    Discrete Jitter          (DJ):    0.118ns
    Phase Error              (PE):    0.097ns

    Location             Delay type                Incr(ns)  Path(ns)    Netlist Resource(s)
  -------------------------------------------------------------------    -------------------
                         (clock clkout1 rise edge)    0.000     0.000 r  
    K17                                               0.000     0.000 r  clk (IN)
                         net (fo=0)                   0.000     0.000    clk
    K17                  IBUF (Prop_ibuf_I_O)         0.259     0.259 r  clk_IBUF_inst/O
                         net (fo=1, routed)           0.627     0.887    clk_IBUF
    BUFGCTRL_X0Y16       BUFG (Prop_bufg_I_O)         0.026     0.913 r  clk_IBUF_BUFG_inst/O
                         net (fo=288, routed)         0.548     1.460    u_pclk/CLK
    MMCME2_ADV_X0Y0      MMCME2_ADV (Prop_mmcme2_adv_CLKIN1_CLKOUT1)
                                                      0.050     1.510 r  u_pclk/u_mmcm/CLKOUT1
                         net (fo=1, routed)           0.482     1.992    u_pclk/clkout1
    BUFGCTRL_X0Y2        BUFG (Prop_bufg_I_O)         0.026     2.018 r  u_pclk/u_bufg_sclk/O
                         net (fo=8, routed)           0.582     2.600    u_hdmi/U0/DataEncoders[1].DataSerializer/SerialClk
    OLOGIC_X0Y98         OSERDESE2                                    r  u_hdmi/U0/DataEncoders[1].DataSerializer/SerializerMaster/CLK
  -------------------------------------------------------------------    -------------------
    OLOGIC_X0Y98         OSERDESE2 (Prop_oserdese2_CLK_OQ)
                                                      0.177     2.777 r  u_hdmi/U0/DataEncoders[1].DataSerializer/SerializerMaster/OQ
                         net (fo=1, routed)           0.001     2.778    u_hdmi/U0/DataEncoders[1].DataSerializer/sDataOut
    C20                  OBUFDS (Prop_obufds_I_OB)    0.808     3.586 r  u_hdmi/U0/DataEncoders[1].DataSerializer/OutputBuffer/OB
                         net (fo=0)                   0.000     3.586    hdmi_tx_d_n[1]
    B20                                                               r  hdmi_tx_d_n[1] (OUT)
  -------------------------------------------------------------------    -------------------

Slack:                    inf
  Source:                 u_hdmi/U0/DataEncoders[2].DataSerializer/SerializerMaster/CLK
                            (rising edge-triggered cell OSERDESE2 clocked by clkout1  {rise@0.000ns fall@4.000ns period=8.000ns})
  Destination:            hdmi_tx_d_p[2]
                            (output port)
  Path Group:             (none)
  Path Type:              Min at Fast Process Corner
  Data Path Delay:        0.990ns  (logic 0.989ns (99.899%)  route 0.001ns (0.101%))
  Logic Levels:           1  (OBUFDS=1)
  Clock Uncertainty:      0.161ns  ((TSJ^2 + DJ^2)^1/2) / 2 + PE
    Total System Jitter     (TSJ):    0.050ns
    Discrete Jitter          (DJ):    0.118ns
    Phase Error              (PE):    0.097ns

    Location             Delay type                Incr(ns)  Path(ns)    Netlist Resource(s)
  -------------------------------------------------------------------    -------------------
                         (clock clkout1 rise edge)    0.000     0.000 r  
    K17                                               0.000     0.000 r  clk (IN)
                         net (fo=0)                   0.000     0.000    clk
    K17                  IBUF (Prop_ibuf_I_O)         0.259     0.259 r  clk_IBUF_inst/O
                         net (fo=1, routed)           0.627     0.887    clk_IBUF
    BUFGCTRL_X0Y16       BUFG (Prop_bufg_I_O)         0.026     0.913 r  clk_IBUF_BUFG_inst/O
                         net (fo=288, routed)         0.548     1.460    u_pclk/CLK
    MMCME2_ADV_X0Y0      MMCME2_ADV (Prop_mmcme2_adv_CLKIN1_CLKOUT1)
                                                      0.050     1.510 r  u_pclk/u_mmcm/CLKOUT1
                         net (fo=1, routed)           0.482     1.992    u_pclk/clkout1
    BUFGCTRL_X0Y2        BUFG (Prop_bufg_I_O)         0.026     2.018 r  u_pclk/u_bufg_sclk/O
                         net (fo=8, routed)           0.581     2.599    u_hdmi/U0/DataEncoders[2].DataSerializer/SerialClk
    OLOGIC_X0Y96         OSERDESE2                                    r  u_hdmi/U0/DataEncoders[2].DataSerializer/SerializerMaster/CLK
  -------------------------------------------------------------------    -------------------
    OLOGIC_X0Y96         OSERDESE2 (Prop_oserdese2_CLK_OQ)
                                                      0.177     2.776 r  u_hdmi/U0/DataEncoders[2].DataSerializer/SerializerMaster/OQ
                         net (fo=1, routed)           0.001     2.777    u_hdmi/U0/DataEncoders[2].DataSerializer/sDataOut
    B19                  OBUFDS (Prop_obufds_I_O)     0.812     3.589 r  u_hdmi/U0/DataEncoders[2].DataSerializer/OutputBuffer/O
                         net (fo=0)                   0.000     3.589    hdmi_tx_d_p[2]
    B19                                                               r  hdmi_tx_d_p[2] (OUT)
  -------------------------------------------------------------------    -------------------

Slack:                    inf
  Source:                 u_hdmi/U0/DataEncoders[2].DataSerializer/SerializerMaster/CLK
                            (rising edge-triggered cell OSERDESE2 clocked by clkout1  {rise@0.000ns fall@4.000ns period=8.000ns})
  Destination:            hdmi_tx_d_n[2]
                            (output port)
  Path Group:             (none)
  Path Type:              Min at Fast Process Corner
  Data Path Delay:        0.991ns  (logic 0.990ns (99.899%)  route 0.001ns (0.101%))
  Logic Levels:           1  (OBUFDS=1)
  Clock Uncertainty:      0.161ns  ((TSJ^2 + DJ^2)^1/2) / 2 + PE
    Total System Jitter     (TSJ):    0.050ns
    Discrete Jitter          (DJ):    0.118ns
    Phase Error              (PE):    0.097ns

    Location             Delay type                Incr(ns)  Path(ns)    Netlist Resource(s)
  -------------------------------------------------------------------    -------------------
                         (clock clkout1 rise edge)    0.000     0.000 r  
    K17                                               0.000     0.000 r  clk (IN)
                         net (fo=0)                   0.000     0.000    clk
    K17                  IBUF (Prop_ibuf_I_O)         0.259     0.259 r  clk_IBUF_inst/O
                         net (fo=1, routed)           0.627     0.887    clk_IBUF
    BUFGCTRL_X0Y16       BUFG (Prop_bufg_I_O)         0.026     0.913 r  clk_IBUF_BUFG_inst/O
                         net (fo=288, routed)         0.548     1.460    u_pclk/CLK
    MMCME2_ADV_X0Y0      MMCME2_ADV (Prop_mmcme2_adv_CLKIN1_CLKOUT1)
                                                      0.050     1.510 r  u_pclk/u_mmcm/CLKOUT1
                         net (fo=1, routed)           0.482     1.992    u_pclk/clkout1
    BUFGCTRL_X0Y2        BUFG (Prop_bufg_I_O)         0.026     2.018 r  u_pclk/u_bufg_sclk/O
                         net (fo=8, routed)           0.581     2.599    u_hdmi/U0/DataEncoders[2].DataSerializer/SerialClk
    OLOGIC_X0Y96         OSERDESE2                                    r  u_hdmi/U0/DataEncoders[2].DataSerializer/SerializerMaster/CLK
  -------------------------------------------------------------------    -------------------
    OLOGIC_X0Y96         OSERDESE2 (Prop_oserdese2_CLK_OQ)
                                                      0.177     2.776 r  u_hdmi/U0/DataEncoders[2].DataSerializer/SerializerMaster/OQ
                         net (fo=1, routed)           0.001     2.777    u_hdmi/U0/DataEncoders[2].DataSerializer/sDataOut
    B19                  OBUFDS (Prop_obufds_I_OB)    0.813     3.590 r  u_hdmi/U0/DataEncoders[2].DataSerializer/OutputBuffer/OB
                         net (fo=0)                   0.000     3.590    hdmi_tx_d_n[2]
    A20                                                               r  hdmi_tx_d_n[2] (OUT)
  -------------------------------------------------------------------    -------------------





--------------------------------------------------------------------------------------
Path Group:  (none)
From Clock:  
  To Clock:  clk_fpga_0

Max Delay           232 Endpoints
Min Delay           232 Endpoints
--------------------------------------------------------------------------------------


Max Delay Paths
--------------------------------------------------------------------------------------
Slack:                    inf
  Source:                 btn0
                            (input port)
  Destination:            u_ctrl/u_s00_axi/axi_rdata_reg[16]/R
                            (rising edge-triggered cell FDRE clocked by clk_fpga_0  {rise@0.000ns fall@5.000ns period=10.000ns})
  Path Group:             (none)
  Path Type:              Setup (Max at Slow Process Corner)
  Data Path Delay:        7.030ns  (logic 1.613ns (22.942%)  route 5.417ns (77.058%))
  Logic Levels:           2  (IBUF=1 LUT2=1)
  Clock Path Skew:        2.689ns (DCD - SCD + CPR)
    Destination Clock Delay (DCD):    2.689ns
    Source Clock Delay      (SCD):    0.000ns
    Clock Pessimism Removal (CPR):    0.000ns
  Clock Uncertainty:      0.152ns  ((TSJ^2 + TIJ^2)^1/2 + DJ) / 2 + PE
    Total System Jitter     (TSJ):    0.050ns
    Total Input Jitter      (TIJ):    0.300ns
    Discrete Jitter          (DJ):    0.000ns
    Phase Error              (PE):    0.000ns

    Location             Delay type                Incr(ns)  Path(ns)    Netlist Resource(s)
  -------------------------------------------------------------------    -------------------
    K18                                               0.000     0.000 r  btn0 (IN)
                         net (fo=0)                   0.000     0.000    btn0
    K18                  IBUF (Prop_ibuf_I_O)         1.489     1.489 r  btn0_IBUF_inst/O
                         net (fo=5, routed)           1.893     3.382    u_pclk/btns_4bits_tri_i[0]
    SLICE_X43Y51         LUT2 (Prop_lut2_I0_O)        0.124     3.506 r  u_pclk/axi_awready_i_1/O
                         net (fo=560, routed)         3.525     7.030    u_ctrl/u_s00_axi/axi_awready_reg_0
    SLICE_X34Y38         FDRE                                         r  u_ctrl/u_s00_axi/axi_rdata_reg[16]/R
  -------------------------------------------------------------------    -------------------

                         (clock clk_fpga_0 rise edge)
                                                      0.000     0.000 r  
    PS7_X0Y0             PS7                          0.000     0.000 r  u_ps/design_1_i/processing_system7_0/inst/PS7_i/FCLKCLK[0]
                         net (fo=1, routed)           1.101     1.101    u_ps/design_1_i/processing_system7_0/inst/FCLK_CLK_unbuffered[0]
    BUFGCTRL_X0Y0        BUFG (Prop_bufg_I_O)         0.091     1.192 r  u_ps/design_1_i/processing_system7_0/inst/buffer_fclk_clk_0.FCLK_CLK_0_BUFG/O
                         net (fo=6511, routed)        1.497     2.689    u_ctrl/u_s00_axi/CLK
    SLICE_X34Y38         FDRE                                         r  u_ctrl/u_s00_axi/axi_rdata_reg[16]/C

Slack:                    inf
  Source:                 btn0
                            (input port)
  Destination:            u_ctrl/u_s00_axi/axi_rdata_reg[20]/R
                            (rising edge-triggered cell FDRE clocked by clk_fpga_0  {rise@0.000ns fall@5.000ns period=10.000ns})
  Path Group:             (none)
  Path Type:              Setup (Max at Slow Process Corner)
  Data Path Delay:        7.030ns  (logic 1.613ns (22.942%)  route 5.417ns (77.058%))
  Logic Levels:           2  (IBUF=1 LUT2=1)
  Clock Path Skew:        2.689ns (DCD - SCD + CPR)
    Destination Clock Delay (DCD):    2.689ns
    Source Clock Delay      (SCD):    0.000ns
    Clock Pessimism Removal (CPR):    0.000ns
  Clock Uncertainty:      0.152ns  ((TSJ^2 + TIJ^2)^1/2 + DJ) / 2 + PE
    Total System Jitter     (TSJ):    0.050ns
    Total Input Jitter      (TIJ):    0.300ns
    Discrete Jitter          (DJ):    0.000ns
    Phase Error              (PE):    0.000ns

    Location             Delay type                Incr(ns)  Path(ns)    Netlist Resource(s)
  -------------------------------------------------------------------    -------------------
    K18                                               0.000     0.000 r  btn0 (IN)
                         net (fo=0)                   0.000     0.000    btn0
    K18                  IBUF (Prop_ibuf_I_O)         1.489     1.489 r  btn0_IBUF_inst/O
                         net (fo=5, routed)           1.893     3.382    u_pclk/btns_4bits_tri_i[0]
    SLICE_X43Y51         LUT2 (Prop_lut2_I0_O)        0.124     3.506 r  u_pclk/axi_awready_i_1/O
                         net (fo=560, routed)         3.525     7.030    u_ctrl/u_s00_axi/axi_awready_reg_0
    SLICE_X34Y38         FDRE                                         r  u_ctrl/u_s00_axi/axi_rdata_reg[20]/R
  -------------------------------------------------------------------    -------------------

                         (clock clk_fpga_0 rise edge)
                                                      0.000     0.000 r  
    PS7_X0Y0             PS7                          0.000     0.000 r  u_ps/design_1_i/processing_system7_0/inst/PS7_i/FCLKCLK[0]
                         net (fo=1, routed)           1.101     1.101    u_ps/design_1_i/processing_system7_0/inst/FCLK_CLK_unbuffered[0]
    BUFGCTRL_X0Y0        BUFG (Prop_bufg_I_O)         0.091     1.192 r  u_ps/design_1_i/processing_system7_0/inst/buffer_fclk_clk_0.FCLK_CLK_0_BUFG/O
                         net (fo=6511, routed)        1.497     2.689    u_ctrl/u_s00_axi/CLK
    SLICE_X34Y38         FDRE                                         r  u_ctrl/u_s00_axi/axi_rdata_reg[20]/C

Slack:                    inf
  Source:                 btn0
                            (input port)
  Destination:            u_ctrl/u_s00_axi/axi_arready_reg/R
                            (rising edge-triggered cell FDRE clocked by clk_fpga_0  {rise@0.000ns fall@5.000ns period=10.000ns})
  Path Group:             (none)
  Path Type:              Setup (Max at Slow Process Corner)
  Data Path Delay:        6.971ns  (logic 1.613ns (23.138%)  route 5.358ns (76.862%))
  Logic Levels:           2  (IBUF=1 LUT2=1)
  Clock Path Skew:        2.761ns (DCD - SCD + CPR)
    Destination Clock Delay (DCD):    2.761ns
    Source Clock Delay      (SCD):    0.000ns
    Clock Pessimism Removal (CPR):    0.000ns
  Clock Uncertainty:      0.152ns  ((TSJ^2 + TIJ^2)^1/2 + DJ) / 2 + PE
    Total System Jitter     (TSJ):    0.050ns
    Total Input Jitter      (TIJ):    0.300ns
    Discrete Jitter          (DJ):    0.000ns
    Phase Error              (PE):    0.000ns

    Location             Delay type                Incr(ns)  Path(ns)    Netlist Resource(s)
  -------------------------------------------------------------------    -------------------
    K18                                               0.000     0.000 r  btn0 (IN)
                         net (fo=0)                   0.000     0.000    btn0
    K18                  IBUF (Prop_ibuf_I_O)         1.489     1.489 r  btn0_IBUF_inst/O
                         net (fo=5, routed)           1.893     3.382    u_pclk/btns_4bits_tri_i[0]
    SLICE_X43Y51         LUT2 (Prop_lut2_I0_O)        0.124     3.506 r  u_pclk/axi_awready_i_1/O
                         net (fo=560, routed)         3.465     6.971    u_ctrl/u_s00_axi/axi_awready_reg_0
    SLICE_X38Y34         FDRE                                         r  u_ctrl/u_s00_axi/axi_arready_reg/R
  -------------------------------------------------------------------    -------------------

                         (clock clk_fpga_0 rise edge)
                                                      0.000     0.000 r  
    PS7_X0Y0             PS7                          0.000     0.000 r  u_ps/design_1_i/processing_system7_0/inst/PS7_i/FCLKCLK[0]
                         net (fo=1, routed)           1.101     1.101    u_ps/design_1_i/processing_system7_0/inst/FCLK_CLK_unbuffered[0]
    BUFGCTRL_X0Y0        BUFG (Prop_bufg_I_O)         0.091     1.192 r  u_ps/design_1_i/processing_system7_0/inst/buffer_fclk_clk_0.FCLK_CLK_0_BUFG/O
                         net (fo=6511, routed)        1.569     2.761    u_ctrl/u_s00_axi/CLK
    SLICE_X38Y34         FDRE                                         r  u_ctrl/u_s00_axi/axi_arready_reg/C

Slack:                    inf
  Source:                 btn0
                            (input port)
  Destination:            u_ctrl/u_s00_axi/axi_rvalid_reg/R
                            (rising edge-triggered cell FDRE clocked by clk_fpga_0  {rise@0.000ns fall@5.000ns period=10.000ns})
  Path Group:             (none)
  Path Type:              Setup (Max at Slow Process Corner)
  Data Path Delay:        6.971ns  (logic 1.613ns (23.138%)  route 5.358ns (76.862%))
  Logic Levels:           2  (IBUF=1 LUT2=1)
  Clock Path Skew:        2.761ns (DCD - SCD + CPR)
    Destination Clock Delay (DCD):    2.761ns
    Source Clock Delay      (SCD):    0.000ns
    Clock Pessimism Removal (CPR):    0.000ns
  Clock Uncertainty:      0.152ns  ((TSJ^2 + TIJ^2)^1/2 + DJ) / 2 + PE
    Total System Jitter     (TSJ):    0.050ns
    Total Input Jitter      (TIJ):    0.300ns
    Discrete Jitter          (DJ):    0.000ns
    Phase Error              (PE):    0.000ns

    Location             Delay type                Incr(ns)  Path(ns)    Netlist Resource(s)
  -------------------------------------------------------------------    -------------------
    K18                                               0.000     0.000 r  btn0 (IN)
                         net (fo=0)                   0.000     0.000    btn0
    K18                  IBUF (Prop_ibuf_I_O)         1.489     1.489 r  btn0_IBUF_inst/O
                         net (fo=5, routed)           1.893     3.382    u_pclk/btns_4bits_tri_i[0]
    SLICE_X43Y51         LUT2 (Prop_lut2_I0_O)        0.124     3.506 r  u_pclk/axi_awready_i_1/O
                         net (fo=560, routed)         3.465     6.971    u_ctrl/u_s00_axi/axi_awready_reg_0
    SLICE_X38Y34         FDRE                                         r  u_ctrl/u_s00_axi/axi_rvalid_reg/R
  -------------------------------------------------------------------    -------------------

                         (clock clk_fpga_0 rise edge)
                                                      0.000     0.000 r  
    PS7_X0Y0             PS7                          0.000     0.000 r  u_ps/design_1_i/processing_system7_0/inst/PS7_i/FCLKCLK[0]
                         net (fo=1, routed)           1.101     1.101    u_ps/design_1_i/processing_system7_0/inst/FCLK_CLK_unbuffered[0]
    BUFGCTRL_X0Y0        BUFG (Prop_bufg_I_O)         0.091     1.192 r  u_ps/design_1_i/processing_system7_0/inst/buffer_fclk_clk_0.FCLK_CLK_0_BUFG/O
                         net (fo=6511, routed)        1.569     2.761    u_ctrl/u_s00_axi/CLK
    SLICE_X38Y34         FDRE                                         r  u_ctrl/u_s00_axi/axi_rvalid_reg/C

Slack:                    inf
  Source:                 btn0
                            (input port)
  Destination:            u_ctrl/u_s00_axi/axi_rdata_reg[29]/R
                            (rising edge-triggered cell FDRE clocked by clk_fpga_0  {rise@0.000ns fall@5.000ns period=10.000ns})
  Path Group:             (none)
  Path Type:              Setup (Max at Slow Process Corner)
  Data Path Delay:        6.964ns  (logic 1.613ns (23.162%)  route 5.351ns (76.838%))
  Logic Levels:           2  (IBUF=1 LUT2=1)
  Clock Path Skew:        2.766ns (DCD - SCD + CPR)
    Destination Clock Delay (DCD):    2.766ns
    Source Clock Delay      (SCD):    0.000ns
    Clock Pessimism Removal (CPR):    0.000ns
  Clock Uncertainty:      0.152ns  ((TSJ^2 + TIJ^2)^1/2 + DJ) / 2 + PE
    Total System Jitter     (TSJ):    0.050ns
    Total Input Jitter      (TIJ):    0.300ns
    Discrete Jitter          (DJ):    0.000ns
    Phase Error              (PE):    0.000ns

    Location             Delay type                Incr(ns)  Path(ns)    Netlist Resource(s)
  -------------------------------------------------------------------    -------------------
    K18                                               0.000     0.000 r  btn0 (IN)
                         net (fo=0)                   0.000     0.000    btn0
    K18                  IBUF (Prop_ibuf_I_O)         1.489     1.489 r  btn0_IBUF_inst/O
                         net (fo=5, routed)           1.893     3.382    u_pclk/btns_4bits_tri_i[0]
    SLICE_X43Y51         LUT2 (Prop_lut2_I0_O)        0.124     3.506 r  u_pclk/axi_awready_i_1/O
                         net (fo=560, routed)         3.458     6.964    u_ctrl/u_s00_axi/axi_awready_reg_0
    SLICE_X38Y41         FDRE                                         r  u_ctrl/u_s00_axi/axi_rdata_reg[29]/R
  -------------------------------------------------------------------    -------------------

                         (clock clk_fpga_0 rise edge)
                                                      0.000     0.000 r  
    PS7_X0Y0             PS7                          0.000     0.000 r  u_ps/design_1_i/processing_system7_0/inst/PS7_i/FCLKCLK[0]
                         net (fo=1, routed)           1.101     1.101    u_ps/design_1_i/processing_system7_0/inst/FCLK_CLK_unbuffered[0]
    BUFGCTRL_X0Y0        BUFG (Prop_bufg_I_O)         0.091     1.192 r  u_ps/design_1_i/processing_system7_0/inst/buffer_fclk_clk_0.FCLK_CLK_0_BUFG/O
                         net (fo=6511, routed)        1.574     2.766    u_ctrl/u_s00_axi/CLK
    SLICE_X38Y41         FDRE                                         r  u_ctrl/u_s00_axi/axi_rdata_reg[29]/C

Slack:                    inf
  Source:                 btn0
                            (input port)
  Destination:            u_ctrl/u_s00_axi/axi_rdata_reg[30]/R
                            (rising edge-triggered cell FDRE clocked by clk_fpga_0  {rise@0.000ns fall@5.000ns period=10.000ns})
  Path Group:             (none)
  Path Type:              Setup (Max at Slow Process Corner)
  Data Path Delay:        6.964ns  (logic 1.613ns (23.162%)  route 5.351ns (76.838%))
  Logic Levels:           2  (IBUF=1 LUT2=1)
  Clock Path Skew:        2.766ns (DCD - SCD + CPR)
    Destination Clock Delay (DCD):    2.766ns
    Source Clock Delay      (SCD):    0.000ns
    Clock Pessimism Removal (CPR):    0.000ns
  Clock Uncertainty:      0.152ns  ((TSJ^2 + TIJ^2)^1/2 + DJ) / 2 + PE
    Total System Jitter     (TSJ):    0.050ns
    Total Input Jitter      (TIJ):    0.300ns
    Discrete Jitter          (DJ):    0.000ns
    Phase Error              (PE):    0.000ns

    Location             Delay type                Incr(ns)  Path(ns)    Netlist Resource(s)
  -------------------------------------------------------------------    -------------------
    K18                                               0.000     0.000 r  btn0 (IN)
                         net (fo=0)                   0.000     0.000    btn0
    K18                  IBUF (Prop_ibuf_I_O)         1.489     1.489 r  btn0_IBUF_inst/O
                         net (fo=5, routed)           1.893     3.382    u_pclk/btns_4bits_tri_i[0]
    SLICE_X43Y51         LUT2 (Prop_lut2_I0_O)        0.124     3.506 r  u_pclk/axi_awready_i_1/O
                         net (fo=560, routed)         3.458     6.964    u_ctrl/u_s00_axi/axi_awready_reg_0
    SLICE_X38Y41         FDRE                                         r  u_ctrl/u_s00_axi/axi_rdata_reg[30]/R
  -------------------------------------------------------------------    -------------------

                         (clock clk_fpga_0 rise edge)
                                                      0.000     0.000 r  
    PS7_X0Y0             PS7                          0.000     0.000 r  u_ps/design_1_i/processing_system7_0/inst/PS7_i/FCLKCLK[0]
                         net (fo=1, routed)           1.101     1.101    u_ps/design_1_i/processing_system7_0/inst/FCLK_CLK_unbuffered[0]
    BUFGCTRL_X0Y0        BUFG (Prop_bufg_I_O)         0.091     1.192 r  u_ps/design_1_i/processing_system7_0/inst/buffer_fclk_clk_0.FCLK_CLK_0_BUFG/O
                         net (fo=6511, routed)        1.574     2.766    u_ctrl/u_s00_axi/CLK
    SLICE_X38Y41         FDRE                                         r  u_ctrl/u_s00_axi/axi_rdata_reg[30]/C

Slack:                    inf
  Source:                 btn0
                            (input port)
  Destination:            u_ctrl/u_s00_axi/axi_rdata_reg[8]/R
                            (rising edge-triggered cell FDRE clocked by clk_fpga_0  {rise@0.000ns fall@5.000ns period=10.000ns})
  Path Group:             (none)
  Path Type:              Setup (Max at Slow Process Corner)
  Data Path Delay:        6.964ns  (logic 1.613ns (23.162%)  route 5.351ns (76.838%))
  Logic Levels:           2  (IBUF=1 LUT2=1)
  Clock Path Skew:        2.766ns (DCD - SCD + CPR)
    Destination Clock Delay (DCD):    2.766ns
    Source Clock Delay      (SCD):    0.000ns
    Clock Pessimism Removal (CPR):    0.000ns
  Clock Uncertainty:      0.152ns  ((TSJ^2 + TIJ^2)^1/2 + DJ) / 2 + PE
    Total System Jitter     (TSJ):    0.050ns
    Total Input Jitter      (TIJ):    0.300ns
    Discrete Jitter          (DJ):    0.000ns
    Phase Error              (PE):    0.000ns

    Location             Delay type                Incr(ns)  Path(ns)    Netlist Resource(s)
  -------------------------------------------------------------------    -------------------
    K18                                               0.000     0.000 r  btn0 (IN)
                         net (fo=0)                   0.000     0.000    btn0
    K18                  IBUF (Prop_ibuf_I_O)         1.489     1.489 r  btn0_IBUF_inst/O
                         net (fo=5, routed)           1.893     3.382    u_pclk/btns_4bits_tri_i[0]
    SLICE_X43Y51         LUT2 (Prop_lut2_I0_O)        0.124     3.506 r  u_pclk/axi_awready_i_1/O
                         net (fo=560, routed)         3.458     6.964    u_ctrl/u_s00_axi/axi_awready_reg_0
    SLICE_X38Y41         FDRE                                         r  u_ctrl/u_s00_axi/axi_rdata_reg[8]/R
  -------------------------------------------------------------------    -------------------

                         (clock clk_fpga_0 rise edge)
                                                      0.000     0.000 r  
    PS7_X0Y0             PS7                          0.000     0.000 r  u_ps/design_1_i/processing_system7_0/inst/PS7_i/FCLKCLK[0]
                         net (fo=1, routed)           1.101     1.101    u_ps/design_1_i/processing_system7_0/inst/FCLK_CLK_unbuffered[0]
    BUFGCTRL_X0Y0        BUFG (Prop_bufg_I_O)         0.091     1.192 r  u_ps/design_1_i/processing_system7_0/inst/buffer_fclk_clk_0.FCLK_CLK_0_BUFG/O
                         net (fo=6511, routed)        1.574     2.766    u_ctrl/u_s00_axi/CLK
    SLICE_X38Y41         FDRE                                         r  u_ctrl/u_s00_axi/axi_rdata_reg[8]/C

Slack:                    inf
  Source:                 btn0
                            (input port)
  Destination:            u_ctrl/u_s00_axi/slv_reg5_reg[24]/R
                            (rising edge-triggered cell FDRE clocked by clk_fpga_0  {rise@0.000ns fall@5.000ns period=10.000ns})
  Path Group:             (none)
  Path Type:              Setup (Max at Slow Process Corner)
  Data Path Delay:        6.964ns  (logic 1.613ns (23.162%)  route 5.351ns (76.838%))
  Logic Levels:           2  (IBUF=1 LUT2=1)
  Clock Path Skew:        2.766ns (DCD - SCD + CPR)
    Destination Clock Delay (DCD):    2.766ns
    Source Clock Delay      (SCD):    0.000ns
    Clock Pessimism Removal (CPR):    0.000ns
  Clock Uncertainty:      0.152ns  ((TSJ^2 + TIJ^2)^1/2 + DJ) / 2 + PE
    Total System Jitter     (TSJ):    0.050ns
    Total Input Jitter      (TIJ):    0.300ns
    Discrete Jitter          (DJ):    0.000ns
    Phase Error              (PE):    0.000ns

    Location             Delay type                Incr(ns)  Path(ns)    Netlist Resource(s)
  -------------------------------------------------------------------    -------------------
    K18                                               0.000     0.000 r  btn0 (IN)
                         net (fo=0)                   0.000     0.000    btn0
    K18                  IBUF (Prop_ibuf_I_O)         1.489     1.489 r  btn0_IBUF_inst/O
                         net (fo=5, routed)           1.893     3.382    u_pclk/btns_4bits_tri_i[0]
    SLICE_X43Y51         LUT2 (Prop_lut2_I0_O)        0.124     3.506 r  u_pclk/axi_awready_i_1/O
                         net (fo=560, routed)         3.458     6.964    u_ctrl/u_s00_axi/axi_awready_reg_0
    SLICE_X39Y41         FDRE                                         r  u_ctrl/u_s00_axi/slv_reg5_reg[24]/R
  -------------------------------------------------------------------    -------------------

                         (clock clk_fpga_0 rise edge)
                                                      0.000     0.000 r  
    PS7_X0Y0             PS7                          0.000     0.000 r  u_ps/design_1_i/processing_system7_0/inst/PS7_i/FCLKCLK[0]
                         net (fo=1, routed)           1.101     1.101    u_ps/design_1_i/processing_system7_0/inst/FCLK_CLK_unbuffered[0]
    BUFGCTRL_X0Y0        BUFG (Prop_bufg_I_O)         0.091     1.192 r  u_ps/design_1_i/processing_system7_0/inst/buffer_fclk_clk_0.FCLK_CLK_0_BUFG/O
                         net (fo=6511, routed)        1.574     2.766    u_ctrl/u_s00_axi/CLK
    SLICE_X39Y41         FDRE                                         r  u_ctrl/u_s00_axi/slv_reg5_reg[24]/C

Slack:                    inf
  Source:                 btn0
                            (input port)
  Destination:            u_ctrl/u_s00_axi/slv_reg5_reg[29]/R
                            (rising edge-triggered cell FDRE clocked by clk_fpga_0  {rise@0.000ns fall@5.000ns period=10.000ns})
  Path Group:             (none)
  Path Type:              Setup (Max at Slow Process Corner)
  Data Path Delay:        6.964ns  (logic 1.613ns (23.162%)  route 5.351ns (76.838%))
  Logic Levels:           2  (IBUF=1 LUT2=1)
  Clock Path Skew:        2.766ns (DCD - SCD + CPR)
    Destination Clock Delay (DCD):    2.766ns
    Source Clock Delay      (SCD):    0.000ns
    Clock Pessimism Removal (CPR):    0.000ns
  Clock Uncertainty:      0.152ns  ((TSJ^2 + TIJ^2)^1/2 + DJ) / 2 + PE
    Total System Jitter     (TSJ):    0.050ns
    Total Input Jitter      (TIJ):    0.300ns
    Discrete Jitter          (DJ):    0.000ns
    Phase Error              (PE):    0.000ns

    Location             Delay type                Incr(ns)  Path(ns)    Netlist Resource(s)
  -------------------------------------------------------------------    -------------------
    K18                                               0.000     0.000 r  btn0 (IN)
                         net (fo=0)                   0.000     0.000    btn0
    K18                  IBUF (Prop_ibuf_I_O)         1.489     1.489 r  btn0_IBUF_inst/O
                         net (fo=5, routed)           1.893     3.382    u_pclk/btns_4bits_tri_i[0]
    SLICE_X43Y51         LUT2 (Prop_lut2_I0_O)        0.124     3.506 r  u_pclk/axi_awready_i_1/O
                         net (fo=560, routed)         3.458     6.964    u_ctrl/u_s00_axi/axi_awready_reg_0
    SLICE_X39Y41         FDRE                                         r  u_ctrl/u_s00_axi/slv_reg5_reg[29]/R
  -------------------------------------------------------------------    -------------------

                         (clock clk_fpga_0 rise edge)
                                                      0.000     0.000 r  
    PS7_X0Y0             PS7                          0.000     0.000 r  u_ps/design_1_i/processing_system7_0/inst/PS7_i/FCLKCLK[0]
                         net (fo=1, routed)           1.101     1.101    u_ps/design_1_i/processing_system7_0/inst/FCLK_CLK_unbuffered[0]
    BUFGCTRL_X0Y0        BUFG (Prop_bufg_I_O)         0.091     1.192 r  u_ps/design_1_i/processing_system7_0/inst/buffer_fclk_clk_0.FCLK_CLK_0_BUFG/O
                         net (fo=6511, routed)        1.574     2.766    u_ctrl/u_s00_axi/CLK
    SLICE_X39Y41         FDRE                                         r  u_ctrl/u_s00_axi/slv_reg5_reg[29]/C

Slack:                    inf
  Source:                 btn0
                            (input port)
  Destination:            u_ctrl/u_s00_axi/slv_reg5_reg[30]/R
                            (rising edge-triggered cell FDRE clocked by clk_fpga_0  {rise@0.000ns fall@5.000ns period=10.000ns})
  Path Group:             (none)
  Path Type:              Setup (Max at Slow Process Corner)
  Data Path Delay:        6.964ns  (logic 1.613ns (23.162%)  route 5.351ns (76.838%))
  Logic Levels:           2  (IBUF=1 LUT2=1)
  Clock Path Skew:        2.766ns (DCD - SCD + CPR)
    Destination Clock Delay (DCD):    2.766ns
    Source Clock Delay      (SCD):    0.000ns
    Clock Pessimism Removal (CPR):    0.000ns
  Clock Uncertainty:      0.152ns  ((TSJ^2 + TIJ^2)^1/2 + DJ) / 2 + PE
    Total System Jitter     (TSJ):    0.050ns
    Total Input Jitter      (TIJ):    0.300ns
    Discrete Jitter          (DJ):    0.000ns
    Phase Error              (PE):    0.000ns

    Location             Delay type                Incr(ns)  Path(ns)    Netlist Resource(s)
  -------------------------------------------------------------------    -------------------
    K18                                               0.000     0.000 r  btn0 (IN)
                         net (fo=0)                   0.000     0.000    btn0
    K18                  IBUF (Prop_ibuf_I_O)         1.489     1.489 r  btn0_IBUF_inst/O
                         net (fo=5, routed)           1.893     3.382    u_pclk/btns_4bits_tri_i[0]
    SLICE_X43Y51         LUT2 (Prop_lut2_I0_O)        0.124     3.506 r  u_pclk/axi_awready_i_1/O
                         net (fo=560, routed)         3.458     6.964    u_ctrl/u_s00_axi/axi_awready_reg_0
    SLICE_X39Y41         FDRE                                         r  u_ctrl/u_s00_axi/slv_reg5_reg[30]/R
  -------------------------------------------------------------------    -------------------

                         (clock clk_fpga_0 rise edge)
                                                      0.000     0.000 r  
    PS7_X0Y0             PS7                          0.000     0.000 r  u_ps/design_1_i/processing_system7_0/inst/PS7_i/FCLKCLK[0]
                         net (fo=1, routed)           1.101     1.101    u_ps/design_1_i/processing_system7_0/inst/FCLK_CLK_unbuffered[0]
    BUFGCTRL_X0Y0        BUFG (Prop_bufg_I_O)         0.091     1.192 r  u_ps/design_1_i/processing_system7_0/inst/buffer_fclk_clk_0.FCLK_CLK_0_BUFG/O
                         net (fo=6511, routed)        1.574     2.766    u_ctrl/u_s00_axi/CLK
    SLICE_X39Y41         FDRE                                         r  u_ctrl/u_s00_axi/slv_reg5_reg[30]/C





Min Delay Paths
--------------------------------------------------------------------------------------
Slack:                    inf
  Source:                 u_pclk/u_mmcm/LOCKED
                            (internal pin)
  Destination:            u_ctrl/u_s00_axi/slv_reg4_reg[0]/R
                            (rising edge-triggered cell FDRE clocked by clk_fpga_0  {rise@0.000ns fall@5.000ns period=10.000ns})
  Path Group:             (none)
  Path Type:              Hold (Min at Fast Process Corner)
  Data Path Delay:        1.449ns  (logic 0.045ns (3.106%)  route 1.404ns (96.894%))
  Logic Levels:           1  (LUT2=1)
  Clock Uncertainty:      0.152ns  ((TSJ^2 + TIJ^2)^1/2 + DJ) / 2 + PE
    Total System Jitter     (TSJ):    0.050ns
    Total Input Jitter      (TIJ):    0.300ns
    Discrete Jitter          (DJ):    0.000ns
    Phase Error              (PE):    0.000ns

    Location             Delay type                Incr(ns)  Path(ns)    Netlist Resource(s)
  -------------------------------------------------------------------    -------------------
    MMCME2_ADV_X0Y0      MMCME2_ADV                   0.000     0.000 f  u_pclk/u_mmcm/LOCKED
                         net (fo=2, routed)           0.912     0.912    u_pclk/locked
    SLICE_X43Y51         LUT2 (Prop_lut2_I1_O)        0.045     0.957 r  u_pclk/axi_awready_i_1/O
                         net (fo=560, routed)         0.492     1.449    u_ctrl/u_s00_axi/axi_awready_reg_0
    SLICE_X38Y45         FDRE                                         r  u_ctrl/u_s00_axi/slv_reg4_reg[0]/R
  -------------------------------------------------------------------    -------------------

                         (clock clk_fpga_0 rise edge)
                                                      0.000     0.000 r  
    PS7_X0Y0             PS7                          0.000     0.000 r  u_ps/design_1_i/processing_system7_0/inst/PS7_i/FCLKCLK[0]
                         net (fo=1, routed)           0.341     0.341    u_ps/design_1_i/processing_system7_0/inst/FCLK_CLK_unbuffered[0]
    BUFGCTRL_X0Y0        BUFG (Prop_bufg_I_O)         0.029     0.370 r  u_ps/design_1_i/processing_system7_0/inst/buffer_fclk_clk_0.FCLK_CLK_0_BUFG/O
                         net (fo=6511, routed)        0.859     1.229    u_ctrl/u_s00_axi/CLK
    SLICE_X38Y45         FDRE                                         r  u_ctrl/u_s00_axi/slv_reg4_reg[0]/C

Slack:                    inf
  Source:                 u_pclk/u_mmcm/LOCKED
                            (internal pin)
  Destination:            u_ctrl/u_s00_axi/slv_reg5_reg[7]/R
                            (rising edge-triggered cell FDRE clocked by clk_fpga_0  {rise@0.000ns fall@5.000ns period=10.000ns})
  Path Group:             (none)
  Path Type:              Hold (Min at Fast Process Corner)
  Data Path Delay:        1.449ns  (logic 0.045ns (3.106%)  route 1.404ns (96.894%))
  Logic Levels:           1  (LUT2=1)
  Clock Uncertainty:      0.152ns  ((TSJ^2 + TIJ^2)^1/2 + DJ) / 2 + PE
    Total System Jitter     (TSJ):    0.050ns
    Total Input Jitter      (TIJ):    0.300ns
    Discrete Jitter          (DJ):    0.000ns
    Phase Error              (PE):    0.000ns

    Location             Delay type                Incr(ns)  Path(ns)    Netlist Resource(s)
  -------------------------------------------------------------------    -------------------
    MMCME2_ADV_X0Y0      MMCME2_ADV                   0.000     0.000 f  u_pclk/u_mmcm/LOCKED
                         net (fo=2, routed)           0.912     0.912    u_pclk/locked
    SLICE_X43Y51         LUT2 (Prop_lut2_I1_O)        0.045     0.957 r  u_pclk/axi_awready_i_1/O
                         net (fo=560, routed)         0.492     1.449    u_ctrl/u_s00_axi/axi_awready_reg_0
    SLICE_X39Y45         FDRE                                         r  u_ctrl/u_s00_axi/slv_reg5_reg[7]/R
  -------------------------------------------------------------------    -------------------

                         (clock clk_fpga_0 rise edge)
                                                      0.000     0.000 r  
    PS7_X0Y0             PS7                          0.000     0.000 r  u_ps/design_1_i/processing_system7_0/inst/PS7_i/FCLKCLK[0]
                         net (fo=1, routed)           0.341     0.341    u_ps/design_1_i/processing_system7_0/inst/FCLK_CLK_unbuffered[0]
    BUFGCTRL_X0Y0        BUFG (Prop_bufg_I_O)         0.029     0.370 r  u_ps/design_1_i/processing_system7_0/inst/buffer_fclk_clk_0.FCLK_CLK_0_BUFG/O
                         net (fo=6511, routed)        0.859     1.229    u_ctrl/u_s00_axi/CLK
    SLICE_X39Y45         FDRE                                         r  u_ctrl/u_s00_axi/slv_reg5_reg[7]/C

Slack:                    inf
  Source:                 u_pclk/u_mmcm/LOCKED
                            (internal pin)
  Destination:            u_ctrl/u_s00_axi/slv_reg1_reg[0]/R
                            (rising edge-triggered cell FDRE clocked by clk_fpga_0  {rise@0.000ns fall@5.000ns period=10.000ns})
  Path Group:             (none)
  Path Type:              Hold (Min at Fast Process Corner)
  Data Path Delay:        1.453ns  (logic 0.045ns (3.097%)  route 1.408ns (96.903%))
  Logic Levels:           1  (LUT2=1)
  Clock Uncertainty:      0.152ns  ((TSJ^2 + TIJ^2)^1/2 + DJ) / 2 + PE
    Total System Jitter     (TSJ):    0.050ns
    Total Input Jitter      (TIJ):    0.300ns
    Discrete Jitter          (DJ):    0.000ns
    Phase Error              (PE):    0.000ns

    Location             Delay type                Incr(ns)  Path(ns)    Netlist Resource(s)
  -------------------------------------------------------------------    -------------------
    MMCME2_ADV_X0Y0      MMCME2_ADV                   0.000     0.000 f  u_pclk/u_mmcm/LOCKED
                         net (fo=2, routed)           0.912     0.912    u_pclk/locked
    SLICE_X43Y51         LUT2 (Prop_lut2_I1_O)        0.045     0.957 r  u_pclk/axi_awready_i_1/O
                         net (fo=560, routed)         0.496     1.453    u_ctrl/u_s00_axi/axi_awready_reg_0
    SLICE_X36Y46         FDRE                                         r  u_ctrl/u_s00_axi/slv_reg1_reg[0]/R
  -------------------------------------------------------------------    -------------------

                         (clock clk_fpga_0 rise edge)
                                                      0.000     0.000 r  
    PS7_X0Y0             PS7                          0.000     0.000 r  u_ps/design_1_i/processing_system7_0/inst/PS7_i/FCLKCLK[0]
                         net (fo=1, routed)           0.341     0.341    u_ps/design_1_i/processing_system7_0/inst/FCLK_CLK_unbuffered[0]
    BUFGCTRL_X0Y0        BUFG (Prop_bufg_I_O)         0.029     0.370 r  u_ps/design_1_i/processing_system7_0/inst/buffer_fclk_clk_0.FCLK_CLK_0_BUFG/O
                         net (fo=6511, routed)        0.859     1.229    u_ctrl/u_s00_axi/CLK
    SLICE_X36Y46         FDRE                                         r  u_ctrl/u_s00_axi/slv_reg1_reg[0]/C

Slack:                    inf
  Source:                 u_pclk/u_mmcm/LOCKED
                            (internal pin)
  Destination:            u_ctrl/u_s00_axi/slv_reg1_reg[7]/R
                            (rising edge-triggered cell FDRE clocked by clk_fpga_0  {rise@0.000ns fall@5.000ns period=10.000ns})
  Path Group:             (none)
  Path Type:              Hold (Min at Fast Process Corner)
  Data Path Delay:        1.453ns  (logic 0.045ns (3.097%)  route 1.408ns (96.903%))
  Logic Levels:           1  (LUT2=1)
  Clock Uncertainty:      0.152ns  ((TSJ^2 + TIJ^2)^1/2 + DJ) / 2 + PE
    Total System Jitter     (TSJ):    0.050ns
    Total Input Jitter      (TIJ):    0.300ns
    Discrete Jitter          (DJ):    0.000ns
    Phase Error              (PE):    0.000ns

    Location             Delay type                Incr(ns)  Path(ns)    Netlist Resource(s)
  -------------------------------------------------------------------    -------------------
    MMCME2_ADV_X0Y0      MMCME2_ADV                   0.000     0.000 f  u_pclk/u_mmcm/LOCKED
                         net (fo=2, routed)           0.912     0.912    u_pclk/locked
    SLICE_X43Y51         LUT2 (Prop_lut2_I1_O)        0.045     0.957 r  u_pclk/axi_awready_i_1/O
                         net (fo=560, routed)         0.496     1.453    u_ctrl/u_s00_axi/axi_awready_reg_0
    SLICE_X36Y46         FDRE                                         r  u_ctrl/u_s00_axi/slv_reg1_reg[7]/R
  -------------------------------------------------------------------    -------------------

                         (clock clk_fpga_0 rise edge)
                                                      0.000     0.000 r  
    PS7_X0Y0             PS7                          0.000     0.000 r  u_ps/design_1_i/processing_system7_0/inst/PS7_i/FCLKCLK[0]
                         net (fo=1, routed)           0.341     0.341    u_ps/design_1_i/processing_system7_0/inst/FCLK_CLK_unbuffered[0]
    BUFGCTRL_X0Y0        BUFG (Prop_bufg_I_O)         0.029     0.370 r  u_ps/design_1_i/processing_system7_0/inst/buffer_fclk_clk_0.FCLK_CLK_0_BUFG/O
                         net (fo=6511, routed)        0.859     1.229    u_ctrl/u_s00_axi/CLK
    SLICE_X36Y46         FDRE                                         r  u_ctrl/u_s00_axi/slv_reg1_reg[7]/C

Slack:                    inf
  Source:                 u_pclk/u_mmcm/LOCKED
                            (internal pin)
  Destination:            u_ctrl/u_s00_axi/axi_rdata_reg[0]/R
                            (rising edge-triggered cell FDRE clocked by clk_fpga_0  {rise@0.000ns fall@5.000ns period=10.000ns})
  Path Group:             (none)
  Path Type:              Hold (Min at Fast Process Corner)
  Data Path Delay:        1.521ns  (logic 0.045ns (2.959%)  route 1.476ns (97.041%))
  Logic Levels:           1  (LUT2=1)
  Clock Uncertainty:      0.152ns  ((TSJ^2 + TIJ^2)^1/2 + DJ) / 2 + PE
    Total System Jitter     (TSJ):    0.050ns
    Total Input Jitter      (TIJ):    0.300ns
    Discrete Jitter          (DJ):    0.000ns
    Phase Error              (PE):    0.000ns

    Location             Delay type                Incr(ns)  Path(ns)    Netlist Resource(s)
  -------------------------------------------------------------------    -------------------
    MMCME2_ADV_X0Y0      MMCME2_ADV                   0.000     0.000 f  u_pclk/u_mmcm/LOCKED
                         net (fo=2, routed)           0.912     0.912    u_pclk/locked
    SLICE_X43Y51         LUT2 (Prop_lut2_I1_O)        0.045     0.957 r  u_pclk/axi_awready_i_1/O
                         net (fo=560, routed)         0.563     1.521    u_ctrl/u_s00_axi/axi_awready_reg_0
    SLICE_X37Y45         FDRE                                         r  u_ctrl/u_s00_axi/axi_rdata_reg[0]/R
  -------------------------------------------------------------------    -------------------

                         (clock clk_fpga_0 rise edge)
                                                      0.000     0.000 r  
    PS7_X0Y0             PS7                          0.000     0.000 r  u_ps/design_1_i/processing_system7_0/inst/PS7_i/FCLKCLK[0]
                         net (fo=1, routed)           0.341     0.341    u_ps/design_1_i/processing_system7_0/inst/FCLK_CLK_unbuffered[0]
    BUFGCTRL_X0Y0        BUFG (Prop_bufg_I_O)         0.029     0.370 r  u_ps/design_1_i/processing_system7_0/inst/buffer_fclk_clk_0.FCLK_CLK_0_BUFG/O
                         net (fo=6511, routed)        0.859     1.229    u_ctrl/u_s00_axi/CLK
    SLICE_X37Y45         FDRE                                         r  u_ctrl/u_s00_axi/axi_rdata_reg[0]/C

Slack:                    inf
  Source:                 u_pclk/u_mmcm/LOCKED
                            (internal pin)
  Destination:            u_ctrl/u_s00_axi/axi_rdata_reg[3]/R
                            (rising edge-triggered cell FDRE clocked by clk_fpga_0  {rise@0.000ns fall@5.000ns period=10.000ns})
  Path Group:             (none)
  Path Type:              Hold (Min at Fast Process Corner)
  Data Path Delay:        1.521ns  (logic 0.045ns (2.959%)  route 1.476ns (97.041%))
  Logic Levels:           1  (LUT2=1)
  Clock Uncertainty:      0.152ns  ((TSJ^2 + TIJ^2)^1/2 + DJ) / 2 + PE
    Total System Jitter     (TSJ):    0.050ns
    Total Input Jitter      (TIJ):    0.300ns
    Discrete Jitter          (DJ):    0.000ns
    Phase Error              (PE):    0.000ns

    Location             Delay type                Incr(ns)  Path(ns)    Netlist Resource(s)
  -------------------------------------------------------------------    -------------------
    MMCME2_ADV_X0Y0      MMCME2_ADV                   0.000     0.000 f  u_pclk/u_mmcm/LOCKED
                         net (fo=2, routed)           0.912     0.912    u_pclk/locked
    SLICE_X43Y51         LUT2 (Prop_lut2_I1_O)        0.045     0.957 r  u_pclk/axi_awready_i_1/O
                         net (fo=560, routed)         0.563     1.521    u_ctrl/u_s00_axi/axi_awready_reg_0
    SLICE_X37Y45         FDRE                                         r  u_ctrl/u_s00_axi/axi_rdata_reg[3]/R
  -------------------------------------------------------------------    -------------------

                         (clock clk_fpga_0 rise edge)
                                                      0.000     0.000 r  
    PS7_X0Y0             PS7                          0.000     0.000 r  u_ps/design_1_i/processing_system7_0/inst/PS7_i/FCLKCLK[0]
                         net (fo=1, routed)           0.341     0.341    u_ps/design_1_i/processing_system7_0/inst/FCLK_CLK_unbuffered[0]
    BUFGCTRL_X0Y0        BUFG (Prop_bufg_I_O)         0.029     0.370 r  u_ps/design_1_i/processing_system7_0/inst/buffer_fclk_clk_0.FCLK_CLK_0_BUFG/O
                         net (fo=6511, routed)        0.859     1.229    u_ctrl/u_s00_axi/CLK
    SLICE_X37Y45         FDRE                                         r  u_ctrl/u_s00_axi/axi_rdata_reg[3]/C

Slack:                    inf
  Source:                 u_pclk/u_mmcm/LOCKED
                            (internal pin)
  Destination:            u_ctrl/u_s00_axi/slv_reg3_reg[0]/R
                            (rising edge-triggered cell FDRE clocked by clk_fpga_0  {rise@0.000ns fall@5.000ns period=10.000ns})
  Path Group:             (none)
  Path Type:              Hold (Min at Fast Process Corner)
  Data Path Delay:        1.525ns  (logic 0.045ns (2.951%)  route 1.480ns (97.049%))
  Logic Levels:           1  (LUT2=1)
  Clock Uncertainty:      0.152ns  ((TSJ^2 + TIJ^2)^1/2 + DJ) / 2 + PE
    Total System Jitter     (TSJ):    0.050ns
    Total Input Jitter      (TIJ):    0.300ns
    Discrete Jitter          (DJ):    0.000ns
    Phase Error              (PE):    0.000ns

    Location             Delay type                Incr(ns)  Path(ns)    Netlist Resource(s)
  -------------------------------------------------------------------    -------------------
    MMCME2_ADV_X0Y0      MMCME2_ADV                   0.000     0.000 f  u_pclk/u_mmcm/LOCKED
                         net (fo=2, routed)           0.912     0.912    u_pclk/locked
    SLICE_X43Y51         LUT2 (Prop_lut2_I1_O)        0.045     0.957 r  u_pclk/axi_awready_i_1/O
                         net (fo=560, routed)         0.568     1.525    u_ctrl/u_s00_axi/axi_awready_reg_0
    SLICE_X36Y45         FDRE                                         r  u_ctrl/u_s00_axi/slv_reg3_reg[0]/R
  -------------------------------------------------------------------    -------------------

                         (clock clk_fpga_0 rise edge)
                                                      0.000     0.000 r  
    PS7_X0Y0             PS7                          0.000     0.000 r  u_ps/design_1_i/processing_system7_0/inst/PS7_i/FCLKCLK[0]
                         net (fo=1, routed)           0.341     0.341    u_ps/design_1_i/processing_system7_0/inst/FCLK_CLK_unbuffered[0]
    BUFGCTRL_X0Y0        BUFG (Prop_bufg_I_O)         0.029     0.370 r  u_ps/design_1_i/processing_system7_0/inst/buffer_fclk_clk_0.FCLK_CLK_0_BUFG/O
                         net (fo=6511, routed)        0.859     1.229    u_ctrl/u_s00_axi/CLK
    SLICE_X36Y45         FDRE                                         r  u_ctrl/u_s00_axi/slv_reg3_reg[0]/C

Slack:                    inf
  Source:                 u_pclk/u_mmcm/LOCKED
                            (internal pin)
  Destination:            u_ctrl/u_s00_axi/slv_reg3_reg[23]/R
                            (rising edge-triggered cell FDRE clocked by clk_fpga_0  {rise@0.000ns fall@5.000ns period=10.000ns})
  Path Group:             (none)
  Path Type:              Hold (Min at Fast Process Corner)
  Data Path Delay:        1.525ns  (logic 0.045ns (2.951%)  route 1.480ns (97.049%))
  Logic Levels:           1  (LUT2=1)
  Clock Uncertainty:      0.152ns  ((TSJ^2 + TIJ^2)^1/2 + DJ) / 2 + PE
    Total System Jitter     (TSJ):    0.050ns
    Total Input Jitter      (TIJ):    0.300ns
    Discrete Jitter          (DJ):    0.000ns
    Phase Error              (PE):    0.000ns

    Location             Delay type                Incr(ns)  Path(ns)    Netlist Resource(s)
  -------------------------------------------------------------------    -------------------
    MMCME2_ADV_X0Y0      MMCME2_ADV                   0.000     0.000 f  u_pclk/u_mmcm/LOCKED
                         net (fo=2, routed)           0.912     0.912    u_pclk/locked
    SLICE_X43Y51         LUT2 (Prop_lut2_I1_O)        0.045     0.957 r  u_pclk/axi_awready_i_1/O
                         net (fo=560, routed)         0.568     1.525    u_ctrl/u_s00_axi/axi_awready_reg_0
    SLICE_X36Y45         FDRE                                         r  u_ctrl/u_s00_axi/slv_reg3_reg[23]/R
  -------------------------------------------------------------------    -------------------

                         (clock clk_fpga_0 rise edge)
                                                      0.000     0.000 r  
    PS7_X0Y0             PS7                          0.000     0.000 r  u_ps/design_1_i/processing_system7_0/inst/PS7_i/FCLKCLK[0]
                         net (fo=1, routed)           0.341     0.341    u_ps/design_1_i/processing_system7_0/inst/FCLK_CLK_unbuffered[0]
    BUFGCTRL_X0Y0        BUFG (Prop_bufg_I_O)         0.029     0.370 r  u_ps/design_1_i/processing_system7_0/inst/buffer_fclk_clk_0.FCLK_CLK_0_BUFG/O
                         net (fo=6511, routed)        0.859     1.229    u_ctrl/u_s00_axi/CLK
    SLICE_X36Y45         FDRE                                         r  u_ctrl/u_s00_axi/slv_reg3_reg[23]/C

Slack:                    inf
  Source:                 u_pclk/u_mmcm/LOCKED
                            (internal pin)
  Destination:            u_ctrl/u_s00_axi/slv_reg3_reg[5]/R
                            (rising edge-triggered cell FDRE clocked by clk_fpga_0  {rise@0.000ns fall@5.000ns period=10.000ns})
  Path Group:             (none)
  Path Type:              Hold (Min at Fast Process Corner)
  Data Path Delay:        1.525ns  (logic 0.045ns (2.951%)  route 1.480ns (97.049%))
  Logic Levels:           1  (LUT2=1)
  Clock Uncertainty:      0.152ns  ((TSJ^2 + TIJ^2)^1/2 + DJ) / 2 + PE
    Total System Jitter     (TSJ):    0.050ns
    Total Input Jitter      (TIJ):    0.300ns
    Discrete Jitter          (DJ):    0.000ns
    Phase Error              (PE):    0.000ns

    Location             Delay type                Incr(ns)  Path(ns)    Netlist Resource(s)
  -------------------------------------------------------------------    -------------------
    MMCME2_ADV_X0Y0      MMCME2_ADV                   0.000     0.000 f  u_pclk/u_mmcm/LOCKED
                         net (fo=2, routed)           0.912     0.912    u_pclk/locked
    SLICE_X43Y51         LUT2 (Prop_lut2_I1_O)        0.045     0.957 r  u_pclk/axi_awready_i_1/O
                         net (fo=560, routed)         0.568     1.525    u_ctrl/u_s00_axi/axi_awready_reg_0
    SLICE_X36Y45         FDRE                                         r  u_ctrl/u_s00_axi/slv_reg3_reg[5]/R
  -------------------------------------------------------------------    -------------------

                         (clock clk_fpga_0 rise edge)
                                                      0.000     0.000 r  
    PS7_X0Y0             PS7                          0.000     0.000 r  u_ps/design_1_i/processing_system7_0/inst/PS7_i/FCLKCLK[0]
                         net (fo=1, routed)           0.341     0.341    u_ps/design_1_i/processing_system7_0/inst/FCLK_CLK_unbuffered[0]
    BUFGCTRL_X0Y0        BUFG (Prop_bufg_I_O)         0.029     0.370 r  u_ps/design_1_i/processing_system7_0/inst/buffer_fclk_clk_0.FCLK_CLK_0_BUFG/O
                         net (fo=6511, routed)        0.859     1.229    u_ctrl/u_s00_axi/CLK
    SLICE_X36Y45         FDRE                                         r  u_ctrl/u_s00_axi/slv_reg3_reg[5]/C

Slack:                    inf
  Source:                 u_pclk/u_mmcm/LOCKED
                            (internal pin)
  Destination:            u_ctrl/u_s00_axi/slv_reg3_reg[7]/R
                            (rising edge-triggered cell FDRE clocked by clk_fpga_0  {rise@0.000ns fall@5.000ns period=10.000ns})
  Path Group:             (none)
  Path Type:              Hold (Min at Fast Process Corner)
  Data Path Delay:        1.525ns  (logic 0.045ns (2.951%)  route 1.480ns (97.049%))
  Logic Levels:           1  (LUT2=1)
  Clock Uncertainty:      0.152ns  ((TSJ^2 + TIJ^2)^1/2 + DJ) / 2 + PE
    Total System Jitter     (TSJ):    0.050ns
    Total Input Jitter      (TIJ):    0.300ns
    Discrete Jitter          (DJ):    0.000ns
    Phase Error              (PE):    0.000ns

    Location             Delay type                Incr(ns)  Path(ns)    Netlist Resource(s)
  -------------------------------------------------------------------    -------------------
    MMCME2_ADV_X0Y0      MMCME2_ADV                   0.000     0.000 f  u_pclk/u_mmcm/LOCKED
                         net (fo=2, routed)           0.912     0.912    u_pclk/locked
    SLICE_X43Y51         LUT2 (Prop_lut2_I1_O)        0.045     0.957 r  u_pclk/axi_awready_i_1/O
                         net (fo=560, routed)         0.568     1.525    u_ctrl/u_s00_axi/axi_awready_reg_0
    SLICE_X36Y45         FDRE                                         r  u_ctrl/u_s00_axi/slv_reg3_reg[7]/R
  -------------------------------------------------------------------    -------------------

                         (clock clk_fpga_0 rise edge)
                                                      0.000     0.000 r  
    PS7_X0Y0             PS7                          0.000     0.000 r  u_ps/design_1_i/processing_system7_0/inst/PS7_i/FCLKCLK[0]
                         net (fo=1, routed)           0.341     0.341    u_ps/design_1_i/processing_system7_0/inst/FCLK_CLK_unbuffered[0]
    BUFGCTRL_X0Y0        BUFG (Prop_bufg_I_O)         0.029     0.370 r  u_ps/design_1_i/processing_system7_0/inst/buffer_fclk_clk_0.FCLK_CLK_0_BUFG/O
                         net (fo=6511, routed)        0.859     1.229    u_ctrl/u_s00_axi/CLK
    SLICE_X36Y45         FDRE                                         r  u_ctrl/u_s00_axi/slv_reg3_reg[7]/C





--------------------------------------------------------------------------------------
Path Group:  (none)
From Clock:  
  To Clock:  clkout0

Max Delay           166 Endpoints
Min Delay           166 Endpoints
--------------------------------------------------------------------------------------


Max Delay Paths
--------------------------------------------------------------------------------------
Slack:                    inf
  Source:                 sw[2]
                            (input port)
  Destination:            u_scene/u_scene4/g_reg[0]/D
                            (rising edge-triggered cell FDCE clocked by clkout0  {rise@0.000ns fall@20.000ns period=40.000ns})
  Path Group:             (none)
  Path Type:              Setup (Max at Slow Process Corner)
  Data Path Delay:        19.211ns  (logic 7.245ns (37.713%)  route 11.966ns (62.287%))
  Logic Levels:           12  (CARRY4=2 DSP48E1=1 IBUF=1 LUT3=1 LUT4=3 LUT5=4)
  Clock Path Skew:        8.205ns (DCD - SCD + CPR)
    Destination Clock Delay (DCD):    8.205ns
    Source Clock Delay      (SCD):    0.000ns
    Clock Pessimism Removal (CPR):    0.000ns
  Clock Uncertainty:      0.181ns  ((TSJ^2 + DJ^2)^1/2) / 2 + PE
    Total System Jitter     (TSJ):    0.050ns
    Discrete Jitter          (DJ):    0.161ns
    Phase Error              (PE):    0.097ns

    Location             Delay type                Incr(ns)  Path(ns)    Netlist Resource(s)
  -------------------------------------------------------------------    -------------------
    W13                                               0.000     0.000 r  sw[2] (IN)
                         net (fo=0)                   0.000     0.000    sw[2]
    W13                  IBUF (Prop_ibuf_I_O)         1.539     1.539 r  sw_IBUF[2]_inst/O
                         net (fo=97, routed)          3.932     5.471    u_sync/_inferred__0/i__carry__0[0]
    SLICE_X31Y71         LUT4 (Prop_lut4_I2_O)        0.124     5.595 f  u_sync/i__carry__0_i_9/O
                         net (fo=6, routed)           1.311     6.907    u_sync/pixel_y_reg[5]_1
    SLICE_X34Y70         LUT4 (Prop_lut4_I1_O)        0.124     7.031 r  u_sync/scaled_i_17/O
                         net (fo=22, routed)          1.812     8.843    u_sync/scaled_i_17_n_0
    SLICE_X32Y62         LUT5 (Prop_lut5_I2_O)        0.124     8.967 r  u_sync/scaled_i_13/O
                         net (fo=1, routed)           0.521     9.488    u_scene/u_scene4/A[3]
    DSP48_X1Y25          DSP48E1 (Prop_dsp48e1_A[3]_P[20])
                                                      3.841    13.329 r  u_scene/u_scene4/scaled/P[20]
                         net (fo=3, routed)           1.294    14.622    u_scene/u_scene4/scaled__0[20]
    SLICE_X33Y64         LUT3 (Prop_lut3_I2_O)        0.124    14.746 f  u_scene/u_scene4/in_bar_carry_i_13__0/O
                         net (fo=1, routed)           0.154    14.901    u_scene/u_scene4/in_bar_carry_i_13__0_n_0
    SLICE_X33Y64         LUT5 (Prop_lut5_I3_O)        0.124    15.025 r  u_scene/u_scene4/in_bar_carry_i_9__0/O
                         net (fo=8, routed)           0.889    15.913    u_scene/u_scene4/in_bar_carry_i_9__0_n_0
    SLICE_X34Y65         LUT5 (Prop_lut5_I3_O)        0.124    16.037 r  u_scene/u_scene4/in_bar_carry_i_5__0/O
                         net (fo=1, routed)           0.000    16.037    u_scene/u_scene4/in_bar_carry_i_5__0_n_0
    SLICE_X34Y65         CARRY4 (Prop_carry4_S[3]_CO[3])
                                                      0.376    16.413 r  u_scene/u_scene4/in_bar_carry/CO[3]
                         net (fo=1, routed)           0.000    16.413    u_scene/u_scene4/in_bar_carry_n_0
    SLICE_X34Y66         CARRY4 (Prop_carry4_CI_CO[0])
                                                      0.254    16.667 f  u_scene/u_scene4/in_bar_carry__0/CO[0]
                         net (fo=10, routed)          0.870    17.537    u_sync/b_reg[3]_0[0]
    SLICE_X35Y70         LUT5 (Prop_lut5_I4_O)        0.367    17.904 r  u_sync/r[0]_i_2__0/O
                         net (fo=3, routed)           1.183    19.087    u_sync/r[0]_i_2__0_n_0
    SLICE_X36Y73         LUT4 (Prop_lut4_I3_O)        0.124    19.211 r  u_sync/g[0]_i_1__1/O
                         net (fo=1, routed)           0.000    19.211    u_scene/u_scene4/g_reg[3]_1[0]
    SLICE_X36Y73         FDCE                                         r  u_scene/u_scene4/g_reg[0]/D
  -------------------------------------------------------------------    -------------------

                         (clock clkout0 rise edge)    0.000     0.000 r  
    K17                                               0.000     0.000 r  clk (IN)
                         net (fo=0)                   0.000     0.000    clk
    K17                  IBUF (Prop_ibuf_I_O)         1.421     1.421 r  clk_IBUF_inst/O
                         net (fo=1, routed)           1.880     3.301    clk_IBUF
    BUFGCTRL_X0Y16       BUFG (Prop_bufg_I_O)         0.091     3.392 r  clk_IBUF_BUFG_inst/O
                         net (fo=288, routed)         1.490     4.883    u_pclk/CLK
    MMCME2_ADV_X0Y0      MMCME2_ADV (Prop_mmcme2_adv_CLKIN1_CLKOUT0)
                                                      0.083     4.966 r  u_pclk/u_mmcm/CLKOUT0
                         net (fo=1, routed)           1.599     6.565    u_pclk/clkout0
    BUFGCTRL_X0Y1        BUFG (Prop_bufg_I_O)         0.091     6.656 r  u_pclk/u_bufg/O
                         net (fo=218, routed)         1.550     8.205    u_scene/u_scene4/pixel_clk
    SLICE_X36Y73         FDCE                                         r  u_scene/u_scene4/g_reg[0]/C

Slack:                    inf
  Source:                 sw[2]
                            (input port)
  Destination:            u_scene/u_scene4/r_reg[0]/D
                            (rising edge-triggered cell FDCE clocked by clkout0  {rise@0.000ns fall@20.000ns period=40.000ns})
  Path Group:             (none)
  Path Type:              Setup (Max at Slow Process Corner)
  Data Path Delay:        19.146ns  (logic 7.245ns (37.841%)  route 11.901ns (62.159%))
  Logic Levels:           12  (CARRY4=2 DSP48E1=1 IBUF=1 LUT3=1 LUT4=3 LUT5=4)
  Clock Path Skew:        8.205ns (DCD - SCD + CPR)
    Destination Clock Delay (DCD):    8.205ns
    Source Clock Delay      (SCD):    0.000ns
    Clock Pessimism Removal (CPR):    0.000ns
  Clock Uncertainty:      0.181ns  ((TSJ^2 + DJ^2)^1/2) / 2 + PE
    Total System Jitter     (TSJ):    0.050ns
    Discrete Jitter          (DJ):    0.161ns
    Phase Error              (PE):    0.097ns

    Location             Delay type                Incr(ns)  Path(ns)    Netlist Resource(s)
  -------------------------------------------------------------------    -------------------
    W13                                               0.000     0.000 r  sw[2] (IN)
                         net (fo=0)                   0.000     0.000    sw[2]
    W13                  IBUF (Prop_ibuf_I_O)         1.539     1.539 r  sw_IBUF[2]_inst/O
                         net (fo=97, routed)          3.932     5.471    u_sync/_inferred__0/i__carry__0[0]
    SLICE_X31Y71         LUT4 (Prop_lut4_I2_O)        0.124     5.595 f  u_sync/i__carry__0_i_9/O
                         net (fo=6, routed)           1.311     6.907    u_sync/pixel_y_reg[5]_1
    SLICE_X34Y70         LUT4 (Prop_lut4_I1_O)        0.124     7.031 r  u_sync/scaled_i_17/O
                         net (fo=22, routed)          1.812     8.843    u_sync/scaled_i_17_n_0
    SLICE_X32Y62         LUT5 (Prop_lut5_I2_O)        0.124     8.967 r  u_sync/scaled_i_13/O
                         net (fo=1, routed)           0.521     9.488    u_scene/u_scene4/A[3]
    DSP48_X1Y25          DSP48E1 (Prop_dsp48e1_A[3]_P[20])
                                                      3.841    13.329 r  u_scene/u_scene4/scaled/P[20]
                         net (fo=3, routed)           1.294    14.622    u_scene/u_scene4/scaled__0[20]
    SLICE_X33Y64         LUT3 (Prop_lut3_I2_O)        0.124    14.746 f  u_scene/u_scene4/in_bar_carry_i_13__0/O
                         net (fo=1, routed)           0.154    14.901    u_scene/u_scene4/in_bar_carry_i_13__0_n_0
    SLICE_X33Y64         LUT5 (Prop_lut5_I3_O)        0.124    15.025 r  u_scene/u_scene4/in_bar_carry_i_9__0/O
                         net (fo=8, routed)           0.889    15.913    u_scene/u_scene4/in_bar_carry_i_9__0_n_0
    SLICE_X34Y65         LUT5 (Prop_lut5_I3_O)        0.124    16.037 r  u_scene/u_scene4/in_bar_carry_i_5__0/O
                         net (fo=1, routed)           0.000    16.037    u_scene/u_scene4/in_bar_carry_i_5__0_n_0
    SLICE_X34Y65         CARRY4 (Prop_carry4_S[3]_CO[3])
                                                      0.376    16.413 r  u_scene/u_scene4/in_bar_carry/CO[3]
                         net (fo=1, routed)           0.000    16.413    u_scene/u_scene4/in_bar_carry_n_0
    SLICE_X34Y66         CARRY4 (Prop_carry4_CI_CO[0])
                                                      0.254    16.667 f  u_scene/u_scene4/in_bar_carry__0/CO[0]
                         net (fo=10, routed)          0.870    17.537    u_sync/b_reg[3]_0[0]
    SLICE_X35Y70         LUT5 (Prop_lut5_I4_O)        0.367    17.904 r  u_sync/r[0]_i_2__0/O
                         net (fo=3, routed)           1.118    19.022    u_sync/r[0]_i_2__0_n_0
    SLICE_X37Y73         LUT4 (Prop_lut4_I1_O)        0.124    19.146 r  u_sync/r[0]_i_1__2/O
                         net (fo=1, routed)           0.000    19.146    u_scene/u_scene4/r_reg[3]_1[0]
    SLICE_X37Y73         FDCE                                         r  u_scene/u_scene4/r_reg[0]/D
  -------------------------------------------------------------------    -------------------

                         (clock clkout0 rise edge)    0.000     0.000 r  
    K17                                               0.000     0.000 r  clk (IN)
                         net (fo=0)                   0.000     0.000    clk
    K17                  IBUF (Prop_ibuf_I_O)         1.421     1.421 r  clk_IBUF_inst/O
                         net (fo=1, routed)           1.880     3.301    clk_IBUF
    BUFGCTRL_X0Y16       BUFG (Prop_bufg_I_O)         0.091     3.392 r  clk_IBUF_BUFG_inst/O
                         net (fo=288, routed)         1.490     4.883    u_pclk/CLK
    MMCME2_ADV_X0Y0      MMCME2_ADV (Prop_mmcme2_adv_CLKIN1_CLKOUT0)
                                                      0.083     4.966 r  u_pclk/u_mmcm/CLKOUT0
                         net (fo=1, routed)           1.599     6.565    u_pclk/clkout0
    BUFGCTRL_X0Y1        BUFG (Prop_bufg_I_O)         0.091     6.656 r  u_pclk/u_bufg/O
                         net (fo=218, routed)         1.550     8.205    u_scene/u_scene4/pixel_clk
    SLICE_X37Y73         FDCE                                         r  u_scene/u_scene4/r_reg[0]/C

Slack:                    inf
  Source:                 sw[2]
                            (input port)
  Destination:            u_scene/u_scene4/b_reg[3]/D
                            (rising edge-triggered cell FDCE clocked by clkout0  {rise@0.000ns fall@20.000ns period=40.000ns})
  Path Group:             (none)
  Path Type:              Setup (Max at Slow Process Corner)
  Data Path Delay:        18.913ns  (logic 7.121ns (37.653%)  route 11.792ns (62.347%))
  Logic Levels:           11  (CARRY4=2 DSP48E1=1 IBUF=1 LUT3=1 LUT4=2 LUT5=4)
  Clock Path Skew:        8.205ns (DCD - SCD + CPR)
    Destination Clock Delay (DCD):    8.205ns
    Source Clock Delay      (SCD):    0.000ns
    Clock Pessimism Removal (CPR):    0.000ns
  Clock Uncertainty:      0.181ns  ((TSJ^2 + DJ^2)^1/2) / 2 + PE
    Total System Jitter     (TSJ):    0.050ns
    Discrete Jitter          (DJ):    0.161ns
    Phase Error              (PE):    0.097ns

    Location             Delay type                Incr(ns)  Path(ns)    Netlist Resource(s)
  -------------------------------------------------------------------    -------------------
    W13                                               0.000     0.000 r  sw[2] (IN)
                         net (fo=0)                   0.000     0.000    sw[2]
    W13                  IBUF (Prop_ibuf_I_O)         1.539     1.539 r  sw_IBUF[2]_inst/O
                         net (fo=97, routed)          3.932     5.471    u_sync/_inferred__0/i__carry__0[0]
    SLICE_X31Y71         LUT4 (Prop_lut4_I2_O)        0.124     5.595 f  u_sync/i__carry__0_i_9/O
                         net (fo=6, routed)           1.311     6.907    u_sync/pixel_y_reg[5]_1
    SLICE_X34Y70         LUT4 (Prop_lut4_I1_O)        0.124     7.031 r  u_sync/scaled_i_17/O
                         net (fo=22, routed)          1.812     8.843    u_sync/scaled_i_17_n_0
    SLICE_X32Y62         LUT5 (Prop_lut5_I2_O)        0.124     8.967 r  u_sync/scaled_i_13/O
                         net (fo=1, routed)           0.521     9.488    u_scene/u_scene4/A[3]
    DSP48_X1Y25          DSP48E1 (Prop_dsp48e1_A[3]_P[20])
                                                      3.841    13.329 r  u_scene/u_scene4/scaled/P[20]
                         net (fo=3, routed)           1.294    14.622    u_scene/u_scene4/scaled__0[20]
    SLICE_X33Y64         LUT3 (Prop_lut3_I2_O)        0.124    14.746 f  u_scene/u_scene4/in_bar_carry_i_13__0/O
                         net (fo=1, routed)           0.154    14.901    u_scene/u_scene4/in_bar_carry_i_13__0_n_0
    SLICE_X33Y64         LUT5 (Prop_lut5_I3_O)        0.124    15.025 r  u_scene/u_scene4/in_bar_carry_i_9__0/O
                         net (fo=8, routed)           0.889    15.913    u_scene/u_scene4/in_bar_carry_i_9__0_n_0
    SLICE_X34Y65         LUT5 (Prop_lut5_I3_O)        0.124    16.037 r  u_scene/u_scene4/in_bar_carry_i_5__0/O
                         net (fo=1, routed)           0.000    16.037    u_scene/u_scene4/in_bar_carry_i_5__0_n_0
    SLICE_X34Y65         CARRY4 (Prop_carry4_S[3]_CO[3])
                                                      0.376    16.413 r  u_scene/u_scene4/in_bar_carry/CO[3]
                         net (fo=1, routed)           0.000    16.413    u_scene/u_scene4/in_bar_carry_n_0
    SLICE_X34Y66         CARRY4 (Prop_carry4_CI_CO[0])
                                                      0.254    16.667 r  u_scene/u_scene4/in_bar_carry__0/CO[0]
                         net (fo=10, routed)          1.878    18.546    u_sync/b_reg[3]_0[0]
    SLICE_X38Y73         LUT5 (Prop_lut5_I4_O)        0.367    18.913 r  u_sync/b[3]_i_1__0/O
                         net (fo=1, routed)           0.000    18.913    u_scene/u_scene4/b_reg[3]_3[3]
    SLICE_X38Y73         FDCE                                         r  u_scene/u_scene4/b_reg[3]/D
  -------------------------------------------------------------------    -------------------

                         (clock clkout0 rise edge)    0.000     0.000 r  
    K17                                               0.000     0.000 r  clk (IN)
                         net (fo=0)                   0.000     0.000    clk
    K17                  IBUF (Prop_ibuf_I_O)         1.421     1.421 r  clk_IBUF_inst/O
                         net (fo=1, routed)           1.880     3.301    clk_IBUF
    BUFGCTRL_X0Y16       BUFG (Prop_bufg_I_O)         0.091     3.392 r  clk_IBUF_BUFG_inst/O
                         net (fo=288, routed)         1.490     4.883    u_pclk/CLK
    MMCME2_ADV_X0Y0      MMCME2_ADV (Prop_mmcme2_adv_CLKIN1_CLKOUT0)
                                                      0.083     4.966 r  u_pclk/u_mmcm/CLKOUT0
                         net (fo=1, routed)           1.599     6.565    u_pclk/clkout0
    BUFGCTRL_X0Y1        BUFG (Prop_bufg_I_O)         0.091     6.656 r  u_pclk/u_bufg/O
                         net (fo=218, routed)         1.550     8.205    u_scene/u_scene4/pixel_clk
    SLICE_X38Y73         FDCE                                         r  u_scene/u_scene4/b_reg[3]/C

Slack:                    inf
  Source:                 sw[2]
                            (input port)
  Destination:            u_scene/u_scene4/b_reg[0]/D
                            (rising edge-triggered cell FDCE clocked by clkout0  {rise@0.000ns fall@20.000ns period=40.000ns})
  Path Group:             (none)
  Path Type:              Setup (Max at Slow Process Corner)
  Data Path Delay:        18.868ns  (logic 7.245ns (38.399%)  route 11.623ns (61.601%))
  Logic Levels:           12  (CARRY4=2 DSP48E1=1 IBUF=1 LUT3=1 LUT4=3 LUT5=4)
  Clock Path Skew:        8.208ns (DCD - SCD + CPR)
    Destination Clock Delay (DCD):    8.208ns
    Source Clock Delay      (SCD):    0.000ns
    Clock Pessimism Removal (CPR):    0.000ns
  Clock Uncertainty:      0.181ns  ((TSJ^2 + DJ^2)^1/2) / 2 + PE
    Total System Jitter     (TSJ):    0.050ns
    Discrete Jitter          (DJ):    0.161ns
    Phase Error              (PE):    0.097ns

    Location             Delay type                Incr(ns)  Path(ns)    Netlist Resource(s)
  -------------------------------------------------------------------    -------------------
    W13                                               0.000     0.000 r  sw[2] (IN)
                         net (fo=0)                   0.000     0.000    sw[2]
    W13                  IBUF (Prop_ibuf_I_O)         1.539     1.539 r  sw_IBUF[2]_inst/O
                         net (fo=97, routed)          3.932     5.471    u_sync/_inferred__0/i__carry__0[0]
    SLICE_X31Y71         LUT4 (Prop_lut4_I2_O)        0.124     5.595 f  u_sync/i__carry__0_i_9/O
                         net (fo=6, routed)           1.311     6.907    u_sync/pixel_y_reg[5]_1
    SLICE_X34Y70         LUT4 (Prop_lut4_I1_O)        0.124     7.031 r  u_sync/scaled_i_17/O
                         net (fo=22, routed)          1.812     8.843    u_sync/scaled_i_17_n_0
    SLICE_X32Y62         LUT5 (Prop_lut5_I2_O)        0.124     8.967 r  u_sync/scaled_i_13/O
                         net (fo=1, routed)           0.521     9.488    u_scene/u_scene4/A[3]
    DSP48_X1Y25          DSP48E1 (Prop_dsp48e1_A[3]_P[20])
                                                      3.841    13.329 r  u_scene/u_scene4/scaled/P[20]
                         net (fo=3, routed)           1.294    14.622    u_scene/u_scene4/scaled__0[20]
    SLICE_X33Y64         LUT3 (Prop_lut3_I2_O)        0.124    14.746 f  u_scene/u_scene4/in_bar_carry_i_13__0/O
                         net (fo=1, routed)           0.154    14.901    u_scene/u_scene4/in_bar_carry_i_13__0_n_0
    SLICE_X33Y64         LUT5 (Prop_lut5_I3_O)        0.124    15.025 r  u_scene/u_scene4/in_bar_carry_i_9__0/O
                         net (fo=8, routed)           0.889    15.913    u_scene/u_scene4/in_bar_carry_i_9__0_n_0
    SLICE_X34Y65         LUT5 (Prop_lut5_I3_O)        0.124    16.037 r  u_scene/u_scene4/in_bar_carry_i_5__0/O
                         net (fo=1, routed)           0.000    16.037    u_scene/u_scene4/in_bar_carry_i_5__0_n_0
    SLICE_X34Y65         CARRY4 (Prop_carry4_S[3]_CO[3])
                                                      0.376    16.413 r  u_scene/u_scene4/in_bar_carry/CO[3]
                         net (fo=1, routed)           0.000    16.413    u_scene/u_scene4/in_bar_carry_n_0
    SLICE_X34Y66         CARRY4 (Prop_carry4_CI_CO[0])
                                                      0.254    16.667 f  u_scene/u_scene4/in_bar_carry__0/CO[0]
                         net (fo=10, routed)          0.870    17.537    u_sync/b_reg[3]_0[0]
    SLICE_X35Y70         LUT5 (Prop_lut5_I4_O)        0.367    17.904 r  u_sync/r[0]_i_2__0/O
                         net (fo=3, routed)           0.840    18.744    u_sync/r[0]_i_2__0_n_0
    SLICE_X38Y71         LUT4 (Prop_lut4_I3_O)        0.124    18.868 r  u_sync/b[0]_i_1__0/O
                         net (fo=1, routed)           0.000    18.868    u_scene/u_scene4/b_reg[3]_3[0]
    SLICE_X38Y71         FDCE                                         r  u_scene/u_scene4/b_reg[0]/D
  -------------------------------------------------------------------    -------------------

                         (clock clkout0 rise edge)    0.000     0.000 r  
    K17                                               0.000     0.000 r  clk (IN)
                         net (fo=0)                   0.000     0.000    clk
    K17                  IBUF (Prop_ibuf_I_O)         1.421     1.421 r  clk_IBUF_inst/O
                         net (fo=1, routed)           1.880     3.301    clk_IBUF
    BUFGCTRL_X0Y16       BUFG (Prop_bufg_I_O)         0.091     3.392 r  clk_IBUF_BUFG_inst/O
                         net (fo=288, routed)         1.490     4.883    u_pclk/CLK
    MMCME2_ADV_X0Y0      MMCME2_ADV (Prop_mmcme2_adv_CLKIN1_CLKOUT0)
                                                      0.083     4.966 r  u_pclk/u_mmcm/CLKOUT0
                         net (fo=1, routed)           1.599     6.565    u_pclk/clkout0
    BUFGCTRL_X0Y1        BUFG (Prop_bufg_I_O)         0.091     6.656 r  u_pclk/u_bufg/O
                         net (fo=218, routed)         1.553     8.208    u_scene/u_scene4/pixel_clk
    SLICE_X38Y71         FDCE                                         r  u_scene/u_scene4/b_reg[0]/C

Slack:                    inf
  Source:                 sw[2]
                            (input port)
  Destination:            u_scene/u_scene4/b_reg[2]/D
                            (rising edge-triggered cell FDCE clocked by clkout0  {rise@0.000ns fall@20.000ns period=40.000ns})
  Path Group:             (none)
  Path Type:              Setup (Max at Slow Process Corner)
  Data Path Delay:        18.557ns  (logic 7.121ns (38.375%)  route 11.436ns (61.625%))
  Logic Levels:           11  (CARRY4=2 DSP48E1=1 IBUF=1 LUT3=1 LUT4=2 LUT5=3 LUT6=1)
  Clock Path Skew:        8.205ns (DCD - SCD + CPR)
    Destination Clock Delay (DCD):    8.205ns
    Source Clock Delay      (SCD):    0.000ns
    Clock Pessimism Removal (CPR):    0.000ns
  Clock Uncertainty:      0.181ns  ((TSJ^2 + DJ^2)^1/2) / 2 + PE
    Total System Jitter     (TSJ):    0.050ns
    Discrete Jitter          (DJ):    0.161ns
    Phase Error              (PE):    0.097ns

    Location             Delay type                Incr(ns)  Path(ns)    Netlist Resource(s)
  -------------------------------------------------------------------    -------------------
    W13                                               0.000     0.000 r  sw[2] (IN)
                         net (fo=0)                   0.000     0.000    sw[2]
    W13                  IBUF (Prop_ibuf_I_O)         1.539     1.539 r  sw_IBUF[2]_inst/O
                         net (fo=97, routed)          3.932     5.471    u_sync/_inferred__0/i__carry__0[0]
    SLICE_X31Y71         LUT4 (Prop_lut4_I2_O)        0.124     5.595 f  u_sync/i__carry__0_i_9/O
                         net (fo=6, routed)           1.311     6.907    u_sync/pixel_y_reg[5]_1
    SLICE_X34Y70         LUT4 (Prop_lut4_I1_O)        0.124     7.031 r  u_sync/scaled_i_17/O
                         net (fo=22, routed)          1.812     8.843    u_sync/scaled_i_17_n_0
    SLICE_X32Y62         LUT5 (Prop_lut5_I2_O)        0.124     8.967 r  u_sync/scaled_i_13/O
                         net (fo=1, routed)           0.521     9.488    u_scene/u_scene4/A[3]
    DSP48_X1Y25          DSP48E1 (Prop_dsp48e1_A[3]_P[20])
                                                      3.841    13.329 r  u_scene/u_scene4/scaled/P[20]
                         net (fo=3, routed)           1.294    14.622    u_scene/u_scene4/scaled__0[20]
    SLICE_X33Y64         LUT3 (Prop_lut3_I2_O)        0.124    14.746 f  u_scene/u_scene4/in_bar_carry_i_13__0/O
                         net (fo=1, routed)           0.154    14.901    u_scene/u_scene4/in_bar_carry_i_13__0_n_0
    SLICE_X33Y64         LUT5 (Prop_lut5_I3_O)        0.124    15.025 r  u_scene/u_scene4/in_bar_carry_i_9__0/O
                         net (fo=8, routed)           0.889    15.913    u_scene/u_scene4/in_bar_carry_i_9__0_n_0
    SLICE_X34Y65         LUT5 (Prop_lut5_I3_O)        0.124    16.037 r  u_scene/u_scene4/in_bar_carry_i_5__0/O
                         net (fo=1, routed)           0.000    16.037    u_scene/u_scene4/in_bar_carry_i_5__0_n_0
    SLICE_X34Y65         CARRY4 (Prop_carry4_S[3]_CO[3])
                                                      0.376    16.413 r  u_scene/u_scene4/in_bar_carry/CO[3]
                         net (fo=1, routed)           0.000    16.413    u_scene/u_scene4/in_bar_carry_n_0
    SLICE_X34Y66         CARRY4 (Prop_carry4_CI_CO[0])
                                                      0.254    16.667 r  u_scene/u_scene4/in_bar_carry__0/CO[0]
                         net (fo=10, routed)          1.523    18.190    u_sync/b_reg[3]_0[0]
    SLICE_X36Y73         LUT6 (Prop_lut6_I0_O)        0.367    18.557 r  u_sync/b[2]_i_1__0/O
                         net (fo=1, routed)           0.000    18.557    u_scene/u_scene4/b_reg[3]_3[2]
    SLICE_X36Y73         FDCE                                         r  u_scene/u_scene4/b_reg[2]/D
  -------------------------------------------------------------------    -------------------

                         (clock clkout0 rise edge)    0.000     0.000 r  
    K17                                               0.000     0.000 r  clk (IN)
                         net (fo=0)                   0.000     0.000    clk
    K17                  IBUF (Prop_ibuf_I_O)         1.421     1.421 r  clk_IBUF_inst/O
                         net (fo=1, routed)           1.880     3.301    clk_IBUF
    BUFGCTRL_X0Y16       BUFG (Prop_bufg_I_O)         0.091     3.392 r  clk_IBUF_BUFG_inst/O
                         net (fo=288, routed)         1.490     4.883    u_pclk/CLK
    MMCME2_ADV_X0Y0      MMCME2_ADV (Prop_mmcme2_adv_CLKIN1_CLKOUT0)
                                                      0.083     4.966 r  u_pclk/u_mmcm/CLKOUT0
                         net (fo=1, routed)           1.599     6.565    u_pclk/clkout0
    BUFGCTRL_X0Y1        BUFG (Prop_bufg_I_O)         0.091     6.656 r  u_pclk/u_bufg/O
                         net (fo=218, routed)         1.550     8.205    u_scene/u_scene4/pixel_clk
    SLICE_X36Y73         FDCE                                         r  u_scene/u_scene4/b_reg[2]/C

Slack:                    inf
  Source:                 sw[2]
                            (input port)
  Destination:            u_scene/u_scene4/r_reg[1]/D
                            (rising edge-triggered cell FDCE clocked by clkout0  {rise@0.000ns fall@20.000ns period=40.000ns})
  Path Group:             (none)
  Path Type:              Setup (Max at Slow Process Corner)
  Data Path Delay:        18.414ns  (logic 7.121ns (38.673%)  route 11.293ns (61.327%))
  Logic Levels:           11  (CARRY4=2 DSP48E1=1 IBUF=1 LUT3=1 LUT4=2 LUT5=3 LUT6=1)
  Clock Path Skew:        8.205ns (DCD - SCD + CPR)
    Destination Clock Delay (DCD):    8.205ns
    Source Clock Delay      (SCD):    0.000ns
    Clock Pessimism Removal (CPR):    0.000ns
  Clock Uncertainty:      0.181ns  ((TSJ^2 + DJ^2)^1/2) / 2 + PE
    Total System Jitter     (TSJ):    0.050ns
    Discrete Jitter          (DJ):    0.161ns
    Phase Error              (PE):    0.097ns

    Location             Delay type                Incr(ns)  Path(ns)    Netlist Resource(s)
  -------------------------------------------------------------------    -------------------
    W13                                               0.000     0.000 r  sw[2] (IN)
                         net (fo=0)                   0.000     0.000    sw[2]
    W13                  IBUF (Prop_ibuf_I_O)         1.539     1.539 r  sw_IBUF[2]_inst/O
                         net (fo=97, routed)          3.932     5.471    u_sync/_inferred__0/i__carry__0[0]
    SLICE_X31Y71         LUT4 (Prop_lut4_I2_O)        0.124     5.595 f  u_sync/i__carry__0_i_9/O
                         net (fo=6, routed)           1.311     6.907    u_sync/pixel_y_reg[5]_1
    SLICE_X34Y70         LUT4 (Prop_lut4_I1_O)        0.124     7.031 r  u_sync/scaled_i_17/O
                         net (fo=22, routed)          1.812     8.843    u_sync/scaled_i_17_n_0
    SLICE_X32Y62         LUT5 (Prop_lut5_I2_O)        0.124     8.967 r  u_sync/scaled_i_13/O
                         net (fo=1, routed)           0.521     9.488    u_scene/u_scene4/A[3]
    DSP48_X1Y25          DSP48E1 (Prop_dsp48e1_A[3]_P[20])
                                                      3.841    13.329 r  u_scene/u_scene4/scaled/P[20]
                         net (fo=3, routed)           1.294    14.622    u_scene/u_scene4/scaled__0[20]
    SLICE_X33Y64         LUT3 (Prop_lut3_I2_O)        0.124    14.746 f  u_scene/u_scene4/in_bar_carry_i_13__0/O
                         net (fo=1, routed)           0.154    14.901    u_scene/u_scene4/in_bar_carry_i_13__0_n_0
    SLICE_X33Y64         LUT5 (Prop_lut5_I3_O)        0.124    15.025 r  u_scene/u_scene4/in_bar_carry_i_9__0/O
                         net (fo=8, routed)           0.889    15.913    u_scene/u_scene4/in_bar_carry_i_9__0_n_0
    SLICE_X34Y65         LUT5 (Prop_lut5_I3_O)        0.124    16.037 r  u_scene/u_scene4/in_bar_carry_i_5__0/O
                         net (fo=1, routed)           0.000    16.037    u_scene/u_scene4/in_bar_carry_i_5__0_n_0
    SLICE_X34Y65         CARRY4 (Prop_carry4_S[3]_CO[3])
                                                      0.376    16.413 r  u_scene/u_scene4/in_bar_carry/CO[3]
                         net (fo=1, routed)           0.000    16.413    u_scene/u_scene4/in_bar_carry_n_0
    SLICE_X34Y66         CARRY4 (Prop_carry4_CI_CO[0])
                                                      0.254    16.667 r  u_scene/u_scene4/in_bar_carry__0/CO[0]
                         net (fo=10, routed)          1.379    18.047    u_sync/b_reg[3]_0[0]
    SLICE_X38Y73         LUT6 (Prop_lut6_I0_O)        0.367    18.414 r  u_sync/r[1]_i_1__1/O
                         net (fo=1, routed)           0.000    18.414    u_scene/u_scene4/r_reg[3]_1[1]
    SLICE_X38Y73         FDCE                                         r  u_scene/u_scene4/r_reg[1]/D
  -------------------------------------------------------------------    -------------------

                         (clock clkout0 rise edge)    0.000     0.000 r  
    K17                                               0.000     0.000 r  clk (IN)
                         net (fo=0)                   0.000     0.000    clk
    K17                  IBUF (Prop_ibuf_I_O)         1.421     1.421 r  clk_IBUF_inst/O
                         net (fo=1, routed)           1.880     3.301    clk_IBUF
    BUFGCTRL_X0Y16       BUFG (Prop_bufg_I_O)         0.091     3.392 r  clk_IBUF_BUFG_inst/O
                         net (fo=288, routed)         1.490     4.883    u_pclk/CLK
    MMCME2_ADV_X0Y0      MMCME2_ADV (Prop_mmcme2_adv_CLKIN1_CLKOUT0)
                                                      0.083     4.966 r  u_pclk/u_mmcm/CLKOUT0
                         net (fo=1, routed)           1.599     6.565    u_pclk/clkout0
    BUFGCTRL_X0Y1        BUFG (Prop_bufg_I_O)         0.091     6.656 r  u_pclk/u_bufg/O
                         net (fo=218, routed)         1.550     8.205    u_scene/u_scene4/pixel_clk
    SLICE_X38Y73         FDCE                                         r  u_scene/u_scene4/r_reg[1]/C

Slack:                    inf
  Source:                 sw[2]
                            (input port)
  Destination:            u_scene/u_scene4/b_reg[1]/D
                            (rising edge-triggered cell FDCE clocked by clkout0  {rise@0.000ns fall@20.000ns period=40.000ns})
  Path Group:             (none)
  Path Type:              Setup (Max at Slow Process Corner)
  Data Path Delay:        18.345ns  (logic 7.121ns (38.818%)  route 11.224ns (61.182%))
  Logic Levels:           11  (CARRY4=2 DSP48E1=1 IBUF=1 LUT3=1 LUT4=2 LUT5=3 LUT6=1)
  Clock Path Skew:        8.208ns (DCD - SCD + CPR)
    Destination Clock Delay (DCD):    8.208ns
    Source Clock Delay      (SCD):    0.000ns
    Clock Pessimism Removal (CPR):    0.000ns
  Clock Uncertainty:      0.181ns  ((TSJ^2 + DJ^2)^1/2) / 2 + PE
    Total System Jitter     (TSJ):    0.050ns
    Discrete Jitter          (DJ):    0.161ns
    Phase Error              (PE):    0.097ns

    Location             Delay type                Incr(ns)  Path(ns)    Netlist Resource(s)
  -------------------------------------------------------------------    -------------------
    W13                                               0.000     0.000 r  sw[2] (IN)
                         net (fo=0)                   0.000     0.000    sw[2]
    W13                  IBUF (Prop_ibuf_I_O)         1.539     1.539 r  sw_IBUF[2]_inst/O
                         net (fo=97, routed)          3.932     5.471    u_sync/_inferred__0/i__carry__0[0]
    SLICE_X31Y71         LUT4 (Prop_lut4_I2_O)        0.124     5.595 f  u_sync/i__carry__0_i_9/O
                         net (fo=6, routed)           1.311     6.907    u_sync/pixel_y_reg[5]_1
    SLICE_X34Y70         LUT4 (Prop_lut4_I1_O)        0.124     7.031 r  u_sync/scaled_i_17/O
                         net (fo=22, routed)          1.812     8.843    u_sync/scaled_i_17_n_0
    SLICE_X32Y62         LUT5 (Prop_lut5_I2_O)        0.124     8.967 r  u_sync/scaled_i_13/O
                         net (fo=1, routed)           0.521     9.488    u_scene/u_scene4/A[3]
    DSP48_X1Y25          DSP48E1 (Prop_dsp48e1_A[3]_P[20])
                                                      3.841    13.329 r  u_scene/u_scene4/scaled/P[20]
                         net (fo=3, routed)           1.294    14.622    u_scene/u_scene4/scaled__0[20]
    SLICE_X33Y64         LUT3 (Prop_lut3_I2_O)        0.124    14.746 f  u_scene/u_scene4/in_bar_carry_i_13__0/O
                         net (fo=1, routed)           0.154    14.901    u_scene/u_scene4/in_bar_carry_i_13__0_n_0
    SLICE_X33Y64         LUT5 (Prop_lut5_I3_O)        0.124    15.025 r  u_scene/u_scene4/in_bar_carry_i_9__0/O
                         net (fo=8, routed)           0.889    15.913    u_scene/u_scene4/in_bar_carry_i_9__0_n_0
    SLICE_X34Y65         LUT5 (Prop_lut5_I3_O)        0.124    16.037 r  u_scene/u_scene4/in_bar_carry_i_5__0/O
                         net (fo=1, routed)           0.000    16.037    u_scene/u_scene4/in_bar_carry_i_5__0_n_0
    SLICE_X34Y65         CARRY4 (Prop_carry4_S[3]_CO[3])
                                                      0.376    16.413 r  u_scene/u_scene4/in_bar_carry/CO[3]
                         net (fo=1, routed)           0.000    16.413    u_scene/u_scene4/in_bar_carry_n_0
    SLICE_X34Y66         CARRY4 (Prop_carry4_CI_CO[0])
                                                      0.254    16.667 r  u_scene/u_scene4/in_bar_carry__0/CO[0]
                         net (fo=10, routed)          1.311    17.978    u_sync/b_reg[3]_0[0]
    SLICE_X39Y71         LUT6 (Prop_lut6_I0_O)        0.367    18.345 r  u_sync/b[1]_i_1__0/O
                         net (fo=1, routed)           0.000    18.345    u_scene/u_scene4/b_reg[3]_3[1]
    SLICE_X39Y71         FDCE                                         r  u_scene/u_scene4/b_reg[1]/D
  -------------------------------------------------------------------    -------------------

                         (clock clkout0 rise edge)    0.000     0.000 r  
    K17                                               0.000     0.000 r  clk (IN)
                         net (fo=0)                   0.000     0.000    clk
    K17                  IBUF (Prop_ibuf_I_O)         1.421     1.421 r  clk_IBUF_inst/O
                         net (fo=1, routed)           1.880     3.301    clk_IBUF
    BUFGCTRL_X0Y16       BUFG (Prop_bufg_I_O)         0.091     3.392 r  clk_IBUF_BUFG_inst/O
                         net (fo=288, routed)         1.490     4.883    u_pclk/CLK
    MMCME2_ADV_X0Y0      MMCME2_ADV (Prop_mmcme2_adv_CLKIN1_CLKOUT0)
                                                      0.083     4.966 r  u_pclk/u_mmcm/CLKOUT0
                         net (fo=1, routed)           1.599     6.565    u_pclk/clkout0
    BUFGCTRL_X0Y1        BUFG (Prop_bufg_I_O)         0.091     6.656 r  u_pclk/u_bufg/O
                         net (fo=218, routed)         1.553     8.208    u_scene/u_scene4/pixel_clk
    SLICE_X39Y71         FDCE                                         r  u_scene/u_scene4/b_reg[1]/C

Slack:                    inf
  Source:                 sw[2]
                            (input port)
  Destination:            u_scene/u_scene4/r_reg[3]/D
                            (rising edge-triggered cell FDCE clocked by clkout0  {rise@0.000ns fall@20.000ns period=40.000ns})
  Path Group:             (none)
  Path Type:              Setup (Max at Slow Process Corner)
  Data Path Delay:        18.205ns  (logic 7.121ns (39.117%)  route 11.084ns (60.883%))
  Logic Levels:           11  (CARRY4=2 DSP48E1=1 IBUF=1 LUT3=1 LUT4=2 LUT5=4)
  Clock Path Skew:        8.205ns (DCD - SCD + CPR)
    Destination Clock Delay (DCD):    8.205ns
    Source Clock Delay      (SCD):    0.000ns
    Clock Pessimism Removal (CPR):    0.000ns
  Clock Uncertainty:      0.181ns  ((TSJ^2 + DJ^2)^1/2) / 2 + PE
    Total System Jitter     (TSJ):    0.050ns
    Discrete Jitter          (DJ):    0.161ns
    Phase Error              (PE):    0.097ns

    Location             Delay type                Incr(ns)  Path(ns)    Netlist Resource(s)
  -------------------------------------------------------------------    -------------------
    W13                                               0.000     0.000 r  sw[2] (IN)
                         net (fo=0)                   0.000     0.000    sw[2]
    W13                  IBUF (Prop_ibuf_I_O)         1.539     1.539 r  sw_IBUF[2]_inst/O
                         net (fo=97, routed)          3.932     5.471    u_sync/_inferred__0/i__carry__0[0]
    SLICE_X31Y71         LUT4 (Prop_lut4_I2_O)        0.124     5.595 f  u_sync/i__carry__0_i_9/O
                         net (fo=6, routed)           1.311     6.907    u_sync/pixel_y_reg[5]_1
    SLICE_X34Y70         LUT4 (Prop_lut4_I1_O)        0.124     7.031 r  u_sync/scaled_i_17/O
                         net (fo=22, routed)          1.812     8.843    u_sync/scaled_i_17_n_0
    SLICE_X32Y62         LUT5 (Prop_lut5_I2_O)        0.124     8.967 r  u_sync/scaled_i_13/O
                         net (fo=1, routed)           0.521     9.488    u_scene/u_scene4/A[3]
    DSP48_X1Y25          DSP48E1 (Prop_dsp48e1_A[3]_P[20])
                                                      3.841    13.329 r  u_scene/u_scene4/scaled/P[20]
                         net (fo=3, routed)           1.294    14.622    u_scene/u_scene4/scaled__0[20]
    SLICE_X33Y64         LUT3 (Prop_lut3_I2_O)        0.124    14.746 f  u_scene/u_scene4/in_bar_carry_i_13__0/O
                         net (fo=1, routed)           0.154    14.901    u_scene/u_scene4/in_bar_carry_i_13__0_n_0
    SLICE_X33Y64         LUT5 (Prop_lut5_I3_O)        0.124    15.025 r  u_scene/u_scene4/in_bar_carry_i_9__0/O
                         net (fo=8, routed)           0.889    15.913    u_scene/u_scene4/in_bar_carry_i_9__0_n_0
    SLICE_X34Y65         LUT5 (Prop_lut5_I3_O)        0.124    16.037 r  u_scene/u_scene4/in_bar_carry_i_5__0/O
                         net (fo=1, routed)           0.000    16.037    u_scene/u_scene4/in_bar_carry_i_5__0_n_0
    SLICE_X34Y65         CARRY4 (Prop_carry4_S[3]_CO[3])
                                                      0.376    16.413 r  u_scene/u_scene4/in_bar_carry/CO[3]
                         net (fo=1, routed)           0.000    16.413    u_scene/u_scene4/in_bar_carry_n_0
    SLICE_X34Y66         CARRY4 (Prop_carry4_CI_CO[0])
                                                      0.254    16.667 r  u_scene/u_scene4/in_bar_carry__0/CO[0]
                         net (fo=10, routed)          1.170    17.838    u_sync/b_reg[3]_0[0]
    SLICE_X39Y73         LUT5 (Prop_lut5_I4_O)        0.367    18.205 r  u_sync/r[3]_i_1__0/O
                         net (fo=1, routed)           0.000    18.205    u_scene/u_scene4/r_reg[3]_1[3]
    SLICE_X39Y73         FDCE                                         r  u_scene/u_scene4/r_reg[3]/D
  -------------------------------------------------------------------    -------------------

                         (clock clkout0 rise edge)    0.000     0.000 r  
    K17                                               0.000     0.000 r  clk (IN)
                         net (fo=0)                   0.000     0.000    clk
    K17                  IBUF (Prop_ibuf_I_O)         1.421     1.421 r  clk_IBUF_inst/O
                         net (fo=1, routed)           1.880     3.301    clk_IBUF
    BUFGCTRL_X0Y16       BUFG (Prop_bufg_I_O)         0.091     3.392 r  clk_IBUF_BUFG_inst/O
                         net (fo=288, routed)         1.490     4.883    u_pclk/CLK
    MMCME2_ADV_X0Y0      MMCME2_ADV (Prop_mmcme2_adv_CLKIN1_CLKOUT0)
                                                      0.083     4.966 r  u_pclk/u_mmcm/CLKOUT0
                         net (fo=1, routed)           1.599     6.565    u_pclk/clkout0
    BUFGCTRL_X0Y1        BUFG (Prop_bufg_I_O)         0.091     6.656 r  u_pclk/u_bufg/O
                         net (fo=218, routed)         1.550     8.205    u_scene/u_scene4/pixel_clk
    SLICE_X39Y73         FDCE                                         r  u_scene/u_scene4/r_reg[3]/C

Slack:                    inf
  Source:                 sw[2]
                            (input port)
  Destination:            u_scene/u_scene4/g_reg[3]/D
                            (rising edge-triggered cell FDCE clocked by clkout0  {rise@0.000ns fall@20.000ns period=40.000ns})
  Path Group:             (none)
  Path Type:              Setup (Max at Slow Process Corner)
  Data Path Delay:        18.062ns  (logic 7.121ns (39.425%)  route 10.941ns (60.575%))
  Logic Levels:           11  (CARRY4=2 DSP48E1=1 IBUF=1 LUT3=1 LUT4=2 LUT5=4)
  Clock Path Skew:        8.205ns (DCD - SCD + CPR)
    Destination Clock Delay (DCD):    8.205ns
    Source Clock Delay      (SCD):    0.000ns
    Clock Pessimism Removal (CPR):    0.000ns
  Clock Uncertainty:      0.181ns  ((TSJ^2 + DJ^2)^1/2) / 2 + PE
    Total System Jitter     (TSJ):    0.050ns
    Discrete Jitter          (DJ):    0.161ns
    Phase Error              (PE):    0.097ns

    Location             Delay type                Incr(ns)  Path(ns)    Netlist Resource(s)
  -------------------------------------------------------------------    -------------------
    W13                                               0.000     0.000 r  sw[2] (IN)
                         net (fo=0)                   0.000     0.000    sw[2]
    W13                  IBUF (Prop_ibuf_I_O)         1.539     1.539 r  sw_IBUF[2]_inst/O
                         net (fo=97, routed)          3.932     5.471    u_sync/_inferred__0/i__carry__0[0]
    SLICE_X31Y71         LUT4 (Prop_lut4_I2_O)        0.124     5.595 f  u_sync/i__carry__0_i_9/O
                         net (fo=6, routed)           1.311     6.907    u_sync/pixel_y_reg[5]_1
    SLICE_X34Y70         LUT4 (Prop_lut4_I1_O)        0.124     7.031 r  u_sync/scaled_i_17/O
                         net (fo=22, routed)          1.812     8.843    u_sync/scaled_i_17_n_0
    SLICE_X32Y62         LUT5 (Prop_lut5_I2_O)        0.124     8.967 r  u_sync/scaled_i_13/O
                         net (fo=1, routed)           0.521     9.488    u_scene/u_scene4/A[3]
    DSP48_X1Y25          DSP48E1 (Prop_dsp48e1_A[3]_P[20])
                                                      3.841    13.329 r  u_scene/u_scene4/scaled/P[20]
                         net (fo=3, routed)           1.294    14.622    u_scene/u_scene4/scaled__0[20]
    SLICE_X33Y64         LUT3 (Prop_lut3_I2_O)        0.124    14.746 f  u_scene/u_scene4/in_bar_carry_i_13__0/O
                         net (fo=1, routed)           0.154    14.901    u_scene/u_scene4/in_bar_carry_i_13__0_n_0
    SLICE_X33Y64         LUT5 (Prop_lut5_I3_O)        0.124    15.025 r  u_scene/u_scene4/in_bar_carry_i_9__0/O
                         net (fo=8, routed)           0.889    15.913    u_scene/u_scene4/in_bar_carry_i_9__0_n_0
    SLICE_X34Y65         LUT5 (Prop_lut5_I3_O)        0.124    16.037 r  u_scene/u_scene4/in_bar_carry_i_5__0/O
                         net (fo=1, routed)           0.000    16.037    u_scene/u_scene4/in_bar_carry_i_5__0_n_0
    SLICE_X34Y65         CARRY4 (Prop_carry4_S[3]_CO[3])
                                                      0.376    16.413 r  u_scene/u_scene4/in_bar_carry/CO[3]
                         net (fo=1, routed)           0.000    16.413    u_scene/u_scene4/in_bar_carry_n_0
    SLICE_X34Y66         CARRY4 (Prop_carry4_CI_CO[0])
                                                      0.254    16.667 r  u_scene/u_scene4/in_bar_carry__0/CO[0]
                         net (fo=10, routed)          1.028    17.695    u_sync/b_reg[3]_0[0]
    SLICE_X36Y73         LUT5 (Prop_lut5_I4_O)        0.367    18.062 r  u_sync/g[3]_i_1/O
                         net (fo=1, routed)           0.000    18.062    u_scene/u_scene4/g_reg[3]_1[3]
    SLICE_X36Y73         FDCE                                         r  u_scene/u_scene4/g_reg[3]/D
  -------------------------------------------------------------------    -------------------

                         (clock clkout0 rise edge)    0.000     0.000 r  
    K17                                               0.000     0.000 r  clk (IN)
                         net (fo=0)                   0.000     0.000    clk
    K17                  IBUF (Prop_ibuf_I_O)         1.421     1.421 r  clk_IBUF_inst/O
                         net (fo=1, routed)           1.880     3.301    clk_IBUF
    BUFGCTRL_X0Y16       BUFG (Prop_bufg_I_O)         0.091     3.392 r  clk_IBUF_BUFG_inst/O
                         net (fo=288, routed)         1.490     4.883    u_pclk/CLK
    MMCME2_ADV_X0Y0      MMCME2_ADV (Prop_mmcme2_adv_CLKIN1_CLKOUT0)
                                                      0.083     4.966 r  u_pclk/u_mmcm/CLKOUT0
                         net (fo=1, routed)           1.599     6.565    u_pclk/clkout0
    BUFGCTRL_X0Y1        BUFG (Prop_bufg_I_O)         0.091     6.656 r  u_pclk/u_bufg/O
                         net (fo=218, routed)         1.550     8.205    u_scene/u_scene4/pixel_clk
    SLICE_X36Y73         FDCE                                         r  u_scene/u_scene4/g_reg[3]/C

Slack:                    inf
  Source:                 sw[2]
                            (input port)
  Destination:            u_scene/u_scene4/g_reg[2]/D
                            (rising edge-triggered cell FDCE clocked by clkout0  {rise@0.000ns fall@20.000ns period=40.000ns})
  Path Group:             (none)
  Path Type:              Setup (Max at Slow Process Corner)
  Data Path Delay:        18.059ns  (logic 7.121ns (39.432%)  route 10.938ns (60.568%))
  Logic Levels:           11  (CARRY4=2 DSP48E1=1 IBUF=1 LUT3=1 LUT4=2 LUT5=3 LUT6=1)
  Clock Path Skew:        8.205ns (DCD - SCD + CPR)
    Destination Clock Delay (DCD):    8.205ns
    Source Clock Delay      (SCD):    0.000ns
    Clock Pessimism Removal (CPR):    0.000ns
  Clock Uncertainty:      0.181ns  ((TSJ^2 + DJ^2)^1/2) / 2 + PE
    Total System Jitter     (TSJ):    0.050ns
    Discrete Jitter          (DJ):    0.161ns
    Phase Error              (PE):    0.097ns

    Location             Delay type                Incr(ns)  Path(ns)    Netlist Resource(s)
  -------------------------------------------------------------------    -------------------
    W13                                               0.000     0.000 r  sw[2] (IN)
                         net (fo=0)                   0.000     0.000    sw[2]
    W13                  IBUF (Prop_ibuf_I_O)         1.539     1.539 r  sw_IBUF[2]_inst/O
                         net (fo=97, routed)          3.932     5.471    u_sync/_inferred__0/i__carry__0[0]
    SLICE_X31Y71         LUT4 (Prop_lut4_I2_O)        0.124     5.595 f  u_sync/i__carry__0_i_9/O
                         net (fo=6, routed)           1.311     6.907    u_sync/pixel_y_reg[5]_1
    SLICE_X34Y70         LUT4 (Prop_lut4_I1_O)        0.124     7.031 r  u_sync/scaled_i_17/O
                         net (fo=22, routed)          1.812     8.843    u_sync/scaled_i_17_n_0
    SLICE_X32Y62         LUT5 (Prop_lut5_I2_O)        0.124     8.967 r  u_sync/scaled_i_13/O
                         net (fo=1, routed)           0.521     9.488    u_scene/u_scene4/A[3]
    DSP48_X1Y25          DSP48E1 (Prop_dsp48e1_A[3]_P[20])
                                                      3.841    13.329 r  u_scene/u_scene4/scaled/P[20]
                         net (fo=3, routed)           1.294    14.622    u_scene/u_scene4/scaled__0[20]
    SLICE_X33Y64         LUT3 (Prop_lut3_I2_O)        0.124    14.746 f  u_scene/u_scene4/in_bar_carry_i_13__0/O
                         net (fo=1, routed)           0.154    14.901    u_scene/u_scene4/in_bar_carry_i_13__0_n_0
    SLICE_X33Y64         LUT5 (Prop_lut5_I3_O)        0.124    15.025 r  u_scene/u_scene4/in_bar_carry_i_9__0/O
                         net (fo=8, routed)           0.889    15.913    u_scene/u_scene4/in_bar_carry_i_9__0_n_0
    SLICE_X34Y65         LUT5 (Prop_lut5_I3_O)        0.124    16.037 r  u_scene/u_scene4/in_bar_carry_i_5__0/O
                         net (fo=1, routed)           0.000    16.037    u_scene/u_scene4/in_bar_carry_i_5__0_n_0
    SLICE_X34Y65         CARRY4 (Prop_carry4_S[3]_CO[3])
                                                      0.376    16.413 r  u_scene/u_scene4/in_bar_carry/CO[3]
                         net (fo=1, routed)           0.000    16.413    u_scene/u_scene4/in_bar_carry_n_0
    SLICE_X34Y66         CARRY4 (Prop_carry4_CI_CO[0])
                                                      0.254    16.667 r  u_scene/u_scene4/in_bar_carry__0/CO[0]
                         net (fo=10, routed)          1.025    17.692    u_sync/b_reg[3]_0[0]
    SLICE_X36Y73         LUT6 (Prop_lut6_I0_O)        0.367    18.059 r  u_sync/g[2]_i_1/O
                         net (fo=1, routed)           0.000    18.059    u_scene/u_scene4/g_reg[3]_1[2]
    SLICE_X36Y73         FDCE                                         r  u_scene/u_scene4/g_reg[2]/D
  -------------------------------------------------------------------    -------------------

                         (clock clkout0 rise edge)    0.000     0.000 r  
    K17                                               0.000     0.000 r  clk (IN)
                         net (fo=0)                   0.000     0.000    clk
    K17                  IBUF (Prop_ibuf_I_O)         1.421     1.421 r  clk_IBUF_inst/O
                         net (fo=1, routed)           1.880     3.301    clk_IBUF
    BUFGCTRL_X0Y16       BUFG (Prop_bufg_I_O)         0.091     3.392 r  clk_IBUF_BUFG_inst/O
                         net (fo=288, routed)         1.490     4.883    u_pclk/CLK
    MMCME2_ADV_X0Y0      MMCME2_ADV (Prop_mmcme2_adv_CLKIN1_CLKOUT0)
                                                      0.083     4.966 r  u_pclk/u_mmcm/CLKOUT0
                         net (fo=1, routed)           1.599     6.565    u_pclk/clkout0
    BUFGCTRL_X0Y1        BUFG (Prop_bufg_I_O)         0.091     6.656 r  u_pclk/u_bufg/O
                         net (fo=218, routed)         1.550     8.205    u_scene/u_scene4/pixel_clk
    SLICE_X36Y73         FDCE                                         r  u_scene/u_scene4/g_reg[2]/C





Min Delay Paths
--------------------------------------------------------------------------------------
Slack:                    inf
  Source:                 sw[3]
                            (input port)
  Destination:            u_scene/u_scene3/flash_state_reg/D
                            (rising edge-triggered cell FDCE clocked by clkout0  {rise@0.000ns fall@20.000ns period=40.000ns})
  Path Group:             (none)
  Path Type:              Hold (Min at Fast Process Corner)
  Data Path Delay:        1.297ns  (logic 0.341ns (26.259%)  route 0.956ns (73.741%))
  Logic Levels:           2  (IBUF=1 LUT3=1)
  Clock Path Skew:        3.428ns (DCD - SCD - CPR)
    Destination Clock Delay (DCD):    3.428ns
    Source Clock Delay      (SCD):    0.000ns
    Clock Pessimism Removal (CPR):    -0.000ns

    Location             Delay type                Incr(ns)  Path(ns)    Netlist Resource(s)
  -------------------------------------------------------------------    -------------------
    T16                                               0.000     0.000 r  sw[3] (IN)
                         net (fo=0)                   0.000     0.000    sw[3]
    T16                  IBUF (Prop_ibuf_I_O)         0.296     0.296 r  sw_IBUF[3]_inst/O
                         net (fo=3, routed)           0.956     1.252    u_scene/u_scene3/led_OBUF[0]
    SLICE_X39Y72         LUT3 (Prop_lut3_I0_O)        0.045     1.297 r  u_scene/u_scene3/flash_state_i_1/O
                         net (fo=1, routed)           0.000     1.297    u_scene/u_scene3/flash_state_i_1_n_0
    SLICE_X39Y72         FDCE                                         r  u_scene/u_scene3/flash_state_reg/D
  -------------------------------------------------------------------    -------------------

                         (clock clkout0 rise edge)    0.000     0.000 r  
    K17                                               0.000     0.000 r  clk (IN)
                         net (fo=0)                   0.000     0.000    clk
    K17                  IBUF (Prop_ibuf_I_O)         0.447     0.447 r  clk_IBUF_inst/O
                         net (fo=1, routed)           0.683     1.130    clk_IBUF
    BUFGCTRL_X0Y16       BUFG (Prop_bufg_I_O)         0.029     1.159 r  clk_IBUF_BUFG_inst/O
                         net (fo=288, routed)         0.814     1.973    u_pclk/CLK
    MMCME2_ADV_X0Y0      MMCME2_ADV (Prop_mmcme2_adv_CLKIN1_CLKOUT0)
                                                      0.053     2.026 r  u_pclk/u_mmcm/CLKOUT0
                         net (fo=1, routed)           0.528     2.554    u_pclk/clkout0
    BUFGCTRL_X0Y1        BUFG (Prop_bufg_I_O)         0.029     2.583 r  u_pclk/u_bufg/O
                         net (fo=218, routed)         0.845     3.428    u_scene/u_scene3/pixel_clk
    SLICE_X39Y72         FDCE                                         r  u_scene/u_scene3/flash_state_reg/C

Slack:                    inf
  Source:                 sw[0]
                            (input port)
  Destination:            u_hdmi/U0/DataEncoders[0].DataEncoder/pDataOut_1_reg[5]/D
                            (rising edge-triggered cell FDRE clocked by clkout0  {rise@0.000ns fall@20.000ns period=40.000ns})
  Path Group:             (none)
  Path Type:              Hold (Min at Fast Process Corner)
  Data Path Delay:        1.482ns  (logic 0.310ns (20.952%)  route 1.171ns (79.048%))
  Logic Levels:           3  (IBUF=1 LUT6=2)
  Clock Path Skew:        3.436ns (DCD - SCD - CPR)
    Destination Clock Delay (DCD):    3.436ns
    Source Clock Delay      (SCD):    0.000ns
    Clock Pessimism Removal (CPR):    -0.000ns

    Location             Delay type                Incr(ns)  Path(ns)    Netlist Resource(s)
  -------------------------------------------------------------------    -------------------
    G15                                               0.000     0.000 f  sw[0] (IN)
                         net (fo=0)                   0.000     0.000    sw[0]
    G15                  IBUF (Prop_ibuf_I_O)         0.220     0.220 f  sw_IBUF[0]_inst/O
                         net (fo=5, routed)           0.597     0.817    u_sync/sws_4bits_tri_i[0]
    SLICE_X39Y71         LUT6 (Prop_lut6_I0_O)        0.045     0.862 r  u_sync/u_hdmi_i_17/O
                         net (fo=8, routed)           0.233     1.095    u_sync/pixel_x_reg[9]_4
    SLICE_X39Y71         LUT6 (Prop_lut6_I2_O)        0.045     1.140 r  u_sync/u_hdmi_i_7/O
                         net (fo=11, routed)          0.342     1.482    u_hdmi/U0/DataEncoders[0].DataEncoder/vid_pData[5]
    SLICE_X39Y85         FDRE                                         r  u_hdmi/U0/DataEncoders[0].DataEncoder/pDataOut_1_reg[5]/D
  -------------------------------------------------------------------    -------------------

                         (clock clkout0 rise edge)    0.000     0.000 r  
    K17                                               0.000     0.000 r  clk (IN)
                         net (fo=0)                   0.000     0.000    clk
    K17                  IBUF (Prop_ibuf_I_O)         0.447     0.447 r  clk_IBUF_inst/O
                         net (fo=1, routed)           0.683     1.130    clk_IBUF
    BUFGCTRL_X0Y16       BUFG (Prop_bufg_I_O)         0.029     1.159 r  clk_IBUF_BUFG_inst/O
                         net (fo=288, routed)         0.814     1.973    u_pclk/CLK
    MMCME2_ADV_X0Y0      MMCME2_ADV (Prop_mmcme2_adv_CLKIN1_CLKOUT0)
                                                      0.053     2.026 r  u_pclk/u_mmcm/CLKOUT0
                         net (fo=1, routed)           0.528     2.554    u_pclk/clkout0
    BUFGCTRL_X0Y1        BUFG (Prop_bufg_I_O)         0.029     2.583 r  u_pclk/u_bufg/O
                         net (fo=218, routed)         0.853     3.436    u_hdmi/U0/DataEncoders[0].DataEncoder/PixelClk
    SLICE_X39Y85         FDRE                                         r  u_hdmi/U0/DataEncoders[0].DataEncoder/pDataOut_1_reg[5]/C

Slack:                    inf
  Source:                 sw[2]
                            (input port)
  Destination:            u_scene/u_scene2/r_reg[0]/D
                            (rising edge-triggered cell FDCE clocked by clkout0  {rise@0.000ns fall@20.000ns period=40.000ns})
  Path Group:             (none)
  Path Type:              Hold (Min at Fast Process Corner)
  Data Path Delay:        1.588ns  (logic 0.594ns (37.436%)  route 0.993ns (62.564%))
  Logic Levels:           4  (CARRY4=1 IBUF=1 LUT3=1 LUT6=1)
  Clock Path Skew:        3.430ns (DCD - SCD - CPR)
    Destination Clock Delay (DCD):    3.430ns
    Source Clock Delay      (SCD):    0.000ns
    Clock Pessimism Removal (CPR):    -0.000ns

    Location             Delay type                Incr(ns)  Path(ns)    Netlist Resource(s)
  -------------------------------------------------------------------    -------------------
    W13                                               0.000     0.000 r  sw[2] (IN)
                         net (fo=0)                   0.000     0.000    sw[2]
    W13                  IBUF (Prop_ibuf_I_O)         0.306     0.306 r  sw_IBUF[2]_inst/O
                         net (fo=97, routed)          0.766     1.073    u_sync/_inferred__0/i__carry__0[0]
    SLICE_X41Y70         LUT3 (Prop_lut3_I1_O)        0.043     1.116 r  u_sync/in_gap0__23_carry_i_3/O
                         net (fo=1, routed)           0.000     1.116    u_scene/u_scene2/r_reg[0]_1[0]
    SLICE_X41Y70         CARRY4 (Prop_carry4_DI[1]_O[3])
                                                      0.135     1.251 r  u_scene/u_scene2/in_gap0__23_carry/O[3]
                         net (fo=1, routed)           0.114     1.365    u_scene/u_scene2/in_gap0__23_carry_n_4
    SLICE_X39Y70         LUT6 (Prop_lut6_I2_O)        0.110     1.475 r  u_scene/u_scene2/r[0]_i_1__0/O
                         net (fo=3, routed)           0.113     1.588    u_scene/u_scene2/r[0]_i_1__0_n_0
    SLICE_X37Y70         FDCE                                         r  u_scene/u_scene2/r_reg[0]/D
  -------------------------------------------------------------------    -------------------

                         (clock clkout0 rise edge)    0.000     0.000 r  
    K17                                               0.000     0.000 r  clk (IN)
                         net (fo=0)                   0.000     0.000    clk
    K17                  IBUF (Prop_ibuf_I_O)         0.447     0.447 r  clk_IBUF_inst/O
                         net (fo=1, routed)           0.683     1.130    clk_IBUF
    BUFGCTRL_X0Y16       BUFG (Prop_bufg_I_O)         0.029     1.159 r  clk_IBUF_BUFG_inst/O
                         net (fo=288, routed)         0.814     1.973    u_pclk/CLK
    MMCME2_ADV_X0Y0      MMCME2_ADV (Prop_mmcme2_adv_CLKIN1_CLKOUT0)
                                                      0.053     2.026 r  u_pclk/u_mmcm/CLKOUT0
                         net (fo=1, routed)           0.528     2.554    u_pclk/clkout0
    BUFGCTRL_X0Y1        BUFG (Prop_bufg_I_O)         0.029     2.583 r  u_pclk/u_bufg/O
                         net (fo=218, routed)         0.847     3.430    u_scene/u_scene2/pixel_clk
    SLICE_X37Y70         FDCE                                         r  u_scene/u_scene2/r_reg[0]/C

Slack:                    inf
  Source:                 sw[0]
                            (input port)
  Destination:            u_hdmi/U0/DataEncoders[0].DataEncoder/pDataOut_1_reg[2]/D
                            (rising edge-triggered cell FDRE clocked by clkout0  {rise@0.000ns fall@20.000ns period=40.000ns})
  Path Group:             (none)
  Path Type:              Hold (Min at Fast Process Corner)
  Data Path Delay:        1.596ns  (logic 0.310ns (19.456%)  route 1.285ns (80.544%))
  Logic Levels:           3  (IBUF=1 LUT5=1 LUT6=1)
  Clock Path Skew:        3.436ns (DCD - SCD - CPR)
    Destination Clock Delay (DCD):    3.436ns
    Source Clock Delay      (SCD):    0.000ns
    Clock Pessimism Removal (CPR):    -0.000ns

    Location             Delay type                Incr(ns)  Path(ns)    Netlist Resource(s)
  -------------------------------------------------------------------    -------------------
    G15                                               0.000     0.000 f  sw[0] (IN)
                         net (fo=0)                   0.000     0.000    sw[0]
    G15                  IBUF (Prop_ibuf_I_O)         0.220     0.220 f  sw_IBUF[0]_inst/O
                         net (fo=5, routed)           0.664     0.884    u_sync/sws_4bits_tri_i[0]
    SLICE_X38Y71         LUT6 (Prop_lut6_I5_O)        0.045     0.929 f  u_sync/u_hdmi_i_19/O
                         net (fo=3, routed)           0.222     1.151    u_sync/u_hdmi_i_19_n_0
    SLICE_X39Y73         LUT5 (Prop_lut5_I2_O)        0.045     1.196 r  u_sync/u_hdmi_i_6/O
                         net (fo=11, routed)          0.400     1.596    u_hdmi/U0/DataEncoders[0].DataEncoder/vid_pData[2]
    SLICE_X38Y85         FDRE                                         r  u_hdmi/U0/DataEncoders[0].DataEncoder/pDataOut_1_reg[2]/D
  -------------------------------------------------------------------    -------------------

                         (clock clkout0 rise edge)    0.000     0.000 r  
    K17                                               0.000     0.000 r  clk (IN)
                         net (fo=0)                   0.000     0.000    clk
    K17                  IBUF (Prop_ibuf_I_O)         0.447     0.447 r  clk_IBUF_inst/O
                         net (fo=1, routed)           0.683     1.130    clk_IBUF
    BUFGCTRL_X0Y16       BUFG (Prop_bufg_I_O)         0.029     1.159 r  clk_IBUF_BUFG_inst/O
                         net (fo=288, routed)         0.814     1.973    u_pclk/CLK
    MMCME2_ADV_X0Y0      MMCME2_ADV (Prop_mmcme2_adv_CLKIN1_CLKOUT0)
                                                      0.053     2.026 r  u_pclk/u_mmcm/CLKOUT0
                         net (fo=1, routed)           0.528     2.554    u_pclk/clkout0
    BUFGCTRL_X0Y1        BUFG (Prop_bufg_I_O)         0.029     2.583 r  u_pclk/u_bufg/O
                         net (fo=218, routed)         0.853     3.436    u_hdmi/U0/DataEncoders[0].DataEncoder/PixelClk
    SLICE_X38Y85         FDRE                                         r  u_hdmi/U0/DataEncoders[0].DataEncoder/pDataOut_1_reg[2]/C

Slack:                    inf
  Source:                 sw[0]
                            (input port)
  Destination:            u_hdmi/U0/DataEncoders[0].DataEncoder/pDataOut_1_reg[1]/D
                            (rising edge-triggered cell FDRE clocked by clkout0  {rise@0.000ns fall@20.000ns period=40.000ns})
  Path Group:             (none)
  Path Type:              Hold (Min at Fast Process Corner)
  Data Path Delay:        1.597ns  (logic 0.310ns (19.448%)  route 1.286ns (80.552%))
  Logic Levels:           3  (IBUF=1 LUT6=2)
  Clock Path Skew:        3.436ns (DCD - SCD - CPR)
    Destination Clock Delay (DCD):    3.436ns
    Source Clock Delay      (SCD):    0.000ns
    Clock Pessimism Removal (CPR):    -0.000ns

    Location             Delay type                Incr(ns)  Path(ns)    Netlist Resource(s)
  -------------------------------------------------------------------    -------------------
    G15                                               0.000     0.000 f  sw[0] (IN)
                         net (fo=0)                   0.000     0.000    sw[0]
    G15                  IBUF (Prop_ibuf_I_O)         0.220     0.220 f  sw_IBUF[0]_inst/O
                         net (fo=5, routed)           0.597     0.817    u_sync/sws_4bits_tri_i[0]
    SLICE_X39Y71         LUT6 (Prop_lut6_I0_O)        0.045     0.862 r  u_sync/u_hdmi_i_17/O
                         net (fo=8, routed)           0.233     1.095    u_sync/pixel_x_reg[9]_4
    SLICE_X39Y71         LUT6 (Prop_lut6_I2_O)        0.045     1.140 r  u_sync/u_hdmi_i_7/O
                         net (fo=11, routed)          0.457     1.597    u_hdmi/U0/DataEncoders[0].DataEncoder/vid_pData[1]
    SLICE_X38Y85         FDRE                                         r  u_hdmi/U0/DataEncoders[0].DataEncoder/pDataOut_1_reg[1]/D
  -------------------------------------------------------------------    -------------------

                         (clock clkout0 rise edge)    0.000     0.000 r  
    K17                                               0.000     0.000 r  clk (IN)
                         net (fo=0)                   0.000     0.000    clk
    K17                  IBUF (Prop_ibuf_I_O)         0.447     0.447 r  clk_IBUF_inst/O
                         net (fo=1, routed)           0.683     1.130    clk_IBUF
    BUFGCTRL_X0Y16       BUFG (Prop_bufg_I_O)         0.029     1.159 r  clk_IBUF_BUFG_inst/O
                         net (fo=288, routed)         0.814     1.973    u_pclk/CLK
    MMCME2_ADV_X0Y0      MMCME2_ADV (Prop_mmcme2_adv_CLKIN1_CLKOUT0)
                                                      0.053     2.026 r  u_pclk/u_mmcm/CLKOUT0
                         net (fo=1, routed)           0.528     2.554    u_pclk/clkout0
    BUFGCTRL_X0Y1        BUFG (Prop_bufg_I_O)         0.029     2.583 r  u_pclk/u_bufg/O
                         net (fo=218, routed)         0.853     3.436    u_hdmi/U0/DataEncoders[0].DataEncoder/PixelClk
    SLICE_X38Y85         FDRE                                         r  u_hdmi/U0/DataEncoders[0].DataEncoder/pDataOut_1_reg[1]/C

Slack:                    inf
  Source:                 sw[0]
                            (input port)
  Destination:            u_hdmi/U0/DataEncoders[0].DataEncoder/pDataOut_1_reg[4]/D
                            (rising edge-triggered cell FDRE clocked by clkout0  {rise@0.000ns fall@20.000ns period=40.000ns})
  Path Group:             (none)
  Path Type:              Hold (Min at Fast Process Corner)
  Data Path Delay:        1.606ns  (logic 0.310ns (19.337%)  route 1.295ns (80.663%))
  Logic Levels:           3  (IBUF=1 LUT6=2)
  Clock Path Skew:        3.436ns (DCD - SCD - CPR)
    Destination Clock Delay (DCD):    3.436ns
    Source Clock Delay      (SCD):    0.000ns
    Clock Pessimism Removal (CPR):    -0.000ns

    Location             Delay type                Incr(ns)  Path(ns)    Netlist Resource(s)
  -------------------------------------------------------------------    -------------------
    G15                                               0.000     0.000 f  sw[0] (IN)
                         net (fo=0)                   0.000     0.000    sw[0]
    G15                  IBUF (Prop_ibuf_I_O)         0.220     0.220 f  sw_IBUF[0]_inst/O
                         net (fo=5, routed)           0.597     0.817    u_sync/sws_4bits_tri_i[0]
    SLICE_X39Y71         LUT6 (Prop_lut6_I0_O)        0.045     0.862 r  u_sync/u_hdmi_i_17/O
                         net (fo=8, routed)           0.264     1.126    u_sync/pixel_x_reg[9]_4
    SLICE_X38Y72         LUT6 (Prop_lut6_I3_O)        0.045     1.171 r  u_sync/u_hdmi_i_8/O
                         net (fo=7, routed)           0.435     1.606    u_hdmi/U0/DataEncoders[0].DataEncoder/vid_pData[4]
    SLICE_X39Y85         FDRE                                         r  u_hdmi/U0/DataEncoders[0].DataEncoder/pDataOut_1_reg[4]/D
  -------------------------------------------------------------------    -------------------

                         (clock clkout0 rise edge)    0.000     0.000 r  
    K17                                               0.000     0.000 r  clk (IN)
                         net (fo=0)                   0.000     0.000    clk
    K17                  IBUF (Prop_ibuf_I_O)         0.447     0.447 r  clk_IBUF_inst/O
                         net (fo=1, routed)           0.683     1.130    clk_IBUF
    BUFGCTRL_X0Y16       BUFG (Prop_bufg_I_O)         0.029     1.159 r  clk_IBUF_BUFG_inst/O
                         net (fo=288, routed)         0.814     1.973    u_pclk/CLK
    MMCME2_ADV_X0Y0      MMCME2_ADV (Prop_mmcme2_adv_CLKIN1_CLKOUT0)
                                                      0.053     2.026 r  u_pclk/u_mmcm/CLKOUT0
                         net (fo=1, routed)           0.528     2.554    u_pclk/clkout0
    BUFGCTRL_X0Y1        BUFG (Prop_bufg_I_O)         0.029     2.583 r  u_pclk/u_bufg/O
                         net (fo=218, routed)         0.853     3.436    u_hdmi/U0/DataEncoders[0].DataEncoder/PixelClk
    SLICE_X39Y85         FDRE                                         r  u_hdmi/U0/DataEncoders[0].DataEncoder/pDataOut_1_reg[4]/C

Slack:                    inf
  Source:                 sw[0]
                            (input port)
  Destination:            u_hdmi/U0/DataEncoders[0].DataEncoder/n1d_1_reg[2]/D
                            (rising edge-triggered cell FDRE clocked by clkout0  {rise@0.000ns fall@20.000ns period=40.000ns})
  Path Group:             (none)
  Path Type:              Hold (Min at Fast Process Corner)
  Data Path Delay:        1.619ns  (logic 0.355ns (21.963%)  route 1.263ns (78.037%))
  Logic Levels:           4  (IBUF=1 LUT5=1 LUT6=2)
  Clock Path Skew:        3.434ns (DCD - SCD - CPR)
    Destination Clock Delay (DCD):    3.434ns
    Source Clock Delay      (SCD):    0.000ns
    Clock Pessimism Removal (CPR):    -0.000ns

    Location             Delay type                Incr(ns)  Path(ns)    Netlist Resource(s)
  -------------------------------------------------------------------    -------------------
    G15                                               0.000     0.000 f  sw[0] (IN)
                         net (fo=0)                   0.000     0.000    sw[0]
    G15                  IBUF (Prop_ibuf_I_O)         0.220     0.220 f  sw_IBUF[0]_inst/O
                         net (fo=5, routed)           0.664     0.884    u_sync/sws_4bits_tri_i[0]
    SLICE_X38Y71         LUT6 (Prop_lut6_I5_O)        0.045     0.929 f  u_sync/u_hdmi_i_19/O
                         net (fo=3, routed)           0.201     1.131    u_sync/u_hdmi_i_19_n_0
    SLICE_X38Y73         LUT5 (Prop_lut5_I4_O)        0.045     1.176 r  u_sync/u_hdmi_i_5/O
                         net (fo=9, routed)           0.398     1.574    u_hdmi/U0/DataEncoders[0].DataEncoder/vid_pData[3]
    SLICE_X38Y83         LUT6 (Prop_lut6_I3_O)        0.045     1.619 r  u_hdmi/U0/DataEncoders[0].DataEncoder/n1d_1[2]_i_1/O
                         net (fo=1, routed)           0.000     1.619    u_hdmi/U0/DataEncoders[0].DataEncoder/sum_bits[2]
    SLICE_X38Y83         FDRE                                         r  u_hdmi/U0/DataEncoders[0].DataEncoder/n1d_1_reg[2]/D
  -------------------------------------------------------------------    -------------------

                         (clock clkout0 rise edge)    0.000     0.000 r  
    K17                                               0.000     0.000 r  clk (IN)
                         net (fo=0)                   0.000     0.000    clk
    K17                  IBUF (Prop_ibuf_I_O)         0.447     0.447 r  clk_IBUF_inst/O
                         net (fo=1, routed)           0.683     1.130    clk_IBUF
    BUFGCTRL_X0Y16       BUFG (Prop_bufg_I_O)         0.029     1.159 r  clk_IBUF_BUFG_inst/O
                         net (fo=288, routed)         0.814     1.973    u_pclk/CLK
    MMCME2_ADV_X0Y0      MMCME2_ADV (Prop_mmcme2_adv_CLKIN1_CLKOUT0)
                                                      0.053     2.026 r  u_pclk/u_mmcm/CLKOUT0
                         net (fo=1, routed)           0.528     2.554    u_pclk/clkout0
    BUFGCTRL_X0Y1        BUFG (Prop_bufg_I_O)         0.029     2.583 r  u_pclk/u_bufg/O
                         net (fo=218, routed)         0.851     3.434    u_hdmi/U0/DataEncoders[0].DataEncoder/PixelClk
    SLICE_X38Y83         FDRE                                         r  u_hdmi/U0/DataEncoders[0].DataEncoder/n1d_1_reg[2]/C

Slack:                    inf
  Source:                 sw[0]
                            (input port)
  Destination:            u_hdmi/U0/DataEncoders[1].DataEncoder/pDataOut_1_reg[6]/D
                            (rising edge-triggered cell FDRE clocked by clkout0  {rise@0.000ns fall@20.000ns period=40.000ns})
  Path Group:             (none)
  Path Type:              Hold (Min at Fast Process Corner)
  Data Path Delay:        1.649ns  (logic 0.310ns (18.827%)  route 1.339ns (81.173%))
  Logic Levels:           3  (IBUF=1 LUT3=1 LUT6=1)
  Clock Path Skew:        3.441ns (DCD - SCD - CPR)
    Destination Clock Delay (DCD):    3.441ns
    Source Clock Delay      (SCD):    0.000ns
    Clock Pessimism Removal (CPR):    -0.000ns

    Location             Delay type                Incr(ns)  Path(ns)    Netlist Resource(s)
  -------------------------------------------------------------------    -------------------
    G15                                               0.000     0.000 r  sw[0] (IN)
                         net (fo=0)                   0.000     0.000    sw[0]
    G15                  IBUF (Prop_ibuf_I_O)         0.220     0.220 r  sw_IBUF[0]_inst/O
                         net (fo=5, routed)           0.602     0.822    u_sync/sws_4bits_tri_i[0]
    SLICE_X38Y71         LUT6 (Prop_lut6_I4_O)        0.045     0.867 f  u_sync/u_hdmi_i_13/O
                         net (fo=4, routed)           0.214     1.081    u_sync/u_hdmi_i_13_n_0
    SLICE_X39Y73         LUT3 (Prop_lut3_I1_O)        0.045     1.126 r  u_sync/u_hdmi_i_10/O
                         net (fo=11, routed)          0.523     1.649    u_hdmi/U0/DataEncoders[1].DataEncoder/vid_pData[6]
    SLICE_X39Y96         FDRE                                         r  u_hdmi/U0/DataEncoders[1].DataEncoder/pDataOut_1_reg[6]/D
  -------------------------------------------------------------------    -------------------

                         (clock clkout0 rise edge)    0.000     0.000 r  
    K17                                               0.000     0.000 r  clk (IN)
                         net (fo=0)                   0.000     0.000    clk
    K17                  IBUF (Prop_ibuf_I_O)         0.447     0.447 r  clk_IBUF_inst/O
                         net (fo=1, routed)           0.683     1.130    clk_IBUF
    BUFGCTRL_X0Y16       BUFG (Prop_bufg_I_O)         0.029     1.159 r  clk_IBUF_BUFG_inst/O
                         net (fo=288, routed)         0.814     1.973    u_pclk/CLK
    MMCME2_ADV_X0Y0      MMCME2_ADV (Prop_mmcme2_adv_CLKIN1_CLKOUT0)
                                                      0.053     2.026 r  u_pclk/u_mmcm/CLKOUT0
                         net (fo=1, routed)           0.528     2.554    u_pclk/clkout0
    BUFGCTRL_X0Y1        BUFG (Prop_bufg_I_O)         0.029     2.583 r  u_pclk/u_bufg/O
                         net (fo=218, routed)         0.858     3.441    u_hdmi/U0/DataEncoders[1].DataEncoder/PixelClk
    SLICE_X39Y96         FDRE                                         r  u_hdmi/U0/DataEncoders[1].DataEncoder/pDataOut_1_reg[6]/C

Slack:                    inf
  Source:                 sw[0]
                            (input port)
  Destination:            u_hdmi/U0/DataEncoders[2].DataEncoder/n1d_1_reg[2]/D
                            (rising edge-triggered cell FDRE clocked by clkout0  {rise@0.000ns fall@20.000ns period=40.000ns})
  Path Group:             (none)
  Path Type:              Hold (Min at Fast Process Corner)
  Data Path Delay:        1.666ns  (logic 0.355ns (21.343%)  route 1.310ns (78.657%))
  Logic Levels:           4  (IBUF=1 LUT3=1 LUT6=2)
  Clock Path Skew:        3.440ns (DCD - SCD - CPR)
    Destination Clock Delay (DCD):    3.440ns
    Source Clock Delay      (SCD):    0.000ns
    Clock Pessimism Removal (CPR):    -0.000ns

    Location             Delay type                Incr(ns)  Path(ns)    Netlist Resource(s)
  -------------------------------------------------------------------    -------------------
    G15                                               0.000     0.000 r  sw[0] (IN)
                         net (fo=0)                   0.000     0.000    sw[0]
    G15                  IBUF (Prop_ibuf_I_O)         0.220     0.220 r  sw_IBUF[0]_inst/O
                         net (fo=5, routed)           0.602     0.822    u_sync/sws_4bits_tri_i[0]
    SLICE_X38Y71         LUT6 (Prop_lut6_I4_O)        0.045     0.867 f  u_sync/u_hdmi_i_13/O
                         net (fo=4, routed)           0.214     1.081    u_sync/u_hdmi_i_13_n_0
    SLICE_X39Y73         LUT3 (Prop_lut3_I0_O)        0.045     1.126 r  u_sync/u_hdmi_i_1/O
                         net (fo=9, routed)           0.495     1.621    u_hdmi/U0/DataEncoders[2].DataEncoder/vid_pData[3]
    SLICE_X38Y90         LUT6 (Prop_lut6_I3_O)        0.045     1.666 r  u_hdmi/U0/DataEncoders[2].DataEncoder/n1d_1[2]_i_1/O
                         net (fo=1, routed)           0.000     1.666    u_hdmi/U0/DataEncoders[2].DataEncoder/n1d_1[2]_i_1_n_0
    SLICE_X38Y90         FDRE                                         r  u_hdmi/U0/DataEncoders[2].DataEncoder/n1d_1_reg[2]/D
  -------------------------------------------------------------------    -------------------

                         (clock clkout0 rise edge)    0.000     0.000 r  
    K17                                               0.000     0.000 r  clk (IN)
                         net (fo=0)                   0.000     0.000    clk
    K17                  IBUF (Prop_ibuf_I_O)         0.447     0.447 r  clk_IBUF_inst/O
                         net (fo=1, routed)           0.683     1.130    clk_IBUF
    BUFGCTRL_X0Y16       BUFG (Prop_bufg_I_O)         0.029     1.159 r  clk_IBUF_BUFG_inst/O
                         net (fo=288, routed)         0.814     1.973    u_pclk/CLK
    MMCME2_ADV_X0Y0      MMCME2_ADV (Prop_mmcme2_adv_CLKIN1_CLKOUT0)
                                                      0.053     2.026 r  u_pclk/u_mmcm/CLKOUT0
                         net (fo=1, routed)           0.528     2.554    u_pclk/clkout0
    BUFGCTRL_X0Y1        BUFG (Prop_bufg_I_O)         0.029     2.583 r  u_pclk/u_bufg/O
                         net (fo=218, routed)         0.857     3.440    u_hdmi/U0/DataEncoders[2].DataEncoder/PixelClk
    SLICE_X38Y90         FDRE                                         r  u_hdmi/U0/DataEncoders[2].DataEncoder/n1d_1_reg[2]/C

Slack:                    inf
  Source:                 sw[0]
                            (input port)
  Destination:            u_hdmi/U0/DataEncoders[0].DataEncoder/pDataOut_1_reg[0]/D
                            (rising edge-triggered cell FDRE clocked by clkout0  {rise@0.000ns fall@20.000ns period=40.000ns})
  Path Group:             (none)
  Path Type:              Hold (Min at Fast Process Corner)
  Data Path Delay:        1.666ns  (logic 0.310ns (18.638%)  route 1.355ns (81.362%))
  Logic Levels:           3  (IBUF=1 LUT6=2)
  Clock Path Skew:        3.436ns (DCD - SCD - CPR)
    Destination Clock Delay (DCD):    3.436ns
    Source Clock Delay      (SCD):    0.000ns
    Clock Pessimism Removal (CPR):    -0.000ns

    Location             Delay type                Incr(ns)  Path(ns)    Netlist Resource(s)
  -------------------------------------------------------------------    -------------------
    G15                                               0.000     0.000 f  sw[0] (IN)
                         net (fo=0)                   0.000     0.000    sw[0]
    G15                  IBUF (Prop_ibuf_I_O)         0.220     0.220 f  sw_IBUF[0]_inst/O
                         net (fo=5, routed)           0.597     0.817    u_sync/sws_4bits_tri_i[0]
    SLICE_X39Y71         LUT6 (Prop_lut6_I0_O)        0.045     0.862 r  u_sync/u_hdmi_i_17/O
                         net (fo=8, routed)           0.264     1.126    u_sync/pixel_x_reg[9]_4
    SLICE_X38Y72         LUT6 (Prop_lut6_I3_O)        0.045     1.171 r  u_sync/u_hdmi_i_8/O
                         net (fo=7, routed)           0.495     1.666    u_hdmi/U0/DataEncoders[0].DataEncoder/vid_pData[0]
    SLICE_X38Y85         FDRE                                         r  u_hdmi/U0/DataEncoders[0].DataEncoder/pDataOut_1_reg[0]/D
  -------------------------------------------------------------------    -------------------

                         (clock clkout0 rise edge)    0.000     0.000 r  
    K17                                               0.000     0.000 r  clk (IN)
                         net (fo=0)                   0.000     0.000    clk
    K17                  IBUF (Prop_ibuf_I_O)         0.447     0.447 r  clk_IBUF_inst/O
                         net (fo=1, routed)           0.683     1.130    clk_IBUF
    BUFGCTRL_X0Y16       BUFG (Prop_bufg_I_O)         0.029     1.159 r  clk_IBUF_BUFG_inst/O
                         net (fo=288, routed)         0.814     1.973    u_pclk/CLK
    MMCME2_ADV_X0Y0      MMCME2_ADV (Prop_mmcme2_adv_CLKIN1_CLKOUT0)
                                                      0.053     2.026 r  u_pclk/u_mmcm/CLKOUT0
                         net (fo=1, routed)           0.528     2.554    u_pclk/clkout0
    BUFGCTRL_X0Y1        BUFG (Prop_bufg_I_O)         0.029     2.583 r  u_pclk/u_bufg/O
                         net (fo=218, routed)         0.853     3.436    u_hdmi/U0/DataEncoders[0].DataEncoder/PixelClk
    SLICE_X38Y85         FDRE                                         r  u_hdmi/U0/DataEncoders[0].DataEncoder/pDataOut_1_reg[0]/C





--------------------------------------------------------------------------------------
Path Group:  (none)
From Clock:  
  To Clock:  sys_clk_pin

Max Delay           309 Endpoints
Min Delay           309 Endpoints
--------------------------------------------------------------------------------------


Max Delay Paths
--------------------------------------------------------------------------------------
Slack:                    inf
  Source:                 btn0
                            (input port)
  Destination:            u_audio/bram_addr_reg[10]/CLR
                            (recovery check against rising-edge clock sys_clk_pin  {rise@0.000ns fall@4.000ns period=8.000ns})
  Path Group:             (none)
  Path Type:              Recovery (Max at Slow Process Corner)
  Data Path Delay:        9.132ns  (logic 1.613ns (17.661%)  route 7.520ns (82.339%))
  Logic Levels:           2  (IBUF=1 LUT2=1)
  Clock Path Skew:        4.889ns (DCD - SCD + CPR)
    Destination Clock Delay (DCD):    4.889ns
    Source Clock Delay      (SCD):    0.000ns
    Clock Pessimism Removal (CPR):    0.000ns
  Clock Uncertainty:      0.025ns  ((TSJ^2 + TIJ^2)^1/2 + DJ) / 2 + PE
    Total System Jitter     (TSJ):    0.050ns
    Total Input Jitter      (TIJ):    0.000ns
    Discrete Jitter          (DJ):    0.000ns
    Phase Error              (PE):    0.000ns

    Location             Delay type                Incr(ns)  Path(ns)    Netlist Resource(s)
  -------------------------------------------------------------------    -------------------
    K18                                               0.000     0.000 f  btn0 (IN)
                         net (fo=0)                   0.000     0.000    btn0
    K18                  IBUF (Prop_ibuf_I_O)         1.489     1.489 f  btn0_IBUF_inst/O
                         net (fo=5, routed)           1.893     3.382    u_pclk/btns_4bits_tri_i[0]
    SLICE_X43Y51         LUT2 (Prop_lut2_I0_O)        0.124     3.506 f  u_pclk/axi_awready_i_1/O
                         net (fo=560, routed)         5.627     9.132    u_audio/sample_valid_reg_0
    SLICE_X21Y15         FDCE                                         f  u_audio/bram_addr_reg[10]/CLR
  -------------------------------------------------------------------    -------------------

                         (clock sys_clk_pin rise edge)
                                                      0.000     0.000 r  
    K17                                               0.000     0.000 r  clk (IN)
                         net (fo=0)                   0.000     0.000    clk
    K17                  IBUF (Prop_ibuf_I_O)         1.421     1.421 r  clk_IBUF_inst/O
                         net (fo=1, routed)           1.880     3.301    clk_IBUF
    BUFGCTRL_X0Y16       BUFG (Prop_bufg_I_O)         0.091     3.392 r  clk_IBUF_BUFG_inst/O
                         net (fo=288, routed)         1.496     4.889    u_audio/CLK
    SLICE_X21Y15         FDCE                                         r  u_audio/bram_addr_reg[10]/C

Slack:                    inf
  Source:                 btn0
                            (input port)
  Destination:            u_audio/bram_addr_reg[11]/CLR
                            (recovery check against rising-edge clock sys_clk_pin  {rise@0.000ns fall@4.000ns period=8.000ns})
  Path Group:             (none)
  Path Type:              Recovery (Max at Slow Process Corner)
  Data Path Delay:        9.132ns  (logic 1.613ns (17.661%)  route 7.520ns (82.339%))
  Logic Levels:           2  (IBUF=1 LUT2=1)
  Clock Path Skew:        4.889ns (DCD - SCD + CPR)
    Destination Clock Delay (DCD):    4.889ns
    Source Clock Delay      (SCD):    0.000ns
    Clock Pessimism Removal (CPR):    0.000ns
  Clock Uncertainty:      0.025ns  ((TSJ^2 + TIJ^2)^1/2 + DJ) / 2 + PE
    Total System Jitter     (TSJ):    0.050ns
    Total Input Jitter      (TIJ):    0.000ns
    Discrete Jitter          (DJ):    0.000ns
    Phase Error              (PE):    0.000ns

    Location             Delay type                Incr(ns)  Path(ns)    Netlist Resource(s)
  -------------------------------------------------------------------    -------------------
    K18                                               0.000     0.000 f  btn0 (IN)
                         net (fo=0)                   0.000     0.000    btn0
    K18                  IBUF (Prop_ibuf_I_O)         1.489     1.489 f  btn0_IBUF_inst/O
                         net (fo=5, routed)           1.893     3.382    u_pclk/btns_4bits_tri_i[0]
    SLICE_X43Y51         LUT2 (Prop_lut2_I0_O)        0.124     3.506 f  u_pclk/axi_awready_i_1/O
                         net (fo=560, routed)         5.627     9.132    u_audio/sample_valid_reg_0
    SLICE_X21Y15         FDCE                                         f  u_audio/bram_addr_reg[11]/CLR
  -------------------------------------------------------------------    -------------------

                         (clock sys_clk_pin rise edge)
                                                      0.000     0.000 r  
    K17                                               0.000     0.000 r  clk (IN)
                         net (fo=0)                   0.000     0.000    clk
    K17                  IBUF (Prop_ibuf_I_O)         1.421     1.421 r  clk_IBUF_inst/O
                         net (fo=1, routed)           1.880     3.301    clk_IBUF
    BUFGCTRL_X0Y16       BUFG (Prop_bufg_I_O)         0.091     3.392 r  clk_IBUF_BUFG_inst/O
                         net (fo=288, routed)         1.496     4.889    u_audio/CLK
    SLICE_X21Y15         FDCE                                         r  u_audio/bram_addr_reg[11]/C

Slack:                    inf
  Source:                 btn0
                            (input port)
  Destination:            u_audio/bram_addr_reg[12]/CLR
                            (recovery check against rising-edge clock sys_clk_pin  {rise@0.000ns fall@4.000ns period=8.000ns})
  Path Group:             (none)
  Path Type:              Recovery (Max at Slow Process Corner)
  Data Path Delay:        9.132ns  (logic 1.613ns (17.661%)  route 7.520ns (82.339%))
  Logic Levels:           2  (IBUF=1 LUT2=1)
  Clock Path Skew:        4.889ns (DCD - SCD + CPR)
    Destination Clock Delay (DCD):    4.889ns
    Source Clock Delay      (SCD):    0.000ns
    Clock Pessimism Removal (CPR):    0.000ns
  Clock Uncertainty:      0.025ns  ((TSJ^2 + TIJ^2)^1/2 + DJ) / 2 + PE
    Total System Jitter     (TSJ):    0.050ns
    Total Input Jitter      (TIJ):    0.000ns
    Discrete Jitter          (DJ):    0.000ns
    Phase Error              (PE):    0.000ns

    Location             Delay type                Incr(ns)  Path(ns)    Netlist Resource(s)
  -------------------------------------------------------------------    -------------------
    K18                                               0.000     0.000 f  btn0 (IN)
                         net (fo=0)                   0.000     0.000    btn0
    K18                  IBUF (Prop_ibuf_I_O)         1.489     1.489 f  btn0_IBUF_inst/O
                         net (fo=5, routed)           1.893     3.382    u_pclk/btns_4bits_tri_i[0]
    SLICE_X43Y51         LUT2 (Prop_lut2_I0_O)        0.124     3.506 f  u_pclk/axi_awready_i_1/O
                         net (fo=560, routed)         5.627     9.132    u_audio/sample_valid_reg_0
    SLICE_X21Y15         FDCE                                         f  u_audio/bram_addr_reg[12]/CLR
  -------------------------------------------------------------------    -------------------

                         (clock sys_clk_pin rise edge)
                                                      0.000     0.000 r  
    K17                                               0.000     0.000 r  clk (IN)
                         net (fo=0)                   0.000     0.000    clk
    K17                  IBUF (Prop_ibuf_I_O)         1.421     1.421 r  clk_IBUF_inst/O
                         net (fo=1, routed)           1.880     3.301    clk_IBUF
    BUFGCTRL_X0Y16       BUFG (Prop_bufg_I_O)         0.091     3.392 r  clk_IBUF_BUFG_inst/O
                         net (fo=288, routed)         1.496     4.889    u_audio/CLK
    SLICE_X21Y15         FDCE                                         r  u_audio/bram_addr_reg[12]/C

Slack:                    inf
  Source:                 btn0
                            (input port)
  Destination:            u_audio/bram_addr_reg[13]/CLR
                            (recovery check against rising-edge clock sys_clk_pin  {rise@0.000ns fall@4.000ns period=8.000ns})
  Path Group:             (none)
  Path Type:              Recovery (Max at Slow Process Corner)
  Data Path Delay:        9.132ns  (logic 1.613ns (17.661%)  route 7.520ns (82.339%))
  Logic Levels:           2  (IBUF=1 LUT2=1)
  Clock Path Skew:        4.889ns (DCD - SCD + CPR)
    Destination Clock Delay (DCD):    4.889ns
    Source Clock Delay      (SCD):    0.000ns
    Clock Pessimism Removal (CPR):    0.000ns
  Clock Uncertainty:      0.025ns  ((TSJ^2 + TIJ^2)^1/2 + DJ) / 2 + PE
    Total System Jitter     (TSJ):    0.050ns
    Total Input Jitter      (TIJ):    0.000ns
    Discrete Jitter          (DJ):    0.000ns
    Phase Error              (PE):    0.000ns

    Location             Delay type                Incr(ns)  Path(ns)    Netlist Resource(s)
  -------------------------------------------------------------------    -------------------
    K18                                               0.000     0.000 f  btn0 (IN)
                         net (fo=0)                   0.000     0.000    btn0
    K18                  IBUF (Prop_ibuf_I_O)         1.489     1.489 f  btn0_IBUF_inst/O
                         net (fo=5, routed)           1.893     3.382    u_pclk/btns_4bits_tri_i[0]
    SLICE_X43Y51         LUT2 (Prop_lut2_I0_O)        0.124     3.506 f  u_pclk/axi_awready_i_1/O
                         net (fo=560, routed)         5.627     9.132    u_audio/sample_valid_reg_0
    SLICE_X21Y15         FDCE                                         f  u_audio/bram_addr_reg[13]/CLR
  -------------------------------------------------------------------    -------------------

                         (clock sys_clk_pin rise edge)
                                                      0.000     0.000 r  
    K17                                               0.000     0.000 r  clk (IN)
                         net (fo=0)                   0.000     0.000    clk
    K17                  IBUF (Prop_ibuf_I_O)         1.421     1.421 r  clk_IBUF_inst/O
                         net (fo=1, routed)           1.880     3.301    clk_IBUF
    BUFGCTRL_X0Y16       BUFG (Prop_bufg_I_O)         0.091     3.392 r  clk_IBUF_BUFG_inst/O
                         net (fo=288, routed)         1.496     4.889    u_audio/CLK
    SLICE_X21Y15         FDCE                                         r  u_audio/bram_addr_reg[13]/C

Slack:                    inf
  Source:                 btn0
                            (input port)
  Destination:            u_audio/bram_addr_reg[14]/CLR
                            (recovery check against rising-edge clock sys_clk_pin  {rise@0.000ns fall@4.000ns period=8.000ns})
  Path Group:             (none)
  Path Type:              Recovery (Max at Slow Process Corner)
  Data Path Delay:        9.132ns  (logic 1.613ns (17.661%)  route 7.520ns (82.339%))
  Logic Levels:           2  (IBUF=1 LUT2=1)
  Clock Path Skew:        4.889ns (DCD - SCD + CPR)
    Destination Clock Delay (DCD):    4.889ns
    Source Clock Delay      (SCD):    0.000ns
    Clock Pessimism Removal (CPR):    0.000ns
  Clock Uncertainty:      0.025ns  ((TSJ^2 + TIJ^2)^1/2 + DJ) / 2 + PE
    Total System Jitter     (TSJ):    0.050ns
    Total Input Jitter      (TIJ):    0.000ns
    Discrete Jitter          (DJ):    0.000ns
    Phase Error              (PE):    0.000ns

    Location             Delay type                Incr(ns)  Path(ns)    Netlist Resource(s)
  -------------------------------------------------------------------    -------------------
    K18                                               0.000     0.000 f  btn0 (IN)
                         net (fo=0)                   0.000     0.000    btn0
    K18                  IBUF (Prop_ibuf_I_O)         1.489     1.489 f  btn0_IBUF_inst/O
                         net (fo=5, routed)           1.893     3.382    u_pclk/btns_4bits_tri_i[0]
    SLICE_X43Y51         LUT2 (Prop_lut2_I0_O)        0.124     3.506 f  u_pclk/axi_awready_i_1/O
                         net (fo=560, routed)         5.627     9.132    u_audio/sample_valid_reg_0
    SLICE_X21Y15         FDCE                                         f  u_audio/bram_addr_reg[14]/CLR
  -------------------------------------------------------------------    -------------------

                         (clock sys_clk_pin rise edge)
                                                      0.000     0.000 r  
    K17                                               0.000     0.000 r  clk (IN)
                         net (fo=0)                   0.000     0.000    clk
    K17                  IBUF (Prop_ibuf_I_O)         1.421     1.421 r  clk_IBUF_inst/O
                         net (fo=1, routed)           1.880     3.301    clk_IBUF
    BUFGCTRL_X0Y16       BUFG (Prop_bufg_I_O)         0.091     3.392 r  clk_IBUF_BUFG_inst/O
                         net (fo=288, routed)         1.496     4.889    u_audio/CLK
    SLICE_X21Y15         FDCE                                         r  u_audio/bram_addr_reg[14]/C

Slack:                    inf
  Source:                 btn0
                            (input port)
  Destination:            u_audio/bram_addr_reg[9]/CLR
                            (recovery check against rising-edge clock sys_clk_pin  {rise@0.000ns fall@4.000ns period=8.000ns})
  Path Group:             (none)
  Path Type:              Recovery (Max at Slow Process Corner)
  Data Path Delay:        9.132ns  (logic 1.613ns (17.661%)  route 7.520ns (82.339%))
  Logic Levels:           2  (IBUF=1 LUT2=1)
  Clock Path Skew:        4.889ns (DCD - SCD + CPR)
    Destination Clock Delay (DCD):    4.889ns
    Source Clock Delay      (SCD):    0.000ns
    Clock Pessimism Removal (CPR):    0.000ns
  Clock Uncertainty:      0.025ns  ((TSJ^2 + TIJ^2)^1/2 + DJ) / 2 + PE
    Total System Jitter     (TSJ):    0.050ns
    Total Input Jitter      (TIJ):    0.000ns
    Discrete Jitter          (DJ):    0.000ns
    Phase Error              (PE):    0.000ns

    Location             Delay type                Incr(ns)  Path(ns)    Netlist Resource(s)
  -------------------------------------------------------------------    -------------------
    K18                                               0.000     0.000 f  btn0 (IN)
                         net (fo=0)                   0.000     0.000    btn0
    K18                  IBUF (Prop_ibuf_I_O)         1.489     1.489 f  btn0_IBUF_inst/O
                         net (fo=5, routed)           1.893     3.382    u_pclk/btns_4bits_tri_i[0]
    SLICE_X43Y51         LUT2 (Prop_lut2_I0_O)        0.124     3.506 f  u_pclk/axi_awready_i_1/O
                         net (fo=560, routed)         5.627     9.132    u_audio/sample_valid_reg_0
    SLICE_X21Y15         FDCE                                         f  u_audio/bram_addr_reg[9]/CLR
  -------------------------------------------------------------------    -------------------

                         (clock sys_clk_pin rise edge)
                                                      0.000     0.000 r  
    K17                                               0.000     0.000 r  clk (IN)
                         net (fo=0)                   0.000     0.000    clk
    K17                  IBUF (Prop_ibuf_I_O)         1.421     1.421 r  clk_IBUF_inst/O
                         net (fo=1, routed)           1.880     3.301    clk_IBUF
    BUFGCTRL_X0Y16       BUFG (Prop_bufg_I_O)         0.091     3.392 r  clk_IBUF_BUFG_inst/O
                         net (fo=288, routed)         1.496     4.889    u_audio/CLK
    SLICE_X21Y15         FDCE                                         r  u_audio/bram_addr_reg[9]/C

Slack:                    inf
  Source:                 btn0
                            (input port)
  Destination:            u_audio/sample_out_reg[7]/CLR
                            (recovery check against rising-edge clock sys_clk_pin  {rise@0.000ns fall@4.000ns period=8.000ns})
  Path Group:             (none)
  Path Type:              Recovery (Max at Slow Process Corner)
  Data Path Delay:        9.130ns  (logic 1.613ns (17.666%)  route 7.517ns (82.334%))
  Logic Levels:           2  (IBUF=1 LUT2=1)
  Clock Path Skew:        4.883ns (DCD - SCD + CPR)
    Destination Clock Delay (DCD):    4.883ns
    Source Clock Delay      (SCD):    0.000ns
    Clock Pessimism Removal (CPR):    0.000ns
  Clock Uncertainty:      0.025ns  ((TSJ^2 + TIJ^2)^1/2 + DJ) / 2 + PE
    Total System Jitter     (TSJ):    0.050ns
    Total Input Jitter      (TIJ):    0.000ns
    Discrete Jitter          (DJ):    0.000ns
    Phase Error              (PE):    0.000ns

    Location             Delay type                Incr(ns)  Path(ns)    Netlist Resource(s)
  -------------------------------------------------------------------    -------------------
    K18                                               0.000     0.000 f  btn0 (IN)
                         net (fo=0)                   0.000     0.000    btn0
    K18                  IBUF (Prop_ibuf_I_O)         1.489     1.489 f  btn0_IBUF_inst/O
                         net (fo=5, routed)           1.893     3.382    u_pclk/btns_4bits_tri_i[0]
    SLICE_X43Y51         LUT2 (Prop_lut2_I0_O)        0.124     3.506 f  u_pclk/axi_awready_i_1/O
                         net (fo=560, routed)         5.624     9.130    u_audio/sample_valid_reg_0
    SLICE_X26Y20         FDCE                                         f  u_audio/sample_out_reg[7]/CLR
  -------------------------------------------------------------------    -------------------

                         (clock sys_clk_pin rise edge)
                                                      0.000     0.000 r  
    K17                                               0.000     0.000 r  clk (IN)
                         net (fo=0)                   0.000     0.000    clk
    K17                  IBUF (Prop_ibuf_I_O)         1.421     1.421 r  clk_IBUF_inst/O
                         net (fo=1, routed)           1.880     3.301    clk_IBUF
    BUFGCTRL_X0Y16       BUFG (Prop_bufg_I_O)         0.091     3.392 r  clk_IBUF_BUFG_inst/O
                         net (fo=288, routed)         1.491     4.884    u_audio/CLK
    SLICE_X26Y20         FDCE                                         r  u_audio/sample_out_reg[7]/C

Slack:                    inf
  Source:                 btn0
                            (input port)
  Destination:            u_audio/bram_addr_reg[1]/CLR
                            (recovery check against rising-edge clock sys_clk_pin  {rise@0.000ns fall@4.000ns period=8.000ns})
  Path Group:             (none)
  Path Type:              Recovery (Max at Slow Process Corner)
  Data Path Delay:        8.994ns  (logic 1.613ns (17.933%)  route 7.381ns (82.067%))
  Logic Levels:           2  (IBUF=1 LUT2=1)
  Clock Path Skew:        4.890ns (DCD - SCD + CPR)
    Destination Clock Delay (DCD):    4.890ns
    Source Clock Delay      (SCD):    0.000ns
    Clock Pessimism Removal (CPR):    0.000ns
  Clock Uncertainty:      0.025ns  ((TSJ^2 + TIJ^2)^1/2 + DJ) / 2 + PE
    Total System Jitter     (TSJ):    0.050ns
    Total Input Jitter      (TIJ):    0.000ns
    Discrete Jitter          (DJ):    0.000ns
    Phase Error              (PE):    0.000ns

    Location             Delay type                Incr(ns)  Path(ns)    Netlist Resource(s)
  -------------------------------------------------------------------    -------------------
    K18                                               0.000     0.000 f  btn0 (IN)
                         net (fo=0)                   0.000     0.000    btn0
    K18                  IBUF (Prop_ibuf_I_O)         1.489     1.489 f  btn0_IBUF_inst/O
                         net (fo=5, routed)           1.893     3.382    u_pclk/btns_4bits_tri_i[0]
    SLICE_X43Y51         LUT2 (Prop_lut2_I0_O)        0.124     3.506 f  u_pclk/axi_awready_i_1/O
                         net (fo=560, routed)         5.488     8.994    u_audio/sample_valid_reg_0
    SLICE_X21Y14         FDCE                                         f  u_audio/bram_addr_reg[1]/CLR
  -------------------------------------------------------------------    -------------------

                         (clock sys_clk_pin rise edge)
                                                      0.000     0.000 r  
    K17                                               0.000     0.000 r  clk (IN)
                         net (fo=0)                   0.000     0.000    clk
    K17                  IBUF (Prop_ibuf_I_O)         1.421     1.421 r  clk_IBUF_inst/O
                         net (fo=1, routed)           1.880     3.301    clk_IBUF
    BUFGCTRL_X0Y16       BUFG (Prop_bufg_I_O)         0.091     3.392 r  clk_IBUF_BUFG_inst/O
                         net (fo=288, routed)         1.497     4.889    u_audio/CLK
    SLICE_X21Y14         FDCE                                         r  u_audio/bram_addr_reg[1]/C

Slack:                    inf
  Source:                 btn0
                            (input port)
  Destination:            u_audio/bram_addr_reg[2]/CLR
                            (recovery check against rising-edge clock sys_clk_pin  {rise@0.000ns fall@4.000ns period=8.000ns})
  Path Group:             (none)
  Path Type:              Recovery (Max at Slow Process Corner)
  Data Path Delay:        8.994ns  (logic 1.613ns (17.933%)  route 7.381ns (82.067%))
  Logic Levels:           2  (IBUF=1 LUT2=1)
  Clock Path Skew:        4.890ns (DCD - SCD + CPR)
    Destination Clock Delay (DCD):    4.890ns
    Source Clock Delay      (SCD):    0.000ns
    Clock Pessimism Removal (CPR):    0.000ns
  Clock Uncertainty:      0.025ns  ((TSJ^2 + TIJ^2)^1/2 + DJ) / 2 + PE
    Total System Jitter     (TSJ):    0.050ns
    Total Input Jitter      (TIJ):    0.000ns
    Discrete Jitter          (DJ):    0.000ns
    Phase Error              (PE):    0.000ns

    Location             Delay type                Incr(ns)  Path(ns)    Netlist Resource(s)
  -------------------------------------------------------------------    -------------------
    K18                                               0.000     0.000 f  btn0 (IN)
                         net (fo=0)                   0.000     0.000    btn0
    K18                  IBUF (Prop_ibuf_I_O)         1.489     1.489 f  btn0_IBUF_inst/O
                         net (fo=5, routed)           1.893     3.382    u_pclk/btns_4bits_tri_i[0]
    SLICE_X43Y51         LUT2 (Prop_lut2_I0_O)        0.124     3.506 f  u_pclk/axi_awready_i_1/O
                         net (fo=560, routed)         5.488     8.994    u_audio/sample_valid_reg_0
    SLICE_X21Y14         FDCE                                         f  u_audio/bram_addr_reg[2]/CLR
  -------------------------------------------------------------------    -------------------

                         (clock sys_clk_pin rise edge)
                                                      0.000     0.000 r  
    K17                                               0.000     0.000 r  clk (IN)
                         net (fo=0)                   0.000     0.000    clk
    K17                  IBUF (Prop_ibuf_I_O)         1.421     1.421 r  clk_IBUF_inst/O
                         net (fo=1, routed)           1.880     3.301    clk_IBUF
    BUFGCTRL_X0Y16       BUFG (Prop_bufg_I_O)         0.091     3.392 r  clk_IBUF_BUFG_inst/O
                         net (fo=288, routed)         1.497     4.889    u_audio/CLK
    SLICE_X21Y14         FDCE                                         r  u_audio/bram_addr_reg[2]/C

Slack:                    inf
  Source:                 btn0
                            (input port)
  Destination:            u_audio/bram_addr_reg[3]/CLR
                            (recovery check against rising-edge clock sys_clk_pin  {rise@0.000ns fall@4.000ns period=8.000ns})
  Path Group:             (none)
  Path Type:              Recovery (Max at Slow Process Corner)
  Data Path Delay:        8.994ns  (logic 1.613ns (17.933%)  route 7.381ns (82.067%))
  Logic Levels:           2  (IBUF=1 LUT2=1)
  Clock Path Skew:        4.890ns (DCD - SCD + CPR)
    Destination Clock Delay (DCD):    4.890ns
    Source Clock Delay      (SCD):    0.000ns
    Clock Pessimism Removal (CPR):    0.000ns
  Clock Uncertainty:      0.025ns  ((TSJ^2 + TIJ^2)^1/2 + DJ) / 2 + PE
    Total System Jitter     (TSJ):    0.050ns
    Total Input Jitter      (TIJ):    0.000ns
    Discrete Jitter          (DJ):    0.000ns
    Phase Error              (PE):    0.000ns

    Location             Delay type                Incr(ns)  Path(ns)    Netlist Resource(s)
  -------------------------------------------------------------------    -------------------
    K18                                               0.000     0.000 f  btn0 (IN)
                         net (fo=0)                   0.000     0.000    btn0
    K18                  IBUF (Prop_ibuf_I_O)         1.489     1.489 f  btn0_IBUF_inst/O
                         net (fo=5, routed)           1.893     3.382    u_pclk/btns_4bits_tri_i[0]
    SLICE_X43Y51         LUT2 (Prop_lut2_I0_O)        0.124     3.506 f  u_pclk/axi_awready_i_1/O
                         net (fo=560, routed)         5.488     8.994    u_audio/sample_valid_reg_0
    SLICE_X21Y14         FDCE                                         f  u_audio/bram_addr_reg[3]/CLR
  -------------------------------------------------------------------    -------------------

                         (clock sys_clk_pin rise edge)
                                                      0.000     0.000 r  
    K17                                               0.000     0.000 r  clk (IN)
                         net (fo=0)                   0.000     0.000    clk
    K17                  IBUF (Prop_ibuf_I_O)         1.421     1.421 r  clk_IBUF_inst/O
                         net (fo=1, routed)           1.880     3.301    clk_IBUF
    BUFGCTRL_X0Y16       BUFG (Prop_bufg_I_O)         0.091     3.392 r  clk_IBUF_BUFG_inst/O
                         net (fo=288, routed)         1.497     4.889    u_audio/CLK
    SLICE_X21Y14         FDCE                                         r  u_audio/bram_addr_reg[3]/C





Min Delay Paths
--------------------------------------------------------------------------------------
Slack:                    inf
  Source:                 u_pclk/u_mmcm/LOCKED
                            (internal pin)
  Destination:            u_audio/div_counter_reg[10]/CLR
                            (removal check against rising-edge clock sys_clk_pin  {rise@0.000ns fall@4.000ns period=8.000ns})
  Path Group:             (none)
  Path Type:              Removal (Min at Fast Process Corner)
  Data Path Delay:        1.210ns  (logic 0.045ns (3.720%)  route 1.165ns (96.280%))
  Logic Levels:           1  (LUT2=1)
  Clock Uncertainty:      0.025ns  ((TSJ^2 + TIJ^2)^1/2 + DJ) / 2 + PE
    Total System Jitter     (TSJ):    0.050ns
    Total Input Jitter      (TIJ):    0.000ns
    Discrete Jitter          (DJ):    0.000ns
    Phase Error              (PE):    0.000ns

    Location             Delay type                Incr(ns)  Path(ns)    Netlist Resource(s)
  -------------------------------------------------------------------    -------------------
    MMCME2_ADV_X0Y0      MMCME2_ADV                   0.000     0.000 r  u_pclk/u_mmcm/LOCKED
                         net (fo=2, routed)           0.912     0.912    u_pclk/locked
    SLICE_X43Y51         LUT2 (Prop_lut2_I1_O)        0.045     0.957 f  u_pclk/axi_awready_i_1/O
                         net (fo=560, routed)         0.253     1.210    u_audio/sample_valid_reg_0
    SLICE_X43Y47         FDCE                                         f  u_audio/div_counter_reg[10]/CLR
  -------------------------------------------------------------------    -------------------

                         (clock sys_clk_pin rise edge)
                                                      0.000     0.000 r  
    K17                                               0.000     0.000 r  clk (IN)
                         net (fo=0)                   0.000     0.000    clk
    K17                  IBUF (Prop_ibuf_I_O)         0.447     0.447 r  clk_IBUF_inst/O
                         net (fo=1, routed)           0.683     1.130    clk_IBUF
    BUFGCTRL_X0Y16       BUFG (Prop_bufg_I_O)         0.029     1.159 r  clk_IBUF_BUFG_inst/O
                         net (fo=288, routed)         0.864     2.023    u_audio/CLK
    SLICE_X43Y47         FDCE                                         r  u_audio/div_counter_reg[10]/C

Slack:                    inf
  Source:                 u_pclk/u_mmcm/LOCKED
                            (internal pin)
  Destination:            u_audio/div_counter_reg[11]/CLR
                            (removal check against rising-edge clock sys_clk_pin  {rise@0.000ns fall@4.000ns period=8.000ns})
  Path Group:             (none)
  Path Type:              Removal (Min at Fast Process Corner)
  Data Path Delay:        1.210ns  (logic 0.045ns (3.720%)  route 1.165ns (96.280%))
  Logic Levels:           1  (LUT2=1)
  Clock Uncertainty:      0.025ns  ((TSJ^2 + TIJ^2)^1/2 + DJ) / 2 + PE
    Total System Jitter     (TSJ):    0.050ns
    Total Input Jitter      (TIJ):    0.000ns
    Discrete Jitter          (DJ):    0.000ns
    Phase Error              (PE):    0.000ns

    Location             Delay type                Incr(ns)  Path(ns)    Netlist Resource(s)
  -------------------------------------------------------------------    -------------------
    MMCME2_ADV_X0Y0      MMCME2_ADV                   0.000     0.000 r  u_pclk/u_mmcm/LOCKED
                         net (fo=2, routed)           0.912     0.912    u_pclk/locked
    SLICE_X43Y51         LUT2 (Prop_lut2_I1_O)        0.045     0.957 f  u_pclk/axi_awready_i_1/O
                         net (fo=560, routed)         0.253     1.210    u_audio/sample_valid_reg_0
    SLICE_X43Y47         FDCE                                         f  u_audio/div_counter_reg[11]/CLR
  -------------------------------------------------------------------    -------------------

                         (clock sys_clk_pin rise edge)
                                                      0.000     0.000 r  
    K17                                               0.000     0.000 r  clk (IN)
                         net (fo=0)                   0.000     0.000    clk
    K17                  IBUF (Prop_ibuf_I_O)         0.447     0.447 r  clk_IBUF_inst/O
                         net (fo=1, routed)           0.683     1.130    clk_IBUF
    BUFGCTRL_X0Y16       BUFG (Prop_bufg_I_O)         0.029     1.159 r  clk_IBUF_BUFG_inst/O
                         net (fo=288, routed)         0.864     2.023    u_audio/CLK
    SLICE_X43Y47         FDCE                                         r  u_audio/div_counter_reg[11]/C

Slack:                    inf
  Source:                 u_pclk/u_mmcm/LOCKED
                            (internal pin)
  Destination:            u_audio/div_counter_reg[12]/CLR
                            (removal check against rising-edge clock sys_clk_pin  {rise@0.000ns fall@4.000ns period=8.000ns})
  Path Group:             (none)
  Path Type:              Removal (Min at Fast Process Corner)
  Data Path Delay:        1.210ns  (logic 0.045ns (3.720%)  route 1.165ns (96.280%))
  Logic Levels:           1  (LUT2=1)
  Clock Uncertainty:      0.025ns  ((TSJ^2 + TIJ^2)^1/2 + DJ) / 2 + PE
    Total System Jitter     (TSJ):    0.050ns
    Total Input Jitter      (TIJ):    0.000ns
    Discrete Jitter          (DJ):    0.000ns
    Phase Error              (PE):    0.000ns

    Location             Delay type                Incr(ns)  Path(ns)    Netlist Resource(s)
  -------------------------------------------------------------------    -------------------
    MMCME2_ADV_X0Y0      MMCME2_ADV                   0.000     0.000 r  u_pclk/u_mmcm/LOCKED
                         net (fo=2, routed)           0.912     0.912    u_pclk/locked
    SLICE_X43Y51         LUT2 (Prop_lut2_I1_O)        0.045     0.957 f  u_pclk/axi_awready_i_1/O
                         net (fo=560, routed)         0.253     1.210    u_audio/sample_valid_reg_0
    SLICE_X43Y47         FDCE                                         f  u_audio/div_counter_reg[12]/CLR
  -------------------------------------------------------------------    -------------------

                         (clock sys_clk_pin rise edge)
                                                      0.000     0.000 r  
    K17                                               0.000     0.000 r  clk (IN)
                         net (fo=0)                   0.000     0.000    clk
    K17                  IBUF (Prop_ibuf_I_O)         0.447     0.447 r  clk_IBUF_inst/O
                         net (fo=1, routed)           0.683     1.130    clk_IBUF
    BUFGCTRL_X0Y16       BUFG (Prop_bufg_I_O)         0.029     1.159 r  clk_IBUF_BUFG_inst/O
                         net (fo=288, routed)         0.864     2.023    u_audio/CLK
    SLICE_X43Y47         FDCE                                         r  u_audio/div_counter_reg[12]/C

Slack:                    inf
  Source:                 u_pclk/u_mmcm/LOCKED
                            (internal pin)
  Destination:            u_audio/div_counter_reg[9]/CLR
                            (removal check against rising-edge clock sys_clk_pin  {rise@0.000ns fall@4.000ns period=8.000ns})
  Path Group:             (none)
  Path Type:              Removal (Min at Fast Process Corner)
  Data Path Delay:        1.210ns  (logic 0.045ns (3.720%)  route 1.165ns (96.280%))
  Logic Levels:           1  (LUT2=1)
  Clock Uncertainty:      0.025ns  ((TSJ^2 + TIJ^2)^1/2 + DJ) / 2 + PE
    Total System Jitter     (TSJ):    0.050ns
    Total Input Jitter      (TIJ):    0.000ns
    Discrete Jitter          (DJ):    0.000ns
    Phase Error              (PE):    0.000ns

    Location             Delay type                Incr(ns)  Path(ns)    Netlist Resource(s)
  -------------------------------------------------------------------    -------------------
    MMCME2_ADV_X0Y0      MMCME2_ADV                   0.000     0.000 r  u_pclk/u_mmcm/LOCKED
                         net (fo=2, routed)           0.912     0.912    u_pclk/locked
    SLICE_X43Y51         LUT2 (Prop_lut2_I1_O)        0.045     0.957 f  u_pclk/axi_awready_i_1/O
                         net (fo=560, routed)         0.253     1.210    u_audio/sample_valid_reg_0
    SLICE_X43Y47         FDCE                                         f  u_audio/div_counter_reg[9]/CLR
  -------------------------------------------------------------------    -------------------

                         (clock sys_clk_pin rise edge)
                                                      0.000     0.000 r  
    K17                                               0.000     0.000 r  clk (IN)
                         net (fo=0)                   0.000     0.000    clk
    K17                  IBUF (Prop_ibuf_I_O)         0.447     0.447 r  clk_IBUF_inst/O
                         net (fo=1, routed)           0.683     1.130    clk_IBUF
    BUFGCTRL_X0Y16       BUFG (Prop_bufg_I_O)         0.029     1.159 r  clk_IBUF_BUFG_inst/O
                         net (fo=288, routed)         0.864     2.023    u_audio/CLK
    SLICE_X43Y47         FDCE                                         r  u_audio/div_counter_reg[9]/C

Slack:                    inf
  Source:                 u_pclk/u_mmcm/LOCKED
                            (internal pin)
  Destination:            u_audio/div_counter_reg[6]/CLR
                            (removal check against rising-edge clock sys_clk_pin  {rise@0.000ns fall@4.000ns period=8.000ns})
  Path Group:             (none)
  Path Type:              Removal (Min at Fast Process Corner)
  Data Path Delay:        1.273ns  (logic 0.045ns (3.534%)  route 1.228ns (96.466%))
  Logic Levels:           1  (LUT2=1)
  Clock Uncertainty:      0.025ns  ((TSJ^2 + TIJ^2)^1/2 + DJ) / 2 + PE
    Total System Jitter     (TSJ):    0.050ns
    Total Input Jitter      (TIJ):    0.000ns
    Discrete Jitter          (DJ):    0.000ns
    Phase Error              (PE):    0.000ns

    Location             Delay type                Incr(ns)  Path(ns)    Netlist Resource(s)
  -------------------------------------------------------------------    -------------------
    MMCME2_ADV_X0Y0      MMCME2_ADV                   0.000     0.000 r  u_pclk/u_mmcm/LOCKED
                         net (fo=2, routed)           0.912     0.912    u_pclk/locked
    SLICE_X43Y51         LUT2 (Prop_lut2_I1_O)        0.045     0.957 f  u_pclk/axi_awready_i_1/O
                         net (fo=560, routed)         0.316     1.273    u_audio/sample_valid_reg_0
    SLICE_X43Y46         FDCE                                         f  u_audio/div_counter_reg[6]/CLR
  -------------------------------------------------------------------    -------------------

                         (clock sys_clk_pin rise edge)
                                                      0.000     0.000 r  
    K17                                               0.000     0.000 r  clk (IN)
                         net (fo=0)                   0.000     0.000    clk
    K17                  IBUF (Prop_ibuf_I_O)         0.447     0.447 r  clk_IBUF_inst/O
                         net (fo=1, routed)           0.683     1.130    clk_IBUF
    BUFGCTRL_X0Y16       BUFG (Prop_bufg_I_O)         0.029     1.159 r  clk_IBUF_BUFG_inst/O
                         net (fo=288, routed)         0.863     2.022    u_audio/CLK
    SLICE_X43Y46         FDCE                                         r  u_audio/div_counter_reg[6]/C

Slack:                    inf
  Source:                 u_pclk/u_mmcm/LOCKED
                            (internal pin)
  Destination:            u_audio/div_counter_reg[8]/CLR
                            (removal check against rising-edge clock sys_clk_pin  {rise@0.000ns fall@4.000ns period=8.000ns})
  Path Group:             (none)
  Path Type:              Removal (Min at Fast Process Corner)
  Data Path Delay:        1.273ns  (logic 0.045ns (3.534%)  route 1.228ns (96.466%))
  Logic Levels:           1  (LUT2=1)
  Clock Uncertainty:      0.025ns  ((TSJ^2 + TIJ^2)^1/2 + DJ) / 2 + PE
    Total System Jitter     (TSJ):    0.050ns
    Total Input Jitter      (TIJ):    0.000ns
    Discrete Jitter          (DJ):    0.000ns
    Phase Error              (PE):    0.000ns

    Location             Delay type                Incr(ns)  Path(ns)    Netlist Resource(s)
  -------------------------------------------------------------------    -------------------
    MMCME2_ADV_X0Y0      MMCME2_ADV                   0.000     0.000 r  u_pclk/u_mmcm/LOCKED
                         net (fo=2, routed)           0.912     0.912    u_pclk/locked
    SLICE_X43Y51         LUT2 (Prop_lut2_I1_O)        0.045     0.957 f  u_pclk/axi_awready_i_1/O
                         net (fo=560, routed)         0.316     1.273    u_audio/sample_valid_reg_0
    SLICE_X43Y46         FDCE                                         f  u_audio/div_counter_reg[8]/CLR
  -------------------------------------------------------------------    -------------------

                         (clock sys_clk_pin rise edge)
                                                      0.000     0.000 r  
    K17                                               0.000     0.000 r  clk (IN)
                         net (fo=0)                   0.000     0.000    clk
    K17                  IBUF (Prop_ibuf_I_O)         0.447     0.447 r  clk_IBUF_inst/O
                         net (fo=1, routed)           0.683     1.130    clk_IBUF
    BUFGCTRL_X0Y16       BUFG (Prop_bufg_I_O)         0.029     1.159 r  clk_IBUF_BUFG_inst/O
                         net (fo=288, routed)         0.863     2.022    u_audio/CLK
    SLICE_X43Y46         FDCE                                         r  u_audio/div_counter_reg[8]/C

Slack:                    inf
  Source:                 u_pclk/u_mmcm/LOCKED
                            (internal pin)
  Destination:            u_audio/div_counter_reg[1]/CLR
                            (removal check against rising-edge clock sys_clk_pin  {rise@0.000ns fall@4.000ns period=8.000ns})
  Path Group:             (none)
  Path Type:              Removal (Min at Fast Process Corner)
  Data Path Delay:        1.317ns  (logic 0.045ns (3.416%)  route 1.272ns (96.584%))
  Logic Levels:           1  (LUT2=1)
  Clock Uncertainty:      0.025ns  ((TSJ^2 + TIJ^2)^1/2 + DJ) / 2 + PE
    Total System Jitter     (TSJ):    0.050ns
    Total Input Jitter      (TIJ):    0.000ns
    Discrete Jitter          (DJ):    0.000ns
    Phase Error              (PE):    0.000ns

    Location             Delay type                Incr(ns)  Path(ns)    Netlist Resource(s)
  -------------------------------------------------------------------    -------------------
    MMCME2_ADV_X0Y0      MMCME2_ADV                   0.000     0.000 r  u_pclk/u_mmcm/LOCKED
                         net (fo=2, routed)           0.912     0.912    u_pclk/locked
    SLICE_X43Y51         LUT2 (Prop_lut2_I1_O)        0.045     0.957 f  u_pclk/axi_awready_i_1/O
                         net (fo=560, routed)         0.360     1.317    u_audio/sample_valid_reg_0
    SLICE_X43Y45         FDCE                                         f  u_audio/div_counter_reg[1]/CLR
  -------------------------------------------------------------------    -------------------

                         (clock sys_clk_pin rise edge)
                                                      0.000     0.000 r  
    K17                                               0.000     0.000 r  clk (IN)
                         net (fo=0)                   0.000     0.000    clk
    K17                  IBUF (Prop_ibuf_I_O)         0.447     0.447 r  clk_IBUF_inst/O
                         net (fo=1, routed)           0.683     1.130    clk_IBUF
    BUFGCTRL_X0Y16       BUFG (Prop_bufg_I_O)         0.029     1.159 r  clk_IBUF_BUFG_inst/O
                         net (fo=288, routed)         0.863     2.022    u_audio/CLK
    SLICE_X43Y45         FDCE                                         r  u_audio/div_counter_reg[1]/C

Slack:                    inf
  Source:                 u_pclk/u_mmcm/LOCKED
                            (internal pin)
  Destination:            u_audio/div_counter_reg[2]/CLR
                            (removal check against rising-edge clock sys_clk_pin  {rise@0.000ns fall@4.000ns period=8.000ns})
  Path Group:             (none)
  Path Type:              Removal (Min at Fast Process Corner)
  Data Path Delay:        1.317ns  (logic 0.045ns (3.416%)  route 1.272ns (96.584%))
  Logic Levels:           1  (LUT2=1)
  Clock Uncertainty:      0.025ns  ((TSJ^2 + TIJ^2)^1/2 + DJ) / 2 + PE
    Total System Jitter     (TSJ):    0.050ns
    Total Input Jitter      (TIJ):    0.000ns
    Discrete Jitter          (DJ):    0.000ns
    Phase Error              (PE):    0.000ns

    Location             Delay type                Incr(ns)  Path(ns)    Netlist Resource(s)
  -------------------------------------------------------------------    -------------------
    MMCME2_ADV_X0Y0      MMCME2_ADV                   0.000     0.000 r  u_pclk/u_mmcm/LOCKED
                         net (fo=2, routed)           0.912     0.912    u_pclk/locked
    SLICE_X43Y51         LUT2 (Prop_lut2_I1_O)        0.045     0.957 f  u_pclk/axi_awready_i_1/O
                         net (fo=560, routed)         0.360     1.317    u_audio/sample_valid_reg_0
    SLICE_X43Y45         FDCE                                         f  u_audio/div_counter_reg[2]/CLR
  -------------------------------------------------------------------    -------------------

                         (clock sys_clk_pin rise edge)
                                                      0.000     0.000 r  
    K17                                               0.000     0.000 r  clk (IN)
                         net (fo=0)                   0.000     0.000    clk
    K17                  IBUF (Prop_ibuf_I_O)         0.447     0.447 r  clk_IBUF_inst/O
                         net (fo=1, routed)           0.683     1.130    clk_IBUF
    BUFGCTRL_X0Y16       BUFG (Prop_bufg_I_O)         0.029     1.159 r  clk_IBUF_BUFG_inst/O
                         net (fo=288, routed)         0.863     2.022    u_audio/CLK
    SLICE_X43Y45         FDCE                                         r  u_audio/div_counter_reg[2]/C

Slack:                    inf
  Source:                 u_pclk/u_mmcm/LOCKED
                            (internal pin)
  Destination:            u_audio/div_counter_reg[3]/CLR
                            (removal check against rising-edge clock sys_clk_pin  {rise@0.000ns fall@4.000ns period=8.000ns})
  Path Group:             (none)
  Path Type:              Removal (Min at Fast Process Corner)
  Data Path Delay:        1.317ns  (logic 0.045ns (3.416%)  route 1.272ns (96.584%))
  Logic Levels:           1  (LUT2=1)
  Clock Uncertainty:      0.025ns  ((TSJ^2 + TIJ^2)^1/2 + DJ) / 2 + PE
    Total System Jitter     (TSJ):    0.050ns
    Total Input Jitter      (TIJ):    0.000ns
    Discrete Jitter          (DJ):    0.000ns
    Phase Error              (PE):    0.000ns

    Location             Delay type                Incr(ns)  Path(ns)    Netlist Resource(s)
  -------------------------------------------------------------------    -------------------
    MMCME2_ADV_X0Y0      MMCME2_ADV                   0.000     0.000 r  u_pclk/u_mmcm/LOCKED
                         net (fo=2, routed)           0.912     0.912    u_pclk/locked
    SLICE_X43Y51         LUT2 (Prop_lut2_I1_O)        0.045     0.957 f  u_pclk/axi_awready_i_1/O
                         net (fo=560, routed)         0.360     1.317    u_audio/sample_valid_reg_0
    SLICE_X43Y45         FDCE                                         f  u_audio/div_counter_reg[3]/CLR
  -------------------------------------------------------------------    -------------------

                         (clock sys_clk_pin rise edge)
                                                      0.000     0.000 r  
    K17                                               0.000     0.000 r  clk (IN)
                         net (fo=0)                   0.000     0.000    clk
    K17                  IBUF (Prop_ibuf_I_O)         0.447     0.447 r  clk_IBUF_inst/O
                         net (fo=1, routed)           0.683     1.130    clk_IBUF
    BUFGCTRL_X0Y16       BUFG (Prop_bufg_I_O)         0.029     1.159 r  clk_IBUF_BUFG_inst/O
                         net (fo=288, routed)         0.863     2.022    u_audio/CLK
    SLICE_X43Y45         FDCE                                         r  u_audio/div_counter_reg[3]/C

Slack:                    inf
  Source:                 u_pclk/u_mmcm/LOCKED
                            (internal pin)
  Destination:            u_audio/div_counter_reg[4]/CLR
                            (removal check against rising-edge clock sys_clk_pin  {rise@0.000ns fall@4.000ns period=8.000ns})
  Path Group:             (none)
  Path Type:              Removal (Min at Fast Process Corner)
  Data Path Delay:        1.317ns  (logic 0.045ns (3.416%)  route 1.272ns (96.584%))
  Logic Levels:           1  (LUT2=1)
  Clock Uncertainty:      0.025ns  ((TSJ^2 + TIJ^2)^1/2 + DJ) / 2 + PE
    Total System Jitter     (TSJ):    0.050ns
    Total Input Jitter      (TIJ):    0.000ns
    Discrete Jitter          (DJ):    0.000ns
    Phase Error              (PE):    0.000ns

    Location             Delay type                Incr(ns)  Path(ns)    Netlist Resource(s)
  -------------------------------------------------------------------    -------------------
    MMCME2_ADV_X0Y0      MMCME2_ADV                   0.000     0.000 r  u_pclk/u_mmcm/LOCKED
                         net (fo=2, routed)           0.912     0.912    u_pclk/locked
    SLICE_X43Y51         LUT2 (Prop_lut2_I1_O)        0.045     0.957 f  u_pclk/axi_awready_i_1/O
                         net (fo=560, routed)         0.360     1.317    u_audio/sample_valid_reg_0
    SLICE_X43Y45         FDCE                                         f  u_audio/div_counter_reg[4]/CLR
  -------------------------------------------------------------------    -------------------

                         (clock sys_clk_pin rise edge)
                                                      0.000     0.000 r  
    K17                                               0.000     0.000 r  clk (IN)
                         net (fo=0)                   0.000     0.000    clk
    K17                  IBUF (Prop_ibuf_I_O)         0.447     0.447 r  clk_IBUF_inst/O
                         net (fo=1, routed)           0.683     1.130    clk_IBUF
    BUFGCTRL_X0Y16       BUFG (Prop_bufg_I_O)         0.029     1.159 r  clk_IBUF_BUFG_inst/O
                         net (fo=288, routed)         0.863     2.022    u_audio/CLK
    SLICE_X43Y45         FDCE                                         r  u_audio/div_counter_reg[4]/C





