TRACE::2026-05-03.18:14:26::SCWPlatform::Trying to open the hw design at C:/Users/khuon/ECE520/final_project/vitis_application/zybo_z7_10_plat/hw/reactive_scene_top_ps.xsa
TRACE::2026-05-03.18:14:26::SCWPlatform::DSA given C:/Users/khuon/ECE520/final_project/vitis_application/zybo_z7_10_plat/hw/reactive_scene_top_ps.xsa
TRACE::2026-05-03.18:14:26::SCWPlatform::DSA absoulate path C:/Users/khuon/ECE520/final_project/vitis_application/zybo_z7_10_plat/hw/reactive_scene_top_ps.xsa
TRACE::2026-05-03.18:14:26::SCWPlatform::DSA directory C:/Users/khuon/ECE520/final_project/vitis_application/zybo_z7_10_plat/hw
TRACE::2026-05-03.18:14:26::SCWPlatform:: Platform Path C:/Users/khuon/ECE520/final_project/vitis_application/zybo_z7_10_plat/hw/reactive_scene_top_ps.xsa
TRACE::2026-05-03.18:14:26::SCWPlatform:: Unique name xilinx:zybo-z7-10::0.0
TRACE::2026-05-03.18:14:26::SCWPlatform::Do not have an existing db opened. 
TRACE::2026-05-03.18:14:27::SCWPlatform::Opened new HwDB with name reactive_scene_top_ps_0
TRACE::2026-05-03.18:14:27::SCWWriter::formatted JSON is {
	"platformName":	"zybo_z7_10_plat",
	"sprVersion":	"2.0",
	"mode":	"gui",
	"dsaType":	"Fixed",
	"platformDesc":	"zybo_z7_10_plat",
	"platHandOff":	"C:/Users/khuon/ECE520/final_project/phase3_integration/reactive_scene_top_ps.xsa",
	"platIntHandOff":	"<platformDir>/hw/reactive_scene_top_ps.xsa",
	"deviceType":	"zynq",
	"platIsPrebuiltAutogen":	"false",
	"platIsNoBootBsp":	"false",
	"hasFsblMakeHasChanges":	"false",
	"hasPmufwMakeHasChanges":	"false",
	"platPreBuiltFlag":	false,
	"platformSamplesDir":	""
}
TRACE::2026-05-03.18:14:27::SCWWriter::formatted JSON is {
	"platformName":	"zybo_z7_10_plat",
	"sprVersion":	"2.0",
	"mode":	"gui",
	"dsaType":	"Fixed",
	"platformDesc":	"zybo_z7_10_plat",
	"platHandOff":	"C:/Users/khuon/ECE520/final_project/phase3_integration/reactive_scene_top_ps.xsa",
	"platIntHandOff":	"<platformDir>/hw/reactive_scene_top_ps.xsa",
	"deviceType":	"zynq",
	"platIsPrebuiltAutogen":	"false",
	"platIsNoBootBsp":	"false",
	"hasFsblMakeHasChanges":	"false",
	"hasPmufwMakeHasChanges":	"false",
	"platPreBuiltFlag":	false,
	"platformSamplesDir":	"",
	"platActiveSys":	"zybo_z7_10_plat",
	"systems":	[{
			"systemName":	"zybo_z7_10_plat",
			"systemDesc":	"zybo_z7_10_plat",
			"sysIsBootAutoGen":	"true",
			"systemDispName":	"zybo_z7_10_plat"
		}]
}
TRACE::2026-05-03.18:14:27::SCWPlatform::Boot application domains not present, creating them
TRACE::2026-05-03.18:14:27::SCWDomain::checking for install qemu data   : 
TRACE::2026-05-03.18:14:27::SCWDomain:: Using the QEMU Data from install at  : C:/Xilinx/Vitis/2023.1/data/emulation/platforms/zynq/sw/a9_standalone/qemu/
TRACE::2026-05-03.18:14:27::SCWDomain:: Using the QEMU args  from install at  : C:/Xilinx/Vitis/2023.1/data/emulation/platforms/zynq/sw/a9_standalone/qemu/qemu_args.txt
TRACE::2026-05-03.18:14:27::SCWPlatform::Trying to open the hw design at C:/Users/khuon/ECE520/final_project/vitis_application/zybo_z7_10_plat/hw/reactive_scene_top_ps.xsa
TRACE::2026-05-03.18:14:27::SCWPlatform::DSA given C:/Users/khuon/ECE520/final_project/vitis_application/zybo_z7_10_plat/hw/reactive_scene_top_ps.xsa
TRACE::2026-05-03.18:14:27::SCWPlatform::DSA absoulate path C:/Users/khuon/ECE520/final_project/vitis_application/zybo_z7_10_plat/hw/reactive_scene_top_ps.xsa
TRACE::2026-05-03.18:14:27::SCWPlatform::DSA directory C:/Users/khuon/ECE520/final_project/vitis_application/zybo_z7_10_plat/hw
TRACE::2026-05-03.18:14:27::SCWPlatform:: Platform Path C:/Users/khuon/ECE520/final_project/vitis_application/zybo_z7_10_plat/hw/reactive_scene_top_ps.xsa
TRACE::2026-05-03.18:14:27::SCWPlatform:: Unique name xilinx:zybo-z7-10::0.0
TRACE::2026-05-03.18:14:27::SCWPlatform::Trying to set the existing hwdb with name reactive_scene_top_ps_0
TRACE::2026-05-03.18:14:27::SCWPlatform::Opened existing hwdb reactive_scene_top_ps_0
TRACE::2026-05-03.18:14:27::SCWPlatform::Found the Hw Db part of the input DSA
TRACE::2026-05-03.18:14:27::SCWPlatform::Trying to open the hw design at C:/Users/khuon/ECE520/final_project/vitis_application/zybo_z7_10_plat/hw/reactive_scene_top_ps.xsa
TRACE::2026-05-03.18:14:27::SCWPlatform::DSA given C:/Users/khuon/ECE520/final_project/vitis_application/zybo_z7_10_plat/hw/reactive_scene_top_ps.xsa
TRACE::2026-05-03.18:14:27::SCWPlatform::DSA absoulate path C:/Users/khuon/ECE520/final_project/vitis_application/zybo_z7_10_plat/hw/reactive_scene_top_ps.xsa
TRACE::2026-05-03.18:14:27::SCWPlatform::DSA directory C:/Users/khuon/ECE520/final_project/vitis_application/zybo_z7_10_plat/hw
TRACE::2026-05-03.18:14:27::SCWPlatform:: Platform Path C:/Users/khuon/ECE520/final_project/vitis_application/zybo_z7_10_plat/hw/reactive_scene_top_ps.xsa
TRACE::2026-05-03.18:14:27::SCWPlatform:: Unique name xilinx:zybo-z7-10::0.0
TRACE::2026-05-03.18:14:27::SCWPlatform::Trying to set the existing hwdb with name reactive_scene_top_ps_0
TRACE::2026-05-03.18:14:27::SCWPlatform::Opened existing hwdb reactive_scene_top_ps_0
TRACE::2026-05-03.18:14:27::SCWPlatform::Found the Hw Db part of the input DSA
TRACE::2026-05-03.18:14:27::SCWPlatform::Trying to open the hw design at C:/Users/khuon/ECE520/final_project/vitis_application/zybo_z7_10_plat/hw/reactive_scene_top_ps.xsa
TRACE::2026-05-03.18:14:27::SCWPlatform::DSA given C:/Users/khuon/ECE520/final_project/vitis_application/zybo_z7_10_plat/hw/reactive_scene_top_ps.xsa
TRACE::2026-05-03.18:14:27::SCWPlatform::DSA absoulate path C:/Users/khuon/ECE520/final_project/vitis_application/zybo_z7_10_plat/hw/reactive_scene_top_ps.xsa
TRACE::2026-05-03.18:14:27::SCWPlatform::DSA directory C:/Users/khuon/ECE520/final_project/vitis_application/zybo_z7_10_plat/hw
TRACE::2026-05-03.18:14:27::SCWPlatform:: Platform Path C:/Users/khuon/ECE520/final_project/vitis_application/zybo_z7_10_plat/hw/reactive_scene_top_ps.xsa
TRACE::2026-05-03.18:14:27::SCWPlatform:: Unique name xilinx:zybo-z7-10::0.0
TRACE::2026-05-03.18:14:27::SCWPlatform::Trying to set the existing hwdb with name reactive_scene_top_ps_0
TRACE::2026-05-03.18:14:27::SCWPlatform::Opened existing hwdb reactive_scene_top_ps_0
TRACE::2026-05-03.18:14:27::SCWPlatform::Found the Hw Db part of the input DSA
TRACE::2026-05-03.18:14:27::SCWPlatform::Boot application domain added for zynq_fsbl
TRACE::2026-05-03.18:14:27::SCWPlatform::Generating the sources  .
TRACE::2026-05-03.18:14:27::SCWBDomain::Generating boot domain sources.
TRACE::2026-05-03.18:14:27::SCWBDomain:: Generating the zynq_fsbl Application.
TRACE::2026-05-03.18:14:27::SCWPlatform::Trying to open the hw design at C:/Users/khuon/ECE520/final_project/vitis_application/zybo_z7_10_plat/hw/reactive_scene_top_ps.xsa
TRACE::2026-05-03.18:14:27::SCWPlatform::DSA given C:/Users/khuon/ECE520/final_project/vitis_application/zybo_z7_10_plat/hw/reactive_scene_top_ps.xsa
TRACE::2026-05-03.18:14:27::SCWPlatform::DSA absoulate path C:/Users/khuon/ECE520/final_project/vitis_application/zybo_z7_10_plat/hw/reactive_scene_top_ps.xsa
TRACE::2026-05-03.18:14:27::SCWPlatform::DSA directory C:/Users/khuon/ECE520/final_project/vitis_application/zybo_z7_10_plat/hw
TRACE::2026-05-03.18:14:27::SCWPlatform:: Platform Path C:/Users/khuon/ECE520/final_project/vitis_application/zybo_z7_10_plat/hw/reactive_scene_top_ps.xsa
TRACE::2026-05-03.18:14:27::SCWPlatform:: Unique name xilinx:zybo-z7-10::0.0
TRACE::2026-05-03.18:14:27::SCWPlatform::Trying to set the existing hwdb with name reactive_scene_top_ps_0
TRACE::2026-05-03.18:14:27::SCWPlatform::Opened existing hwdb reactive_scene_top_ps_0
TRACE::2026-05-03.18:14:27::SCWPlatform::Found the Hw Db part of the input DSA
TRACE::2026-05-03.18:14:27::SCWMssOS::Checking the sw design at  C:/Users/khuon/ECE520/final_project/vitis_application/zybo_z7_10_plat/zynq_fsbl/zynq_fsbl_bsp/system.mss
TRACE::2026-05-03.18:14:27::SCWMssOS::DEBUG:  swdes dump  
TRACE::2026-05-03.18:14:27::SCWMssOS::No sw design opened at  C:/Users/khuon/ECE520/final_project/vitis_application/zybo_z7_10_plat/zynq_fsbl/zynq_fsbl_bsp/system.mss
TRACE::2026-05-03.18:14:27::SCWMssOS::mss does not exists at C:/Users/khuon/ECE520/final_project/vitis_application/zybo_z7_10_plat/zynq_fsbl/zynq_fsbl_bsp/system.mss
TRACE::2026-05-03.18:14:27::SCWMssOS::Creating sw design at  C:/Users/khuon/ECE520/final_project/vitis_application/zybo_z7_10_plat/zynq_fsbl/zynq_fsbl_bsp/system.mss
TRACE::2026-05-03.18:14:27::SCWMssOS::Adding the swdes entry, created swdb C:/Users/khuon/ECE520/final_project/vitis_application/zybo_z7_10_plat/zynq_fsbl/zynq_fsbl_bsp/system.mss with des name C:/Users/khuon/ECE520/final_project/vitis_application/zybo_z7_10_plat/zynq_fsbl/zynq_fsbl_bsp/system.mss
TRACE::2026-05-03.18:14:27::SCWMssOS::updating the scw layer changes to swdes at   C:/Users/khuon/ECE520/final_project/vitis_application/zybo_z7_10_plat/zynq_fsbl/zynq_fsbl_bsp/system.mss
TRACE::2026-05-03.18:14:27::SCWMssOS::Writing mss at C:/Users/khuon/ECE520/final_project/vitis_application/zybo_z7_10_plat/zynq_fsbl/zynq_fsbl_bsp/system.mss
TRACE::2026-05-03.18:14:27::SCWMssOS::Completed writing the mss file at C:/Users/khuon/ECE520/final_project/vitis_application/zybo_z7_10_plat/zynq_fsbl/zynq_fsbl_bsp
TRACE::2026-05-03.18:14:27::SCWMssOS::Picking up changes from newly written mss file into SCW Layer. 
TRACE::2026-05-03.18:14:27::SCWMssOS::Updated the changes from newly written mss file into SCW Layer. 
TRACE::2026-05-03.18:14:27::SCWBDomain::Completed writing the mss file at C:/Users/khuon/ECE520/final_project/vitis_application/zybo_z7_10_plat/zynq_fsbl/zynq_fsbl_bsp
TRACE::2026-05-03.18:14:32::SCWPlatform::Generating sources Done.
TRACE::2026-05-03.18:14:32::SCWPlatform::Trying to open the hw design at C:/Users/khuon/ECE520/final_project/vitis_application/zybo_z7_10_plat/hw/reactive_scene_top_ps.xsa
TRACE::2026-05-03.18:14:32::SCWPlatform::DSA given C:/Users/khuon/ECE520/final_project/vitis_application/zybo_z7_10_plat/hw/reactive_scene_top_ps.xsa
TRACE::2026-05-03.18:14:32::SCWPlatform::DSA absoulate path C:/Users/khuon/ECE520/final_project/vitis_application/zybo_z7_10_plat/hw/reactive_scene_top_ps.xsa
TRACE::2026-05-03.18:14:32::SCWPlatform::DSA directory C:/Users/khuon/ECE520/final_project/vitis_application/zybo_z7_10_plat/hw
TRACE::2026-05-03.18:14:32::SCWPlatform:: Platform Path C:/Users/khuon/ECE520/final_project/vitis_application/zybo_z7_10_plat/hw/reactive_scene_top_ps.xsa
TRACE::2026-05-03.18:14:32::SCWPlatform:: Unique name xilinx:zybo-z7-10::0.0
TRACE::2026-05-03.18:14:32::SCWPlatform::Trying to set the existing hwdb with name reactive_scene_top_ps_0
TRACE::2026-05-03.18:14:32::SCWPlatform::Opened existing hwdb reactive_scene_top_ps_0
TRACE::2026-05-03.18:14:32::SCWPlatform::Found the Hw Db part of the input DSA
TRACE::2026-05-03.18:14:32::SCWMssOS::Checking the sw design at  C:/Users/khuon/ECE520/final_project/vitis_application/zybo_z7_10_plat/zynq_fsbl/zynq_fsbl_bsp/system.mss
TRACE::2026-05-03.18:14:32::SCWMssOS::DEBUG:  swdes dump  
TRACE::2026-05-03.18:14:32::SCWMssOS::No sw design opened at  C:/Users/khuon/ECE520/final_project/vitis_application/zybo_z7_10_plat/zynq_fsbl/zynq_fsbl_bsp/system.mss
TRACE::2026-05-03.18:14:32::SCWMssOS::mss exists loading the mss file  C:/Users/khuon/ECE520/final_project/vitis_application/zybo_z7_10_plat/zynq_fsbl/zynq_fsbl_bsp/system.mss
TRACE::2026-05-03.18:14:32::SCWMssOS::Opened the sw design from mss  C:/Users/khuon/ECE520/final_project/vitis_application/zybo_z7_10_plat/zynq_fsbl/zynq_fsbl_bsp/system.mss
TRACE::2026-05-03.18:14:32::SCWMssOS::Adding the swdes entry C:/Users/khuon/ECE520/final_project/vitis_application/zybo_z7_10_plat/zynq_fsbl/zynq_fsbl_bsp/system.mss with des name system
TRACE::2026-05-03.18:14:32::SCWMssOS::updating the scw layer about changes
TRACE::2026-05-03.18:14:32::SCWMssOS::Opened the sw design.  C:/Users/khuon/ECE520/final_project/vitis_application/zybo_z7_10_plat/zynq_fsbl/zynq_fsbl_bsp/system.mss
TRACE::2026-05-03.18:14:32::SCWMssOS::Saving the mss changes C:/Users/khuon/ECE520/final_project/vitis_application/zybo_z7_10_plat/zynq_fsbl/zynq_fsbl_bsp/system.mss
TRACE::2026-05-03.18:14:32::SCWMssOS::Found a swdesign opened with the mssfile.
TRACE::2026-05-03.18:14:32::SCWMssOS::Completed writemss as part of save.
TRACE::2026-05-03.18:14:32::SCWMssOS::Commit changes completed.
TRACE::2026-05-03.18:14:32::SCWPlatform::Trying to open the hw design at C:/Users/khuon/ECE520/final_project/vitis_application/zybo_z7_10_plat/hw/reactive_scene_top_ps.xsa
TRACE::2026-05-03.18:14:32::SCWPlatform::DSA given C:/Users/khuon/ECE520/final_project/vitis_application/zybo_z7_10_plat/hw/reactive_scene_top_ps.xsa
TRACE::2026-05-03.18:14:32::SCWPlatform::DSA absoulate path C:/Users/khuon/ECE520/final_project/vitis_application/zybo_z7_10_plat/hw/reactive_scene_top_ps.xsa
TRACE::2026-05-03.18:14:32::SCWPlatform::DSA directory C:/Users/khuon/ECE520/final_project/vitis_application/zybo_z7_10_plat/hw
TRACE::2026-05-03.18:14:32::SCWPlatform:: Platform Path C:/Users/khuon/ECE520/final_project/vitis_application/zybo_z7_10_plat/hw/reactive_scene_top_ps.xsa
TRACE::2026-05-03.18:14:32::SCWPlatform:: Unique name xilinx:zybo-z7-10::0.0
TRACE::2026-05-03.18:14:32::SCWPlatform::Trying to set the existing hwdb with name reactive_scene_top_ps_0
TRACE::2026-05-03.18:14:32::SCWPlatform::Opened existing hwdb reactive_scene_top_ps_0
TRACE::2026-05-03.18:14:32::SCWPlatform::Found the Hw Db part of the input DSA
TRACE::2026-05-03.18:14:32::SCWMssOS::Checking the sw design at  C:/Users/khuon/ECE520/final_project/vitis_application/zybo_z7_10_plat/zynq_fsbl/zynq_fsbl_bsp/system.mss
TRACE::2026-05-03.18:14:32::SCWMssOS::DEBUG:  swdes dump  C:/Users/khuon/ECE520/final_project/vitis_application/zybo_z7_10_plat/zynq_fsbl/zynq_fsbl_bsp/system.mss|system||

TRACE::2026-05-03.18:14:32::SCWMssOS::Sw design exists and opened at  C:/Users/khuon/ECE520/final_project/vitis_application/zybo_z7_10_plat/zynq_fsbl/zynq_fsbl_bsp/system.mss
TRACE::2026-05-03.18:14:32::SCWPlatform::Trying to open the hw design at C:/Users/khuon/ECE520/final_project/vitis_application/zybo_z7_10_plat/hw/reactive_scene_top_ps.xsa
TRACE::2026-05-03.18:14:32::SCWPlatform::DSA given C:/Users/khuon/ECE520/final_project/vitis_application/zybo_z7_10_plat/hw/reactive_scene_top_ps.xsa
TRACE::2026-05-03.18:14:32::SCWPlatform::DSA absoulate path C:/Users/khuon/ECE520/final_project/vitis_application/zybo_z7_10_plat/hw/reactive_scene_top_ps.xsa
TRACE::2026-05-03.18:14:32::SCWPlatform::DSA directory C:/Users/khuon/ECE520/final_project/vitis_application/zybo_z7_10_plat/hw
TRACE::2026-05-03.18:14:32::SCWPlatform:: Platform Path C:/Users/khuon/ECE520/final_project/vitis_application/zybo_z7_10_plat/hw/reactive_scene_top_ps.xsa
TRACE::2026-05-03.18:14:32::SCWPlatform:: Unique name xilinx:zybo-z7-10::0.0
TRACE::2026-05-03.18:14:32::SCWPlatform::Trying to set the existing hwdb with name reactive_scene_top_ps_0
TRACE::2026-05-03.18:14:32::SCWPlatform::Opened existing hwdb reactive_scene_top_ps_0
TRACE::2026-05-03.18:14:32::SCWPlatform::Found the Hw Db part of the input DSA
TRACE::2026-05-03.18:14:32::SCWMssOS::Checking the sw design at  C:/Users/khuon/ECE520/final_project/vitis_application/zybo_z7_10_plat/zynq_fsbl/zynq_fsbl_bsp/system.mss
TRACE::2026-05-03.18:14:32::SCWMssOS::DEBUG:  swdes dump  C:/Users/khuon/ECE520/final_project/vitis_application/zybo_z7_10_plat/zynq_fsbl/zynq_fsbl_bsp/system.mss|system||

TRACE::2026-05-03.18:14:32::SCWMssOS::Sw design exists and opened at  C:/Users/khuon/ECE520/final_project/vitis_application/zybo_z7_10_plat/zynq_fsbl/zynq_fsbl_bsp/system.mss
TRACE::2026-05-03.18:14:32::SCWPlatform::Trying to open the hw design at C:/Users/khuon/ECE520/final_project/vitis_application/zybo_z7_10_plat/hw/reactive_scene_top_ps.xsa
TRACE::2026-05-03.18:14:32::SCWPlatform::DSA given C:/Users/khuon/ECE520/final_project/vitis_application/zybo_z7_10_plat/hw/reactive_scene_top_ps.xsa
TRACE::2026-05-03.18:14:32::SCWPlatform::DSA absoulate path C:/Users/khuon/ECE520/final_project/vitis_application/zybo_z7_10_plat/hw/reactive_scene_top_ps.xsa
TRACE::2026-05-03.18:14:32::SCWPlatform::DSA directory C:/Users/khuon/ECE520/final_project/vitis_application/zybo_z7_10_plat/hw
TRACE::2026-05-03.18:14:32::SCWPlatform:: Platform Path C:/Users/khuon/ECE520/final_project/vitis_application/zybo_z7_10_plat/hw/reactive_scene_top_ps.xsa
TRACE::2026-05-03.18:14:32::SCWPlatform:: Unique name xilinx:zybo-z7-10::0.0
TRACE::2026-05-03.18:14:32::SCWPlatform::Trying to set the existing hwdb with name reactive_scene_top_ps_0
TRACE::2026-05-03.18:14:32::SCWPlatform::Opened existing hwdb reactive_scene_top_ps_0
TRACE::2026-05-03.18:14:32::SCWPlatform::Found the Hw Db part of the input DSA
TRACE::2026-05-03.18:14:32::SCWMssOS::Checking the sw design at  C:/Users/khuon/ECE520/final_project/vitis_application/zybo_z7_10_plat/zynq_fsbl/zynq_fsbl_bsp/system.mss
TRACE::2026-05-03.18:14:32::SCWMssOS::DEBUG:  swdes dump  C:/Users/khuon/ECE520/final_project/vitis_application/zybo_z7_10_plat/zynq_fsbl/zynq_fsbl_bsp/system.mss|system||

TRACE::2026-05-03.18:14:32::SCWMssOS::Sw design exists and opened at  C:/Users/khuon/ECE520/final_project/vitis_application/zybo_z7_10_plat/zynq_fsbl/zynq_fsbl_bsp/system.mss
TRACE::2026-05-03.18:14:32::SCWWriter::formatted JSON is {
	"platformName":	"zybo_z7_10_plat",
	"sprVersion":	"2.0",
	"mode":	"gui",
	"dsaType":	"Fixed",
	"platformDesc":	"zybo_z7_10_plat",
	"platHandOff":	"C:/Users/khuon/ECE520/final_project/phase3_integration/reactive_scene_top_ps.xsa",
	"platIntHandOff":	"<platformDir>/hw/reactive_scene_top_ps.xsa",
	"deviceType":	"zynq",
	"platIsPrebuiltAutogen":	"false",
	"platIsNoBootBsp":	"false",
	"platFsblTarget":	"ps7_cortexa9_0",
	"hasFsblMakeHasChanges":	"false",
	"hasPmufwMakeHasChanges":	"false",
	"fsblExtraCompilerFlags":	"-MMD -MP       -mcpu=cortex-a9 -mfpu=vfpv3 -mfloat-abi=hard ",
	"platPreBuiltFlag":	false,
	"platformSamplesDir":	"",
	"platActiveSys":	"zybo_z7_10_plat",
	"systems":	[{
			"systemName":	"zybo_z7_10_plat",
			"systemDesc":	"zybo_z7_10_plat",
			"sysIsBootAutoGen":	"true",
			"systemDispName":	"zybo_z7_10_plat",
			"sysActiveDom":	"zynq_fsbl",
			"sysDefaultDom":	"",
			"domains":	[{
					"domainName":	"zynq_fsbl",
					"domainDispName":	"zynq_fsbl",
					"domainDesc":	"FSBL Application BSP - Auto Generated.",
					"processors":	"ps7_cortexa9_0",
					"os":	"standalone",
					"sdxOs":	"standalone",
					"debugEnable":	"",
					"domRuntimes":	["cpp"],
					"swRepo":	"",
					"mssOsVer":	"8.1",
					"mssFile":	"",
					"md5Digest":	"5d56e52180d0bc02e0d42be3c7f1597a",
					"compatibleApp":	"zynq_fsbl",
					"domType":	"bootDomain",
					"arch":	"32-bit",
					"appSettings":	{
						"appCompilerFlags":	"",
						"appLinkerFlags":	""
					},
					"addedLibs":	["xilffs:5.0", "xilrsa:1.6"],
					"libOptions":	{
						"libsContainingOptions":	[]
					},
					"prebuiltLibs":	{
						"prebuiltIncPath":	[],
						"prebuiltLibPath":	[]
					},
					"isolation":	{
					}
				}]
		}]
}
TRACE::2026-05-03.18:14:32::SCWPlatform::Trying to open the hw design at C:/Users/khuon/ECE520/final_project/vitis_application/zybo_z7_10_plat/hw/reactive_scene_top_ps.xsa
TRACE::2026-05-03.18:14:32::SCWPlatform::DSA given C:/Users/khuon/ECE520/final_project/vitis_application/zybo_z7_10_plat/hw/reactive_scene_top_ps.xsa
TRACE::2026-05-03.18:14:32::SCWPlatform::DSA absoulate path C:/Users/khuon/ECE520/final_project/vitis_application/zybo_z7_10_plat/hw/reactive_scene_top_ps.xsa
TRACE::2026-05-03.18:14:32::SCWPlatform::DSA directory C:/Users/khuon/ECE520/final_project/vitis_application/zybo_z7_10_plat/hw
TRACE::2026-05-03.18:14:32::SCWPlatform:: Platform Path C:/Users/khuon/ECE520/final_project/vitis_application/zybo_z7_10_plat/hw/reactive_scene_top_ps.xsa
TRACE::2026-05-03.18:14:32::SCWPlatform:: Unique name xilinx:zybo-z7-10::0.0
TRACE::2026-05-03.18:14:32::SCWPlatform::Trying to set the existing hwdb with name reactive_scene_top_ps_0
TRACE::2026-05-03.18:14:32::SCWPlatform::Opened existing hwdb reactive_scene_top_ps_0
TRACE::2026-05-03.18:14:32::SCWPlatform::Found the Hw Db part of the input DSA
TRACE::2026-05-03.18:14:32::SCWPlatform::Trying to open the hw design at C:/Users/khuon/ECE520/final_project/vitis_application/zybo_z7_10_plat/hw/reactive_scene_top_ps.xsa
TRACE::2026-05-03.18:14:32::SCWPlatform::DSA given C:/Users/khuon/ECE520/final_project/vitis_application/zybo_z7_10_plat/hw/reactive_scene_top_ps.xsa
TRACE::2026-05-03.18:14:32::SCWPlatform::DSA absoulate path C:/Users/khuon/ECE520/final_project/vitis_application/zybo_z7_10_plat/hw/reactive_scene_top_ps.xsa
TRACE::2026-05-03.18:14:32::SCWPlatform::DSA directory C:/Users/khuon/ECE520/final_project/vitis_application/zybo_z7_10_plat/hw
TRACE::2026-05-03.18:14:32::SCWPlatform:: Platform Path C:/Users/khuon/ECE520/final_project/vitis_application/zybo_z7_10_plat/hw/reactive_scene_top_ps.xsa
TRACE::2026-05-03.18:14:32::SCWPlatform:: Unique name xilinx:zybo-z7-10::0.0
TRACE::2026-05-03.18:14:32::SCWPlatform::Trying to set the existing hwdb with name reactive_scene_top_ps_0
TRACE::2026-05-03.18:14:32::SCWPlatform::Opened existing hwdb reactive_scene_top_ps_0
TRACE::2026-05-03.18:14:32::SCWPlatform::Found the Hw Db part of the input DSA
TRACE::2026-05-03.18:14:32::SCWDomain::checking for install qemu data   : 
TRACE::2026-05-03.18:14:32::SCWDomain:: Using the QEMU Data from install at  : C:/Xilinx/Vitis/2023.1/data/emulation/platforms/zynq/sw/a9_standalone/qemu/
TRACE::2026-05-03.18:14:32::SCWDomain:: Using the QEMU args  from install at  : C:/Xilinx/Vitis/2023.1/data/emulation/platforms/zynq/sw/a9_standalone/qemu/qemu_args.txt
TRACE::2026-05-03.18:14:32::SCWPlatform::Trying to open the hw design at C:/Users/khuon/ECE520/final_project/vitis_application/zybo_z7_10_plat/hw/reactive_scene_top_ps.xsa
TRACE::2026-05-03.18:14:32::SCWPlatform::DSA given C:/Users/khuon/ECE520/final_project/vitis_application/zybo_z7_10_plat/hw/reactive_scene_top_ps.xsa
TRACE::2026-05-03.18:14:32::SCWPlatform::DSA absoulate path C:/Users/khuon/ECE520/final_project/vitis_application/zybo_z7_10_plat/hw/reactive_scene_top_ps.xsa
TRACE::2026-05-03.18:14:32::SCWPlatform::DSA directory C:/Users/khuon/ECE520/final_project/vitis_application/zybo_z7_10_plat/hw
TRACE::2026-05-03.18:14:32::SCWPlatform:: Platform Path C:/Users/khuon/ECE520/final_project/vitis_application/zybo_z7_10_plat/hw/reactive_scene_top_ps.xsa
TRACE::2026-05-03.18:14:32::SCWPlatform:: Unique name xilinx:zybo-z7-10::0.0
TRACE::2026-05-03.18:14:32::SCWPlatform::Trying to set the existing hwdb with name reactive_scene_top_ps_0
TRACE::2026-05-03.18:14:32::SCWPlatform::Opened existing hwdb reactive_scene_top_ps_0
TRACE::2026-05-03.18:14:32::SCWPlatform::Found the Hw Db part of the input DSA
TRACE::2026-05-03.18:14:32::SCWPlatform::Trying to open the hw design at C:/Users/khuon/ECE520/final_project/vitis_application/zybo_z7_10_plat/hw/reactive_scene_top_ps.xsa
TRACE::2026-05-03.18:14:32::SCWPlatform::DSA given C:/Users/khuon/ECE520/final_project/vitis_application/zybo_z7_10_plat/hw/reactive_scene_top_ps.xsa
TRACE::2026-05-03.18:14:32::SCWPlatform::DSA absoulate path C:/Users/khuon/ECE520/final_project/vitis_application/zybo_z7_10_plat/hw/reactive_scene_top_ps.xsa
TRACE::2026-05-03.18:14:32::SCWPlatform::DSA directory C:/Users/khuon/ECE520/final_project/vitis_application/zybo_z7_10_plat/hw
TRACE::2026-05-03.18:14:32::SCWPlatform:: Platform Path C:/Users/khuon/ECE520/final_project/vitis_application/zybo_z7_10_plat/hw/reactive_scene_top_ps.xsa
TRACE::2026-05-03.18:14:32::SCWPlatform:: Unique name xilinx:zybo-z7-10::0.0
TRACE::2026-05-03.18:14:32::SCWPlatform::Trying to set the existing hwdb with name reactive_scene_top_ps_0
TRACE::2026-05-03.18:14:32::SCWPlatform::Opened existing hwdb reactive_scene_top_ps_0
TRACE::2026-05-03.18:14:32::SCWPlatform::Found the Hw Db part of the input DSA
TRACE::2026-05-03.18:14:32::SCWDomain::Qemu Directory name is changed from "" to "qemu"
TRACE::2026-05-03.18:14:32::SCWPlatform::Trying to open the hw design at C:/Users/khuon/ECE520/final_project/vitis_application/zybo_z7_10_plat/hw/reactive_scene_top_ps.xsa
TRACE::2026-05-03.18:14:32::SCWPlatform::DSA given C:/Users/khuon/ECE520/final_project/vitis_application/zybo_z7_10_plat/hw/reactive_scene_top_ps.xsa
TRACE::2026-05-03.18:14:32::SCWPlatform::DSA absoulate path C:/Users/khuon/ECE520/final_project/vitis_application/zybo_z7_10_plat/hw/reactive_scene_top_ps.xsa
TRACE::2026-05-03.18:14:32::SCWPlatform::DSA directory C:/Users/khuon/ECE520/final_project/vitis_application/zybo_z7_10_plat/hw
TRACE::2026-05-03.18:14:32::SCWPlatform:: Platform Path C:/Users/khuon/ECE520/final_project/vitis_application/zybo_z7_10_plat/hw/reactive_scene_top_ps.xsa
TRACE::2026-05-03.18:14:32::SCWPlatform:: Unique name xilinx:zybo-z7-10::0.0
TRACE::2026-05-03.18:14:32::SCWPlatform::Trying to set the existing hwdb with name reactive_scene_top_ps_0
TRACE::2026-05-03.18:14:32::SCWPlatform::Opened existing hwdb reactive_scene_top_ps_0
TRACE::2026-05-03.18:14:32::SCWPlatform::Found the Hw Db part of the input DSA
TRACE::2026-05-03.18:14:32::SCWMssOS::Checking the sw design at  C:/Users/khuon/ECE520/final_project/vitis_application/zybo_z7_10_plat/ps7_cortexa9_0/standalone_domain/bsp/system.mss
TRACE::2026-05-03.18:14:32::SCWMssOS::DEBUG:  swdes dump  C:/Users/khuon/ECE520/final_project/vitis_application/zybo_z7_10_plat/zynq_fsbl/zynq_fsbl_bsp/system.mss|system||

TRACE::2026-05-03.18:14:32::SCWMssOS::No sw design opened at  C:/Users/khuon/ECE520/final_project/vitis_application/zybo_z7_10_plat/ps7_cortexa9_0/standalone_domain/bsp/system.mss
TRACE::2026-05-03.18:14:32::SCWMssOS::mss does not exists at C:/Users/khuon/ECE520/final_project/vitis_application/zybo_z7_10_plat/ps7_cortexa9_0/standalone_domain/bsp/system.mss
TRACE::2026-05-03.18:14:32::SCWMssOS::Creating sw design at  C:/Users/khuon/ECE520/final_project/vitis_application/zybo_z7_10_plat/ps7_cortexa9_0/standalone_domain/bsp/system.mss
TRACE::2026-05-03.18:14:32::SCWMssOS::Adding the swdes entry, created swdb C:/Users/khuon/ECE520/final_project/vitis_application/zybo_z7_10_plat/ps7_cortexa9_0/standalone_domain/bsp/system.mss with des name C:/Users/khuon/ECE520/final_project/vitis_application/zybo_z7_10_plat/ps7_cortexa9_0/standalone_domain/bsp/system.mss
TRACE::2026-05-03.18:14:32::SCWMssOS::updating the scw layer changes to swdes at   C:/Users/khuon/ECE520/final_project/vitis_application/zybo_z7_10_plat/ps7_cortexa9_0/standalone_domain/bsp/system.mss
TRACE::2026-05-03.18:14:32::SCWMssOS::Writing mss at C:/Users/khuon/ECE520/final_project/vitis_application/zybo_z7_10_plat/ps7_cortexa9_0/standalone_domain/bsp/system.mss
TRACE::2026-05-03.18:14:32::SCWMssOS::Completed writing the mss file at C:/Users/khuon/ECE520/final_project/vitis_application/zybo_z7_10_plat/ps7_cortexa9_0/standalone_domain/bsp
TRACE::2026-05-03.18:14:32::SCWMssOS::Picking up changes from newly written mss file into SCW Layer. 
TRACE::2026-05-03.18:14:32::SCWMssOS::Updated the changes from newly written mss file into SCW Layer. 
TRACE::2026-05-03.18:14:32::SCWMssOS::Completed writing the mss file at C:/Users/khuon/ECE520/final_project/vitis_application/zybo_z7_10_plat/ps7_cortexa9_0/standalone_domain/bsp
TRACE::2026-05-03.18:14:32::SCWMssOS::Forcing BSP Sources regeneration.
TRACE::2026-05-03.18:14:33::SCWMssOS::Saving the mss changes C:/Users/khuon/ECE520/final_project/vitis_application/zybo_z7_10_plat/zynq_fsbl/zynq_fsbl_bsp/system.mss
TRACE::2026-05-03.18:14:33::SCWMssOS::Found a swdesign opened with the mssfile.
TRACE::2026-05-03.18:14:33::SCWMssOS::Completed writemss as part of save.
TRACE::2026-05-03.18:14:33::SCWMssOS::Commit changes completed.
TRACE::2026-05-03.18:14:33::SCWMssOS::Saving the mss changes C:/Users/khuon/ECE520/final_project/vitis_application/zybo_z7_10_plat/ps7_cortexa9_0/standalone_domain/bsp/system.mss
TRACE::2026-05-03.18:14:33::SCWMssOS::Adding the swdes entry, mss present, able to open swdb C:/Users/khuon/ECE520/final_project/vitis_application/zybo_z7_10_plat/ps7_cortexa9_0/standalone_domain/bsp/system.mss with des name system_0
TRACE::2026-05-03.18:14:33::SCWMssOS::Writing the mss file completed C:/Users/khuon/ECE520/final_project/vitis_application/zybo_z7_10_plat/ps7_cortexa9_0/standalone_domain/bsp/system.mss
TRACE::2026-05-03.18:14:33::SCWMssOS::Commit changes completed.
TRACE::2026-05-03.18:14:33::SCWPlatform::Trying to open the hw design at C:/Users/khuon/ECE520/final_project/vitis_application/zybo_z7_10_plat/hw/reactive_scene_top_ps.xsa
TRACE::2026-05-03.18:14:33::SCWPlatform::DSA given C:/Users/khuon/ECE520/final_project/vitis_application/zybo_z7_10_plat/hw/reactive_scene_top_ps.xsa
TRACE::2026-05-03.18:14:33::SCWPlatform::DSA absoulate path C:/Users/khuon/ECE520/final_project/vitis_application/zybo_z7_10_plat/hw/reactive_scene_top_ps.xsa
TRACE::2026-05-03.18:14:33::SCWPlatform::DSA directory C:/Users/khuon/ECE520/final_project/vitis_application/zybo_z7_10_plat/hw
TRACE::2026-05-03.18:14:33::SCWPlatform:: Platform Path C:/Users/khuon/ECE520/final_project/vitis_application/zybo_z7_10_plat/hw/reactive_scene_top_ps.xsa
TRACE::2026-05-03.18:14:33::SCWPlatform:: Unique name xilinx:zybo-z7-10::0.0
TRACE::2026-05-03.18:14:33::SCWPlatform::Trying to set the existing hwdb with name reactive_scene_top_ps_0
TRACE::2026-05-03.18:14:33::SCWPlatform::Opened existing hwdb reactive_scene_top_ps_0
TRACE::2026-05-03.18:14:33::SCWPlatform::Found the Hw Db part of the input DSA
TRACE::2026-05-03.18:14:33::SCWMssOS::Checking the sw design at  C:/Users/khuon/ECE520/final_project/vitis_application/zybo_z7_10_plat/zynq_fsbl/zynq_fsbl_bsp/system.mss
TRACE::2026-05-03.18:14:33::SCWMssOS::DEBUG:  swdes dump  C:/Users/khuon/ECE520/final_project/vitis_application/zybo_z7_10_plat/ps7_cortexa9_0/standalone_domain/bsp/system.mss|system_0||
C:/Users/khuon/ECE520/final_project/vitis_application/zybo_z7_10_plat/zynq_fsbl/zynq_fsbl_bsp/system.mss|system||

TRACE::2026-05-03.18:14:33::SCWMssOS::Sw design exists and opened at  C:/Users/khuon/ECE520/final_project/vitis_application/zybo_z7_10_plat/zynq_fsbl/zynq_fsbl_bsp/system.mss
TRACE::2026-05-03.18:14:33::SCWPlatform::Trying to open the hw design at C:/Users/khuon/ECE520/final_project/vitis_application/zybo_z7_10_plat/hw/reactive_scene_top_ps.xsa
TRACE::2026-05-03.18:14:33::SCWPlatform::DSA given C:/Users/khuon/ECE520/final_project/vitis_application/zybo_z7_10_plat/hw/reactive_scene_top_ps.xsa
TRACE::2026-05-03.18:14:33::SCWPlatform::DSA absoulate path C:/Users/khuon/ECE520/final_project/vitis_application/zybo_z7_10_plat/hw/reactive_scene_top_ps.xsa
TRACE::2026-05-03.18:14:33::SCWPlatform::DSA directory C:/Users/khuon/ECE520/final_project/vitis_application/zybo_z7_10_plat/hw
TRACE::2026-05-03.18:14:33::SCWPlatform:: Platform Path C:/Users/khuon/ECE520/final_project/vitis_application/zybo_z7_10_plat/hw/reactive_scene_top_ps.xsa
TRACE::2026-05-03.18:14:33::SCWPlatform:: Unique name xilinx:zybo-z7-10::0.0
TRACE::2026-05-03.18:14:33::SCWPlatform::Trying to set the existing hwdb with name reactive_scene_top_ps_0
TRACE::2026-05-03.18:14:33::SCWPlatform::Opened existing hwdb reactive_scene_top_ps_0
TRACE::2026-05-03.18:14:33::SCWPlatform::Found the Hw Db part of the input DSA
TRACE::2026-05-03.18:14:33::SCWMssOS::Checking the sw design at  C:/Users/khuon/ECE520/final_project/vitis_application/zybo_z7_10_plat/zynq_fsbl/zynq_fsbl_bsp/system.mss
TRACE::2026-05-03.18:14:33::SCWMssOS::DEBUG:  swdes dump  C:/Users/khuon/ECE520/final_project/vitis_application/zybo_z7_10_plat/ps7_cortexa9_0/standalone_domain/bsp/system.mss|system_0||
C:/Users/khuon/ECE520/final_project/vitis_application/zybo_z7_10_plat/zynq_fsbl/zynq_fsbl_bsp/system.mss|system||

TRACE::2026-05-03.18:14:33::SCWMssOS::Sw design exists and opened at  C:/Users/khuon/ECE520/final_project/vitis_application/zybo_z7_10_plat/zynq_fsbl/zynq_fsbl_bsp/system.mss
TRACE::2026-05-03.18:14:33::SCWPlatform::Trying to open the hw design at C:/Users/khuon/ECE520/final_project/vitis_application/zybo_z7_10_plat/hw/reactive_scene_top_ps.xsa
TRACE::2026-05-03.18:14:33::SCWPlatform::DSA given C:/Users/khuon/ECE520/final_project/vitis_application/zybo_z7_10_plat/hw/reactive_scene_top_ps.xsa
TRACE::2026-05-03.18:14:33::SCWPlatform::DSA absoulate path C:/Users/khuon/ECE520/final_project/vitis_application/zybo_z7_10_plat/hw/reactive_scene_top_ps.xsa
TRACE::2026-05-03.18:14:33::SCWPlatform::DSA directory C:/Users/khuon/ECE520/final_project/vitis_application/zybo_z7_10_plat/hw
TRACE::2026-05-03.18:14:33::SCWPlatform:: Platform Path C:/Users/khuon/ECE520/final_project/vitis_application/zybo_z7_10_plat/hw/reactive_scene_top_ps.xsa
TRACE::2026-05-03.18:14:33::SCWPlatform:: Unique name xilinx:zybo-z7-10::0.0
TRACE::2026-05-03.18:14:33::SCWPlatform::Trying to set the existing hwdb with name reactive_scene_top_ps_0
TRACE::2026-05-03.18:14:33::SCWPlatform::Opened existing hwdb reactive_scene_top_ps_0
TRACE::2026-05-03.18:14:33::SCWPlatform::Found the Hw Db part of the input DSA
TRACE::2026-05-03.18:14:33::SCWMssOS::Checking the sw design at  C:/Users/khuon/ECE520/final_project/vitis_application/zybo_z7_10_plat/zynq_fsbl/zynq_fsbl_bsp/system.mss
TRACE::2026-05-03.18:14:33::SCWMssOS::DEBUG:  swdes dump  C:/Users/khuon/ECE520/final_project/vitis_application/zybo_z7_10_plat/ps7_cortexa9_0/standalone_domain/bsp/system.mss|system_0||
C:/Users/khuon/ECE520/final_project/vitis_application/zybo_z7_10_plat/zynq_fsbl/zynq_fsbl_bsp/system.mss|system||

TRACE::2026-05-03.18:14:33::SCWMssOS::Sw design exists and opened at  C:/Users/khuon/ECE520/final_project/vitis_application/zybo_z7_10_plat/zynq_fsbl/zynq_fsbl_bsp/system.mss
TRACE::2026-05-03.18:14:33::SCWPlatform::Trying to open the hw design at C:/Users/khuon/ECE520/final_project/vitis_application/zybo_z7_10_plat/hw/reactive_scene_top_ps.xsa
TRACE::2026-05-03.18:14:33::SCWPlatform::DSA given C:/Users/khuon/ECE520/final_project/vitis_application/zybo_z7_10_plat/hw/reactive_scene_top_ps.xsa
TRACE::2026-05-03.18:14:33::SCWPlatform::DSA absoulate path C:/Users/khuon/ECE520/final_project/vitis_application/zybo_z7_10_plat/hw/reactive_scene_top_ps.xsa
TRACE::2026-05-03.18:14:33::SCWPlatform::DSA directory C:/Users/khuon/ECE520/final_project/vitis_application/zybo_z7_10_plat/hw
TRACE::2026-05-03.18:14:33::SCWPlatform:: Platform Path C:/Users/khuon/ECE520/final_project/vitis_application/zybo_z7_10_plat/hw/reactive_scene_top_ps.xsa
TRACE::2026-05-03.18:14:33::SCWPlatform:: Unique name xilinx:zybo-z7-10::0.0
TRACE::2026-05-03.18:14:33::SCWPlatform::Trying to set the existing hwdb with name reactive_scene_top_ps_0
TRACE::2026-05-03.18:14:33::SCWPlatform::Opened existing hwdb reactive_scene_top_ps_0
TRACE::2026-05-03.18:14:33::SCWPlatform::Found the Hw Db part of the input DSA
TRACE::2026-05-03.18:14:33::SCWMssOS::Checking the sw design at  C:/Users/khuon/ECE520/final_project/vitis_application/zybo_z7_10_plat/ps7_cortexa9_0/standalone_domain/bsp/system.mss
TRACE::2026-05-03.18:14:33::SCWMssOS::DEBUG:  swdes dump  C:/Users/khuon/ECE520/final_project/vitis_application/zybo_z7_10_plat/ps7_cortexa9_0/standalone_domain/bsp/system.mss|system_0||
C:/Users/khuon/ECE520/final_project/vitis_application/zybo_z7_10_plat/zynq_fsbl/zynq_fsbl_bsp/system.mss|system||

TRACE::2026-05-03.18:14:33::SCWMssOS::Sw design exists and opened at  C:/Users/khuon/ECE520/final_project/vitis_application/zybo_z7_10_plat/ps7_cortexa9_0/standalone_domain/bsp/system.mss
TRACE::2026-05-03.18:14:33::SCWPlatform::Trying to open the hw design at C:/Users/khuon/ECE520/final_project/vitis_application/zybo_z7_10_plat/hw/reactive_scene_top_ps.xsa
TRACE::2026-05-03.18:14:33::SCWPlatform::DSA given C:/Users/khuon/ECE520/final_project/vitis_application/zybo_z7_10_plat/hw/reactive_scene_top_ps.xsa
TRACE::2026-05-03.18:14:33::SCWPlatform::DSA absoulate path C:/Users/khuon/ECE520/final_project/vitis_application/zybo_z7_10_plat/hw/reactive_scene_top_ps.xsa
TRACE::2026-05-03.18:14:33::SCWPlatform::DSA directory C:/Users/khuon/ECE520/final_project/vitis_application/zybo_z7_10_plat/hw
TRACE::2026-05-03.18:14:33::SCWPlatform:: Platform Path C:/Users/khuon/ECE520/final_project/vitis_application/zybo_z7_10_plat/hw/reactive_scene_top_ps.xsa
TRACE::2026-05-03.18:14:33::SCWPlatform:: Unique name xilinx:zybo-z7-10::0.0
TRACE::2026-05-03.18:14:33::SCWPlatform::Trying to set the existing hwdb with name reactive_scene_top_ps_0
TRACE::2026-05-03.18:14:33::SCWPlatform::Opened existing hwdb reactive_scene_top_ps_0
TRACE::2026-05-03.18:14:33::SCWPlatform::Found the Hw Db part of the input DSA
TRACE::2026-05-03.18:14:33::SCWMssOS::Checking the sw design at  C:/Users/khuon/ECE520/final_project/vitis_application/zybo_z7_10_plat/ps7_cortexa9_0/standalone_domain/bsp/system.mss
TRACE::2026-05-03.18:14:33::SCWMssOS::DEBUG:  swdes dump  C:/Users/khuon/ECE520/final_project/vitis_application/zybo_z7_10_plat/ps7_cortexa9_0/standalone_domain/bsp/system.mss|system_0||
C:/Users/khuon/ECE520/final_project/vitis_application/zybo_z7_10_plat/zynq_fsbl/zynq_fsbl_bsp/system.mss|system||

TRACE::2026-05-03.18:14:33::SCWMssOS::Sw design exists and opened at  C:/Users/khuon/ECE520/final_project/vitis_application/zybo_z7_10_plat/ps7_cortexa9_0/standalone_domain/bsp/system.mss
TRACE::2026-05-03.18:14:33::SCWPlatform::Trying to open the hw design at C:/Users/khuon/ECE520/final_project/vitis_application/zybo_z7_10_plat/hw/reactive_scene_top_ps.xsa
TRACE::2026-05-03.18:14:33::SCWPlatform::DSA given C:/Users/khuon/ECE520/final_project/vitis_application/zybo_z7_10_plat/hw/reactive_scene_top_ps.xsa
TRACE::2026-05-03.18:14:33::SCWPlatform::DSA absoulate path C:/Users/khuon/ECE520/final_project/vitis_application/zybo_z7_10_plat/hw/reactive_scene_top_ps.xsa
TRACE::2026-05-03.18:14:33::SCWPlatform::DSA directory C:/Users/khuon/ECE520/final_project/vitis_application/zybo_z7_10_plat/hw
TRACE::2026-05-03.18:14:33::SCWPlatform:: Platform Path C:/Users/khuon/ECE520/final_project/vitis_application/zybo_z7_10_plat/hw/reactive_scene_top_ps.xsa
TRACE::2026-05-03.18:14:33::SCWPlatform:: Unique name xilinx:zybo-z7-10::0.0
TRACE::2026-05-03.18:14:33::SCWPlatform::Trying to set the existing hwdb with name reactive_scene_top_ps_0
TRACE::2026-05-03.18:14:33::SCWPlatform::Opened existing hwdb reactive_scene_top_ps_0
TRACE::2026-05-03.18:14:33::SCWPlatform::Found the Hw Db part of the input DSA
TRACE::2026-05-03.18:14:33::SCWMssOS::Checking the sw design at  C:/Users/khuon/ECE520/final_project/vitis_application/zybo_z7_10_plat/ps7_cortexa9_0/standalone_domain/bsp/system.mss
TRACE::2026-05-03.18:14:33::SCWMssOS::DEBUG:  swdes dump  C:/Users/khuon/ECE520/final_project/vitis_application/zybo_z7_10_plat/ps7_cortexa9_0/standalone_domain/bsp/system.mss|system_0||
C:/Users/khuon/ECE520/final_project/vitis_application/zybo_z7_10_plat/zynq_fsbl/zynq_fsbl_bsp/system.mss|system||

TRACE::2026-05-03.18:14:33::SCWMssOS::Sw design exists and opened at  C:/Users/khuon/ECE520/final_project/vitis_application/zybo_z7_10_plat/ps7_cortexa9_0/standalone_domain/bsp/system.mss
TRACE::2026-05-03.18:14:33::SCWWriter::formatted JSON is {
	"platformName":	"zybo_z7_10_plat",
	"sprVersion":	"2.0",
	"mode":	"gui",
	"dsaType":	"Fixed",
	"platformDesc":	"zybo_z7_10_plat",
	"platHandOff":	"C:/Users/khuon/ECE520/final_project/phase3_integration/reactive_scene_top_ps.xsa",
	"platIntHandOff":	"<platformDir>/hw/reactive_scene_top_ps.xsa",
	"deviceType":	"zynq",
	"platIsPrebuiltAutogen":	"false",
	"platIsNoBootBsp":	"false",
	"platFsblTarget":	"ps7_cortexa9_0",
	"hasFsblMakeHasChanges":	"false",
	"hasPmufwMakeHasChanges":	"false",
	"fsblExtraCompilerFlags":	"-MMD -MP       -mcpu=cortex-a9 -mfpu=vfpv3 -mfloat-abi=hard ",
	"platPreBuiltFlag":	false,
	"platformSamplesDir":	"",
	"platActiveSys":	"zybo_z7_10_plat",
	"systems":	[{
			"systemName":	"zybo_z7_10_plat",
			"systemDesc":	"zybo_z7_10_plat",
			"sysIsBootAutoGen":	"true",
			"systemDispName":	"zybo_z7_10_plat",
			"sysActiveDom":	"standalone_domain",
			"sysDefaultDom":	"standalone_domain",
			"domains":	[{
					"domainName":	"zynq_fsbl",
					"domainDispName":	"zynq_fsbl",
					"domainDesc":	"FSBL Application BSP - Auto Generated.",
					"processors":	"ps7_cortexa9_0",
					"os":	"standalone",
					"sdxOs":	"standalone",
					"debugEnable":	"",
					"domRuntimes":	["cpp"],
					"swRepo":	"",
					"mssOsVer":	"8.1",
					"mssFile":	"",
					"md5Digest":	"5d56e52180d0bc02e0d42be3c7f1597a",
					"compatibleApp":	"zynq_fsbl",
					"domType":	"bootDomain",
					"arch":	"32-bit",
					"appSettings":	{
						"appCompilerFlags":	"",
						"appLinkerFlags":	""
					},
					"addedLibs":	["xilffs:5.0", "xilrsa:1.6"],
					"libOptions":	{
						"libsContainingOptions":	[]
					},
					"prebuiltLibs":	{
						"prebuiltIncPath":	[],
						"prebuiltLibPath":	[]
					},
					"isolation":	{
					}
				}, {
					"domainName":	"standalone_domain",
					"domainDispName":	"standalone_domain",
					"domainDesc":	"standalone_domain",
					"processors":	"ps7_cortexa9_0",
					"os":	"standalone",
					"sdxOs":	"standalone",
					"qemuArgs":	"<platformDir>/resources/zybo_z7_10_plat/standalone_domain/qemu_args.txt",
					"qemuData":	"<platformDir>/resources/zybo_z7_10_plat/standalone_domain/qemu",
					"debugEnable":	"False",
					"domRuntimes":	["cpp"],
					"swRepo":	"",
					"mssOsVer":	"8.1",
					"mssFile":	"",
					"md5Digest":	"15de6ed70cac3d5d78676056db89f50d",
					"compatibleApp":	"",
					"domType":	"mssDomain",
					"appSettings":	{
						"appCompilerFlags":	"",
						"appLinkerFlags":	""
					},
					"addedLibs":	[],
					"libOptions":	{
						"libsContainingOptions":	[]
					},
					"prebuiltLibs":	{
						"prebuiltIncPath":	[],
						"prebuiltLibPath":	[]
					},
					"isolation":	{
					}
				}]
		}]
}
LOG::2026-05-03.18:14:33::SCWPlatform::Started generating the artifacts platform zybo_z7_10_plat
TRACE::2026-05-03.18:14:33::SCWPlatform::Sanity checking of platform is completed
LOG::2026-05-03.18:14:33::SCWPlatform::Started generating the artifacts for system configuration zybo_z7_10_plat
LOG::2026-05-03.18:14:33::SCWSystem::Checking the domain zynq_fsbl
LOG::2026-05-03.18:14:33::SCWSystem::Doing application build for :  zynq_fsbl
TRACE::2026-05-03.18:14:33::SCWBDomain::Not a forced makefile updation, No changes are present. 
TRACE::2026-05-03.18:14:33::SCWDomain::Skipping the build for domain :  zynq_fsbl
LOG::2026-05-03.18:14:33::SCWSystem::Checking the domain standalone_domain
LOG::2026-05-03.18:14:33::SCWSystem::Not a boot domain 
LOG::2026-05-03.18:14:33::SCWSystem::Started Processing the domain standalone_domain
TRACE::2026-05-03.18:14:33::SCWDomain::Generating domain artifcats
TRACE::2026-05-03.18:14:33::SCWMssOS::Generating standalone artifcats
TRACE::2026-05-03.18:14:33::SCWMssOS::Copying the qemu file from  C:/Users/khuon/ECE520/final_project/vitis_application/zybo_z7_10_plat/resources/zybo_z7_10_plat/standalone_domain/qemu_args.txt To C:/Users/khuon/ECE520/final_project/vitis_application/zybo_z7_10_plat/export/zybo_z7_10_plat/sw/zybo_z7_10_plat/qemu/
TRACE::2026-05-03.18:14:33::SCWMssOS::Copying the qemu file from  C:/Users/khuon/ECE520/final_project/vitis_application/zybo_z7_10_plat/resources/zybo_z7_10_plat/standalone_domain/qemu_args.txt To C:/Users/khuon/ECE520/final_project/vitis_application/zybo_z7_10_plat/export/zybo_z7_10_plat/sw/zybo_z7_10_plat/standalone_domain/qemu/
TRACE::2026-05-03.18:14:33::SCWMssOS:: Copying the user libraries. 
TRACE::2026-05-03.18:14:33::SCWPlatform::Trying to open the hw design at C:/Users/khuon/ECE520/final_project/vitis_application/zybo_z7_10_plat/hw/reactive_scene_top_ps.xsa
TRACE::2026-05-03.18:14:33::SCWPlatform::DSA given C:/Users/khuon/ECE520/final_project/vitis_application/zybo_z7_10_plat/hw/reactive_scene_top_ps.xsa
TRACE::2026-05-03.18:14:33::SCWPlatform::DSA absoulate path C:/Users/khuon/ECE520/final_project/vitis_application/zybo_z7_10_plat/hw/reactive_scene_top_ps.xsa
TRACE::2026-05-03.18:14:33::SCWPlatform::DSA directory C:/Users/khuon/ECE520/final_project/vitis_application/zybo_z7_10_plat/hw
TRACE::2026-05-03.18:14:33::SCWPlatform:: Platform Path C:/Users/khuon/ECE520/final_project/vitis_application/zybo_z7_10_plat/hw/reactive_scene_top_ps.xsa
TRACE::2026-05-03.18:14:33::SCWPlatform:: Unique name xilinx:zybo-z7-10::0.0
TRACE::2026-05-03.18:14:33::SCWPlatform::Trying to set the existing hwdb with name reactive_scene_top_ps_0
TRACE::2026-05-03.18:14:33::SCWPlatform::Opened existing hwdb reactive_scene_top_ps_0
TRACE::2026-05-03.18:14:33::SCWPlatform::Found the Hw Db part of the input DSA
TRACE::2026-05-03.18:14:33::SCWMssOS::Checking the sw design at  C:/Users/khuon/ECE520/final_project/vitis_application/zybo_z7_10_plat/ps7_cortexa9_0/standalone_domain/bsp/system.mss
TRACE::2026-05-03.18:14:33::SCWMssOS::DEBUG:  swdes dump  C:/Users/khuon/ECE520/final_project/vitis_application/zybo_z7_10_plat/ps7_cortexa9_0/standalone_domain/bsp/system.mss|system_0||
C:/Users/khuon/ECE520/final_project/vitis_application/zybo_z7_10_plat/zynq_fsbl/zynq_fsbl_bsp/system.mss|system||

TRACE::2026-05-03.18:14:33::SCWMssOS::Sw design exists and opened at  C:/Users/khuon/ECE520/final_project/vitis_application/zybo_z7_10_plat/ps7_cortexa9_0/standalone_domain/bsp/system.mss
TRACE::2026-05-03.18:14:33::SCWMssOS::Completed writing the mss file at C:/Users/khuon/ECE520/final_project/vitis_application/zybo_z7_10_plat/ps7_cortexa9_0/standalone_domain/bsp
TRACE::2026-05-03.18:14:33::SCWMssOS::Mss edits present, copying mssfile into export location C:/Users/khuon/ECE520/final_project/vitis_application/zybo_z7_10_plat/ps7_cortexa9_0/standalone_domain/bsp/system.mss
TRACE::2026-05-03.18:14:33::SCWMssOS::bsp generated is upto date with the mss file. Skipping bsp generation.
TRACE::2026-05-03.18:14:33::SCWMssOS::BSP is already built. skipping the bsp build ... 
TRACE::2026-05-03.18:14:33::SCWDomain::Skipping the build for domain :  standalone_domain
TRACE::2026-05-03.18:14:33::SCWMssOS::skipping the bsp build ... 
TRACE::2026-05-03.18:14:33::SCWMssOS::Copying to export directory.
TRACE::2026-05-03.18:14:33::SCWMssOS:: Checking if to create the Supporting Applications
TRACE::2026-05-03.18:14:33::SCWMssOS:: No Linux domain exists, trying to generate FSBL 
TRACE::2026-05-03.18:14:33::SCWMssOS:: Completed Standalone Artifacts creation 
LOG::2026-05-03.18:14:33::SCWSystem::Completed Processing the domain standalone_domain
LOG::2026-05-03.18:14:33::SCWSystem::Completed Processing the sysconfig zybo_z7_10_plat
LOG::2026-05-03.18:14:33::SCWPlatform::Completed generating the artifacts for system configuration zybo_z7_10_plat
TRACE::2026-05-03.18:14:33::SCWPlatform::Started preparing the platform 
TRACE::2026-05-03.18:14:33::SCWSystem::Writing the bif file for system config zybo_z7_10_plat
TRACE::2026-05-03.18:14:33::SCWSystem::dir created 
TRACE::2026-05-03.18:14:33::SCWSystem::Writing the bif 
TRACE::2026-05-03.18:14:33::SCWPlatform::Started writing the spfm file 
TRACE::2026-05-03.18:14:33::SCWPlatform::Started writing the xpfm file 
TRACE::2026-05-03.18:14:33::SCWPlatform::Completed generating the platform
TRACE::2026-05-03.18:14:33::SCWMssOS::Saving the mss changes C:/Users/khuon/ECE520/final_project/vitis_application/zybo_z7_10_plat/zynq_fsbl/zynq_fsbl_bsp/system.mss
TRACE::2026-05-03.18:14:33::SCWMssOS::Found a swdesign opened with the mssfile.
TRACE::2026-05-03.18:14:33::SCWMssOS::Completed writemss as part of save.
TRACE::2026-05-03.18:14:33::SCWMssOS::Commit changes completed.
TRACE::2026-05-03.18:14:33::SCWMssOS::Saving the mss changes C:/Users/khuon/ECE520/final_project/vitis_application/zybo_z7_10_plat/ps7_cortexa9_0/standalone_domain/bsp/system.mss
TRACE::2026-05-03.18:14:33::SCWMssOS::Found a swdesign opened with the mssfile.
TRACE::2026-05-03.18:14:33::SCWMssOS::Completed writemss as part of save.
TRACE::2026-05-03.18:14:33::SCWMssOS::Commit changes completed.
TRACE::2026-05-03.18:14:33::SCWPlatform::Trying to open the hw design at C:/Users/khuon/ECE520/final_project/vitis_application/zybo_z7_10_plat/hw/reactive_scene_top_ps.xsa
TRACE::2026-05-03.18:14:33::SCWPlatform::DSA given C:/Users/khuon/ECE520/final_project/vitis_application/zybo_z7_10_plat/hw/reactive_scene_top_ps.xsa
TRACE::2026-05-03.18:14:33::SCWPlatform::DSA absoulate path C:/Users/khuon/ECE520/final_project/vitis_application/zybo_z7_10_plat/hw/reactive_scene_top_ps.xsa
TRACE::2026-05-03.18:14:33::SCWPlatform::DSA directory C:/Users/khuon/ECE520/final_project/vitis_application/zybo_z7_10_plat/hw
TRACE::2026-05-03.18:14:33::SCWPlatform:: Platform Path C:/Users/khuon/ECE520/final_project/vitis_application/zybo_z7_10_plat/hw/reactive_scene_top_ps.xsa
TRACE::2026-05-03.18:14:33::SCWPlatform:: Unique name xilinx:zybo-z7-10::0.0
TRACE::2026-05-03.18:14:33::SCWPlatform::Trying to set the existing hwdb with name reactive_scene_top_ps_0
TRACE::2026-05-03.18:14:33::SCWPlatform::Opened existing hwdb reactive_scene_top_ps_0
TRACE::2026-05-03.18:14:33::SCWPlatform::Found the Hw Db part of the input DSA
TRACE::2026-05-03.18:14:33::SCWMssOS::Checking the sw design at  C:/Users/khuon/ECE520/final_project/vitis_application/zybo_z7_10_plat/zynq_fsbl/zynq_fsbl_bsp/system.mss
TRACE::2026-05-03.18:14:33::SCWMssOS::DEBUG:  swdes dump  C:/Users/khuon/ECE520/final_project/vitis_application/zybo_z7_10_plat/ps7_cortexa9_0/standalone_domain/bsp/system.mss|system_0||
C:/Users/khuon/ECE520/final_project/vitis_application/zybo_z7_10_plat/zynq_fsbl/zynq_fsbl_bsp/system.mss|system||

TRACE::2026-05-03.18:14:33::SCWMssOS::Sw design exists and opened at  C:/Users/khuon/ECE520/final_project/vitis_application/zybo_z7_10_plat/zynq_fsbl/zynq_fsbl_bsp/system.mss
TRACE::2026-05-03.18:14:33::SCWPlatform::Trying to open the hw design at C:/Users/khuon/ECE520/final_project/vitis_application/zybo_z7_10_plat/hw/reactive_scene_top_ps.xsa
TRACE::2026-05-03.18:14:33::SCWPlatform::DSA given C:/Users/khuon/ECE520/final_project/vitis_application/zybo_z7_10_plat/hw/reactive_scene_top_ps.xsa
TRACE::2026-05-03.18:14:33::SCWPlatform::DSA absoulate path C:/Users/khuon/ECE520/final_project/vitis_application/zybo_z7_10_plat/hw/reactive_scene_top_ps.xsa
TRACE::2026-05-03.18:14:33::SCWPlatform::DSA directory C:/Users/khuon/ECE520/final_project/vitis_application/zybo_z7_10_plat/hw
TRACE::2026-05-03.18:14:33::SCWPlatform:: Platform Path C:/Users/khuon/ECE520/final_project/vitis_application/zybo_z7_10_plat/hw/reactive_scene_top_ps.xsa
TRACE::2026-05-03.18:14:33::SCWPlatform:: Unique name xilinx:zybo-z7-10::0.0
TRACE::2026-05-03.18:14:33::SCWPlatform::Trying to set the existing hwdb with name reactive_scene_top_ps_0
TRACE::2026-05-03.18:14:33::SCWPlatform::Opened existing hwdb reactive_scene_top_ps_0
TRACE::2026-05-03.18:14:33::SCWPlatform::Found the Hw Db part of the input DSA
TRACE::2026-05-03.18:14:33::SCWMssOS::Checking the sw design at  C:/Users/khuon/ECE520/final_project/vitis_application/zybo_z7_10_plat/zynq_fsbl/zynq_fsbl_bsp/system.mss
TRACE::2026-05-03.18:14:33::SCWMssOS::DEBUG:  swdes dump  C:/Users/khuon/ECE520/final_project/vitis_application/zybo_z7_10_plat/ps7_cortexa9_0/standalone_domain/bsp/system.mss|system_0||
C:/Users/khuon/ECE520/final_project/vitis_application/zybo_z7_10_plat/zynq_fsbl/zynq_fsbl_bsp/system.mss|system||

TRACE::2026-05-03.18:14:33::SCWMssOS::Sw design exists and opened at  C:/Users/khuon/ECE520/final_project/vitis_application/zybo_z7_10_plat/zynq_fsbl/zynq_fsbl_bsp/system.mss
TRACE::2026-05-03.18:14:33::SCWPlatform::Trying to open the hw design at C:/Users/khuon/ECE520/final_project/vitis_application/zybo_z7_10_plat/hw/reactive_scene_top_ps.xsa
TRACE::2026-05-03.18:14:33::SCWPlatform::DSA given C:/Users/khuon/ECE520/final_project/vitis_application/zybo_z7_10_plat/hw/reactive_scene_top_ps.xsa
TRACE::2026-05-03.18:14:33::SCWPlatform::DSA absoulate path C:/Users/khuon/ECE520/final_project/vitis_application/zybo_z7_10_plat/hw/reactive_scene_top_ps.xsa
TRACE::2026-05-03.18:14:33::SCWPlatform::DSA directory C:/Users/khuon/ECE520/final_project/vitis_application/zybo_z7_10_plat/hw
TRACE::2026-05-03.18:14:33::SCWPlatform:: Platform Path C:/Users/khuon/ECE520/final_project/vitis_application/zybo_z7_10_plat/hw/reactive_scene_top_ps.xsa
TRACE::2026-05-03.18:14:33::SCWPlatform:: Unique name xilinx:zybo-z7-10::0.0
TRACE::2026-05-03.18:14:33::SCWPlatform::Trying to set the existing hwdb with name reactive_scene_top_ps_0
TRACE::2026-05-03.18:14:33::SCWPlatform::Opened existing hwdb reactive_scene_top_ps_0
TRACE::2026-05-03.18:14:33::SCWPlatform::Found the Hw Db part of the input DSA
TRACE::2026-05-03.18:14:33::SCWMssOS::Checking the sw design at  C:/Users/khuon/ECE520/final_project/vitis_application/zybo_z7_10_plat/zynq_fsbl/zynq_fsbl_bsp/system.mss
TRACE::2026-05-03.18:14:33::SCWMssOS::DEBUG:  swdes dump  C:/Users/khuon/ECE520/final_project/vitis_application/zybo_z7_10_plat/ps7_cortexa9_0/standalone_domain/bsp/system.mss|system_0||
C:/Users/khuon/ECE520/final_project/vitis_application/zybo_z7_10_plat/zynq_fsbl/zynq_fsbl_bsp/system.mss|system||

TRACE::2026-05-03.18:14:33::SCWMssOS::Sw design exists and opened at  C:/Users/khuon/ECE520/final_project/vitis_application/zybo_z7_10_plat/zynq_fsbl/zynq_fsbl_bsp/system.mss
TRACE::2026-05-03.18:14:33::SCWPlatform::Trying to open the hw design at C:/Users/khuon/ECE520/final_project/vitis_application/zybo_z7_10_plat/hw/reactive_scene_top_ps.xsa
TRACE::2026-05-03.18:14:33::SCWPlatform::DSA given C:/Users/khuon/ECE520/final_project/vitis_application/zybo_z7_10_plat/hw/reactive_scene_top_ps.xsa
TRACE::2026-05-03.18:14:33::SCWPlatform::DSA absoulate path C:/Users/khuon/ECE520/final_project/vitis_application/zybo_z7_10_plat/hw/reactive_scene_top_ps.xsa
TRACE::2026-05-03.18:14:33::SCWPlatform::DSA directory C:/Users/khuon/ECE520/final_project/vitis_application/zybo_z7_10_plat/hw
TRACE::2026-05-03.18:14:33::SCWPlatform:: Platform Path C:/Users/khuon/ECE520/final_project/vitis_application/zybo_z7_10_plat/hw/reactive_scene_top_ps.xsa
TRACE::2026-05-03.18:14:33::SCWPlatform:: Unique name xilinx:zybo-z7-10::0.0
TRACE::2026-05-03.18:14:33::SCWPlatform::Trying to set the existing hwdb with name reactive_scene_top_ps_0
TRACE::2026-05-03.18:14:33::SCWPlatform::Opened existing hwdb reactive_scene_top_ps_0
TRACE::2026-05-03.18:14:33::SCWPlatform::Found the Hw Db part of the input DSA
TRACE::2026-05-03.18:14:33::SCWMssOS::Checking the sw design at  C:/Users/khuon/ECE520/final_project/vitis_application/zybo_z7_10_plat/ps7_cortexa9_0/standalone_domain/bsp/system.mss
TRACE::2026-05-03.18:14:33::SCWMssOS::DEBUG:  swdes dump  C:/Users/khuon/ECE520/final_project/vitis_application/zybo_z7_10_plat/ps7_cortexa9_0/standalone_domain/bsp/system.mss|system_0||
C:/Users/khuon/ECE520/final_project/vitis_application/zybo_z7_10_plat/zynq_fsbl/zynq_fsbl_bsp/system.mss|system||

TRACE::2026-05-03.18:14:33::SCWMssOS::Sw design exists and opened at  C:/Users/khuon/ECE520/final_project/vitis_application/zybo_z7_10_plat/ps7_cortexa9_0/standalone_domain/bsp/system.mss
TRACE::2026-05-03.18:14:33::SCWPlatform::Trying to open the hw design at C:/Users/khuon/ECE520/final_project/vitis_application/zybo_z7_10_plat/hw/reactive_scene_top_ps.xsa
TRACE::2026-05-03.18:14:33::SCWPlatform::DSA given C:/Users/khuon/ECE520/final_project/vitis_application/zybo_z7_10_plat/hw/reactive_scene_top_ps.xsa
TRACE::2026-05-03.18:14:33::SCWPlatform::DSA absoulate path C:/Users/khuon/ECE520/final_project/vitis_application/zybo_z7_10_plat/hw/reactive_scene_top_ps.xsa
TRACE::2026-05-03.18:14:33::SCWPlatform::DSA directory C:/Users/khuon/ECE520/final_project/vitis_application/zybo_z7_10_plat/hw
TRACE::2026-05-03.18:14:33::SCWPlatform:: Platform Path C:/Users/khuon/ECE520/final_project/vitis_application/zybo_z7_10_plat/hw/reactive_scene_top_ps.xsa
TRACE::2026-05-03.18:14:33::SCWPlatform:: Unique name xilinx:zybo-z7-10::0.0
TRACE::2026-05-03.18:14:33::SCWPlatform::Trying to set the existing hwdb with name reactive_scene_top_ps_0
TRACE::2026-05-03.18:14:33::SCWPlatform::Opened existing hwdb reactive_scene_top_ps_0
TRACE::2026-05-03.18:14:33::SCWPlatform::Found the Hw Db part of the input DSA
TRACE::2026-05-03.18:14:33::SCWMssOS::Checking the sw design at  C:/Users/khuon/ECE520/final_project/vitis_application/zybo_z7_10_plat/ps7_cortexa9_0/standalone_domain/bsp/system.mss
TRACE::2026-05-03.18:14:33::SCWMssOS::DEBUG:  swdes dump  C:/Users/khuon/ECE520/final_project/vitis_application/zybo_z7_10_plat/ps7_cortexa9_0/standalone_domain/bsp/system.mss|system_0||
C:/Users/khuon/ECE520/final_project/vitis_application/zybo_z7_10_plat/zynq_fsbl/zynq_fsbl_bsp/system.mss|system||

TRACE::2026-05-03.18:14:33::SCWMssOS::Sw design exists and opened at  C:/Users/khuon/ECE520/final_project/vitis_application/zybo_z7_10_plat/ps7_cortexa9_0/standalone_domain/bsp/system.mss
TRACE::2026-05-03.18:14:33::SCWPlatform::Trying to open the hw design at C:/Users/khuon/ECE520/final_project/vitis_application/zybo_z7_10_plat/hw/reactive_scene_top_ps.xsa
TRACE::2026-05-03.18:14:33::SCWPlatform::DSA given C:/Users/khuon/ECE520/final_project/vitis_application/zybo_z7_10_plat/hw/reactive_scene_top_ps.xsa
TRACE::2026-05-03.18:14:33::SCWPlatform::DSA absoulate path C:/Users/khuon/ECE520/final_project/vitis_application/zybo_z7_10_plat/hw/reactive_scene_top_ps.xsa
TRACE::2026-05-03.18:14:33::SCWPlatform::DSA directory C:/Users/khuon/ECE520/final_project/vitis_application/zybo_z7_10_plat/hw
TRACE::2026-05-03.18:14:33::SCWPlatform:: Platform Path C:/Users/khuon/ECE520/final_project/vitis_application/zybo_z7_10_plat/hw/reactive_scene_top_ps.xsa
TRACE::2026-05-03.18:14:33::SCWPlatform:: Unique name xilinx:zybo-z7-10::0.0
TRACE::2026-05-03.18:14:33::SCWPlatform::Trying to set the existing hwdb with name reactive_scene_top_ps_0
TRACE::2026-05-03.18:14:33::SCWPlatform::Opened existing hwdb reactive_scene_top_ps_0
TRACE::2026-05-03.18:14:33::SCWPlatform::Found the Hw Db part of the input DSA
TRACE::2026-05-03.18:14:33::SCWMssOS::Checking the sw design at  C:/Users/khuon/ECE520/final_project/vitis_application/zybo_z7_10_plat/ps7_cortexa9_0/standalone_domain/bsp/system.mss
TRACE::2026-05-03.18:14:33::SCWMssOS::DEBUG:  swdes dump  C:/Users/khuon/ECE520/final_project/vitis_application/zybo_z7_10_plat/ps7_cortexa9_0/standalone_domain/bsp/system.mss|system_0||
C:/Users/khuon/ECE520/final_project/vitis_application/zybo_z7_10_plat/zynq_fsbl/zynq_fsbl_bsp/system.mss|system||

TRACE::2026-05-03.18:14:33::SCWMssOS::Sw design exists and opened at  C:/Users/khuon/ECE520/final_project/vitis_application/zybo_z7_10_plat/ps7_cortexa9_0/standalone_domain/bsp/system.mss
TRACE::2026-05-03.18:14:33::SCWWriter::formatted JSON is {
	"platformName":	"zybo_z7_10_plat",
	"sprVersion":	"2.0",
	"mode":	"gui",
	"dsaType":	"Fixed",
	"platformDesc":	"zybo_z7_10_plat",
	"platHandOff":	"C:/Users/khuon/ECE520/final_project/phase3_integration/reactive_scene_top_ps.xsa",
	"platIntHandOff":	"<platformDir>/hw/reactive_scene_top_ps.xsa",
	"deviceType":	"zynq",
	"platIsPrebuiltAutogen":	"false",
	"platIsNoBootBsp":	"false",
	"platFsblTarget":	"ps7_cortexa9_0",
	"hasFsblMakeHasChanges":	"false",
	"hasPmufwMakeHasChanges":	"false",
	"fsblExtraCompilerFlags":	"-MMD -MP       -mcpu=cortex-a9 -mfpu=vfpv3 -mfloat-abi=hard ",
	"platPreBuiltFlag":	false,
	"platformSamplesDir":	"",
	"platActiveSys":	"zybo_z7_10_plat",
	"systems":	[{
			"systemName":	"zybo_z7_10_plat",
			"systemDesc":	"zybo_z7_10_plat",
			"sysIsBootAutoGen":	"true",
			"systemDispName":	"zybo_z7_10_plat",
			"sysActiveDom":	"standalone_domain",
			"sysDefaultDom":	"standalone_domain",
			"domains":	[{
					"domainName":	"zynq_fsbl",
					"domainDispName":	"zynq_fsbl",
					"domainDesc":	"FSBL Application BSP - Auto Generated.",
					"processors":	"ps7_cortexa9_0",
					"os":	"standalone",
					"sdxOs":	"standalone",
					"debugEnable":	"",
					"domRuntimes":	["cpp"],
					"swRepo":	"",
					"mssOsVer":	"8.1",
					"mssFile":	"",
					"md5Digest":	"5d56e52180d0bc02e0d42be3c7f1597a",
					"compatibleApp":	"zynq_fsbl",
					"domType":	"bootDomain",
					"arch":	"32-bit",
					"appSettings":	{
						"appCompilerFlags":	"",
						"appLinkerFlags":	""
					},
					"addedLibs":	["xilffs:5.0", "xilrsa:1.6"],
					"libOptions":	{
						"libsContainingOptions":	[]
					},
					"prebuiltLibs":	{
						"prebuiltIncPath":	[],
						"prebuiltLibPath":	[]
					},
					"isolation":	{
					}
				}, {
					"domainName":	"standalone_domain",
					"domainDispName":	"standalone_domain",
					"domainDesc":	"standalone_domain",
					"processors":	"ps7_cortexa9_0",
					"os":	"standalone",
					"sdxOs":	"standalone",
					"qemuArgs":	"<platformDir>/resources/zybo_z7_10_plat/standalone_domain/qemu_args.txt",
					"qemuData":	"<platformDir>/resources/zybo_z7_10_plat/standalone_domain/qemu",
					"debugEnable":	"False",
					"domRuntimes":	["cpp"],
					"swRepo":	"",
					"mssOsVer":	"8.1",
					"mssFile":	"",
					"md5Digest":	"15de6ed70cac3d5d78676056db89f50d",
					"compatibleApp":	"",
					"domType":	"mssDomain",
					"appSettings":	{
						"appCompilerFlags":	"",
						"appLinkerFlags":	""
					},
					"addedLibs":	[],
					"libOptions":	{
						"libsContainingOptions":	[]
					},
					"prebuiltLibs":	{
						"prebuiltIncPath":	[],
						"prebuiltLibPath":	[]
					},
					"isolation":	{
					}
				}]
		}]
}
KEYINFO::2026-05-03.18:14:33::SCWPlatform::updated the xpfm file.
TRACE::2026-05-03.18:14:34::SCWPlatform::Trying to open the hw design at C:/Users/khuon/ECE520/final_project/vitis_application/zybo_z7_10_plat/hw/reactive_scene_top_ps.xsa
TRACE::2026-05-03.18:14:34::SCWPlatform::DSA given C:/Users/khuon/ECE520/final_project/vitis_application/zybo_z7_10_plat/hw/reactive_scene_top_ps.xsa
TRACE::2026-05-03.18:14:34::SCWPlatform::DSA absoulate path C:/Users/khuon/ECE520/final_project/vitis_application/zybo_z7_10_plat/hw/reactive_scene_top_ps.xsa
TRACE::2026-05-03.18:14:34::SCWPlatform::DSA directory C:/Users/khuon/ECE520/final_project/vitis_application/zybo_z7_10_plat/hw
TRACE::2026-05-03.18:14:34::SCWPlatform:: Platform Path C:/Users/khuon/ECE520/final_project/vitis_application/zybo_z7_10_plat/hw/reactive_scene_top_ps.xsa
TRACE::2026-05-03.18:14:34::SCWPlatform:: Unique name xilinx:zybo-z7-10::0.0
TRACE::2026-05-03.18:14:34::SCWPlatform::Trying to set the existing hwdb with name reactive_scene_top_ps_0
TRACE::2026-05-03.18:14:34::SCWPlatform::Opened existing hwdb reactive_scene_top_ps_0
TRACE::2026-05-03.18:14:34::SCWPlatform::Found the Hw Db part of the input DSA
TRACE::2026-05-03.18:14:34::SCWMssOS::Checking the sw design at  C:/Users/khuon/ECE520/final_project/vitis_application/zybo_z7_10_plat/ps7_cortexa9_0/standalone_domain/bsp/system.mss
TRACE::2026-05-03.18:14:34::SCWMssOS::DEBUG:  swdes dump  C:/Users/khuon/ECE520/final_project/vitis_application/zybo_z7_10_plat/ps7_cortexa9_0/standalone_domain/bsp/system.mss|system_0||
C:/Users/khuon/ECE520/final_project/vitis_application/zybo_z7_10_plat/zynq_fsbl/zynq_fsbl_bsp/system.mss|system||

TRACE::2026-05-03.18:14:34::SCWMssOS::Sw design exists and opened at  C:/Users/khuon/ECE520/final_project/vitis_application/zybo_z7_10_plat/ps7_cortexa9_0/standalone_domain/bsp/system.mss
TRACE::2026-05-03.18:14:34::SCWMssOS::Saving the mss changes C:/Users/khuon/ECE520/final_project/vitis_application/zybo_z7_10_plat/zynq_fsbl/zynq_fsbl_bsp/system.mss
TRACE::2026-05-03.18:14:34::SCWMssOS::Found a swdesign opened with the mssfile.
TRACE::2026-05-03.18:14:34::SCWMssOS::Completed writemss as part of save.
TRACE::2026-05-03.18:14:34::SCWMssOS::Commit changes completed.
TRACE::2026-05-03.18:14:34::SCWMssOS::Saving the mss changes C:/Users/khuon/ECE520/final_project/vitis_application/zybo_z7_10_plat/ps7_cortexa9_0/standalone_domain/bsp/system.mss
TRACE::2026-05-03.18:14:34::SCWMssOS::Found a swdesign opened with the mssfile.
TRACE::2026-05-03.18:14:34::SCWMssOS::Completed writemss as part of save.
TRACE::2026-05-03.18:14:34::SCWMssOS::Commit changes completed.
TRACE::2026-05-03.18:14:34::SCWPlatform::Trying to open the hw design at C:/Users/khuon/ECE520/final_project/vitis_application/zybo_z7_10_plat/hw/reactive_scene_top_ps.xsa
TRACE::2026-05-03.18:14:34::SCWPlatform::DSA given C:/Users/khuon/ECE520/final_project/vitis_application/zybo_z7_10_plat/hw/reactive_scene_top_ps.xsa
TRACE::2026-05-03.18:14:34::SCWPlatform::DSA absoulate path C:/Users/khuon/ECE520/final_project/vitis_application/zybo_z7_10_plat/hw/reactive_scene_top_ps.xsa
TRACE::2026-05-03.18:14:34::SCWPlatform::DSA directory C:/Users/khuon/ECE520/final_project/vitis_application/zybo_z7_10_plat/hw
TRACE::2026-05-03.18:14:34::SCWPlatform:: Platform Path C:/Users/khuon/ECE520/final_project/vitis_application/zybo_z7_10_plat/hw/reactive_scene_top_ps.xsa
TRACE::2026-05-03.18:14:34::SCWPlatform:: Unique name xilinx:zybo-z7-10::0.0
TRACE::2026-05-03.18:14:34::SCWPlatform::Trying to set the existing hwdb with name reactive_scene_top_ps_0
TRACE::2026-05-03.18:14:34::SCWPlatform::Opened existing hwdb reactive_scene_top_ps_0
TRACE::2026-05-03.18:14:34::SCWPlatform::Found the Hw Db part of the input DSA
TRACE::2026-05-03.18:14:34::SCWMssOS::Checking the sw design at  C:/Users/khuon/ECE520/final_project/vitis_application/zybo_z7_10_plat/zynq_fsbl/zynq_fsbl_bsp/system.mss
TRACE::2026-05-03.18:14:34::SCWMssOS::DEBUG:  swdes dump  C:/Users/khuon/ECE520/final_project/vitis_application/zybo_z7_10_plat/ps7_cortexa9_0/standalone_domain/bsp/system.mss|system_0||
C:/Users/khuon/ECE520/final_project/vitis_application/zybo_z7_10_plat/zynq_fsbl/zynq_fsbl_bsp/system.mss|system||

TRACE::2026-05-03.18:14:34::SCWMssOS::Sw design exists and opened at  C:/Users/khuon/ECE520/final_project/vitis_application/zybo_z7_10_plat/zynq_fsbl/zynq_fsbl_bsp/system.mss
TRACE::2026-05-03.18:14:34::SCWPlatform::Trying to open the hw design at C:/Users/khuon/ECE520/final_project/vitis_application/zybo_z7_10_plat/hw/reactive_scene_top_ps.xsa
TRACE::2026-05-03.18:14:34::SCWPlatform::DSA given C:/Users/khuon/ECE520/final_project/vitis_application/zybo_z7_10_plat/hw/reactive_scene_top_ps.xsa
TRACE::2026-05-03.18:14:34::SCWPlatform::DSA absoulate path C:/Users/khuon/ECE520/final_project/vitis_application/zybo_z7_10_plat/hw/reactive_scene_top_ps.xsa
TRACE::2026-05-03.18:14:34::SCWPlatform::DSA directory C:/Users/khuon/ECE520/final_project/vitis_application/zybo_z7_10_plat/hw
TRACE::2026-05-03.18:14:34::SCWPlatform:: Platform Path C:/Users/khuon/ECE520/final_project/vitis_application/zybo_z7_10_plat/hw/reactive_scene_top_ps.xsa
TRACE::2026-05-03.18:14:34::SCWPlatform:: Unique name xilinx:zybo-z7-10::0.0
TRACE::2026-05-03.18:14:34::SCWPlatform::Trying to set the existing hwdb with name reactive_scene_top_ps_0
TRACE::2026-05-03.18:14:34::SCWPlatform::Opened existing hwdb reactive_scene_top_ps_0
TRACE::2026-05-03.18:14:34::SCWPlatform::Found the Hw Db part of the input DSA
TRACE::2026-05-03.18:14:34::SCWMssOS::Checking the sw design at  C:/Users/khuon/ECE520/final_project/vitis_application/zybo_z7_10_plat/zynq_fsbl/zynq_fsbl_bsp/system.mss
TRACE::2026-05-03.18:14:34::SCWMssOS::DEBUG:  swdes dump  C:/Users/khuon/ECE520/final_project/vitis_application/zybo_z7_10_plat/ps7_cortexa9_0/standalone_domain/bsp/system.mss|system_0||
C:/Users/khuon/ECE520/final_project/vitis_application/zybo_z7_10_plat/zynq_fsbl/zynq_fsbl_bsp/system.mss|system||

TRACE::2026-05-03.18:14:34::SCWMssOS::Sw design exists and opened at  C:/Users/khuon/ECE520/final_project/vitis_application/zybo_z7_10_plat/zynq_fsbl/zynq_fsbl_bsp/system.mss
TRACE::2026-05-03.18:14:34::SCWPlatform::Trying to open the hw design at C:/Users/khuon/ECE520/final_project/vitis_application/zybo_z7_10_plat/hw/reactive_scene_top_ps.xsa
TRACE::2026-05-03.18:14:34::SCWPlatform::DSA given C:/Users/khuon/ECE520/final_project/vitis_application/zybo_z7_10_plat/hw/reactive_scene_top_ps.xsa
TRACE::2026-05-03.18:14:34::SCWPlatform::DSA absoulate path C:/Users/khuon/ECE520/final_project/vitis_application/zybo_z7_10_plat/hw/reactive_scene_top_ps.xsa
TRACE::2026-05-03.18:14:34::SCWPlatform::DSA directory C:/Users/khuon/ECE520/final_project/vitis_application/zybo_z7_10_plat/hw
TRACE::2026-05-03.18:14:34::SCWPlatform:: Platform Path C:/Users/khuon/ECE520/final_project/vitis_application/zybo_z7_10_plat/hw/reactive_scene_top_ps.xsa
TRACE::2026-05-03.18:14:34::SCWPlatform:: Unique name xilinx:zybo-z7-10::0.0
TRACE::2026-05-03.18:14:34::SCWPlatform::Trying to set the existing hwdb with name reactive_scene_top_ps_0
TRACE::2026-05-03.18:14:34::SCWPlatform::Opened existing hwdb reactive_scene_top_ps_0
TRACE::2026-05-03.18:14:34::SCWPlatform::Found the Hw Db part of the input DSA
TRACE::2026-05-03.18:14:34::SCWMssOS::Checking the sw design at  C:/Users/khuon/ECE520/final_project/vitis_application/zybo_z7_10_plat/zynq_fsbl/zynq_fsbl_bsp/system.mss
TRACE::2026-05-03.18:14:34::SCWMssOS::DEBUG:  swdes dump  C:/Users/khuon/ECE520/final_project/vitis_application/zybo_z7_10_plat/ps7_cortexa9_0/standalone_domain/bsp/system.mss|system_0||
C:/Users/khuon/ECE520/final_project/vitis_application/zybo_z7_10_plat/zynq_fsbl/zynq_fsbl_bsp/system.mss|system||

TRACE::2026-05-03.18:14:34::SCWMssOS::Sw design exists and opened at  C:/Users/khuon/ECE520/final_project/vitis_application/zybo_z7_10_plat/zynq_fsbl/zynq_fsbl_bsp/system.mss
TRACE::2026-05-03.18:14:34::SCWPlatform::Trying to open the hw design at C:/Users/khuon/ECE520/final_project/vitis_application/zybo_z7_10_plat/hw/reactive_scene_top_ps.xsa
TRACE::2026-05-03.18:14:34::SCWPlatform::DSA given C:/Users/khuon/ECE520/final_project/vitis_application/zybo_z7_10_plat/hw/reactive_scene_top_ps.xsa
TRACE::2026-05-03.18:14:34::SCWPlatform::DSA absoulate path C:/Users/khuon/ECE520/final_project/vitis_application/zybo_z7_10_plat/hw/reactive_scene_top_ps.xsa
TRACE::2026-05-03.18:14:34::SCWPlatform::DSA directory C:/Users/khuon/ECE520/final_project/vitis_application/zybo_z7_10_plat/hw
TRACE::2026-05-03.18:14:34::SCWPlatform:: Platform Path C:/Users/khuon/ECE520/final_project/vitis_application/zybo_z7_10_plat/hw/reactive_scene_top_ps.xsa
TRACE::2026-05-03.18:14:34::SCWPlatform:: Unique name xilinx:zybo-z7-10::0.0
TRACE::2026-05-03.18:14:34::SCWPlatform::Trying to set the existing hwdb with name reactive_scene_top_ps_0
TRACE::2026-05-03.18:14:34::SCWPlatform::Opened existing hwdb reactive_scene_top_ps_0
TRACE::2026-05-03.18:14:34::SCWPlatform::Found the Hw Db part of the input DSA
TRACE::2026-05-03.18:14:34::SCWMssOS::Checking the sw design at  C:/Users/khuon/ECE520/final_project/vitis_application/zybo_z7_10_plat/ps7_cortexa9_0/standalone_domain/bsp/system.mss
TRACE::2026-05-03.18:14:34::SCWMssOS::DEBUG:  swdes dump  C:/Users/khuon/ECE520/final_project/vitis_application/zybo_z7_10_plat/ps7_cortexa9_0/standalone_domain/bsp/system.mss|system_0||
C:/Users/khuon/ECE520/final_project/vitis_application/zybo_z7_10_plat/zynq_fsbl/zynq_fsbl_bsp/system.mss|system||

TRACE::2026-05-03.18:14:34::SCWMssOS::Sw design exists and opened at  C:/Users/khuon/ECE520/final_project/vitis_application/zybo_z7_10_plat/ps7_cortexa9_0/standalone_domain/bsp/system.mss
TRACE::2026-05-03.18:14:34::SCWPlatform::Trying to open the hw design at C:/Users/khuon/ECE520/final_project/vitis_application/zybo_z7_10_plat/hw/reactive_scene_top_ps.xsa
TRACE::2026-05-03.18:14:34::SCWPlatform::DSA given C:/Users/khuon/ECE520/final_project/vitis_application/zybo_z7_10_plat/hw/reactive_scene_top_ps.xsa
TRACE::2026-05-03.18:14:34::SCWPlatform::DSA absoulate path C:/Users/khuon/ECE520/final_project/vitis_application/zybo_z7_10_plat/hw/reactive_scene_top_ps.xsa
TRACE::2026-05-03.18:14:34::SCWPlatform::DSA directory C:/Users/khuon/ECE520/final_project/vitis_application/zybo_z7_10_plat/hw
TRACE::2026-05-03.18:14:34::SCWPlatform:: Platform Path C:/Users/khuon/ECE520/final_project/vitis_application/zybo_z7_10_plat/hw/reactive_scene_top_ps.xsa
TRACE::2026-05-03.18:14:34::SCWPlatform:: Unique name xilinx:zybo-z7-10::0.0
TRACE::2026-05-03.18:14:34::SCWPlatform::Trying to set the existing hwdb with name reactive_scene_top_ps_0
TRACE::2026-05-03.18:14:34::SCWPlatform::Opened existing hwdb reactive_scene_top_ps_0
TRACE::2026-05-03.18:14:34::SCWPlatform::Found the Hw Db part of the input DSA
TRACE::2026-05-03.18:14:34::SCWMssOS::Checking the sw design at  C:/Users/khuon/ECE520/final_project/vitis_application/zybo_z7_10_plat/ps7_cortexa9_0/standalone_domain/bsp/system.mss
TRACE::2026-05-03.18:14:34::SCWMssOS::DEBUG:  swdes dump  C:/Users/khuon/ECE520/final_project/vitis_application/zybo_z7_10_plat/ps7_cortexa9_0/standalone_domain/bsp/system.mss|system_0||
C:/Users/khuon/ECE520/final_project/vitis_application/zybo_z7_10_plat/zynq_fsbl/zynq_fsbl_bsp/system.mss|system||

TRACE::2026-05-03.18:14:34::SCWMssOS::Sw design exists and opened at  C:/Users/khuon/ECE520/final_project/vitis_application/zybo_z7_10_plat/ps7_cortexa9_0/standalone_domain/bsp/system.mss
TRACE::2026-05-03.18:14:34::SCWPlatform::Trying to open the hw design at C:/Users/khuon/ECE520/final_project/vitis_application/zybo_z7_10_plat/hw/reactive_scene_top_ps.xsa
TRACE::2026-05-03.18:14:34::SCWPlatform::DSA given C:/Users/khuon/ECE520/final_project/vitis_application/zybo_z7_10_plat/hw/reactive_scene_top_ps.xsa
TRACE::2026-05-03.18:14:34::SCWPlatform::DSA absoulate path C:/Users/khuon/ECE520/final_project/vitis_application/zybo_z7_10_plat/hw/reactive_scene_top_ps.xsa
TRACE::2026-05-03.18:14:34::SCWPlatform::DSA directory C:/Users/khuon/ECE520/final_project/vitis_application/zybo_z7_10_plat/hw
TRACE::2026-05-03.18:14:34::SCWPlatform:: Platform Path C:/Users/khuon/ECE520/final_project/vitis_application/zybo_z7_10_plat/hw/reactive_scene_top_ps.xsa
TRACE::2026-05-03.18:14:34::SCWPlatform:: Unique name xilinx:zybo-z7-10::0.0
TRACE::2026-05-03.18:14:34::SCWPlatform::Trying to set the existing hwdb with name reactive_scene_top_ps_0
TRACE::2026-05-03.18:14:34::SCWPlatform::Opened existing hwdb reactive_scene_top_ps_0
TRACE::2026-05-03.18:14:34::SCWPlatform::Found the Hw Db part of the input DSA
TRACE::2026-05-03.18:14:34::SCWMssOS::Checking the sw design at  C:/Users/khuon/ECE520/final_project/vitis_application/zybo_z7_10_plat/ps7_cortexa9_0/standalone_domain/bsp/system.mss
TRACE::2026-05-03.18:14:34::SCWMssOS::DEBUG:  swdes dump  C:/Users/khuon/ECE520/final_project/vitis_application/zybo_z7_10_plat/ps7_cortexa9_0/standalone_domain/bsp/system.mss|system_0||
C:/Users/khuon/ECE520/final_project/vitis_application/zybo_z7_10_plat/zynq_fsbl/zynq_fsbl_bsp/system.mss|system||

TRACE::2026-05-03.18:14:34::SCWMssOS::Sw design exists and opened at  C:/Users/khuon/ECE520/final_project/vitis_application/zybo_z7_10_plat/ps7_cortexa9_0/standalone_domain/bsp/system.mss
TRACE::2026-05-03.18:14:34::SCWWriter::formatted JSON is {
	"platformName":	"zybo_z7_10_plat",
	"sprVersion":	"2.0",
	"mode":	"gui",
	"dsaType":	"Fixed",
	"platformDesc":	"zybo_z7_10_plat",
	"platHandOff":	"C:/Users/khuon/ECE520/final_project/phase3_integration/reactive_scene_top_ps.xsa",
	"platIntHandOff":	"<platformDir>/hw/reactive_scene_top_ps.xsa",
	"deviceType":	"zynq",
	"platIsPrebuiltAutogen":	"false",
	"platIsNoBootBsp":	"false",
	"platFsblTarget":	"ps7_cortexa9_0",
	"hasFsblMakeHasChanges":	"false",
	"hasPmufwMakeHasChanges":	"false",
	"fsblExtraCompilerFlags":	"-MMD -MP       -mcpu=cortex-a9 -mfpu=vfpv3 -mfloat-abi=hard ",
	"platPreBuiltFlag":	false,
	"platformSamplesDir":	"",
	"platActiveSys":	"zybo_z7_10_plat",
	"systems":	[{
			"systemName":	"zybo_z7_10_plat",
			"systemDesc":	"zybo_z7_10_plat",
			"sysIsBootAutoGen":	"true",
			"systemDispName":	"zybo_z7_10_plat",
			"sysActiveDom":	"standalone_domain",
			"sysDefaultDom":	"standalone_domain",
			"domains":	[{
					"domainName":	"zynq_fsbl",
					"domainDispName":	"zynq_fsbl",
					"domainDesc":	"FSBL Application BSP - Auto Generated.",
					"processors":	"ps7_cortexa9_0",
					"os":	"standalone",
					"sdxOs":	"standalone",
					"debugEnable":	"",
					"domRuntimes":	["cpp"],
					"swRepo":	"",
					"mssOsVer":	"8.1",
					"mssFile":	"",
					"md5Digest":	"5d56e52180d0bc02e0d42be3c7f1597a",
					"compatibleApp":	"zynq_fsbl",
					"domType":	"bootDomain",
					"arch":	"32-bit",
					"appSettings":	{
						"appCompilerFlags":	"",
						"appLinkerFlags":	""
					},
					"addedLibs":	["xilffs:5.0", "xilrsa:1.6"],
					"libOptions":	{
						"libsContainingOptions":	[]
					},
					"prebuiltLibs":	{
						"prebuiltIncPath":	[],
						"prebuiltLibPath":	[]
					},
					"isolation":	{
					}
				}, {
					"domainName":	"standalone_domain",
					"domainDispName":	"standalone_domain",
					"domainDesc":	"standalone_domain",
					"processors":	"ps7_cortexa9_0",
					"os":	"standalone",
					"sdxOs":	"standalone",
					"qemuArgs":	"<platformDir>/resources/zybo_z7_10_plat/standalone_domain/qemu_args.txt",
					"qemuData":	"<platformDir>/resources/zybo_z7_10_plat/standalone_domain/qemu",
					"debugEnable":	"False",
					"domRuntimes":	["cpp"],
					"swRepo":	"",
					"mssOsVer":	"8.1",
					"mssFile":	"",
					"md5Digest":	"15de6ed70cac3d5d78676056db89f50d",
					"compatibleApp":	"",
					"domType":	"mssDomain",
					"appSettings":	{
						"appCompilerFlags":	"",
						"appLinkerFlags":	""
					},
					"addedLibs":	[],
					"libOptions":	{
						"libsContainingOptions":	[]
					},
					"prebuiltLibs":	{
						"prebuiltIncPath":	[],
						"prebuiltLibPath":	[]
					},
					"isolation":	{
					}
				}]
		}]
}
TRACE::2026-05-03.18:14:34::SCWPlatform::Trying to open the hw design at C:/Users/khuon/ECE520/final_project/vitis_application/zybo_z7_10_plat/hw/reactive_scene_top_ps.xsa
TRACE::2026-05-03.18:14:34::SCWPlatform::DSA given C:/Users/khuon/ECE520/final_project/vitis_application/zybo_z7_10_plat/hw/reactive_scene_top_ps.xsa
TRACE::2026-05-03.18:14:34::SCWPlatform::DSA absoulate path C:/Users/khuon/ECE520/final_project/vitis_application/zybo_z7_10_plat/hw/reactive_scene_top_ps.xsa
TRACE::2026-05-03.18:14:34::SCWPlatform::DSA directory C:/Users/khuon/ECE520/final_project/vitis_application/zybo_z7_10_plat/hw
TRACE::2026-05-03.18:14:34::SCWPlatform:: Platform Path C:/Users/khuon/ECE520/final_project/vitis_application/zybo_z7_10_plat/hw/reactive_scene_top_ps.xsa
TRACE::2026-05-03.18:14:34::SCWPlatform:: Unique name xilinx:zybo-z7-10::0.0
TRACE::2026-05-03.18:14:34::SCWPlatform::Trying to set the existing hwdb with name reactive_scene_top_ps_0
TRACE::2026-05-03.18:14:34::SCWPlatform::Opened existing hwdb reactive_scene_top_ps_0
TRACE::2026-05-03.18:14:34::SCWPlatform::Found the Hw Db part of the input DSA
TRACE::2026-05-03.18:14:34::SCWMssOS::Checking the sw design at  C:/Users/khuon/ECE520/final_project/vitis_application/zybo_z7_10_plat/ps7_cortexa9_0/standalone_domain/bsp/system.mss
TRACE::2026-05-03.18:14:34::SCWMssOS::DEBUG:  swdes dump  C:/Users/khuon/ECE520/final_project/vitis_application/zybo_z7_10_plat/ps7_cortexa9_0/standalone_domain/bsp/system.mss|system_0||
C:/Users/khuon/ECE520/final_project/vitis_application/zybo_z7_10_plat/zynq_fsbl/zynq_fsbl_bsp/system.mss|system||

TRACE::2026-05-03.18:14:34::SCWMssOS::Sw design exists and opened at  C:/Users/khuon/ECE520/final_project/vitis_application/zybo_z7_10_plat/ps7_cortexa9_0/standalone_domain/bsp/system.mss
TRACE::2026-05-03.18:14:34::SCWPlatform::Trying to open the hw design at C:/Users/khuon/ECE520/final_project/vitis_application/zybo_z7_10_plat/hw/reactive_scene_top_ps.xsa
TRACE::2026-05-03.18:14:34::SCWPlatform::DSA given C:/Users/khuon/ECE520/final_project/vitis_application/zybo_z7_10_plat/hw/reactive_scene_top_ps.xsa
TRACE::2026-05-03.18:14:34::SCWPlatform::DSA absoulate path C:/Users/khuon/ECE520/final_project/vitis_application/zybo_z7_10_plat/hw/reactive_scene_top_ps.xsa
TRACE::2026-05-03.18:14:34::SCWPlatform::DSA directory C:/Users/khuon/ECE520/final_project/vitis_application/zybo_z7_10_plat/hw
TRACE::2026-05-03.18:14:34::SCWPlatform:: Platform Path C:/Users/khuon/ECE520/final_project/vitis_application/zybo_z7_10_plat/hw/reactive_scene_top_ps.xsa
TRACE::2026-05-03.18:14:34::SCWPlatform:: Unique name xilinx:zybo-z7-10::0.0
TRACE::2026-05-03.18:14:34::SCWPlatform::Trying to set the existing hwdb with name reactive_scene_top_ps_0
TRACE::2026-05-03.18:14:34::SCWPlatform::Opened existing hwdb reactive_scene_top_ps_0
TRACE::2026-05-03.18:14:34::SCWPlatform::Found the Hw Db part of the input DSA
TRACE::2026-05-03.18:14:34::SCWMssOS::Checking the sw design at  C:/Users/khuon/ECE520/final_project/vitis_application/zybo_z7_10_plat/ps7_cortexa9_0/standalone_domain/bsp/system.mss
TRACE::2026-05-03.18:14:34::SCWMssOS::DEBUG:  swdes dump  C:/Users/khuon/ECE520/final_project/vitis_application/zybo_z7_10_plat/ps7_cortexa9_0/standalone_domain/bsp/system.mss|system_0||
C:/Users/khuon/ECE520/final_project/vitis_application/zybo_z7_10_plat/zynq_fsbl/zynq_fsbl_bsp/system.mss|system||

TRACE::2026-05-03.18:14:34::SCWMssOS::Sw design exists and opened at  C:/Users/khuon/ECE520/final_project/vitis_application/zybo_z7_10_plat/ps7_cortexa9_0/standalone_domain/bsp/system.mss
TRACE::2026-05-03.18:14:34::SCWPlatform::Trying to open the hw design at C:/Users/khuon/ECE520/final_project/vitis_application/zybo_z7_10_plat/hw/reactive_scene_top_ps.xsa
TRACE::2026-05-03.18:14:34::SCWPlatform::DSA given C:/Users/khuon/ECE520/final_project/vitis_application/zybo_z7_10_plat/hw/reactive_scene_top_ps.xsa
TRACE::2026-05-03.18:14:34::SCWPlatform::DSA absoulate path C:/Users/khuon/ECE520/final_project/vitis_application/zybo_z7_10_plat/hw/reactive_scene_top_ps.xsa
TRACE::2026-05-03.18:14:34::SCWPlatform::DSA directory C:/Users/khuon/ECE520/final_project/vitis_application/zybo_z7_10_plat/hw
TRACE::2026-05-03.18:14:34::SCWPlatform:: Platform Path C:/Users/khuon/ECE520/final_project/vitis_application/zybo_z7_10_plat/hw/reactive_scene_top_ps.xsa
TRACE::2026-05-03.18:14:34::SCWPlatform:: Unique name xilinx:zybo-z7-10::0.0
TRACE::2026-05-03.18:14:34::SCWPlatform::Trying to set the existing hwdb with name reactive_scene_top_ps_0
TRACE::2026-05-03.18:14:34::SCWPlatform::Opened existing hwdb reactive_scene_top_ps_0
TRACE::2026-05-03.18:14:34::SCWPlatform::Found the Hw Db part of the input DSA
TRACE::2026-05-03.18:14:34::SCWMssOS::Checking the sw design at  C:/Users/khuon/ECE520/final_project/vitis_application/zybo_z7_10_plat/ps7_cortexa9_0/standalone_domain/bsp/system.mss
TRACE::2026-05-03.18:14:34::SCWMssOS::DEBUG:  swdes dump  C:/Users/khuon/ECE520/final_project/vitis_application/zybo_z7_10_plat/ps7_cortexa9_0/standalone_domain/bsp/system.mss|system_0||
C:/Users/khuon/ECE520/final_project/vitis_application/zybo_z7_10_plat/zynq_fsbl/zynq_fsbl_bsp/system.mss|system||

TRACE::2026-05-03.18:14:34::SCWMssOS::Sw design exists and opened at  C:/Users/khuon/ECE520/final_project/vitis_application/zybo_z7_10_plat/ps7_cortexa9_0/standalone_domain/bsp/system.mss
TRACE::2026-05-03.18:14:34::SCWMssOS::Saving the mss changes C:/Users/khuon/ECE520/final_project/vitis_application/zybo_z7_10_plat/zynq_fsbl/zynq_fsbl_bsp/system.mss
TRACE::2026-05-03.18:14:34::SCWMssOS::Found a swdesign opened with the mssfile.
TRACE::2026-05-03.18:14:34::SCWMssOS::Completed writemss as part of save.
TRACE::2026-05-03.18:14:34::SCWMssOS::Commit changes completed.
TRACE::2026-05-03.18:14:34::SCWMssOS::Saving the mss changes C:/Users/khuon/ECE520/final_project/vitis_application/zybo_z7_10_plat/ps7_cortexa9_0/standalone_domain/bsp/system.mss
TRACE::2026-05-03.18:14:34::SCWMssOS::Found a swdesign opened with the mssfile.
TRACE::2026-05-03.18:14:34::SCWMssOS::Completed writemss as part of save.
TRACE::2026-05-03.18:14:34::SCWMssOS::Commit changes completed.
TRACE::2026-05-03.18:14:34::SCWPlatform::Trying to open the hw design at C:/Users/khuon/ECE520/final_project/vitis_application/zybo_z7_10_plat/hw/reactive_scene_top_ps.xsa
TRACE::2026-05-03.18:14:34::SCWPlatform::DSA given C:/Users/khuon/ECE520/final_project/vitis_application/zybo_z7_10_plat/hw/reactive_scene_top_ps.xsa
TRACE::2026-05-03.18:14:34::SCWPlatform::DSA absoulate path C:/Users/khuon/ECE520/final_project/vitis_application/zybo_z7_10_plat/hw/reactive_scene_top_ps.xsa
TRACE::2026-05-03.18:14:34::SCWPlatform::DSA directory C:/Users/khuon/ECE520/final_project/vitis_application/zybo_z7_10_plat/hw
TRACE::2026-05-03.18:14:34::SCWPlatform:: Platform Path C:/Users/khuon/ECE520/final_project/vitis_application/zybo_z7_10_plat/hw/reactive_scene_top_ps.xsa
TRACE::2026-05-03.18:14:34::SCWPlatform:: Unique name xilinx:zybo-z7-10::0.0
TRACE::2026-05-03.18:14:34::SCWPlatform::Trying to set the existing hwdb with name reactive_scene_top_ps_0
TRACE::2026-05-03.18:14:34::SCWPlatform::Opened existing hwdb reactive_scene_top_ps_0
TRACE::2026-05-03.18:14:34::SCWPlatform::Found the Hw Db part of the input DSA
TRACE::2026-05-03.18:14:34::SCWMssOS::Checking the sw design at  C:/Users/khuon/ECE520/final_project/vitis_application/zybo_z7_10_plat/zynq_fsbl/zynq_fsbl_bsp/system.mss
TRACE::2026-05-03.18:14:34::SCWMssOS::DEBUG:  swdes dump  C:/Users/khuon/ECE520/final_project/vitis_application/zybo_z7_10_plat/ps7_cortexa9_0/standalone_domain/bsp/system.mss|system_0||
C:/Users/khuon/ECE520/final_project/vitis_application/zybo_z7_10_plat/zynq_fsbl/zynq_fsbl_bsp/system.mss|system||

TRACE::2026-05-03.18:14:34::SCWMssOS::Sw design exists and opened at  C:/Users/khuon/ECE520/final_project/vitis_application/zybo_z7_10_plat/zynq_fsbl/zynq_fsbl_bsp/system.mss
TRACE::2026-05-03.18:14:34::SCWPlatform::Trying to open the hw design at C:/Users/khuon/ECE520/final_project/vitis_application/zybo_z7_10_plat/hw/reactive_scene_top_ps.xsa
TRACE::2026-05-03.18:14:34::SCWPlatform::DSA given C:/Users/khuon/ECE520/final_project/vitis_application/zybo_z7_10_plat/hw/reactive_scene_top_ps.xsa
TRACE::2026-05-03.18:14:34::SCWPlatform::DSA absoulate path C:/Users/khuon/ECE520/final_project/vitis_application/zybo_z7_10_plat/hw/reactive_scene_top_ps.xsa
TRACE::2026-05-03.18:14:34::SCWPlatform::DSA directory C:/Users/khuon/ECE520/final_project/vitis_application/zybo_z7_10_plat/hw
TRACE::2026-05-03.18:14:34::SCWPlatform:: Platform Path C:/Users/khuon/ECE520/final_project/vitis_application/zybo_z7_10_plat/hw/reactive_scene_top_ps.xsa
TRACE::2026-05-03.18:14:34::SCWPlatform:: Unique name xilinx:zybo-z7-10::0.0
TRACE::2026-05-03.18:14:34::SCWPlatform::Trying to set the existing hwdb with name reactive_scene_top_ps_0
TRACE::2026-05-03.18:14:34::SCWPlatform::Opened existing hwdb reactive_scene_top_ps_0
TRACE::2026-05-03.18:14:34::SCWPlatform::Found the Hw Db part of the input DSA
TRACE::2026-05-03.18:14:34::SCWMssOS::Checking the sw design at  C:/Users/khuon/ECE520/final_project/vitis_application/zybo_z7_10_plat/zynq_fsbl/zynq_fsbl_bsp/system.mss
TRACE::2026-05-03.18:14:34::SCWMssOS::DEBUG:  swdes dump  C:/Users/khuon/ECE520/final_project/vitis_application/zybo_z7_10_plat/ps7_cortexa9_0/standalone_domain/bsp/system.mss|system_0||
C:/Users/khuon/ECE520/final_project/vitis_application/zybo_z7_10_plat/zynq_fsbl/zynq_fsbl_bsp/system.mss|system||

TRACE::2026-05-03.18:14:34::SCWMssOS::Sw design exists and opened at  C:/Users/khuon/ECE520/final_project/vitis_application/zybo_z7_10_plat/zynq_fsbl/zynq_fsbl_bsp/system.mss
TRACE::2026-05-03.18:14:34::SCWPlatform::Trying to open the hw design at C:/Users/khuon/ECE520/final_project/vitis_application/zybo_z7_10_plat/hw/reactive_scene_top_ps.xsa
TRACE::2026-05-03.18:14:34::SCWPlatform::DSA given C:/Users/khuon/ECE520/final_project/vitis_application/zybo_z7_10_plat/hw/reactive_scene_top_ps.xsa
TRACE::2026-05-03.18:14:34::SCWPlatform::DSA absoulate path C:/Users/khuon/ECE520/final_project/vitis_application/zybo_z7_10_plat/hw/reactive_scene_top_ps.xsa
TRACE::2026-05-03.18:14:34::SCWPlatform::DSA directory C:/Users/khuon/ECE520/final_project/vitis_application/zybo_z7_10_plat/hw
TRACE::2026-05-03.18:14:34::SCWPlatform:: Platform Path C:/Users/khuon/ECE520/final_project/vitis_application/zybo_z7_10_plat/hw/reactive_scene_top_ps.xsa
TRACE::2026-05-03.18:14:34::SCWPlatform:: Unique name xilinx:zybo-z7-10::0.0
TRACE::2026-05-03.18:14:34::SCWPlatform::Trying to set the existing hwdb with name reactive_scene_top_ps_0
TRACE::2026-05-03.18:14:34::SCWPlatform::Opened existing hwdb reactive_scene_top_ps_0
TRACE::2026-05-03.18:14:34::SCWPlatform::Found the Hw Db part of the input DSA
TRACE::2026-05-03.18:14:34::SCWMssOS::Checking the sw design at  C:/Users/khuon/ECE520/final_project/vitis_application/zybo_z7_10_plat/zynq_fsbl/zynq_fsbl_bsp/system.mss
TRACE::2026-05-03.18:14:34::SCWMssOS::DEBUG:  swdes dump  C:/Users/khuon/ECE520/final_project/vitis_application/zybo_z7_10_plat/ps7_cortexa9_0/standalone_domain/bsp/system.mss|system_0||
C:/Users/khuon/ECE520/final_project/vitis_application/zybo_z7_10_plat/zynq_fsbl/zynq_fsbl_bsp/system.mss|system||

TRACE::2026-05-03.18:14:34::SCWMssOS::Sw design exists and opened at  C:/Users/khuon/ECE520/final_project/vitis_application/zybo_z7_10_plat/zynq_fsbl/zynq_fsbl_bsp/system.mss
TRACE::2026-05-03.18:14:34::SCWPlatform::Trying to open the hw design at C:/Users/khuon/ECE520/final_project/vitis_application/zybo_z7_10_plat/hw/reactive_scene_top_ps.xsa
TRACE::2026-05-03.18:14:34::SCWPlatform::DSA given C:/Users/khuon/ECE520/final_project/vitis_application/zybo_z7_10_plat/hw/reactive_scene_top_ps.xsa
TRACE::2026-05-03.18:14:34::SCWPlatform::DSA absoulate path C:/Users/khuon/ECE520/final_project/vitis_application/zybo_z7_10_plat/hw/reactive_scene_top_ps.xsa
TRACE::2026-05-03.18:14:34::SCWPlatform::DSA directory C:/Users/khuon/ECE520/final_project/vitis_application/zybo_z7_10_plat/hw
TRACE::2026-05-03.18:14:34::SCWPlatform:: Platform Path C:/Users/khuon/ECE520/final_project/vitis_application/zybo_z7_10_plat/hw/reactive_scene_top_ps.xsa
TRACE::2026-05-03.18:14:34::SCWPlatform:: Unique name xilinx:zybo-z7-10::0.0
TRACE::2026-05-03.18:14:34::SCWPlatform::Trying to set the existing hwdb with name reactive_scene_top_ps_0
TRACE::2026-05-03.18:14:34::SCWPlatform::Opened existing hwdb reactive_scene_top_ps_0
TRACE::2026-05-03.18:14:34::SCWPlatform::Found the Hw Db part of the input DSA
TRACE::2026-05-03.18:14:34::SCWMssOS::Checking the sw design at  C:/Users/khuon/ECE520/final_project/vitis_application/zybo_z7_10_plat/ps7_cortexa9_0/standalone_domain/bsp/system.mss
TRACE::2026-05-03.18:14:34::SCWMssOS::DEBUG:  swdes dump  C:/Users/khuon/ECE520/final_project/vitis_application/zybo_z7_10_plat/ps7_cortexa9_0/standalone_domain/bsp/system.mss|system_0||
C:/Users/khuon/ECE520/final_project/vitis_application/zybo_z7_10_plat/zynq_fsbl/zynq_fsbl_bsp/system.mss|system||

TRACE::2026-05-03.18:14:34::SCWMssOS::Sw design exists and opened at  C:/Users/khuon/ECE520/final_project/vitis_application/zybo_z7_10_plat/ps7_cortexa9_0/standalone_domain/bsp/system.mss
TRACE::2026-05-03.18:14:34::SCWPlatform::Trying to open the hw design at C:/Users/khuon/ECE520/final_project/vitis_application/zybo_z7_10_plat/hw/reactive_scene_top_ps.xsa
TRACE::2026-05-03.18:14:34::SCWPlatform::DSA given C:/Users/khuon/ECE520/final_project/vitis_application/zybo_z7_10_plat/hw/reactive_scene_top_ps.xsa
TRACE::2026-05-03.18:14:34::SCWPlatform::DSA absoulate path C:/Users/khuon/ECE520/final_project/vitis_application/zybo_z7_10_plat/hw/reactive_scene_top_ps.xsa
TRACE::2026-05-03.18:14:34::SCWPlatform::DSA directory C:/Users/khuon/ECE520/final_project/vitis_application/zybo_z7_10_plat/hw
TRACE::2026-05-03.18:14:34::SCWPlatform:: Platform Path C:/Users/khuon/ECE520/final_project/vitis_application/zybo_z7_10_plat/hw/reactive_scene_top_ps.xsa
TRACE::2026-05-03.18:14:34::SCWPlatform:: Unique name xilinx:zybo-z7-10::0.0
TRACE::2026-05-03.18:14:34::SCWPlatform::Trying to set the existing hwdb with name reactive_scene_top_ps_0
TRACE::2026-05-03.18:14:34::SCWPlatform::Opened existing hwdb reactive_scene_top_ps_0
TRACE::2026-05-03.18:14:34::SCWPlatform::Found the Hw Db part of the input DSA
TRACE::2026-05-03.18:14:34::SCWMssOS::Checking the sw design at  C:/Users/khuon/ECE520/final_project/vitis_application/zybo_z7_10_plat/ps7_cortexa9_0/standalone_domain/bsp/system.mss
TRACE::2026-05-03.18:14:34::SCWMssOS::DEBUG:  swdes dump  C:/Users/khuon/ECE520/final_project/vitis_application/zybo_z7_10_plat/ps7_cortexa9_0/standalone_domain/bsp/system.mss|system_0||
C:/Users/khuon/ECE520/final_project/vitis_application/zybo_z7_10_plat/zynq_fsbl/zynq_fsbl_bsp/system.mss|system||

TRACE::2026-05-03.18:14:34::SCWMssOS::Sw design exists and opened at  C:/Users/khuon/ECE520/final_project/vitis_application/zybo_z7_10_plat/ps7_cortexa9_0/standalone_domain/bsp/system.mss
TRACE::2026-05-03.18:14:34::SCWPlatform::Trying to open the hw design at C:/Users/khuon/ECE520/final_project/vitis_application/zybo_z7_10_plat/hw/reactive_scene_top_ps.xsa
TRACE::2026-05-03.18:14:34::SCWPlatform::DSA given C:/Users/khuon/ECE520/final_project/vitis_application/zybo_z7_10_plat/hw/reactive_scene_top_ps.xsa
TRACE::2026-05-03.18:14:34::SCWPlatform::DSA absoulate path C:/Users/khuon/ECE520/final_project/vitis_application/zybo_z7_10_plat/hw/reactive_scene_top_ps.xsa
TRACE::2026-05-03.18:14:34::SCWPlatform::DSA directory C:/Users/khuon/ECE520/final_project/vitis_application/zybo_z7_10_plat/hw
TRACE::2026-05-03.18:14:34::SCWPlatform:: Platform Path C:/Users/khuon/ECE520/final_project/vitis_application/zybo_z7_10_plat/hw/reactive_scene_top_ps.xsa
TRACE::2026-05-03.18:14:34::SCWPlatform:: Unique name xilinx:zybo-z7-10::0.0
TRACE::2026-05-03.18:14:34::SCWPlatform::Trying to set the existing hwdb with name reactive_scene_top_ps_0
TRACE::2026-05-03.18:14:34::SCWPlatform::Opened existing hwdb reactive_scene_top_ps_0
TRACE::2026-05-03.18:14:34::SCWPlatform::Found the Hw Db part of the input DSA
TRACE::2026-05-03.18:14:34::SCWMssOS::Checking the sw design at  C:/Users/khuon/ECE520/final_project/vitis_application/zybo_z7_10_plat/ps7_cortexa9_0/standalone_domain/bsp/system.mss
TRACE::2026-05-03.18:14:34::SCWMssOS::DEBUG:  swdes dump  C:/Users/khuon/ECE520/final_project/vitis_application/zybo_z7_10_plat/ps7_cortexa9_0/standalone_domain/bsp/system.mss|system_0||
C:/Users/khuon/ECE520/final_project/vitis_application/zybo_z7_10_plat/zynq_fsbl/zynq_fsbl_bsp/system.mss|system||

TRACE::2026-05-03.18:14:34::SCWMssOS::Sw design exists and opened at  C:/Users/khuon/ECE520/final_project/vitis_application/zybo_z7_10_plat/ps7_cortexa9_0/standalone_domain/bsp/system.mss
TRACE::2026-05-03.18:14:34::SCWWriter::formatted JSON is {
	"platformName":	"zybo_z7_10_plat",
	"sprVersion":	"2.0",
	"mode":	"gui",
	"dsaType":	"Fixed",
	"platformDesc":	"zybo_z7_10_plat",
	"platHandOff":	"C:/Users/khuon/ECE520/final_project/phase3_integration/reactive_scene_top_ps.xsa",
	"platIntHandOff":	"<platformDir>/hw/reactive_scene_top_ps.xsa",
	"deviceType":	"zynq",
	"platIsPrebuiltAutogen":	"false",
	"platIsNoBootBsp":	"false",
	"platFsblTarget":	"ps7_cortexa9_0",
	"hasFsblMakeHasChanges":	"false",
	"hasPmufwMakeHasChanges":	"false",
	"fsblExtraCompilerFlags":	"-MMD -MP       -mcpu=cortex-a9 -mfpu=vfpv3 -mfloat-abi=hard ",
	"platPreBuiltFlag":	false,
	"platformSamplesDir":	"",
	"platActiveSys":	"zybo_z7_10_plat",
	"systems":	[{
			"systemName":	"zybo_z7_10_plat",
			"systemDesc":	"zybo_z7_10_plat",
			"sysIsBootAutoGen":	"true",
			"systemDispName":	"zybo_z7_10_plat",
			"sysActiveDom":	"standalone_domain",
			"sysDefaultDom":	"standalone_domain",
			"domains":	[{
					"domainName":	"zynq_fsbl",
					"domainDispName":	"zynq_fsbl",
					"domainDesc":	"FSBL Application BSP - Auto Generated.",
					"processors":	"ps7_cortexa9_0",
					"os":	"standalone",
					"sdxOs":	"standalone",
					"debugEnable":	"",
					"domRuntimes":	["cpp"],
					"swRepo":	"",
					"mssOsVer":	"8.1",
					"mssFile":	"",
					"md5Digest":	"5d56e52180d0bc02e0d42be3c7f1597a",
					"compatibleApp":	"zynq_fsbl",
					"domType":	"bootDomain",
					"arch":	"32-bit",
					"appSettings":	{
						"appCompilerFlags":	"",
						"appLinkerFlags":	""
					},
					"addedLibs":	["xilffs:5.0", "xilrsa:1.6"],
					"libOptions":	{
						"libsContainingOptions":	[]
					},
					"prebuiltLibs":	{
						"prebuiltIncPath":	[],
						"prebuiltLibPath":	[]
					},
					"isolation":	{
					}
				}, {
					"domainName":	"standalone_domain",
					"domainDispName":	"standalone on ps7_cortexa9_0",
					"domainDesc":	"standalone_domain",
					"processors":	"ps7_cortexa9_0",
					"os":	"standalone",
					"sdxOs":	"standalone",
					"qemuArgs":	"<platformDir>/resources/zybo_z7_10_plat/standalone_domain/qemu_args.txt",
					"qemuData":	"<platformDir>/resources/zybo_z7_10_plat/standalone_domain/qemu",
					"debugEnable":	"False",
					"domRuntimes":	["cpp"],
					"swRepo":	"",
					"mssOsVer":	"8.1",
					"mssFile":	"",
					"md5Digest":	"15de6ed70cac3d5d78676056db89f50d",
					"compatibleApp":	"",
					"domType":	"mssDomain",
					"appSettings":	{
						"appCompilerFlags":	"",
						"appLinkerFlags":	""
					},
					"addedLibs":	[],
					"libOptions":	{
						"libsContainingOptions":	[]
					},
					"prebuiltLibs":	{
						"prebuiltIncPath":	[],
						"prebuiltLibPath":	[]
					},
					"isolation":	{
					}
				}]
		}]
}
TRACE::2026-05-03.18:14:34::SCWMssOS::Saving the mss changes C:/Users/khuon/ECE520/final_project/vitis_application/zybo_z7_10_plat/zynq_fsbl/zynq_fsbl_bsp/system.mss
TRACE::2026-05-03.18:14:34::SCWMssOS::Found a swdesign opened with the mssfile.
TRACE::2026-05-03.18:14:34::SCWMssOS::Completed writemss as part of save.
TRACE::2026-05-03.18:14:34::SCWMssOS::Commit changes completed.
TRACE::2026-05-03.18:14:34::SCWMssOS::Saving the mss changes C:/Users/khuon/ECE520/final_project/vitis_application/zybo_z7_10_plat/ps7_cortexa9_0/standalone_domain/bsp/system.mss
TRACE::2026-05-03.18:14:34::SCWMssOS::Found a swdesign opened with the mssfile.
TRACE::2026-05-03.18:14:34::SCWMssOS::Completed writemss as part of save.
TRACE::2026-05-03.18:14:34::SCWMssOS::Commit changes completed.
TRACE::2026-05-03.18:14:34::SCWPlatform::Trying to open the hw design at C:/Users/khuon/ECE520/final_project/vitis_application/zybo_z7_10_plat/hw/reactive_scene_top_ps.xsa
TRACE::2026-05-03.18:14:34::SCWPlatform::DSA given C:/Users/khuon/ECE520/final_project/vitis_application/zybo_z7_10_plat/hw/reactive_scene_top_ps.xsa
TRACE::2026-05-03.18:14:34::SCWPlatform::DSA absoulate path C:/Users/khuon/ECE520/final_project/vitis_application/zybo_z7_10_plat/hw/reactive_scene_top_ps.xsa
TRACE::2026-05-03.18:14:34::SCWPlatform::DSA directory C:/Users/khuon/ECE520/final_project/vitis_application/zybo_z7_10_plat/hw
TRACE::2026-05-03.18:14:34::SCWPlatform:: Platform Path C:/Users/khuon/ECE520/final_project/vitis_application/zybo_z7_10_plat/hw/reactive_scene_top_ps.xsa
TRACE::2026-05-03.18:14:34::SCWPlatform:: Unique name xilinx:zybo-z7-10::0.0
TRACE::2026-05-03.18:14:34::SCWPlatform::Trying to set the existing hwdb with name reactive_scene_top_ps_0
TRACE::2026-05-03.18:14:34::SCWPlatform::Opened existing hwdb reactive_scene_top_ps_0
TRACE::2026-05-03.18:14:34::SCWPlatform::Found the Hw Db part of the input DSA
TRACE::2026-05-03.18:14:34::SCWMssOS::Checking the sw design at  C:/Users/khuon/ECE520/final_project/vitis_application/zybo_z7_10_plat/zynq_fsbl/zynq_fsbl_bsp/system.mss
TRACE::2026-05-03.18:14:34::SCWMssOS::DEBUG:  swdes dump  C:/Users/khuon/ECE520/final_project/vitis_application/zybo_z7_10_plat/ps7_cortexa9_0/standalone_domain/bsp/system.mss|system_0||
C:/Users/khuon/ECE520/final_project/vitis_application/zybo_z7_10_plat/zynq_fsbl/zynq_fsbl_bsp/system.mss|system||

TRACE::2026-05-03.18:14:34::SCWMssOS::Sw design exists and opened at  C:/Users/khuon/ECE520/final_project/vitis_application/zybo_z7_10_plat/zynq_fsbl/zynq_fsbl_bsp/system.mss
TRACE::2026-05-03.18:14:34::SCWPlatform::Trying to open the hw design at C:/Users/khuon/ECE520/final_project/vitis_application/zybo_z7_10_plat/hw/reactive_scene_top_ps.xsa
TRACE::2026-05-03.18:14:34::SCWPlatform::DSA given C:/Users/khuon/ECE520/final_project/vitis_application/zybo_z7_10_plat/hw/reactive_scene_top_ps.xsa
TRACE::2026-05-03.18:14:34::SCWPlatform::DSA absoulate path C:/Users/khuon/ECE520/final_project/vitis_application/zybo_z7_10_plat/hw/reactive_scene_top_ps.xsa
TRACE::2026-05-03.18:14:34::SCWPlatform::DSA directory C:/Users/khuon/ECE520/final_project/vitis_application/zybo_z7_10_plat/hw
TRACE::2026-05-03.18:14:34::SCWPlatform:: Platform Path C:/Users/khuon/ECE520/final_project/vitis_application/zybo_z7_10_plat/hw/reactive_scene_top_ps.xsa
TRACE::2026-05-03.18:14:34::SCWPlatform:: Unique name xilinx:zybo-z7-10::0.0
TRACE::2026-05-03.18:14:34::SCWPlatform::Trying to set the existing hwdb with name reactive_scene_top_ps_0
TRACE::2026-05-03.18:14:34::SCWPlatform::Opened existing hwdb reactive_scene_top_ps_0
TRACE::2026-05-03.18:14:34::SCWPlatform::Found the Hw Db part of the input DSA
TRACE::2026-05-03.18:14:34::SCWMssOS::Checking the sw design at  C:/Users/khuon/ECE520/final_project/vitis_application/zybo_z7_10_plat/zynq_fsbl/zynq_fsbl_bsp/system.mss
TRACE::2026-05-03.18:14:34::SCWMssOS::DEBUG:  swdes dump  C:/Users/khuon/ECE520/final_project/vitis_application/zybo_z7_10_plat/ps7_cortexa9_0/standalone_domain/bsp/system.mss|system_0||
C:/Users/khuon/ECE520/final_project/vitis_application/zybo_z7_10_plat/zynq_fsbl/zynq_fsbl_bsp/system.mss|system||

TRACE::2026-05-03.18:14:34::SCWMssOS::Sw design exists and opened at  C:/Users/khuon/ECE520/final_project/vitis_application/zybo_z7_10_plat/zynq_fsbl/zynq_fsbl_bsp/system.mss
TRACE::2026-05-03.18:14:34::SCWPlatform::Trying to open the hw design at C:/Users/khuon/ECE520/final_project/vitis_application/zybo_z7_10_plat/hw/reactive_scene_top_ps.xsa
TRACE::2026-05-03.18:14:34::SCWPlatform::DSA given C:/Users/khuon/ECE520/final_project/vitis_application/zybo_z7_10_plat/hw/reactive_scene_top_ps.xsa
TRACE::2026-05-03.18:14:34::SCWPlatform::DSA absoulate path C:/Users/khuon/ECE520/final_project/vitis_application/zybo_z7_10_plat/hw/reactive_scene_top_ps.xsa
TRACE::2026-05-03.18:14:34::SCWPlatform::DSA directory C:/Users/khuon/ECE520/final_project/vitis_application/zybo_z7_10_plat/hw
TRACE::2026-05-03.18:14:34::SCWPlatform:: Platform Path C:/Users/khuon/ECE520/final_project/vitis_application/zybo_z7_10_plat/hw/reactive_scene_top_ps.xsa
TRACE::2026-05-03.18:14:34::SCWPlatform:: Unique name xilinx:zybo-z7-10::0.0
TRACE::2026-05-03.18:14:34::SCWPlatform::Trying to set the existing hwdb with name reactive_scene_top_ps_0
TRACE::2026-05-03.18:14:34::SCWPlatform::Opened existing hwdb reactive_scene_top_ps_0
TRACE::2026-05-03.18:14:34::SCWPlatform::Found the Hw Db part of the input DSA
TRACE::2026-05-03.18:14:34::SCWMssOS::Checking the sw design at  C:/Users/khuon/ECE520/final_project/vitis_application/zybo_z7_10_plat/zynq_fsbl/zynq_fsbl_bsp/system.mss
TRACE::2026-05-03.18:14:34::SCWMssOS::DEBUG:  swdes dump  C:/Users/khuon/ECE520/final_project/vitis_application/zybo_z7_10_plat/ps7_cortexa9_0/standalone_domain/bsp/system.mss|system_0||
C:/Users/khuon/ECE520/final_project/vitis_application/zybo_z7_10_plat/zynq_fsbl/zynq_fsbl_bsp/system.mss|system||

TRACE::2026-05-03.18:14:34::SCWMssOS::Sw design exists and opened at  C:/Users/khuon/ECE520/final_project/vitis_application/zybo_z7_10_plat/zynq_fsbl/zynq_fsbl_bsp/system.mss
TRACE::2026-05-03.18:14:34::SCWPlatform::Trying to open the hw design at C:/Users/khuon/ECE520/final_project/vitis_application/zybo_z7_10_plat/hw/reactive_scene_top_ps.xsa
TRACE::2026-05-03.18:14:34::SCWPlatform::DSA given C:/Users/khuon/ECE520/final_project/vitis_application/zybo_z7_10_plat/hw/reactive_scene_top_ps.xsa
TRACE::2026-05-03.18:14:34::SCWPlatform::DSA absoulate path C:/Users/khuon/ECE520/final_project/vitis_application/zybo_z7_10_plat/hw/reactive_scene_top_ps.xsa
TRACE::2026-05-03.18:14:34::SCWPlatform::DSA directory C:/Users/khuon/ECE520/final_project/vitis_application/zybo_z7_10_plat/hw
TRACE::2026-05-03.18:14:34::SCWPlatform:: Platform Path C:/Users/khuon/ECE520/final_project/vitis_application/zybo_z7_10_plat/hw/reactive_scene_top_ps.xsa
TRACE::2026-05-03.18:14:34::SCWPlatform:: Unique name xilinx:zybo-z7-10::0.0
TRACE::2026-05-03.18:14:34::SCWPlatform::Trying to set the existing hwdb with name reactive_scene_top_ps_0
TRACE::2026-05-03.18:14:34::SCWPlatform::Opened existing hwdb reactive_scene_top_ps_0
TRACE::2026-05-03.18:14:34::SCWPlatform::Found the Hw Db part of the input DSA
TRACE::2026-05-03.18:14:34::SCWMssOS::Checking the sw design at  C:/Users/khuon/ECE520/final_project/vitis_application/zybo_z7_10_plat/ps7_cortexa9_0/standalone_domain/bsp/system.mss
TRACE::2026-05-03.18:14:34::SCWMssOS::DEBUG:  swdes dump  C:/Users/khuon/ECE520/final_project/vitis_application/zybo_z7_10_plat/ps7_cortexa9_0/standalone_domain/bsp/system.mss|system_0||
C:/Users/khuon/ECE520/final_project/vitis_application/zybo_z7_10_plat/zynq_fsbl/zynq_fsbl_bsp/system.mss|system||

TRACE::2026-05-03.18:14:34::SCWMssOS::Sw design exists and opened at  C:/Users/khuon/ECE520/final_project/vitis_application/zybo_z7_10_plat/ps7_cortexa9_0/standalone_domain/bsp/system.mss
TRACE::2026-05-03.18:14:34::SCWPlatform::Trying to open the hw design at C:/Users/khuon/ECE520/final_project/vitis_application/zybo_z7_10_plat/hw/reactive_scene_top_ps.xsa
TRACE::2026-05-03.18:14:34::SCWPlatform::DSA given C:/Users/khuon/ECE520/final_project/vitis_application/zybo_z7_10_plat/hw/reactive_scene_top_ps.xsa
TRACE::2026-05-03.18:14:34::SCWPlatform::DSA absoulate path C:/Users/khuon/ECE520/final_project/vitis_application/zybo_z7_10_plat/hw/reactive_scene_top_ps.xsa
TRACE::2026-05-03.18:14:34::SCWPlatform::DSA directory C:/Users/khuon/ECE520/final_project/vitis_application/zybo_z7_10_plat/hw
TRACE::2026-05-03.18:14:34::SCWPlatform:: Platform Path C:/Users/khuon/ECE520/final_project/vitis_application/zybo_z7_10_plat/hw/reactive_scene_top_ps.xsa
TRACE::2026-05-03.18:14:34::SCWPlatform:: Unique name xilinx:zybo-z7-10::0.0
TRACE::2026-05-03.18:14:34::SCWPlatform::Trying to set the existing hwdb with name reactive_scene_top_ps_0
TRACE::2026-05-03.18:14:34::SCWPlatform::Opened existing hwdb reactive_scene_top_ps_0
TRACE::2026-05-03.18:14:34::SCWPlatform::Found the Hw Db part of the input DSA
TRACE::2026-05-03.18:14:34::SCWMssOS::Checking the sw design at  C:/Users/khuon/ECE520/final_project/vitis_application/zybo_z7_10_plat/ps7_cortexa9_0/standalone_domain/bsp/system.mss
TRACE::2026-05-03.18:14:34::SCWMssOS::DEBUG:  swdes dump  C:/Users/khuon/ECE520/final_project/vitis_application/zybo_z7_10_plat/ps7_cortexa9_0/standalone_domain/bsp/system.mss|system_0||
C:/Users/khuon/ECE520/final_project/vitis_application/zybo_z7_10_plat/zynq_fsbl/zynq_fsbl_bsp/system.mss|system||

TRACE::2026-05-03.18:14:34::SCWMssOS::Sw design exists and opened at  C:/Users/khuon/ECE520/final_project/vitis_application/zybo_z7_10_plat/ps7_cortexa9_0/standalone_domain/bsp/system.mss
TRACE::2026-05-03.18:14:34::SCWPlatform::Trying to open the hw design at C:/Users/khuon/ECE520/final_project/vitis_application/zybo_z7_10_plat/hw/reactive_scene_top_ps.xsa
TRACE::2026-05-03.18:14:34::SCWPlatform::DSA given C:/Users/khuon/ECE520/final_project/vitis_application/zybo_z7_10_plat/hw/reactive_scene_top_ps.xsa
TRACE::2026-05-03.18:14:34::SCWPlatform::DSA absoulate path C:/Users/khuon/ECE520/final_project/vitis_application/zybo_z7_10_plat/hw/reactive_scene_top_ps.xsa
TRACE::2026-05-03.18:14:34::SCWPlatform::DSA directory C:/Users/khuon/ECE520/final_project/vitis_application/zybo_z7_10_plat/hw
TRACE::2026-05-03.18:14:34::SCWPlatform:: Platform Path C:/Users/khuon/ECE520/final_project/vitis_application/zybo_z7_10_plat/hw/reactive_scene_top_ps.xsa
TRACE::2026-05-03.18:14:34::SCWPlatform:: Unique name xilinx:zybo-z7-10::0.0
TRACE::2026-05-03.18:14:34::SCWPlatform::Trying to set the existing hwdb with name reactive_scene_top_ps_0
TRACE::2026-05-03.18:14:34::SCWPlatform::Opened existing hwdb reactive_scene_top_ps_0
TRACE::2026-05-03.18:14:34::SCWPlatform::Found the Hw Db part of the input DSA
TRACE::2026-05-03.18:14:34::SCWMssOS::Checking the sw design at  C:/Users/khuon/ECE520/final_project/vitis_application/zybo_z7_10_plat/ps7_cortexa9_0/standalone_domain/bsp/system.mss
TRACE::2026-05-03.18:14:34::SCWMssOS::DEBUG:  swdes dump  C:/Users/khuon/ECE520/final_project/vitis_application/zybo_z7_10_plat/ps7_cortexa9_0/standalone_domain/bsp/system.mss|system_0||
C:/Users/khuon/ECE520/final_project/vitis_application/zybo_z7_10_plat/zynq_fsbl/zynq_fsbl_bsp/system.mss|system||

TRACE::2026-05-03.18:14:34::SCWMssOS::Sw design exists and opened at  C:/Users/khuon/ECE520/final_project/vitis_application/zybo_z7_10_plat/ps7_cortexa9_0/standalone_domain/bsp/system.mss
TRACE::2026-05-03.18:14:34::SCWWriter::formatted JSON is {
	"platformName":	"zybo_z7_10_plat",
	"sprVersion":	"2.0",
	"mode":	"gui",
	"dsaType":	"Fixed",
	"platformDesc":	"zybo_z7_10_plat",
	"platHandOff":	"C:/Users/khuon/ECE520/final_project/phase3_integration/reactive_scene_top_ps.xsa",
	"platIntHandOff":	"<platformDir>/hw/reactive_scene_top_ps.xsa",
	"deviceType":	"zynq",
	"platIsPrebuiltAutogen":	"false",
	"platIsNoBootBsp":	"false",
	"platFsblTarget":	"ps7_cortexa9_0",
	"hasFsblMakeHasChanges":	"false",
	"hasPmufwMakeHasChanges":	"false",
	"fsblExtraCompilerFlags":	"-MMD -MP       -mcpu=cortex-a9 -mfpu=vfpv3 -mfloat-abi=hard ",
	"platPreBuiltFlag":	false,
	"platformSamplesDir":	"",
	"platActiveSys":	"zybo_z7_10_plat",
	"systems":	[{
			"systemName":	"zybo_z7_10_plat",
			"systemDesc":	"zybo_z7_10_plat",
			"sysIsBootAutoGen":	"true",
			"systemDispName":	"zybo_z7_10_plat",
			"sysActiveDom":	"standalone_domain",
			"sysDefaultDom":	"standalone_domain",
			"domains":	[{
					"domainName":	"zynq_fsbl",
					"domainDispName":	"zynq_fsbl",
					"domainDesc":	"FSBL Application BSP - Auto Generated.",
					"processors":	"ps7_cortexa9_0",
					"os":	"standalone",
					"sdxOs":	"standalone",
					"debugEnable":	"",
					"domRuntimes":	["cpp"],
					"swRepo":	"",
					"mssOsVer":	"8.1",
					"mssFile":	"",
					"md5Digest":	"5d56e52180d0bc02e0d42be3c7f1597a",
					"compatibleApp":	"zynq_fsbl",
					"domType":	"bootDomain",
					"arch":	"32-bit",
					"appSettings":	{
						"appCompilerFlags":	"",
						"appLinkerFlags":	""
					},
					"addedLibs":	["xilffs:5.0", "xilrsa:1.6"],
					"libOptions":	{
						"libsContainingOptions":	[]
					},
					"prebuiltLibs":	{
						"prebuiltIncPath":	[],
						"prebuiltLibPath":	[]
					},
					"isolation":	{
					}
				}, {
					"domainName":	"standalone_domain",
					"domainDispName":	"standalone on ps7_cortexa9_0",
					"domainDesc":	"standalone_domain",
					"processors":	"ps7_cortexa9_0",
					"os":	"standalone",
					"sdxOs":	"standalone",
					"qemuArgs":	"<platformDir>/resources/zybo_z7_10_plat/standalone_domain/qemu_args.txt",
					"qemuData":	"<platformDir>/resources/zybo_z7_10_plat/standalone_domain/qemu",
					"debugEnable":	"False",
					"domRuntimes":	["cpp"],
					"swRepo":	"",
					"mssOsVer":	"8.1",
					"mssFile":	"",
					"md5Digest":	"15de6ed70cac3d5d78676056db89f50d",
					"compatibleApp":	"",
					"domType":	"mssDomain",
					"appSettings":	{
						"appCompilerFlags":	"",
						"appLinkerFlags":	""
					},
					"addedLibs":	[],
					"libOptions":	{
						"libsContainingOptions":	[]
					},
					"prebuiltLibs":	{
						"prebuiltIncPath":	[],
						"prebuiltLibPath":	[]
					},
					"isolation":	{
					}
				}]
		}]
}
TRACE::2026-05-03.18:14:34::SCWPlatform::Clearing the existing platform
TRACE::2026-05-03.18:14:34::SCWSystem::Clearing the existing sysconfig
TRACE::2026-05-03.18:14:34::SCWBDomain::clearing the fsbl build
TRACE::2026-05-03.18:14:34::SCWMssOS::Removing the swdes entry for  C:/Users/khuon/ECE520/final_project/vitis_application/zybo_z7_10_plat/zynq_fsbl/zynq_fsbl_bsp/system.mss
TRACE::2026-05-03.18:14:34::SCWMssOS::Removing the swdes entry for  C:/Users/khuon/ECE520/final_project/vitis_application/zybo_z7_10_plat/ps7_cortexa9_0/standalone_domain/bsp/system.mss
TRACE::2026-05-03.18:14:34::SCWSystem::Clearing the domains completed.
TRACE::2026-05-03.18:14:34::SCWPlatform::Clearing the opened hw db.
TRACE::2026-05-03.18:14:34::SCWPlatform::DSA given C:/Users/khuon/ECE520/final_project/vitis_application/zybo_z7_10_plat/hw/reactive_scene_top_ps.xsa
TRACE::2026-05-03.18:14:34::SCWPlatform::DSA absoulate path C:/Users/khuon/ECE520/final_project/vitis_application/zybo_z7_10_plat/hw/reactive_scene_top_ps.xsa
TRACE::2026-05-03.18:14:34::SCWPlatform:: Platform location is C:/Users/khuon/ECE520/final_project/vitis_application/zybo_z7_10_plat/hw
TRACE::2026-05-03.18:14:34::SCWPlatform:: Platform Path C:/Users/khuon/ECE520/final_project/vitis_application/zybo_z7_10_plat/hw/reactive_scene_top_ps.xsa
TRACE::2026-05-03.18:14:34::SCWPlatform:: Unique name xilinx:zybo-z7-10::0.0
TRACE::2026-05-03.18:14:34::SCWPlatform::Removing the HwDB with name C:/Users/khuon/ECE520/final_project/vitis_application/zybo_z7_10_plat/hw/reactive_scene_top_ps.xsa
TRACE::2026-05-03.18:14:34::SCWPlatform::Trying to open the hw design at C:/Users/khuon/ECE520/final_project/vitis_application/zybo_z7_10_plat/hw/reactive_scene_top_ps.xsa
TRACE::2026-05-03.18:14:34::SCWPlatform::DSA given C:/Users/khuon/ECE520/final_project/vitis_application/zybo_z7_10_plat/hw/reactive_scene_top_ps.xsa
TRACE::2026-05-03.18:14:34::SCWPlatform::DSA absoulate path C:/Users/khuon/ECE520/final_project/vitis_application/zybo_z7_10_plat/hw/reactive_scene_top_ps.xsa
TRACE::2026-05-03.18:14:34::SCWPlatform::DSA directory C:/Users/khuon/ECE520/final_project/vitis_application/zybo_z7_10_plat/hw
TRACE::2026-05-03.18:14:34::SCWPlatform:: Platform Path C:/Users/khuon/ECE520/final_project/vitis_application/zybo_z7_10_plat/hw/reactive_scene_top_ps.xsa
TRACE::2026-05-03.18:14:34::SCWPlatform:: Unique name xilinx:zybo-z7-10::0.0
TRACE::2026-05-03.18:14:34::SCWPlatform::Do not have an existing db opened. 
TRACE::2026-05-03.18:14:35::SCWPlatform::Opened new HwDB with name reactive_scene_top_ps_1
TRACE::2026-05-03.18:14:35::SCWReader::Active system found as  zybo_z7_10_plat
TRACE::2026-05-03.18:14:35::SCWReader::Handling sysconfig zybo_z7_10_plat
TRACE::2026-05-03.18:14:35::SCWDomain::checking for install qemu data   : 
TRACE::2026-05-03.18:14:35::SCWDomain:: Using the QEMU Data from install at  : C:/Xilinx/Vitis/2023.1/data/emulation/platforms/zynq/sw/a9_standalone/qemu/
TRACE::2026-05-03.18:14:35::SCWDomain:: Using the QEMU args  from install at  : C:/Xilinx/Vitis/2023.1/data/emulation/platforms/zynq/sw/a9_standalone/qemu/qemu_args.txt
TRACE::2026-05-03.18:14:35::SCWPlatform::Trying to open the hw design at C:/Users/khuon/ECE520/final_project/vitis_application/zybo_z7_10_plat/hw/reactive_scene_top_ps.xsa
TRACE::2026-05-03.18:14:35::SCWPlatform::DSA given C:/Users/khuon/ECE520/final_project/vitis_application/zybo_z7_10_plat/hw/reactive_scene_top_ps.xsa
TRACE::2026-05-03.18:14:35::SCWPlatform::DSA absoulate path C:/Users/khuon/ECE520/final_project/vitis_application/zybo_z7_10_plat/hw/reactive_scene_top_ps.xsa
TRACE::2026-05-03.18:14:35::SCWPlatform::DSA directory C:/Users/khuon/ECE520/final_project/vitis_application/zybo_z7_10_plat/hw
TRACE::2026-05-03.18:14:35::SCWPlatform:: Platform Path C:/Users/khuon/ECE520/final_project/vitis_application/zybo_z7_10_plat/hw/reactive_scene_top_ps.xsa
TRACE::2026-05-03.18:14:35::SCWPlatform:: Unique name xilinx:zybo-z7-10::0.0
TRACE::2026-05-03.18:14:35::SCWPlatform::Trying to set the existing hwdb with name reactive_scene_top_ps_1
TRACE::2026-05-03.18:14:35::SCWPlatform::Opened existing hwdb reactive_scene_top_ps_1
TRACE::2026-05-03.18:14:35::SCWPlatform::Found the Hw Db part of the input DSA
TRACE::2026-05-03.18:14:35::SCWPlatform::Trying to open the hw design at C:/Users/khuon/ECE520/final_project/vitis_application/zybo_z7_10_plat/hw/reactive_scene_top_ps.xsa
TRACE::2026-05-03.18:14:35::SCWPlatform::DSA given C:/Users/khuon/ECE520/final_project/vitis_application/zybo_z7_10_plat/hw/reactive_scene_top_ps.xsa
TRACE::2026-05-03.18:14:35::SCWPlatform::DSA absoulate path C:/Users/khuon/ECE520/final_project/vitis_application/zybo_z7_10_plat/hw/reactive_scene_top_ps.xsa
TRACE::2026-05-03.18:14:35::SCWPlatform::DSA directory C:/Users/khuon/ECE520/final_project/vitis_application/zybo_z7_10_plat/hw
TRACE::2026-05-03.18:14:35::SCWPlatform:: Platform Path C:/Users/khuon/ECE520/final_project/vitis_application/zybo_z7_10_plat/hw/reactive_scene_top_ps.xsa
TRACE::2026-05-03.18:14:35::SCWPlatform:: Unique name xilinx:zybo-z7-10::0.0
TRACE::2026-05-03.18:14:35::SCWPlatform::Trying to set the existing hwdb with name reactive_scene_top_ps_1
TRACE::2026-05-03.18:14:35::SCWPlatform::Opened existing hwdb reactive_scene_top_ps_1
TRACE::2026-05-03.18:14:35::SCWPlatform::Found the Hw Db part of the input DSA
TRACE::2026-05-03.18:14:35::SCWPlatform::Trying to open the hw design at C:/Users/khuon/ECE520/final_project/vitis_application/zybo_z7_10_plat/hw/reactive_scene_top_ps.xsa
TRACE::2026-05-03.18:14:35::SCWPlatform::DSA given C:/Users/khuon/ECE520/final_project/vitis_application/zybo_z7_10_plat/hw/reactive_scene_top_ps.xsa
TRACE::2026-05-03.18:14:35::SCWPlatform::DSA absoulate path C:/Users/khuon/ECE520/final_project/vitis_application/zybo_z7_10_plat/hw/reactive_scene_top_ps.xsa
TRACE::2026-05-03.18:14:35::SCWPlatform::DSA directory C:/Users/khuon/ECE520/final_project/vitis_application/zybo_z7_10_plat/hw
TRACE::2026-05-03.18:14:35::SCWPlatform:: Platform Path C:/Users/khuon/ECE520/final_project/vitis_application/zybo_z7_10_plat/hw/reactive_scene_top_ps.xsa
TRACE::2026-05-03.18:14:35::SCWPlatform:: Unique name xilinx:zybo-z7-10::0.0
TRACE::2026-05-03.18:14:35::SCWPlatform::Trying to set the existing hwdb with name reactive_scene_top_ps_1
TRACE::2026-05-03.18:14:35::SCWPlatform::Opened existing hwdb reactive_scene_top_ps_1
TRACE::2026-05-03.18:14:35::SCWPlatform::Found the Hw Db part of the input DSA
TRACE::2026-05-03.18:14:35::SCWReader::Boot application domain added for zynq_fsbl
TRACE::2026-05-03.18:14:35::SCWPlatform::Trying to open the hw design at C:/Users/khuon/ECE520/final_project/vitis_application/zybo_z7_10_plat/hw/reactive_scene_top_ps.xsa
TRACE::2026-05-03.18:14:35::SCWPlatform::DSA given C:/Users/khuon/ECE520/final_project/vitis_application/zybo_z7_10_plat/hw/reactive_scene_top_ps.xsa
TRACE::2026-05-03.18:14:35::SCWPlatform::DSA absoulate path C:/Users/khuon/ECE520/final_project/vitis_application/zybo_z7_10_plat/hw/reactive_scene_top_ps.xsa
TRACE::2026-05-03.18:14:35::SCWPlatform::DSA directory C:/Users/khuon/ECE520/final_project/vitis_application/zybo_z7_10_plat/hw
TRACE::2026-05-03.18:14:35::SCWPlatform:: Platform Path C:/Users/khuon/ECE520/final_project/vitis_application/zybo_z7_10_plat/hw/reactive_scene_top_ps.xsa
TRACE::2026-05-03.18:14:35::SCWPlatform:: Unique name xilinx:zybo-z7-10::0.0
TRACE::2026-05-03.18:14:35::SCWPlatform::Trying to set the existing hwdb with name reactive_scene_top_ps_1
TRACE::2026-05-03.18:14:35::SCWPlatform::Opened existing hwdb reactive_scene_top_ps_1
TRACE::2026-05-03.18:14:35::SCWPlatform::Found the Hw Db part of the input DSA
TRACE::2026-05-03.18:14:35::SCWMssOS::Checking the sw design at  C:/Users/khuon/ECE520/final_project/vitis_application/zybo_z7_10_plat/zynq_fsbl/zynq_fsbl_bsp/system.mss
TRACE::2026-05-03.18:14:35::SCWMssOS::DEBUG:  swdes dump  
TRACE::2026-05-03.18:14:35::SCWMssOS::No sw design opened at  C:/Users/khuon/ECE520/final_project/vitis_application/zybo_z7_10_plat/zynq_fsbl/zynq_fsbl_bsp/system.mss
TRACE::2026-05-03.18:14:35::SCWMssOS::mss exists loading the mss file  C:/Users/khuon/ECE520/final_project/vitis_application/zybo_z7_10_plat/zynq_fsbl/zynq_fsbl_bsp/system.mss
TRACE::2026-05-03.18:14:35::SCWMssOS::Opened the sw design from mss  C:/Users/khuon/ECE520/final_project/vitis_application/zybo_z7_10_plat/zynq_fsbl/zynq_fsbl_bsp/system.mss
TRACE::2026-05-03.18:14:35::SCWMssOS::Adding the swdes entry C:/Users/khuon/ECE520/final_project/vitis_application/zybo_z7_10_plat/zynq_fsbl/zynq_fsbl_bsp/system.mss with des name system
TRACE::2026-05-03.18:14:35::SCWMssOS::updating the scw layer about changes
TRACE::2026-05-03.18:14:35::SCWMssOS::Opened the sw design.  C:/Users/khuon/ECE520/final_project/vitis_application/zybo_z7_10_plat/zynq_fsbl/zynq_fsbl_bsp/system.mss
TRACE::2026-05-03.18:14:35::SCWPlatform::Trying to open the hw design at C:/Users/khuon/ECE520/final_project/vitis_application/zybo_z7_10_plat/hw/reactive_scene_top_ps.xsa
TRACE::2026-05-03.18:14:35::SCWPlatform::DSA given C:/Users/khuon/ECE520/final_project/vitis_application/zybo_z7_10_plat/hw/reactive_scene_top_ps.xsa
TRACE::2026-05-03.18:14:35::SCWPlatform::DSA absoulate path C:/Users/khuon/ECE520/final_project/vitis_application/zybo_z7_10_plat/hw/reactive_scene_top_ps.xsa
TRACE::2026-05-03.18:14:35::SCWPlatform::DSA directory C:/Users/khuon/ECE520/final_project/vitis_application/zybo_z7_10_plat/hw
TRACE::2026-05-03.18:14:35::SCWPlatform:: Platform Path C:/Users/khuon/ECE520/final_project/vitis_application/zybo_z7_10_plat/hw/reactive_scene_top_ps.xsa
TRACE::2026-05-03.18:14:35::SCWPlatform:: Unique name xilinx:zybo-z7-10::0.0
TRACE::2026-05-03.18:14:35::SCWPlatform::Trying to set the existing hwdb with name reactive_scene_top_ps_1
TRACE::2026-05-03.18:14:35::SCWPlatform::Opened existing hwdb reactive_scene_top_ps_1
TRACE::2026-05-03.18:14:35::SCWPlatform::Found the Hw Db part of the input DSA
TRACE::2026-05-03.18:14:35::SCWMssOS::Checking the sw design at  C:/Users/khuon/ECE520/final_project/vitis_application/zybo_z7_10_plat/zynq_fsbl/zynq_fsbl_bsp/system.mss
TRACE::2026-05-03.18:14:35::SCWMssOS::DEBUG:  swdes dump  C:/Users/khuon/ECE520/final_project/vitis_application/zybo_z7_10_plat/zynq_fsbl/zynq_fsbl_bsp/system.mss|system||

TRACE::2026-05-03.18:14:35::SCWMssOS::Sw design exists and opened at  C:/Users/khuon/ECE520/final_project/vitis_application/zybo_z7_10_plat/zynq_fsbl/zynq_fsbl_bsp/system.mss
TRACE::2026-05-03.18:14:35::SCWMssOS:: library already available in sw design:  xilffs:5.0
TRACE::2026-05-03.18:14:35::SCWPlatform::Trying to open the hw design at C:/Users/khuon/ECE520/final_project/vitis_application/zybo_z7_10_plat/hw/reactive_scene_top_ps.xsa
TRACE::2026-05-03.18:14:35::SCWPlatform::DSA given C:/Users/khuon/ECE520/final_project/vitis_application/zybo_z7_10_plat/hw/reactive_scene_top_ps.xsa
TRACE::2026-05-03.18:14:35::SCWPlatform::DSA absoulate path C:/Users/khuon/ECE520/final_project/vitis_application/zybo_z7_10_plat/hw/reactive_scene_top_ps.xsa
TRACE::2026-05-03.18:14:35::SCWPlatform::DSA directory C:/Users/khuon/ECE520/final_project/vitis_application/zybo_z7_10_plat/hw
TRACE::2026-05-03.18:14:35::SCWPlatform:: Platform Path C:/Users/khuon/ECE520/final_project/vitis_application/zybo_z7_10_plat/hw/reactive_scene_top_ps.xsa
TRACE::2026-05-03.18:14:35::SCWPlatform:: Unique name xilinx:zybo-z7-10::0.0
TRACE::2026-05-03.18:14:35::SCWPlatform::Trying to set the existing hwdb with name reactive_scene_top_ps_1
TRACE::2026-05-03.18:14:35::SCWPlatform::Opened existing hwdb reactive_scene_top_ps_1
TRACE::2026-05-03.18:14:35::SCWPlatform::Found the Hw Db part of the input DSA
TRACE::2026-05-03.18:14:35::SCWMssOS::Checking the sw design at  C:/Users/khuon/ECE520/final_project/vitis_application/zybo_z7_10_plat/zynq_fsbl/zynq_fsbl_bsp/system.mss
TRACE::2026-05-03.18:14:35::SCWMssOS::DEBUG:  swdes dump  C:/Users/khuon/ECE520/final_project/vitis_application/zybo_z7_10_plat/zynq_fsbl/zynq_fsbl_bsp/system.mss|system||

TRACE::2026-05-03.18:14:35::SCWMssOS::Sw design exists and opened at  C:/Users/khuon/ECE520/final_project/vitis_application/zybo_z7_10_plat/zynq_fsbl/zynq_fsbl_bsp/system.mss
TRACE::2026-05-03.18:14:35::SCWMssOS:: library already available in sw design:  xilrsa:1.6
TRACE::2026-05-03.18:14:35::SCWMssOS::Saving the mss changes C:/Users/khuon/ECE520/final_project/vitis_application/zybo_z7_10_plat/zynq_fsbl/zynq_fsbl_bsp/system.mss
TRACE::2026-05-03.18:14:35::SCWMssOS::Found a swdesign opened with the mssfile.
TRACE::2026-05-03.18:14:35::SCWMssOS::Completed writemss as part of save.
TRACE::2026-05-03.18:14:35::SCWMssOS::Commit changes completed.
TRACE::2026-05-03.18:14:35::SCWReader::Adding prebuilt librarypaths as   
TRACE::2026-05-03.18:14:35::SCWReader::Adding prebuilt incpaths  as   
TRACE::2026-05-03.18:14:35::SCWPlatform::Trying to open the hw design at C:/Users/khuon/ECE520/final_project/vitis_application/zybo_z7_10_plat/hw/reactive_scene_top_ps.xsa
TRACE::2026-05-03.18:14:35::SCWPlatform::DSA given C:/Users/khuon/ECE520/final_project/vitis_application/zybo_z7_10_plat/hw/reactive_scene_top_ps.xsa
TRACE::2026-05-03.18:14:35::SCWPlatform::DSA absoulate path C:/Users/khuon/ECE520/final_project/vitis_application/zybo_z7_10_plat/hw/reactive_scene_top_ps.xsa
TRACE::2026-05-03.18:14:35::SCWPlatform::DSA directory C:/Users/khuon/ECE520/final_project/vitis_application/zybo_z7_10_plat/hw
TRACE::2026-05-03.18:14:35::SCWPlatform:: Platform Path C:/Users/khuon/ECE520/final_project/vitis_application/zybo_z7_10_plat/hw/reactive_scene_top_ps.xsa
TRACE::2026-05-03.18:14:35::SCWPlatform:: Unique name xilinx:zybo-z7-10::0.0
TRACE::2026-05-03.18:14:35::SCWPlatform::Trying to set the existing hwdb with name reactive_scene_top_ps_1
TRACE::2026-05-03.18:14:35::SCWPlatform::Opened existing hwdb reactive_scene_top_ps_1
TRACE::2026-05-03.18:14:35::SCWPlatform::Found the Hw Db part of the input DSA
TRACE::2026-05-03.18:14:35::SCWMssOS::Checking the sw design at  C:/Users/khuon/ECE520/final_project/vitis_application/zybo_z7_10_plat/zynq_fsbl/zynq_fsbl_bsp/system.mss
TRACE::2026-05-03.18:14:35::SCWMssOS::DEBUG:  swdes dump  C:/Users/khuon/ECE520/final_project/vitis_application/zybo_z7_10_plat/zynq_fsbl/zynq_fsbl_bsp/system.mss|system||

TRACE::2026-05-03.18:14:35::SCWMssOS::Sw design exists and opened at  C:/Users/khuon/ECE520/final_project/vitis_application/zybo_z7_10_plat/zynq_fsbl/zynq_fsbl_bsp/system.mss
TRACE::2026-05-03.18:14:35::SCWReader::No isolation master present  
TRACE::2026-05-03.18:14:35::SCWDomain::checking for install qemu data   : 
TRACE::2026-05-03.18:14:35::SCWDomain:: Using the QEMU Data from install at  : C:/Xilinx/Vitis/2023.1/data/emulation/platforms/zynq/sw/a9_standalone/qemu/
TRACE::2026-05-03.18:14:35::SCWDomain:: Using the QEMU args  from install at  : C:/Xilinx/Vitis/2023.1/data/emulation/platforms/zynq/sw/a9_standalone/qemu/qemu_args.txt
TRACE::2026-05-03.18:14:35::SCWPlatform::Trying to open the hw design at C:/Users/khuon/ECE520/final_project/vitis_application/zybo_z7_10_plat/hw/reactive_scene_top_ps.xsa
TRACE::2026-05-03.18:14:35::SCWPlatform::DSA given C:/Users/khuon/ECE520/final_project/vitis_application/zybo_z7_10_plat/hw/reactive_scene_top_ps.xsa
TRACE::2026-05-03.18:14:35::SCWPlatform::DSA absoulate path C:/Users/khuon/ECE520/final_project/vitis_application/zybo_z7_10_plat/hw/reactive_scene_top_ps.xsa
TRACE::2026-05-03.18:14:35::SCWPlatform::DSA directory C:/Users/khuon/ECE520/final_project/vitis_application/zybo_z7_10_plat/hw
TRACE::2026-05-03.18:14:35::SCWPlatform:: Platform Path C:/Users/khuon/ECE520/final_project/vitis_application/zybo_z7_10_plat/hw/reactive_scene_top_ps.xsa
TRACE::2026-05-03.18:14:35::SCWPlatform:: Unique name xilinx:zybo-z7-10::0.0
TRACE::2026-05-03.18:14:35::SCWPlatform::Trying to set the existing hwdb with name reactive_scene_top_ps_1
TRACE::2026-05-03.18:14:35::SCWPlatform::Opened existing hwdb reactive_scene_top_ps_1
TRACE::2026-05-03.18:14:35::SCWPlatform::Found the Hw Db part of the input DSA
TRACE::2026-05-03.18:14:35::SCWPlatform::Trying to open the hw design at C:/Users/khuon/ECE520/final_project/vitis_application/zybo_z7_10_plat/hw/reactive_scene_top_ps.xsa
TRACE::2026-05-03.18:14:35::SCWPlatform::DSA given C:/Users/khuon/ECE520/final_project/vitis_application/zybo_z7_10_plat/hw/reactive_scene_top_ps.xsa
TRACE::2026-05-03.18:14:35::SCWPlatform::DSA absoulate path C:/Users/khuon/ECE520/final_project/vitis_application/zybo_z7_10_plat/hw/reactive_scene_top_ps.xsa
TRACE::2026-05-03.18:14:35::SCWPlatform::DSA directory C:/Users/khuon/ECE520/final_project/vitis_application/zybo_z7_10_plat/hw
TRACE::2026-05-03.18:14:35::SCWPlatform:: Platform Path C:/Users/khuon/ECE520/final_project/vitis_application/zybo_z7_10_plat/hw/reactive_scene_top_ps.xsa
TRACE::2026-05-03.18:14:35::SCWPlatform:: Unique name xilinx:zybo-z7-10::0.0
TRACE::2026-05-03.18:14:35::SCWPlatform::Trying to set the existing hwdb with name reactive_scene_top_ps_1
TRACE::2026-05-03.18:14:35::SCWPlatform::Opened existing hwdb reactive_scene_top_ps_1
TRACE::2026-05-03.18:14:35::SCWPlatform::Found the Hw Db part of the input DSA
TRACE::2026-05-03.18:14:35::SCWPlatform::Trying to open the hw design at C:/Users/khuon/ECE520/final_project/vitis_application/zybo_z7_10_plat/hw/reactive_scene_top_ps.xsa
TRACE::2026-05-03.18:14:35::SCWPlatform::DSA given C:/Users/khuon/ECE520/final_project/vitis_application/zybo_z7_10_plat/hw/reactive_scene_top_ps.xsa
TRACE::2026-05-03.18:14:35::SCWPlatform::DSA absoulate path C:/Users/khuon/ECE520/final_project/vitis_application/zybo_z7_10_plat/hw/reactive_scene_top_ps.xsa
TRACE::2026-05-03.18:14:35::SCWPlatform::DSA directory C:/Users/khuon/ECE520/final_project/vitis_application/zybo_z7_10_plat/hw
TRACE::2026-05-03.18:14:35::SCWPlatform:: Platform Path C:/Users/khuon/ECE520/final_project/vitis_application/zybo_z7_10_plat/hw/reactive_scene_top_ps.xsa
TRACE::2026-05-03.18:14:35::SCWPlatform:: Unique name xilinx:zybo-z7-10::0.0
TRACE::2026-05-03.18:14:35::SCWPlatform::Trying to set the existing hwdb with name reactive_scene_top_ps_1
TRACE::2026-05-03.18:14:35::SCWPlatform::Opened existing hwdb reactive_scene_top_ps_1
TRACE::2026-05-03.18:14:35::SCWPlatform::Found the Hw Db part of the input DSA
TRACE::2026-05-03.18:14:35::SCWMssOS::Checking the sw design at  C:/Users/khuon/ECE520/final_project/vitis_application/zybo_z7_10_plat/ps7_cortexa9_0/standalone_domain/bsp/system.mss
TRACE::2026-05-03.18:14:35::SCWMssOS::DEBUG:  swdes dump  C:/Users/khuon/ECE520/final_project/vitis_application/zybo_z7_10_plat/zynq_fsbl/zynq_fsbl_bsp/system.mss|system||

TRACE::2026-05-03.18:14:35::SCWMssOS::No sw design opened at  C:/Users/khuon/ECE520/final_project/vitis_application/zybo_z7_10_plat/ps7_cortexa9_0/standalone_domain/bsp/system.mss
TRACE::2026-05-03.18:14:35::SCWMssOS::mss exists loading the mss file  C:/Users/khuon/ECE520/final_project/vitis_application/zybo_z7_10_plat/ps7_cortexa9_0/standalone_domain/bsp/system.mss
TRACE::2026-05-03.18:14:35::SCWMssOS::Opened the sw design from mss  C:/Users/khuon/ECE520/final_project/vitis_application/zybo_z7_10_plat/ps7_cortexa9_0/standalone_domain/bsp/system.mss
TRACE::2026-05-03.18:14:35::SCWMssOS::Adding the swdes entry C:/Users/khuon/ECE520/final_project/vitis_application/zybo_z7_10_plat/ps7_cortexa9_0/standalone_domain/bsp/system.mss with des name system_0
TRACE::2026-05-03.18:14:35::SCWMssOS::updating the scw layer about changes
TRACE::2026-05-03.18:14:35::SCWMssOS::Opened the sw design.  C:/Users/khuon/ECE520/final_project/vitis_application/zybo_z7_10_plat/ps7_cortexa9_0/standalone_domain/bsp/system.mss
TRACE::2026-05-03.18:14:35::SCWMssOS::Saving the mss changes C:/Users/khuon/ECE520/final_project/vitis_application/zybo_z7_10_plat/ps7_cortexa9_0/standalone_domain/bsp/system.mss
TRACE::2026-05-03.18:14:35::SCWMssOS::Found a swdesign opened with the mssfile.
TRACE::2026-05-03.18:14:35::SCWMssOS::Completed writemss as part of save.
TRACE::2026-05-03.18:14:35::SCWMssOS::Commit changes completed.
TRACE::2026-05-03.18:14:35::SCWReader::Adding prebuilt librarypaths as   
TRACE::2026-05-03.18:14:35::SCWReader::Adding prebuilt incpaths  as   
TRACE::2026-05-03.18:14:35::SCWPlatform::Trying to open the hw design at C:/Users/khuon/ECE520/final_project/vitis_application/zybo_z7_10_plat/hw/reactive_scene_top_ps.xsa
TRACE::2026-05-03.18:14:35::SCWPlatform::DSA given C:/Users/khuon/ECE520/final_project/vitis_application/zybo_z7_10_plat/hw/reactive_scene_top_ps.xsa
TRACE::2026-05-03.18:14:35::SCWPlatform::DSA absoulate path C:/Users/khuon/ECE520/final_project/vitis_application/zybo_z7_10_plat/hw/reactive_scene_top_ps.xsa
TRACE::2026-05-03.18:14:35::SCWPlatform::DSA directory C:/Users/khuon/ECE520/final_project/vitis_application/zybo_z7_10_plat/hw
TRACE::2026-05-03.18:14:35::SCWPlatform:: Platform Path C:/Users/khuon/ECE520/final_project/vitis_application/zybo_z7_10_plat/hw/reactive_scene_top_ps.xsa
TRACE::2026-05-03.18:14:35::SCWPlatform:: Unique name xilinx:zybo-z7-10::0.0
TRACE::2026-05-03.18:14:35::SCWPlatform::Trying to set the existing hwdb with name reactive_scene_top_ps_1
TRACE::2026-05-03.18:14:35::SCWPlatform::Opened existing hwdb reactive_scene_top_ps_1
TRACE::2026-05-03.18:14:35::SCWPlatform::Found the Hw Db part of the input DSA
TRACE::2026-05-03.18:14:35::SCWMssOS::Checking the sw design at  C:/Users/khuon/ECE520/final_project/vitis_application/zybo_z7_10_plat/ps7_cortexa9_0/standalone_domain/bsp/system.mss
TRACE::2026-05-03.18:14:35::SCWMssOS::DEBUG:  swdes dump  C:/Users/khuon/ECE520/final_project/vitis_application/zybo_z7_10_plat/ps7_cortexa9_0/standalone_domain/bsp/system.mss|system_0||
C:/Users/khuon/ECE520/final_project/vitis_application/zybo_z7_10_plat/zynq_fsbl/zynq_fsbl_bsp/system.mss|system||

TRACE::2026-05-03.18:14:35::SCWMssOS::Sw design exists and opened at  C:/Users/khuon/ECE520/final_project/vitis_application/zybo_z7_10_plat/ps7_cortexa9_0/standalone_domain/bsp/system.mss
TRACE::2026-05-03.18:14:35::SCWReader::No isolation master present  
LOG::2026-05-03.18:14:39::SCWPlatform::Started generating the artifacts platform zybo_z7_10_plat
TRACE::2026-05-03.18:14:39::SCWPlatform::Sanity checking of platform is completed
LOG::2026-05-03.18:14:39::SCWPlatform::Started generating the artifacts for system configuration zybo_z7_10_plat
LOG::2026-05-03.18:14:39::SCWSystem::Checking the domain zynq_fsbl
LOG::2026-05-03.18:14:39::SCWSystem::Doing application build for :  zynq_fsbl
TRACE::2026-05-03.18:14:39::SCWBDomain::Not a forced makefile updation, No changes are present. 
TRACE::2026-05-03.18:14:39::SCWDomain::Building the domain as part of full build :  zynq_fsbl
TRACE::2026-05-03.18:14:39::SCWPlatform::Trying to open the hw design at C:/Users/khuon/ECE520/final_project/vitis_application/zybo_z7_10_plat/hw/reactive_scene_top_ps.xsa
TRACE::2026-05-03.18:14:39::SCWPlatform::DSA given C:/Users/khuon/ECE520/final_project/vitis_application/zybo_z7_10_plat/hw/reactive_scene_top_ps.xsa
TRACE::2026-05-03.18:14:39::SCWPlatform::DSA absoulate path C:/Users/khuon/ECE520/final_project/vitis_application/zybo_z7_10_plat/hw/reactive_scene_top_ps.xsa
TRACE::2026-05-03.18:14:39::SCWPlatform::DSA directory C:/Users/khuon/ECE520/final_project/vitis_application/zybo_z7_10_plat/hw
TRACE::2026-05-03.18:14:39::SCWPlatform:: Platform Path C:/Users/khuon/ECE520/final_project/vitis_application/zybo_z7_10_plat/hw/reactive_scene_top_ps.xsa
TRACE::2026-05-03.18:14:39::SCWPlatform:: Unique name xilinx:zybo-z7-10::0.0
TRACE::2026-05-03.18:14:39::SCWPlatform::Trying to set the existing hwdb with name reactive_scene_top_ps_1
TRACE::2026-05-03.18:14:39::SCWPlatform::Opened existing hwdb reactive_scene_top_ps_1
TRACE::2026-05-03.18:14:39::SCWPlatform::Found the Hw Db part of the input DSA
TRACE::2026-05-03.18:14:39::SCWMssOS::Checking the sw design at  C:/Users/khuon/ECE520/final_project/vitis_application/zybo_z7_10_plat/zynq_fsbl/zynq_fsbl_bsp/system.mss
TRACE::2026-05-03.18:14:39::SCWMssOS::DEBUG:  swdes dump  C:/Users/khuon/ECE520/final_project/vitis_application/zybo_z7_10_plat/ps7_cortexa9_0/standalone_domain/bsp/system.mss|system_0||
C:/Users/khuon/ECE520/final_project/vitis_application/zybo_z7_10_plat/zynq_fsbl/zynq_fsbl_bsp/system.mss|system||

TRACE::2026-05-03.18:14:39::SCWMssOS::Sw design exists and opened at  C:/Users/khuon/ECE520/final_project/vitis_application/zybo_z7_10_plat/zynq_fsbl/zynq_fsbl_bsp/system.mss
TRACE::2026-05-03.18:14:39::SCWBDomain::Completed writing the mss file at C:/Users/khuon/ECE520/final_project/vitis_application/zybo_z7_10_plat/zynq_fsbl/zynq_fsbl_bsp
TRACE::2026-05-03.18:14:39::SCWBDomain::bsp generated is upto date with the mss file. Skipping bsp generation.
TRACE::2026-05-03.18:14:39::SCWBDomain::Not a forced makefile updation, No changes are present. 
TRACE::2026-05-03.18:14:39::SCWBDomain::System Command Ran  C:&  cd  C:/Users/khuon/ECE520/final_project/vitis_application/zybo_z7_10_plat/zynq_fsbl& make -C  zynq_fsbl_bsp & make 
TRACE::2026-05-03.18:14:39::SCWBDomain::make: Entering directory 'C:/Users/khuon/ECE520/final_project/vitis_application/zybo_z7_10_plat/zynq_fsbl/zynq_fsbl_bsp'

TRACE::2026-05-03.18:14:39::SCWBDomain::make --no-print-directory seq_libs

TRACE::2026-05-03.18:14:39::SCWBDomain::"Running Make include in ps7_cortexa9_0/libsrc/bram_v4_8/src"

TRACE::2026-05-03.18:14:39::SCWBDomain::make -C ps7_cortexa9_0/libsrc/bram_v4_8/src -s include  "SHELL=CMD" "COMPILER=arm-none-eabi-gcc" "ASSEMBLER=arm-none-eabi-as" "
TRACE::2026-05-03.18:14:39::SCWBDomain::ARCHIVER=arm-none-eabi-ar" "COMPILER_FLAGS=  -O2 -c" "EXTRA_COMPILER_FLAGS=-mcpu=cortex-a9 -mfpu=vfpv3 -mfloat-abi=hard -nostar
TRACE::2026-05-03.18:14:39::SCWBDomain::tfiles -g -Wall -Wextra -fno-tree-loop-distribute-patterns"

TRACE::2026-05-03.18:14:39::SCWBDomain::"Running Make include in ps7_cortexa9_0/libsrc/coresightps_dcc_v1_8/src"

TRACE::2026-05-03.18:14:39::SCWBDomain::make -C ps7_cortexa9_0/libsrc/coresightps_dcc_v1_8/src -s include  "SHELL=CMD" "COMPILER=arm-none-eabi-gcc" "ASSEMBLER=arm-none
TRACE::2026-05-03.18:14:39::SCWBDomain::-eabi-as" "ARCHIVER=arm-none-eabi-ar" "COMPILER_FLAGS=  -O2 -c" "EXTRA_COMPILER_FLAGS=-mcpu=cortex-a9 -mfpu=vfpv3 -mfloat-abi=h
TRACE::2026-05-03.18:14:39::SCWBDomain::ard -nostartfiles -g -Wall -Wextra -fno-tree-loop-distribute-patterns"

TRACE::2026-05-03.18:14:39::SCWBDomain::"Running Make include in ps7_cortexa9_0/libsrc/cpu_cortexa9_v2_11/src"

TRACE::2026-05-03.18:14:39::SCWBDomain::make -C ps7_cortexa9_0/libsrc/cpu_cortexa9_v2_11/src -s include  "SHELL=CMD" "COMPILER=arm-none-eabi-gcc" "ASSEMBLER=arm-none-e
TRACE::2026-05-03.18:14:39::SCWBDomain::abi-as" "ARCHIVER=arm-none-eabi-ar" "COMPILER_FLAGS=  -O2 -c" "EXTRA_COMPILER_FLAGS=-mcpu=cortex-a9 -mfpu=vfpv3 -mfloat-abi=har
TRACE::2026-05-03.18:14:39::SCWBDomain::d -nostartfiles -g -Wall -Wextra -fno-tree-loop-distribute-patterns"

TRACE::2026-05-03.18:14:39::SCWBDomain::"Running Make include in ps7_cortexa9_0/libsrc/ddrps_v1_2/src"

TRACE::2026-05-03.18:14:39::SCWBDomain::make -C ps7_cortexa9_0/libsrc/ddrps_v1_2/src -s include  "SHELL=CMD" "COMPILER=arm-none-eabi-gcc" "ASSEMBLER=arm-none-eabi-as" 
TRACE::2026-05-03.18:14:39::SCWBDomain::"ARCHIVER=arm-none-eabi-ar" "COMPILER_FLAGS=  -O2 -c" "EXTRA_COMPILER_FLAGS=-mcpu=cortex-a9 -mfpu=vfpv3 -mfloat-abi=hard -nosta
TRACE::2026-05-03.18:14:39::SCWBDomain::rtfiles -g -Wall -Wextra -fno-tree-loop-distribute-patterns"

TRACE::2026-05-03.18:14:39::SCWBDomain::"Running Make include in ps7_cortexa9_0/libsrc/devcfg_v3_7/src"

TRACE::2026-05-03.18:14:39::SCWBDomain::make -C ps7_cortexa9_0/libsrc/devcfg_v3_7/src -s include  "SHELL=CMD" "COMPILER=arm-none-eabi-gcc" "ASSEMBLER=arm-none-eabi-as"
TRACE::2026-05-03.18:14:39::SCWBDomain:: "ARCHIVER=arm-none-eabi-ar" "COMPILER_FLAGS=  -O2 -c" "EXTRA_COMPILER_FLAGS=-mcpu=cortex-a9 -mfpu=vfpv3 -mfloat-abi=hard -nost
TRACE::2026-05-03.18:14:39::SCWBDomain::artfiles -g -Wall -Wextra -fno-tree-loop-distribute-patterns"

TRACE::2026-05-03.18:14:39::SCWBDomain::"Running Make include in ps7_cortexa9_0/libsrc/dmaps_v2_8/src"

TRACE::2026-05-03.18:14:39::SCWBDomain::make -C ps7_cortexa9_0/libsrc/dmaps_v2_8/src -s include  "SHELL=CMD" "COMPILER=arm-none-eabi-gcc" "ASSEMBLER=arm-none-eabi-as" 
TRACE::2026-05-03.18:14:39::SCWBDomain::"ARCHIVER=arm-none-eabi-ar" "COMPILER_FLAGS=  -O2 -c" "EXTRA_COMPILER_FLAGS=-mcpu=cortex-a9 -mfpu=vfpv3 -mfloat-abi=hard -nosta
TRACE::2026-05-03.18:14:39::SCWBDomain::rtfiles -g -Wall -Wextra -fno-tree-loop-distribute-patterns"

TRACE::2026-05-03.18:14:39::SCWBDomain::"Running Make include in ps7_cortexa9_0/libsrc/emacps_v3_18/src"

TRACE::2026-05-03.18:14:39::SCWBDomain::make -C ps7_cortexa9_0/libsrc/emacps_v3_18/src -s include  "SHELL=CMD" "COMPILER=arm-none-eabi-gcc" "ASSEMBLER=arm-none-eabi-as
TRACE::2026-05-03.18:14:39::SCWBDomain::" "ARCHIVER=arm-none-eabi-ar" "COMPILER_FLAGS=  -O2 -c" "EXTRA_COMPILER_FLAGS=-mcpu=cortex-a9 -mfpu=vfpv3 -mfloat-abi=hard -nos
TRACE::2026-05-03.18:14:39::SCWBDomain::tartfiles -g -Wall -Wextra -fno-tree-loop-distribute-patterns"

TRACE::2026-05-03.18:14:39::SCWBDomain::"Running Make include in ps7_cortexa9_0/libsrc/gpiops_v3_11/src"

TRACE::2026-05-03.18:14:39::SCWBDomain::make -C ps7_cortexa9_0/libsrc/gpiops_v3_11/src -s include  "SHELL=CMD" "COMPILER=arm-none-eabi-gcc" "ASSEMBLER=arm-none-eabi-as
TRACE::2026-05-03.18:14:39::SCWBDomain::" "ARCHIVER=arm-none-eabi-ar" "COMPILER_FLAGS=  -O2 -c" "EXTRA_COMPILER_FLAGS=-mcpu=cortex-a9 -mfpu=vfpv3 -mfloat-abi=hard -nos
TRACE::2026-05-03.18:14:39::SCWBDomain::tartfiles -g -Wall -Wextra -fno-tree-loop-distribute-patterns"

TRACE::2026-05-03.18:14:39::SCWBDomain::"Running Make include in ps7_cortexa9_0/libsrc/gpio_v4_9/src"

TRACE::2026-05-03.18:14:39::SCWBDomain::make -C ps7_cortexa9_0/libsrc/gpio_v4_9/src -s include  "SHELL=CMD" "COMPILER=arm-none-eabi-gcc" "ASSEMBLER=arm-none-eabi-as" "
TRACE::2026-05-03.18:14:39::SCWBDomain::ARCHIVER=arm-none-eabi-ar" "COMPILER_FLAGS=  -O2 -c" "EXTRA_COMPILER_FLAGS=-mcpu=cortex-a9 -mfpu=vfpv3 -mfloat-abi=hard -nostar
TRACE::2026-05-03.18:14:39::SCWBDomain::tfiles -g -Wall -Wextra -fno-tree-loop-distribute-patterns"

TRACE::2026-05-03.18:14:39::SCWBDomain::"Running Make include in ps7_cortexa9_0/libsrc/qspips_v3_10/src"

TRACE::2026-05-03.18:14:39::SCWBDomain::make -C ps7_cortexa9_0/libsrc/qspips_v3_10/src -s include  "SHELL=CMD" "COMPILER=arm-none-eabi-gcc" "ASSEMBLER=arm-none-eabi-as
TRACE::2026-05-03.18:14:39::SCWBDomain::" "ARCHIVER=arm-none-eabi-ar" "COMPILER_FLAGS=  -O2 -c" "EXTRA_COMPILER_FLAGS=-mcpu=cortex-a9 -mfpu=vfpv3 -mfloat-abi=hard -nos
TRACE::2026-05-03.18:14:39::SCWBDomain::tartfiles -g -Wall -Wextra -fno-tree-loop-distribute-patterns"

TRACE::2026-05-03.18:14:39::SCWBDomain::"Running Make include in ps7_cortexa9_0/libsrc/scugic_v5_1/src"

TRACE::2026-05-03.18:14:39::SCWBDomain::make -C ps7_cortexa9_0/libsrc/scugic_v5_1/src -s include  "SHELL=CMD" "COMPILER=arm-none-eabi-gcc" "ASSEMBLER=arm-none-eabi-as"
TRACE::2026-05-03.18:14:39::SCWBDomain:: "ARCHIVER=arm-none-eabi-ar" "COMPILER_FLAGS=  -O2 -c" "EXTRA_COMPILER_FLAGS=-mcpu=cortex-a9 -mfpu=vfpv3 -mfloat-abi=hard -nost
TRACE::2026-05-03.18:14:39::SCWBDomain::artfiles -g -Wall -Wextra -fno-tree-loop-distribute-patterns"

TRACE::2026-05-03.18:14:40::SCWBDomain::"Running Make include in ps7_cortexa9_0/libsrc/scutimer_v2_4/src"

TRACE::2026-05-03.18:14:40::SCWBDomain::make -C ps7_cortexa9_0/libsrc/scutimer_v2_4/src -s include  "SHELL=CMD" "COMPILER=arm-none-eabi-gcc" "ASSEMBLER=arm-none-eabi-a
TRACE::2026-05-03.18:14:40::SCWBDomain::s" "ARCHIVER=arm-none-eabi-ar" "COMPILER_FLAGS=  -O2 -c" "EXTRA_COMPILER_FLAGS=-mcpu=cortex-a9 -mfpu=vfpv3 -mfloat-abi=hard -no
TRACE::2026-05-03.18:14:40::SCWBDomain::startfiles -g -Wall -Wextra -fno-tree-loop-distribute-patterns"

TRACE::2026-05-03.18:14:40::SCWBDomain::"Running Make include in ps7_cortexa9_0/libsrc/scuwdt_v2_4/src"

TRACE::2026-05-03.18:14:40::SCWBDomain::make -C ps7_cortexa9_0/libsrc/scuwdt_v2_4/src -s include  "SHELL=CMD" "COMPILER=arm-none-eabi-gcc" "ASSEMBLER=arm-none-eabi-as"
TRACE::2026-05-03.18:14:40::SCWBDomain:: "ARCHIVER=arm-none-eabi-ar" "COMPILER_FLAGS=  -O2 -c" "EXTRA_COMPILER_FLAGS=-mcpu=cortex-a9 -mfpu=vfpv3 -mfloat-abi=hard -nost
TRACE::2026-05-03.18:14:40::SCWBDomain::artfiles -g -Wall -Wextra -fno-tree-loop-distribute-patterns"

TRACE::2026-05-03.18:14:40::SCWBDomain::"Running Make include in ps7_cortexa9_0/libsrc/sdps_v4_1/src"

TRACE::2026-05-03.18:14:40::SCWBDomain::make -C ps7_cortexa9_0/libsrc/sdps_v4_1/src -s include  "SHELL=CMD" "COMPILER=arm-none-eabi-gcc" "ASSEMBLER=arm-none-eabi-as" "
TRACE::2026-05-03.18:14:40::SCWBDomain::ARCHIVER=arm-none-eabi-ar" "COMPILER_FLAGS=  -O2 -c" "EXTRA_COMPILER_FLAGS=-mcpu=cortex-a9 -mfpu=vfpv3 -mfloat-abi=hard -nostar
TRACE::2026-05-03.18:14:40::SCWBDomain::tfiles -g -Wall -Wextra -fno-tree-loop-distribute-patterns"

TRACE::2026-05-03.18:14:40::SCWBDomain::"Running Make include in ps7_cortexa9_0/libsrc/standalone_v8_1/src"

TRACE::2026-05-03.18:14:40::SCWBDomain::make -C ps7_cortexa9_0/libsrc/standalone_v8_1/src -s include  "SHELL=CMD" "COMPILER=arm-none-eabi-gcc" "ASSEMBLER=arm-none-eabi
TRACE::2026-05-03.18:14:40::SCWBDomain::-as" "ARCHIVER=arm-none-eabi-ar" "COMPILER_FLAGS=  -O2 -c" "EXTRA_COMPILER_FLAGS=-mcpu=cortex-a9 -mfpu=vfpv3 -mfloat-abi=hard -
TRACE::2026-05-03.18:14:40::SCWBDomain::nostartfiles -g -Wall -Wextra -fno-tree-loop-distribute-patterns"

TRACE::2026-05-03.18:14:40::SCWBDomain::"Running Make include in ps7_cortexa9_0/libsrc/uartps_v3_12/src"

TRACE::2026-05-03.18:14:40::SCWBDomain::make -C ps7_cortexa9_0/libsrc/uartps_v3_12/src -s include  "SHELL=CMD" "COMPILER=arm-none-eabi-gcc" "ASSEMBLER=arm-none-eabi-as
TRACE::2026-05-03.18:14:40::SCWBDomain::" "ARCHIVER=arm-none-eabi-ar" "COMPILER_FLAGS=  -O2 -c" "EXTRA_COMPILER_FLAGS=-mcpu=cortex-a9 -mfpu=vfpv3 -mfloat-abi=hard -nos
TRACE::2026-05-03.18:14:40::SCWBDomain::tartfiles -g -Wall -Wextra -fno-tree-loop-distribute-patterns"

TRACE::2026-05-03.18:14:40::SCWBDomain::"Running Make include in ps7_cortexa9_0/libsrc/usbps_v2_7/src"

TRACE::2026-05-03.18:14:40::SCWBDomain::make -C ps7_cortexa9_0/libsrc/usbps_v2_7/src -s include  "SHELL=CMD" "COMPILER=arm-none-eabi-gcc" "ASSEMBLER=arm-none-eabi-as" 
TRACE::2026-05-03.18:14:40::SCWBDomain::"ARCHIVER=arm-none-eabi-ar" "COMPILER_FLAGS=  -O2 -c" "EXTRA_COMPILER_FLAGS=-mcpu=cortex-a9 -mfpu=vfpv3 -mfloat-abi=hard -nosta
TRACE::2026-05-03.18:14:40::SCWBDomain::rtfiles -g -Wall -Wextra -fno-tree-loop-distribute-patterns"

TRACE::2026-05-03.18:14:40::SCWBDomain::"Running Make include in ps7_cortexa9_0/libsrc/xadcps_v2_6/src"

TRACE::2026-05-03.18:14:40::SCWBDomain::make -C ps7_cortexa9_0/libsrc/xadcps_v2_6/src -s include  "SHELL=CMD" "COMPILER=arm-none-eabi-gcc" "ASSEMBLER=arm-none-eabi-as"
TRACE::2026-05-03.18:14:40::SCWBDomain:: "ARCHIVER=arm-none-eabi-ar" "COMPILER_FLAGS=  -O2 -c" "EXTRA_COMPILER_FLAGS=-mcpu=cortex-a9 -mfpu=vfpv3 -mfloat-abi=hard -nost
TRACE::2026-05-03.18:14:40::SCWBDomain::artfiles -g -Wall -Wextra -fno-tree-loop-distribute-patterns"

TRACE::2026-05-03.18:14:40::SCWBDomain::"Running Make include in ps7_cortexa9_0/libsrc/xilffs_v5_0/src"

TRACE::2026-05-03.18:14:40::SCWBDomain::make -C ps7_cortexa9_0/libsrc/xilffs_v5_0/src -s include  "SHELL=CMD" "COMPILER=arm-none-eabi-gcc" "ASSEMBLER=arm-none-eabi-as"
TRACE::2026-05-03.18:14:40::SCWBDomain:: "ARCHIVER=arm-none-eabi-ar" "COMPILER_FLAGS=  -O2 -c" "EXTRA_COMPILER_FLAGS=-mcpu=cortex-a9 -mfpu=vfpv3 -mfloat-abi=hard -nost
TRACE::2026-05-03.18:14:40::SCWBDomain::artfiles -g -Wall -Wextra -fno-tree-loop-distribute-patterns"

TRACE::2026-05-03.18:14:41::SCWBDomain::"Running Make include in ps7_cortexa9_0/libsrc/xilrsa_v1_6/src"

TRACE::2026-05-03.18:14:41::SCWBDomain::make -C ps7_cortexa9_0/libsrc/xilrsa_v1_6/src -s include  "SHELL=CMD" "COMPILER=arm-none-eabi-gcc" "ASSEMBLER=arm-none-eabi-as"
TRACE::2026-05-03.18:14:41::SCWBDomain:: "ARCHIVER=arm-none-eabi-ar" "COMPILER_FLAGS=  -O2 -c" "EXTRA_COMPILER_FLAGS=-mcpu=cortex-a9 -mfpu=vfpv3 -mfloat-abi=hard -nost
TRACE::2026-05-03.18:14:41::SCWBDomain::artfiles -g -Wall -Wextra -fno-tree-loop-distribute-patterns"

TRACE::2026-05-03.18:14:41::SCWBDomain::"Running Make libs in ps7_cortexa9_0/libsrc/xilrsa_v1_6/src"

TRACE::2026-05-03.18:14:41::SCWBDomain::make -C ps7_cortexa9_0/libsrc/xilrsa_v1_6/src -s libs  "SHELL=CMD" "COMPILER=arm-none-eabi-gcc" "ASSEMBLER=arm-none-eabi-as" "A
TRACE::2026-05-03.18:14:41::SCWBDomain::RCHIVER=arm-none-eabi-ar" "COMPILER_FLAGS=  -O2 -c" "EXTRA_COMPILER_FLAGS=-mcpu=cortex-a9 -mfpu=vfpv3 -mfloat-abi=hard -nostart
TRACE::2026-05-03.18:14:41::SCWBDomain::files -g -Wall -Wextra -fno-tree-loop-distribute-patterns"

TRACE::2026-05-03.18:14:41::SCWBDomain::'Finished building libraries sequentially.'

TRACE::2026-05-03.18:14:41::SCWBDomain::make -j 22 --no-print-directory par_libs

TRACE::2026-05-03.18:14:41::SCWBDomain::"Running Make include in ps7_cortexa9_0/libsrc/bram_v4_8/src"

TRACE::2026-05-03.18:14:41::SCWBDomain::make -C ps7_cortexa9_0/libsrc/bram_v4_8/src -s include  "SHELL=CMD" "COMPILER=arm-none-eabi-gcc" "ASSEMBLER=arm-none-eabi-as" "
TRACE::2026-05-03.18:14:41::SCWBDomain::ARCHIVER=arm-none-eabi-ar" "COMPILER_FLAGS=  -O2 -c" "EXTRA_COMPILER_FLAGS=-mcpu=cortex-a9 -mfpu=vfpv3 -mfloat-abi=hard -nostar
TRACE::2026-05-03.18:14:41::SCWBDomain::tfiles -g -Wall -Wextra -fno-tree-loop-distribute-patterns"

TRACE::2026-05-03.18:14:41::SCWBDomain::"Running Make include in ps7_cortexa9_0/libsrc/coresightps_dcc_v1_8/src"

TRACE::2026-05-03.18:14:41::SCWBDomain::make -C ps7_cortexa9_0/libsrc/coresightps_dcc_v1_8/src -s include  "SHELL=CMD" "COMPILER=arm-none-eabi-gcc" "ASSEMBLER=arm-none
TRACE::2026-05-03.18:14:41::SCWBDomain::-eabi-as" "ARCHIVER=arm-none-eabi-ar" "COMPILER_FLAGS=  -O2 -c" "EXTRA_COMPILER_FLAGS=-mcpu=cortex-a9 -mfpu=vfpv3 -mfloat-abi=h
TRACE::2026-05-03.18:14:41::SCWBDomain::ard -nostartfiles -g -Wall -Wextra -fno-tree-loop-distribute-patterns"

TRACE::2026-05-03.18:14:41::SCWBDomain::"Running Make include in ps7_cortexa9_0/libsrc/cpu_cortexa9_v2_11/src"

TRACE::2026-05-03.18:14:41::SCWBDomain::make -C ps7_cortexa9_0/libsrc/cpu_cortexa9_v2_11/src -s include  "SHELL=CMD" "COMPILER=arm-none-eabi-gcc" "ASSEMBLER=arm-none-e
TRACE::2026-05-03.18:14:41::SCWBDomain::abi-as" "ARCHIVER=arm-none-eabi-ar" "COMPILER_FLAGS=  -O2 -c" "EXTRA_COMPILER_FLAGS=-mcpu=cortex-a9 -mfpu=vfpv3 -mfloat-abi=har
TRACE::2026-05-03.18:14:41::SCWBDomain::d -nostartfiles -g -Wall -Wextra -fno-tree-loop-distribute-patterns"

TRACE::2026-05-03.18:14:41::SCWBDomain::"Running Make include in ps7_cortexa9_0/libsrc/ddrps_v1_2/src"

TRACE::2026-05-03.18:14:41::SCWBDomain::make -C ps7_cortexa9_0/libsrc/ddrps_v1_2/src -s include  "SHELL=CMD" "COMPILER=arm-none-eabi-gcc" "ASSEMBLER=arm-none-eabi-as" 
TRACE::2026-05-03.18:14:41::SCWBDomain::"ARCHIVER=arm-none-eabi-ar" "COMPILER_FLAGS=  -O2 -c" "EXTRA_COMPILER_FLAGS=-mcpu=cortex-a9 -mfpu=vfpv3 -mfloat-abi=hard -nosta
TRACE::2026-05-03.18:14:41::SCWBDomain::rtfiles -g -Wall -Wextra -fno-tree-loop-distribute-patterns"

TRACE::2026-05-03.18:14:41::SCWBDomain::"Running Make include in ps7_cortexa9_0/libsrc/devcfg_v3_7/src"

TRACE::2026-05-03.18:14:41::SCWBDomain::make -C ps7_cortexa9_0/libsrc/devcfg_v3_7/src -s include  "SHELL=CMD" "COMPILER=arm-none-eabi-gcc" "ASSEMBLER=arm-none-eabi-as"
TRACE::2026-05-03.18:14:41::SCWBDomain:: "ARCHIVER=arm-none-eabi-ar" "COMPILER_FLAGS=  -O2 -c" "EXTRA_COMPILER_FLAGS=-mcpu=cortex-a9 -mfpu=vfpv3 -mfloat-abi=hard -nost
TRACE::2026-05-03.18:14:41::SCWBDomain::artfiles -g -Wall -Wextra -fno-tree-loop-distribute-patterns"

TRACE::2026-05-03.18:14:41::SCWBDomain::"Running Make include in ps7_cortexa9_0/libsrc/dmaps_v2_8/src"

TRACE::2026-05-03.18:14:41::SCWBDomain::make -C ps7_cortexa9_0/libsrc/dmaps_v2_8/src -s include  "SHELL=CMD" "COMPILER=arm-none-eabi-gcc" "ASSEMBLER=arm-none-eabi-as" 
TRACE::2026-05-03.18:14:41::SCWBDomain::"ARCHIVER=arm-none-eabi-ar" "COMPILER_FLAGS=  -O2 -c" "EXTRA_COMPILER_FLAGS=-mcpu=cortex-a9 -mfpu=vfpv3 -mfloat-abi=hard -nosta
TRACE::2026-05-03.18:14:41::SCWBDomain::rtfiles -g -Wall -Wextra -fno-tree-loop-distribute-patterns"

TRACE::2026-05-03.18:14:41::SCWBDomain::"Running Make include in ps7_cortexa9_0/libsrc/emacps_v3_18/src"

TRACE::2026-05-03.18:14:41::SCWBDomain::make -C ps7_cortexa9_0/libsrc/emacps_v3_18/src -s include  "SHELL=CMD" "COMPILER=arm-none-eabi-gcc" "ASSEMBLER=arm-none-eabi-as
TRACE::2026-05-03.18:14:41::SCWBDomain::" "ARCHIVER=arm-none-eabi-ar" "COMPILER_FLAGS=  -O2 -c" "EXTRA_COMPILER_FLAGS=-mcpu=cortex-a9 -mfpu=vfpv3 -mfloat-abi=hard -nos
TRACE::2026-05-03.18:14:41::SCWBDomain::tartfiles -g -Wall -Wextra -fno-tree-loop-distribute-patterns"

TRACE::2026-05-03.18:14:41::SCWBDomain::"Running Make include in ps7_cortexa9_0/libsrc/gpiops_v3_11/src"

TRACE::2026-05-03.18:14:41::SCWBDomain::make -C ps7_cortexa9_0/libsrc/gpiops_v3_11/src -s include  "SHELL=CMD" "COMPILER=arm-none-eabi-gcc" "ASSEMBLER=arm-none-eabi-as
TRACE::2026-05-03.18:14:41::SCWBDomain::" "ARCHIVER=arm-none-eabi-ar" "COMPILER_FLAGS=  -O2 -c" "EXTRA_COMPILER_FLAGS=-mcpu=cortex-a9 -mfpu=vfpv3 -mfloat-abi=hard -nos
TRACE::2026-05-03.18:14:41::SCWBDomain::tartfiles -g -Wall -Wextra -fno-tree-loop-distribute-patterns"

TRACE::2026-05-03.18:14:41::SCWBDomain::"Running Make include in ps7_cortexa9_0/libsrc/gpio_v4_9/src"

TRACE::2026-05-03.18:14:41::SCWBDomain::make -C ps7_cortexa9_0/libsrc/gpio_v4_9/src -s include  "SHELL=CMD" "COMPILER=arm-none-eabi-gcc" "ASSEMBLER=arm-none-eabi-as" "
TRACE::2026-05-03.18:14:41::SCWBDomain::ARCHIVER=arm-none-eabi-ar" "COMPILER_FLAGS=  -O2 -c" "EXTRA_COMPILER_FLAGS=-mcpu=cortex-a9 -mfpu=vfpv3 -mfloat-abi=hard -nostar
TRACE::2026-05-03.18:14:41::SCWBDomain::tfiles -g -Wall -Wextra -fno-tree-loop-distribute-patterns"

TRACE::2026-05-03.18:14:41::SCWBDomain::"Running Make include in ps7_cortexa9_0/libsrc/qspips_v3_10/src"

TRACE::2026-05-03.18:14:41::SCWBDomain::make -C ps7_cortexa9_0/libsrc/qspips_v3_10/src -s include  "SHELL=CMD" "COMPILER=arm-none-eabi-gcc" "ASSEMBLER=arm-none-eabi-as
TRACE::2026-05-03.18:14:41::SCWBDomain::" "ARCHIVER=arm-none-eabi-ar" "COMPILER_FLAGS=  -O2 -c" "EXTRA_COMPILER_FLAGS=-mcpu=cortex-a9 -mfpu=vfpv3 -mfloat-abi=hard -nos
TRACE::2026-05-03.18:14:41::SCWBDomain::tartfiles -g -Wall -Wextra -fno-tree-loop-distribute-patterns"

TRACE::2026-05-03.18:14:41::SCWBDomain::"Running Make include in ps7_cortexa9_0/libsrc/scugic_v5_1/src"

TRACE::2026-05-03.18:14:41::SCWBDomain::make -C ps7_cortexa9_0/libsrc/scugic_v5_1/src -s include  "SHELL=CMD" "COMPILER=arm-none-eabi-gcc" "ASSEMBLER=arm-none-eabi-as"
TRACE::2026-05-03.18:14:41::SCWBDomain:: "ARCHIVER=arm-none-eabi-ar" "COMPILER_FLAGS=  -O2 -c" "EXTRA_COMPILER_FLAGS=-mcpu=cortex-a9 -mfpu=vfpv3 -mfloat-abi=hard -nost
TRACE::2026-05-03.18:14:41::SCWBDomain::artfiles -g -Wall -Wextra -fno-tree-loop-distribute-patterns"

TRACE::2026-05-03.18:14:41::SCWBDomain::"Running Make include in ps7_cortexa9_0/libsrc/scutimer_v2_4/src"

TRACE::2026-05-03.18:14:41::SCWBDomain::make -C ps7_cortexa9_0/libsrc/scutimer_v2_4/src -s include  "SHELL=CMD" "COMPILER=arm-none-eabi-gcc" "ASSEMBLER=arm-none-eabi-a
TRACE::2026-05-03.18:14:41::SCWBDomain::s" "ARCHIVER=arm-none-eabi-ar" "COMPILER_FLAGS=  -O2 -c" "EXTRA_COMPILER_FLAGS=-mcpu=cortex-a9 -mfpu=vfpv3 -mfloat-abi=hard -no
TRACE::2026-05-03.18:14:41::SCWBDomain::startfiles -g -Wall -Wextra -fno-tree-loop-distribute-patterns"

TRACE::2026-05-03.18:14:41::SCWBDomain::"Running Make include in ps7_cortexa9_0/libsrc/scuwdt_v2_4/src"

TRACE::2026-05-03.18:14:41::SCWBDomain::make -C ps7_cortexa9_0/libsrc/scuwdt_v2_4/src -s include  "SHELL=CMD" "COMPILER=arm-none-eabi-gcc" "ASSEMBLER=arm-none-eabi-as"
TRACE::2026-05-03.18:14:41::SCWBDomain:: "ARCHIVER=arm-none-eabi-ar" "COMPILER_FLAGS=  -O2 -c" "EXTRA_COMPILER_FLAGS=-mcpu=cortex-a9 -mfpu=vfpv3 -mfloat-abi=hard -nost
TRACE::2026-05-03.18:14:41::SCWBDomain::artfiles -g -Wall -Wextra -fno-tree-loop-distribute-patterns"

TRACE::2026-05-03.18:14:41::SCWBDomain::"Running Make include in ps7_cortexa9_0/libsrc/sdps_v4_1/src"

TRACE::2026-05-03.18:14:41::SCWBDomain::make -C ps7_cortexa9_0/libsrc/sdps_v4_1/src -s include  "SHELL=CMD" "COMPILER=arm-none-eabi-gcc" "ASSEMBLER=arm-none-eabi-as" "
TRACE::2026-05-03.18:14:41::SCWBDomain::ARCHIVER=arm-none-eabi-ar" "COMPILER_FLAGS=  -O2 -c" "EXTRA_COMPILER_FLAGS=-mcpu=cortex-a9 -mfpu=vfpv3 -mfloat-abi=hard -nostar
TRACE::2026-05-03.18:14:41::SCWBDomain::tfiles -g -Wall -Wextra -fno-tree-loop-distribute-patterns"

TRACE::2026-05-03.18:14:41::SCWBDomain::"Running Make include in ps7_cortexa9_0/libsrc/standalone_v8_1/src"

TRACE::2026-05-03.18:14:41::SCWBDomain::make -C ps7_cortexa9_0/libsrc/standalone_v8_1/src -s include  "SHELL=CMD" "COMPILER=arm-none-eabi-gcc" "ASSEMBLER=arm-none-eabi
TRACE::2026-05-03.18:14:41::SCWBDomain::-as" "ARCHIVER=arm-none-eabi-ar" "COMPILER_FLAGS=  -O2 -c" "EXTRA_COMPILER_FLAGS=-mcpu=cortex-a9 -mfpu=vfpv3 -mfloat-abi=hard -
TRACE::2026-05-03.18:14:41::SCWBDomain::nostartfiles -g -Wall -Wextra -fno-tree-loop-distribute-patterns"

TRACE::2026-05-03.18:14:41::SCWBDomain::"Running Make include in ps7_cortexa9_0/libsrc/uartps_v3_12/src"

TRACE::2026-05-03.18:14:41::SCWBDomain::make -C ps7_cortexa9_0/libsrc/uartps_v3_12/src -s include  "SHELL=CMD" "COMPILER=arm-none-eabi-gcc" "ASSEMBLER=arm-none-eabi-as
TRACE::2026-05-03.18:14:41::SCWBDomain::" "ARCHIVER=arm-none-eabi-ar" "COMPILER_FLAGS=  -O2 -c" "EXTRA_COMPILER_FLAGS=-mcpu=cortex-a9 -mfpu=vfpv3 -mfloat-abi=hard -nos
TRACE::2026-05-03.18:14:41::SCWBDomain::tartfiles -g -Wall -Wextra -fno-tree-loop-distribute-patterns"

TRACE::2026-05-03.18:14:41::SCWBDomain::"Running Make include in ps7_cortexa9_0/libsrc/usbps_v2_7/src"

TRACE::2026-05-03.18:14:41::SCWBDomain::make -C ps7_cortexa9_0/libsrc/usbps_v2_7/src -s include  "SHELL=CMD" "COMPILER=arm-none-eabi-gcc" "ASSEMBLER=arm-none-eabi-as" 
TRACE::2026-05-03.18:14:41::SCWBDomain::"ARCHIVER=arm-none-eabi-ar" "COMPILER_FLAGS=  -O2 -c" "EXTRA_COMPILER_FLAGS=-mcpu=cortex-a9 -mfpu=vfpv3 -mfloat-abi=hard -nosta
TRACE::2026-05-03.18:14:41::SCWBDomain::rtfiles -g -Wall -Wextra -fno-tree-loop-distribute-patterns"

TRACE::2026-05-03.18:14:41::SCWBDomain::"Running Make include in ps7_cortexa9_0/libsrc/xadcps_v2_6/src"

TRACE::2026-05-03.18:14:41::SCWBDomain::make -C ps7_cortexa9_0/libsrc/xadcps_v2_6/src -s include  "SHELL=CMD" "COMPILER=arm-none-eabi-gcc" "ASSEMBLER=arm-none-eabi-as"
TRACE::2026-05-03.18:14:41::SCWBDomain:: "ARCHIVER=arm-none-eabi-ar" "COMPILER_FLAGS=  -O2 -c" "EXTRA_COMPILER_FLAGS=-mcpu=cortex-a9 -mfpu=vfpv3 -mfloat-abi=hard -nost
TRACE::2026-05-03.18:14:41::SCWBDomain::artfiles -g -Wall -Wextra -fno-tree-loop-distribute-patterns"

TRACE::2026-05-03.18:14:41::SCWBDomain::"Running Make include in ps7_cortexa9_0/libsrc/xilffs_v5_0/src"

TRACE::2026-05-03.18:14:41::SCWBDomain::make -C ps7_cortexa9_0/libsrc/xilffs_v5_0/src -s include  "SHELL=CMD" "COMPILER=arm-none-eabi-gcc" "ASSEMBLER=arm-none-eabi-as"
TRACE::2026-05-03.18:14:41::SCWBDomain:: "ARCHIVER=arm-none-eabi-ar" "COMPILER_FLAGS=  -O2 -c" "EXTRA_COMPILER_FLAGS=-mcpu=cortex-a9 -mfpu=vfpv3 -mfloat-abi=hard -nost
TRACE::2026-05-03.18:14:41::SCWBDomain::artfiles -g -Wall -Wextra -fno-tree-loop-distribute-patterns"

TRACE::2026-05-03.18:14:41::SCWBDomain::"Running Make include in ps7_cortexa9_0/libsrc/xilrsa_v1_6/src"

TRACE::2026-05-03.18:14:41::SCWBDomain::make -C ps7_cortexa9_0/libsrc/xilrsa_v1_6/src -s include  "SHELL=CMD" "COMPILER=arm-none-eabi-gcc" "ASSEMBLER=arm-none-eabi-as"
TRACE::2026-05-03.18:14:41::SCWBDomain:: "ARCHIVER=arm-none-eabi-ar" "COMPILER_FLAGS=  -O2 -c" "EXTRA_COMPILER_FLAGS=-mcpu=cortex-a9 -mfpu=vfpv3 -mfloat-abi=hard -nost
TRACE::2026-05-03.18:14:41::SCWBDomain::artfiles -g -Wall -Wextra -fno-tree-loop-distribute-patterns"

TRACE::2026-05-03.18:14:41::SCWBDomain::"Running Make libs in ps7_cortexa9_0/libsrc/bram_v4_8/src"

TRACE::2026-05-03.18:14:41::SCWBDomain::make -C ps7_cortexa9_0/libsrc/bram_v4_8/src -s libs  "SHELL=CMD" "COMPILER=arm-none-eabi-gcc" "ASSEMBLER=arm-none-eabi-as" "ARC
TRACE::2026-05-03.18:14:41::SCWBDomain::HIVER=arm-none-eabi-ar" "COMPILER_FLAGS=  -O2 -c" "EXTRA_COMPILER_FLAGS=-mcpu=cortex-a9 -mfpu=vfpv3 -mfloat-abi=hard -nostartfi
TRACE::2026-05-03.18:14:41::SCWBDomain::les -g -Wall -Wextra -fno-tree-loop-distribute-patterns"

TRACE::2026-05-03.18:14:41::SCWBDomain::"Running Make libs in ps7_cortexa9_0/libsrc/coresightps_dcc_v1_8/src"

TRACE::2026-05-03.18:14:41::SCWBDomain::make -C ps7_cortexa9_0/libsrc/coresightps_dcc_v1_8/src -s libs  "SHELL=CMD" "COMPILER=arm-none-eabi-gcc" "ASSEMBLER=arm-none-ea
TRACE::2026-05-03.18:14:41::SCWBDomain::bi-as" "ARCHIVER=arm-none-eabi-ar" "COMPILER_FLAGS=  -O2 -c" "EXTRA_COMPILER_FLAGS=-mcpu=cortex-a9 -mfpu=vfpv3 -mfloat-abi=hard
TRACE::2026-05-03.18:14:41::SCWBDomain:: -nostartfiles -g -Wall -Wextra -fno-tree-loop-distribute-patterns"

TRACE::2026-05-03.18:14:41::SCWBDomain::"Running Make libs in ps7_cortexa9_0/libsrc/cpu_cortexa9_v2_11/src"

TRACE::2026-05-03.18:14:41::SCWBDomain::make -C ps7_cortexa9_0/libsrc/cpu_cortexa9_v2_11/src -s libs  "SHELL=CMD" "COMPILER=arm-none-eabi-gcc" "ASSEMBLER=arm-none-eabi
TRACE::2026-05-03.18:14:41::SCWBDomain::-as" "ARCHIVER=arm-none-eabi-ar" "COMPILER_FLAGS=  -O2 -c" "EXTRA_COMPILER_FLAGS=-mcpu=cortex-a9 -mfpu=vfpv3 -mfloat-abi=hard -
TRACE::2026-05-03.18:14:41::SCWBDomain::nostartfiles -g -Wall -Wextra -fno-tree-loop-distribute-patterns"

TRACE::2026-05-03.18:14:41::SCWBDomain::"Running Make libs in ps7_cortexa9_0/libsrc/ddrps_v1_2/src"

TRACE::2026-05-03.18:14:41::SCWBDomain::make -C ps7_cortexa9_0/libsrc/ddrps_v1_2/src -s libs  "SHELL=CMD" "COMPILER=arm-none-eabi-gcc" "ASSEMBLER=arm-none-eabi-as" "AR
TRACE::2026-05-03.18:14:41::SCWBDomain::CHIVER=arm-none-eabi-ar" "COMPILER_FLAGS=  -O2 -c" "EXTRA_COMPILER_FLAGS=-mcpu=cortex-a9 -mfpu=vfpv3 -mfloat-abi=hard -nostartf
TRACE::2026-05-03.18:14:41::SCWBDomain::iles -g -Wall -Wextra -fno-tree-loop-distribute-patterns"

TRACE::2026-05-03.18:14:41::SCWBDomain::"Running Make libs in ps7_cortexa9_0/libsrc/devcfg_v3_7/src"

TRACE::2026-05-03.18:14:41::SCWBDomain::make -C ps7_cortexa9_0/libsrc/devcfg_v3_7/src -s libs  "SHELL=CMD" "COMPILER=arm-none-eabi-gcc" "ASSEMBLER=arm-none-eabi-as" "A
TRACE::2026-05-03.18:14:41::SCWBDomain::RCHIVER=arm-none-eabi-ar" "COMPILER_FLAGS=  -O2 -c" "EXTRA_COMPILER_FLAGS=-mcpu=cortex-a9 -mfpu=vfpv3 -mfloat-abi=hard -nostart
TRACE::2026-05-03.18:14:41::SCWBDomain::files -g -Wall -Wextra -fno-tree-loop-distribute-patterns"

TRACE::2026-05-03.18:14:41::SCWBDomain::"Running Make libs in ps7_cortexa9_0/libsrc/dmaps_v2_8/src"

TRACE::2026-05-03.18:14:41::SCWBDomain::make -C ps7_cortexa9_0/libsrc/dmaps_v2_8/src -s libs  "SHELL=CMD" "COMPILER=arm-none-eabi-gcc" "ASSEMBLER=arm-none-eabi-as" "AR
TRACE::2026-05-03.18:14:41::SCWBDomain::CHIVER=arm-none-eabi-ar" "COMPILER_FLAGS=  -O2 -c" "EXTRA_COMPILER_FLAGS=-mcpu=cortex-a9 -mfpu=vfpv3 -mfloat-abi=hard -nostartf
TRACE::2026-05-03.18:14:41::SCWBDomain::iles -g -Wall -Wextra -fno-tree-loop-distribute-patterns"

TRACE::2026-05-03.18:14:41::SCWBDomain::"Running Make libs in ps7_cortexa9_0/libsrc/emacps_v3_18/src"

TRACE::2026-05-03.18:14:41::SCWBDomain::make -C ps7_cortexa9_0/libsrc/emacps_v3_18/src -s libs  "SHELL=CMD" "COMPILER=arm-none-eabi-gcc" "ASSEMBLER=arm-none-eabi-as" "
TRACE::2026-05-03.18:14:41::SCWBDomain::ARCHIVER=arm-none-eabi-ar" "COMPILER_FLAGS=  -O2 -c" "EXTRA_COMPILER_FLAGS=-mcpu=cortex-a9 -mfpu=vfpv3 -mfloat-abi=hard -nostar
TRACE::2026-05-03.18:14:41::SCWBDomain::tfiles -g -Wall -Wextra -fno-tree-loop-distribute-patterns"

TRACE::2026-05-03.18:14:41::SCWBDomain::"Running Make libs in ps7_cortexa9_0/libsrc/gpiops_v3_11/src"

TRACE::2026-05-03.18:14:41::SCWBDomain::make -C ps7_cortexa9_0/libsrc/gpiops_v3_11/src -s libs  "SHELL=CMD" "COMPILER=arm-none-eabi-gcc" "ASSEMBLER=arm-none-eabi-as" "
TRACE::2026-05-03.18:14:41::SCWBDomain::ARCHIVER=arm-none-eabi-ar" "COMPILER_FLAGS=  -O2 -c" "EXTRA_COMPILER_FLAGS=-mcpu=cortex-a9 -mfpu=vfpv3 -mfloat-abi=hard -nostar
TRACE::2026-05-03.18:14:41::SCWBDomain::tfiles -g -Wall -Wextra -fno-tree-loop-distribute-patterns"

TRACE::2026-05-03.18:14:41::SCWBDomain::"Running Make libs in ps7_cortexa9_0/libsrc/gpio_v4_9/src"

TRACE::2026-05-03.18:14:41::SCWBDomain::make -C ps7_cortexa9_0/libsrc/gpio_v4_9/src -s libs  "SHELL=CMD" "COMPILER=arm-none-eabi-gcc" "ASSEMBLER=arm-none-eabi-as" "ARC
TRACE::2026-05-03.18:14:41::SCWBDomain::HIVER=arm-none-eabi-ar" "COMPILER_FLAGS=  -O2 -c" "EXTRA_COMPILER_FLAGS=-mcpu=cortex-a9 -mfpu=vfpv3 -mfloat-abi=hard -nostartfi
TRACE::2026-05-03.18:14:41::SCWBDomain::les -g -Wall -Wextra -fno-tree-loop-distribute-patterns"

TRACE::2026-05-03.18:14:42::SCWBDomain::"Running Make libs in ps7_cortexa9_0/libsrc/qspips_v3_10/src"

TRACE::2026-05-03.18:14:42::SCWBDomain::make -C ps7_cortexa9_0/libsrc/qspips_v3_10/src -s libs  "SHELL=CMD" "COMPILER=arm-none-eabi-gcc" "ASSEMBLER=arm-none-eabi-as" "
TRACE::2026-05-03.18:14:42::SCWBDomain::ARCHIVER=arm-none-eabi-ar" "COMPILER_FLAGS=  -O2 -c" "EXTRA_COMPILER_FLAGS=-mcpu=cortex-a9 -mfpu=vfpv3 -mfloat-abi=hard -nostar
TRACE::2026-05-03.18:14:42::SCWBDomain::tfiles -g -Wall -Wextra -fno-tree-loop-distribute-patterns"

TRACE::2026-05-03.18:14:42::SCWBDomain::"Running Make libs in ps7_cortexa9_0/libsrc/scugic_v5_1/src"

TRACE::2026-05-03.18:14:42::SCWBDomain::make -C ps7_cortexa9_0/libsrc/scugic_v5_1/src -s libs  "SHELL=CMD" "COMPILER=arm-none-eabi-gcc" "ASSEMBLER=arm-none-eabi-as" "A
TRACE::2026-05-03.18:14:42::SCWBDomain::RCHIVER=arm-none-eabi-ar" "COMPILER_FLAGS=  -O2 -c" "EXTRA_COMPILER_FLAGS=-mcpu=cortex-a9 -mfpu=vfpv3 -mfloat-abi=hard -nostart
TRACE::2026-05-03.18:14:42::SCWBDomain::files -g -Wall -Wextra -fno-tree-loop-distribute-patterns"

TRACE::2026-05-03.18:14:42::SCWBDomain::"Running Make libs in ps7_cortexa9_0/libsrc/scutimer_v2_4/src"

TRACE::2026-05-03.18:14:42::SCWBDomain::make -C ps7_cortexa9_0/libsrc/scutimer_v2_4/src -s libs  "SHELL=CMD" "COMPILER=arm-none-eabi-gcc" "ASSEMBLER=arm-none-eabi-as" 
TRACE::2026-05-03.18:14:42::SCWBDomain::"ARCHIVER=arm-none-eabi-ar" "COMPILER_FLAGS=  -O2 -c" "EXTRA_COMPILER_FLAGS=-mcpu=cortex-a9 -mfpu=vfpv3 -mfloat-abi=hard -nosta
TRACE::2026-05-03.18:14:42::SCWBDomain::rtfiles -g -Wall -Wextra -fno-tree-loop-distribute-patterns"

TRACE::2026-05-03.18:14:42::SCWBDomain::"Running Make libs in ps7_cortexa9_0/libsrc/scuwdt_v2_4/src"

TRACE::2026-05-03.18:14:42::SCWBDomain::make -C ps7_cortexa9_0/libsrc/scuwdt_v2_4/src -s libs  "SHELL=CMD" "COMPILER=arm-none-eabi-gcc" "ASSEMBLER=arm-none-eabi-as" "A
TRACE::2026-05-03.18:14:42::SCWBDomain::RCHIVER=arm-none-eabi-ar" "COMPILER_FLAGS=  -O2 -c" "EXTRA_COMPILER_FLAGS=-mcpu=cortex-a9 -mfpu=vfpv3 -mfloat-abi=hard -nostart
TRACE::2026-05-03.18:14:42::SCWBDomain::files -g -Wall -Wextra -fno-tree-loop-distribute-patterns"

TRACE::2026-05-03.18:14:42::SCWBDomain::"Running Make libs in ps7_cortexa9_0/libsrc/sdps_v4_1/src"

TRACE::2026-05-03.18:14:42::SCWBDomain::make -C ps7_cortexa9_0/libsrc/sdps_v4_1/src -s libs  "SHELL=CMD" "COMPILER=arm-none-eabi-gcc" "ASSEMBLER=arm-none-eabi-as" "ARC
TRACE::2026-05-03.18:14:42::SCWBDomain::HIVER=arm-none-eabi-ar" "COMPILER_FLAGS=  -O2 -c" "EXTRA_COMPILER_FLAGS=-mcpu=cortex-a9 -mfpu=vfpv3 -mfloat-abi=hard -nostartfi
TRACE::2026-05-03.18:14:42::SCWBDomain::les -g -Wall -Wextra -fno-tree-loop-distribute-patterns"

TRACE::2026-05-03.18:14:42::SCWBDomain::"Running Make libs in ps7_cortexa9_0/libsrc/standalone_v8_1/src"

TRACE::2026-05-03.18:14:42::SCWBDomain::make -C ps7_cortexa9_0/libsrc/standalone_v8_1/src -s libs  "SHELL=CMD" "COMPILER=arm-none-eabi-gcc" "ASSEMBLER=arm-none-eabi-as
TRACE::2026-05-03.18:14:42::SCWBDomain::" "ARCHIVER=arm-none-eabi-ar" "COMPILER_FLAGS=  -O2 -c" "EXTRA_COMPILER_FLAGS=-mcpu=cortex-a9 -mfpu=vfpv3 -mfloat-abi=hard -nos
TRACE::2026-05-03.18:14:42::SCWBDomain::tartfiles -g -Wall -Wextra -fno-tree-loop-distribute-patterns"

TRACE::2026-05-03.18:14:42::SCWBDomain::"Running Make libs in ps7_cortexa9_0/libsrc/uartps_v3_12/src"

TRACE::2026-05-03.18:14:42::SCWBDomain::make -C ps7_cortexa9_0/libsrc/uartps_v3_12/src -s libs  "SHELL=CMD" "COMPILER=arm-none-eabi-gcc" "ASSEMBLER=arm-none-eabi-as" "
TRACE::2026-05-03.18:14:42::SCWBDomain::ARCHIVER=arm-none-eabi-ar" "COMPILER_FLAGS=  -O2 -c" "EXTRA_COMPILER_FLAGS=-mcpu=cortex-a9 -mfpu=vfpv3 -mfloat-abi=hard -nostar
TRACE::2026-05-03.18:14:42::SCWBDomain::tfiles -g -Wall -Wextra -fno-tree-loop-distribute-patterns"

TRACE::2026-05-03.18:14:42::SCWBDomain::"Running Make libs in ps7_cortexa9_0/libsrc/usbps_v2_7/src"

TRACE::2026-05-03.18:14:42::SCWBDomain::make -C ps7_cortexa9_0/libsrc/usbps_v2_7/src -s libs  "SHELL=CMD" "COMPILER=arm-none-eabi-gcc" "ASSEMBLER=arm-none-eabi-as" "AR
TRACE::2026-05-03.18:14:42::SCWBDomain::CHIVER=arm-none-eabi-ar" "COMPILER_FLAGS=  -O2 -c" "EXTRA_COMPILER_FLAGS=-mcpu=cortex-a9 -mfpu=vfpv3 -mfloat-abi=hard -nostartf
TRACE::2026-05-03.18:14:42::SCWBDomain::iles -g -Wall -Wextra -fno-tree-loop-distribute-patterns"

TRACE::2026-05-03.18:14:42::SCWBDomain::"Running Make libs in ps7_cortexa9_0/libsrc/xadcps_v2_6/src"

TRACE::2026-05-03.18:14:42::SCWBDomain::make -C ps7_cortexa9_0/libsrc/xadcps_v2_6/src -s libs  "SHELL=CMD" "COMPILER=arm-none-eabi-gcc" "ASSEMBLER=arm-none-eabi-as" "A
TRACE::2026-05-03.18:14:42::SCWBDomain::RCHIVER=arm-none-eabi-ar" "COMPILER_FLAGS=  -O2 -c" "EXTRA_COMPILER_FLAGS=-mcpu=cortex-a9 -mfpu=vfpv3 -mfloat-abi=hard -nostart
TRACE::2026-05-03.18:14:42::SCWBDomain::files -g -Wall -Wextra -fno-tree-loop-distribute-patterns"

TRACE::2026-05-03.18:14:42::SCWBDomain::"Running Make libs in ps7_cortexa9_0/libsrc/xilffs_v5_0/src"

TRACE::2026-05-03.18:14:42::SCWBDomain::make -C ps7_cortexa9_0/libsrc/xilffs_v5_0/src -s libs  "SHELL=CMD" "COMPILER=arm-none-eabi-gcc" "ASSEMBLER=arm-none-eabi-as" "A
TRACE::2026-05-03.18:14:42::SCWBDomain::RCHIVER=arm-none-eabi-ar" "COMPILER_FLAGS=  -O2 -c" "EXTRA_COMPILER_FLAGS=-mcpu=cortex-a9 -mfpu=vfpv3 -mfloat-abi=hard -nostart
TRACE::2026-05-03.18:14:42::SCWBDomain::files -g -Wall -Wextra -fno-tree-loop-distribute-patterns"

TRACE::2026-05-03.18:14:43::SCWBDomain::'Finished building libraries parallelly.'

TRACE::2026-05-03.18:14:43::SCWBDomain::make --no-print-directory archive

TRACE::2026-05-03.18:14:43::SCWBDomain::arm-none-eabi-ar -r  ps7_cortexa9_0/lib/libxil.a ps7_cortexa9_0/lib/_exit.o ps7_cortexa9_0/lib/_open.o ps7_cortexa9_0/lib/_sbrk
TRACE::2026-05-03.18:14:43::SCWBDomain::.o ps7_cortexa9_0/lib/abort.o ps7_cortexa9_0/lib/asm_vectors.o ps7_cortexa9_0/lib/boot.o ps7_cortexa9_0/lib/close.o ps7_cortexa
TRACE::2026-05-03.18:14:43::SCWBDomain::9_0/lib/cpputest_time.o ps7_cortexa9_0/lib/cpu_init.o ps7_cortexa9_0/lib/errno.o ps7_cortexa9_0/lib/fcntl.o ps7_cortexa9_0/lib/
TRACE::2026-05-03.18:14:43::SCWBDomain::fstat.o ps7_cortexa9_0/lib/getentropy.o ps7_cortexa9_0/lib/getpid.o ps7_cortexa9_0/lib/inbyte.o ps7_cortexa9_0/lib/isatty.o ps7
TRACE::2026-05-03.18:14:43::SCWBDomain::_cortexa9_0/lib/kill.o ps7_cortexa9_0/lib/lseek.o ps7_cortexa9_0/lib/open.o ps7_cortexa9_0/lib/outbyte.o ps7_cortexa9_0/lib/pri
TRACE::2026-05-03.18:14:43::SCWBDomain::nt.o ps7_cortexa9_0/lib/putnum.o ps7_cortexa9_0/lib/read.o ps7_cortexa9_0/lib/sbrk.o ps7_cortexa9_0/lib/sleep.o ps7_cortexa9_0/
TRACE::2026-05-03.18:14:43::SCWBDomain::lib/time.o ps7_cortexa9_0/lib/translation_table.o ps7_cortexa9_0/lib/unlink.o ps7_cortexa9_0/lib/usleep.o ps7_cortexa9_0/lib/ve
TRACE::2026-05-03.18:14:43::SCWBDomain::ctors.o ps7_cortexa9_0/lib/write.o ps7_cortexa9_0/lib/xadcps.o ps7_cortexa9_0/lib/xadcps_g.o ps7_cortexa9_0/lib/xadcps_intr.o p
TRACE::2026-05-03.18:14:43::SCWBDomain::s7_cortexa9_0/lib/xadcps_selftest.o ps7_cortexa9_0/lib/xadcps_sinit.o ps7_cortexa9_0/lib/xbram.o ps7_cortexa9_0/lib/xbram_g.o p
TRACE::2026-05-03.18:14:43::SCWBDomain::s7_cortexa9_0/lib/xbram_intr.o ps7_cortexa9_0/lib/xbram_selftest.o ps7_cortexa9_0/lib/xbram_sinit.o ps7_cortexa9_0/lib/xcoresig
TRACE::2026-05-03.18:14:43::SCWBDomain::htpsdcc.o ps7_cortexa9_0/lib/xdevcfg.o ps7_cortexa9_0/lib/xdevcfg_g.o ps7_cortexa9_0/lib/xdevcfg_hw.o ps7_cortexa9_0/lib/xdevcf
TRACE::2026-05-03.18:14:43::SCWBDomain::g_intr.o ps7_cortexa9_0/lib/xdevcfg_selftest.o ps7_cortexa9_0/lib/xdevcfg_sinit.o ps7_cortexa9_0/lib/xdmaps.o ps7_cortexa9_0/li
TRACE::2026-05-03.18:14:43::SCWBDomain::b/xdmaps_g.o ps7_cortexa9_0/lib/xdmaps_hw.o ps7_cortexa9_0/lib/xdmaps_selftest.o ps7_cortexa9_0/lib/xdmaps_sinit.o ps7_cortexa9
TRACE::2026-05-03.18:14:43::SCWBDomain::_0/lib/xemacps.o ps7_cortexa9_0/lib/xemacps_bdring.o ps7_cortexa9_0/lib/xemacps_control.o ps7_cortexa9_0/lib/xemacps_g.o ps7_co
TRACE::2026-05-03.18:14:43::SCWBDomain::rtexa9_0/lib/xemacps_hw.o ps7_cortexa9_0/lib/xemacps_intr.o ps7_cortexa9_0/lib/xemacps_sinit.o ps7_cortexa9_0/lib/xgpio.o ps7_c
TRACE::2026-05-03.18:14:43::SCWBDomain::ortexa9_0/lib/xgpio_extra.o ps7_cortexa9_0/lib/xgpio_g.o ps7_cortexa9_0/lib/xgpio_intr.o ps7_cortexa9_0/lib/xgpio_selftest.o ps
TRACE::2026-05-03.18:14:43::SCWBDomain::7_cortexa9_0/lib/xgpio_sinit.o ps7_cortexa9_0/lib/xgpiops.o ps7_cortexa9_0/lib/xgpiops_g.o ps7_cortexa9_0/lib/xgpiops_hw.o ps7_
TRACE::2026-05-03.18:14:43::SCWBDomain::cortexa9_0/lib/xgpiops_intr.o ps7_cortexa9_0/lib/xgpiops_selftest.o ps7_cortexa9_0/lib/xgpiops_sinit.o ps7_cortexa9_0/lib/xil-c
TRACE::2026-05-03.18:14:43::SCWBDomain::rt0.o ps7_cortexa9_0/lib/xil_assert.o ps7_cortexa9_0/lib/xil_cache.o ps7_cortexa9_0/lib/xil_clocking.o ps7_cortexa9_0/lib/xil_e
TRACE::2026-05-03.18:14:43::SCWBDomain::xception.o ps7_cortexa9_0/lib/xil_mem.o ps7_cortexa9_0/lib/xil_misc_psreset_api.o ps7_cortexa9_0/lib/xil_mmu.o ps7_cortexa9_0/l
TRACE::2026-05-03.18:14:43::SCWBDomain::ib/xil_printf.o ps7_cortexa9_0/lib/xil_sleepcommon.o ps7_cortexa9_0/lib/xil_sleeptimer.o ps7_cortexa9_0/lib/xil_spinlock.o ps7_
TRACE::2026-05-03.18:14:43::SCWBDomain::cortexa9_0/lib/xil_testcache.o ps7_cortexa9_0/lib/xil_testio.o ps7_cortexa9_0/lib/xil_testmem.o ps7_cortexa9_0/lib/xil_util.o p
TRACE::2026-05-03.18:14:43::SCWBDomain::s7_cortexa9_0/lib/xinterrupt_wrap.o ps7_cortexa9_0/lib/xl2cc_counter.o ps7_cortexa9_0/lib/xplatform_info.o ps7_cortexa9_0/lib/x
TRACE::2026-05-03.18:14:43::SCWBDomain::pm_counter.o ps7_cortexa9_0/lib/xqspips.o ps7_cortexa9_0/lib/xqspips_g.o ps7_cortexa9_0/lib/xqspips_hw.o ps7_cortexa9_0/lib/xqs
TRACE::2026-05-03.18:14:43::SCWBDomain::pips_options.o ps7_cortexa9_0/lib/xqspips_selftest.o ps7_cortexa9_0/lib/xqspips_sinit.o ps7_cortexa9_0/lib/xscugic.o ps7_cortex
TRACE::2026-05-03.18:14:43::SCWBDomain::a9_0/lib/xscugic_g.o ps7_cortexa9_0/lib/xscugic_hw.o ps7_cortexa9_0/lib/xscugic_intr.o ps7_cortexa9_0/lib/xscugic_selftest.o ps
TRACE::2026-05-03.18:14:43::SCWBDomain::7_cortexa9_0/lib/xscugic_sinit.o ps7_cortexa9_0/lib/xscutimer.o ps7_cortexa9_0/lib/xscutimer_g.o ps7_cortexa9_0/lib/xscutimer_s
TRACE::2026-05-03.18:14:43::SCWBDomain::elftest.o ps7_cortexa9_0/lib/xscutimer_sinit.o ps7_cortexa9_0/lib/xscuwdt.o ps7_cortexa9_0/lib/xscuwdt_g.o ps7_cortexa9_0/lib/x
TRACE::2026-05-03.18:14:43::SCWBDomain::scuwdt_selftest.o ps7_cortexa9_0/lib/xscuwdt_sinit.o ps7_cortexa9_0/lib/xsdps.o ps7_cortexa9_0/lib/xsdps_card.o ps7_cortexa9_0/
TRACE::2026-05-03.18:14:43::SCWBDomain::lib/xsdps_g.o ps7_cortexa9_0/lib/xsdps_host.o ps7_cortexa9_0/lib/xsdps_options.o ps7_cortexa9_0/lib/xsdps_sinit.o ps7_cortexa9_
TRACE::2026-05-03.18:14:43::SCWBDomain::0/lib/xtime_l.o ps7_cortexa9_0/lib/xuartps.o ps7_cortexa9_0/lib/xuartps_g.o ps7_cortexa9_0/lib/xuartps_hw.o ps7_cortexa9_0/lib/
TRACE::2026-05-03.18:14:43::SCWBDomain::xuartps_intr.o ps7_cortexa9_0/lib/xuartps_options.o ps7_cortexa9_0/lib/xuartps_selftest.o ps7_cortexa9_0/lib/xuartps_sinit.o ps
TRACE::2026-05-03.18:14:43::SCWBDomain::7_cortexa9_0/lib/xusbps.o ps7_cortexa9_0/lib/xusbps_endpoint.o ps7_cortexa9_0/lib/xusbps_g.o ps7_cortexa9_0/lib/xusbps_hw.o ps7
TRACE::2026-05-03.18:14:43::SCWBDomain::_cortexa9_0/lib/xusbps_intr.o ps7_cortexa9_0/lib/xusbps_sinit.o

TRACE::2026-05-03.18:14:43::SCWBDomain::'Finished building libraries'

TRACE::2026-05-03.18:14:43::SCWBDomain::make: Leaving directory 'C:/Users/khuon/ECE520/final_project/vitis_application/zybo_z7_10_plat/zynq_fsbl/zynq_fsbl_bsp'

TRACE::2026-05-03.18:14:43::SCWBDomain::arm-none-eabi-gcc  -O2 -c -MMD -MP       -mcpu=cortex-a9 -mfpu=vfpv3 -mfloat-abi=hard  -c sd.c -o sd.o -Izynq_fsbl_bsp/ps7_cort
TRACE::2026-05-03.18:14:43::SCWBDomain::exa9_0/include -I.

TRACE::2026-05-03.18:14:43::SCWBDomain::arm-none-eabi-gcc  -O2 -c -MMD -MP       -mcpu=cortex-a9 -mfpu=vfpv3 -mfloat-abi=hard  -c nand.c -o nand.o -Izynq_fsbl_bsp/ps7_
TRACE::2026-05-03.18:14:43::SCWBDomain::cortexa9_0/include -I.

TRACE::2026-05-03.18:14:43::SCWBDomain::arm-none-eabi-gcc  -O2 -c -MMD -MP       -mcpu=cortex-a9 -mfpu=vfpv3 -mfloat-abi=hard  -c nor.c -o nor.o -Izynq_fsbl_bsp/ps7_co
TRACE::2026-05-03.18:14:43::SCWBDomain::rtexa9_0/include -I.

TRACE::2026-05-03.18:14:43::SCWBDomain::arm-none-eabi-gcc  -O2 -c -MMD -MP       -mcpu=cortex-a9 -mfpu=vfpv3 -mfloat-abi=hard  -c image_mover.c -o image_mover.o -Izynq
TRACE::2026-05-03.18:14:43::SCWBDomain::_fsbl_bsp/ps7_cortexa9_0/include -I.

TRACE::2026-05-03.18:14:43::SCWBDomain::arm-none-eabi-gcc  -O2 -c -MMD -MP       -mcpu=cortex-a9 -mfpu=vfpv3 -mfloat-abi=hard  -c md5.c -o md5.o -Izynq_fsbl_bsp/ps7_co
TRACE::2026-05-03.18:14:43::SCWBDomain::rtexa9_0/include -I.

TRACE::2026-05-03.18:14:43::SCWBDomain::arm-none-eabi-gcc  -O2 -c -MMD -MP       -mcpu=cortex-a9 -mfpu=vfpv3 -mfloat-abi=hard  -c fsbl_hooks.c -o fsbl_hooks.o -Izynq_f
TRACE::2026-05-03.18:14:43::SCWBDomain::sbl_bsp/ps7_cortexa9_0/include -I.

TRACE::2026-05-03.18:14:43::SCWBDomain::arm-none-eabi-gcc  -O2 -c -MMD -MP       -mcpu=cortex-a9 -mfpu=vfpv3 -mfloat-abi=hard  -c main.c -o main.o -Izynq_fsbl_bsp/ps7_
TRACE::2026-05-03.18:14:43::SCWBDomain::cortexa9_0/include -I.

TRACE::2026-05-03.18:14:43::SCWBDomain::arm-none-eabi-gcc  -O2 -c -MMD -MP       -mcpu=cortex-a9 -mfpu=vfpv3 -mfloat-abi=hard  -c rsa.c -o rsa.o -Izynq_fsbl_bsp/ps7_co
TRACE::2026-05-03.18:14:43::SCWBDomain::rtexa9_0/include -I.

TRACE::2026-05-03.18:14:43::SCWBDomain::arm-none-eabi-gcc  -O2 -c -MMD -MP       -mcpu=cortex-a9 -mfpu=vfpv3 -mfloat-abi=hard  -c qspi.c -o qspi.o -Izynq_fsbl_bsp/ps7_
TRACE::2026-05-03.18:14:43::SCWBDomain::cortexa9_0/include -I.

TRACE::2026-05-03.18:14:44::SCWBDomain::arm-none-eabi-gcc  -O2 -c -MMD -MP       -mcpu=cortex-a9 -mfpu=vfpv3 -mfloat-abi=hard  -c ps7_init.c -o ps7_init.o -Izynq_fsbl_
TRACE::2026-05-03.18:14:44::SCWBDomain::bsp/ps7_cortexa9_0/include -I.

TRACE::2026-05-03.18:14:44::SCWBDomain::arm-none-eabi-gcc  -O2 -c -MMD -MP       -mcpu=cortex-a9 -mfpu=vfpv3 -mfloat-abi=hard  -c pcap.c -o pcap.o -Izynq_fsbl_bsp/ps7_
TRACE::2026-05-03.18:14:44::SCWBDomain::cortexa9_0/include -I.

TRACE::2026-05-03.18:14:44::SCWBDomain::arm-none-eabi-gcc  -O2 -c -MMD -MP       -mcpu=cortex-a9 -mfpu=vfpv3 -mfloat-abi=hard  -c fsbl_handoff.S -o fsbl_handoff.o -Izy
TRACE::2026-05-03.18:14:44::SCWBDomain::nq_fsbl_bsp/ps7_cortexa9_0/include -I.

TRACE::2026-05-03.18:14:44::SCWBDomain::arm-none-eabi-gcc -o fsbl.elf fsbl_handoff.o fsbl_hooks.o image_mover.o main.o md5.o nand.o nor.o pcap.o ps7_init.o qspi.o rsa.
TRACE::2026-05-03.18:14:44::SCWBDomain::o sd.o -MMD -MP       -mcpu=cortex-a9 -mfpu=vfpv3 -mfloat-abi=hard   -mcpu=cortex-a9 -mfpu=vfpv3 -mfloat-abi=hard -Wl,-build-id
TRACE::2026-05-03.18:14:44::SCWBDomain::=none -specs=Xilinx.spec  -lrsa -Wl,--start-group,-lxil,-lgcc,-lc,--end-group -Wl,--start-group,-lxilffs,-lxil,-lgcc,-lc,--end-
TRACE::2026-05-03.18:14:44::SCWBDomain::group -Wl,--start-group,-lrsa,-lxil,-lgcc,-lc,--end-group                                     -Wl,--gc-sections -Lzynq_fsbl_bsp
TRACE::2026-05-03.18:14:44::SCWBDomain::/ps7_cortexa9_0/lib -L./ -Tlscript.ld

LOG::2026-05-03.18:14:44::SCWSystem::Checking the domain standalone_domain
LOG::2026-05-03.18:14:44::SCWSystem::Not a boot domain 
LOG::2026-05-03.18:14:44::SCWSystem::Started Processing the domain standalone_domain
TRACE::2026-05-03.18:14:44::SCWDomain::Generating domain artifcats
TRACE::2026-05-03.18:14:44::SCWMssOS::Generating standalone artifcats
TRACE::2026-05-03.18:14:44::SCWMssOS::Copying the qemu file from  C:/Users/khuon/ECE520/final_project/vitis_application/zybo_z7_10_plat/resources/zybo_z7_10_plat/standalone_domain/qemu_args.txt To C:/Users/khuon/ECE520/final_project/vitis_application/zybo_z7_10_plat/export/zybo_z7_10_plat/sw/zybo_z7_10_plat/qemu/
TRACE::2026-05-03.18:14:44::SCWMssOS::Copying the qemu file from  C:/Users/khuon/ECE520/final_project/vitis_application/zybo_z7_10_plat/resources/zybo_z7_10_plat/standalone_domain/qemu_args.txt To C:/Users/khuon/ECE520/final_project/vitis_application/zybo_z7_10_plat/export/zybo_z7_10_plat/sw/zybo_z7_10_plat/standalone_domain/qemu/
TRACE::2026-05-03.18:14:44::SCWMssOS:: Copying the user libraries. 
TRACE::2026-05-03.18:14:44::SCWPlatform::Trying to open the hw design at C:/Users/khuon/ECE520/final_project/vitis_application/zybo_z7_10_plat/hw/reactive_scene_top_ps.xsa
TRACE::2026-05-03.18:14:44::SCWPlatform::DSA given C:/Users/khuon/ECE520/final_project/vitis_application/zybo_z7_10_plat/hw/reactive_scene_top_ps.xsa
TRACE::2026-05-03.18:14:44::SCWPlatform::DSA absoulate path C:/Users/khuon/ECE520/final_project/vitis_application/zybo_z7_10_plat/hw/reactive_scene_top_ps.xsa
TRACE::2026-05-03.18:14:44::SCWPlatform::DSA directory C:/Users/khuon/ECE520/final_project/vitis_application/zybo_z7_10_plat/hw
TRACE::2026-05-03.18:14:44::SCWPlatform:: Platform Path C:/Users/khuon/ECE520/final_project/vitis_application/zybo_z7_10_plat/hw/reactive_scene_top_ps.xsa
TRACE::2026-05-03.18:14:44::SCWPlatform:: Unique name xilinx:zybo-z7-10::0.0
TRACE::2026-05-03.18:14:44::SCWPlatform::Trying to set the existing hwdb with name reactive_scene_top_ps_1
TRACE::2026-05-03.18:14:44::SCWPlatform::Opened existing hwdb reactive_scene_top_ps_1
TRACE::2026-05-03.18:14:44::SCWPlatform::Found the Hw Db part of the input DSA
TRACE::2026-05-03.18:14:44::SCWMssOS::Checking the sw design at  C:/Users/khuon/ECE520/final_project/vitis_application/zybo_z7_10_plat/ps7_cortexa9_0/standalone_domain/bsp/system.mss
TRACE::2026-05-03.18:14:44::SCWMssOS::DEBUG:  swdes dump  C:/Users/khuon/ECE520/final_project/vitis_application/zybo_z7_10_plat/ps7_cortexa9_0/standalone_domain/bsp/system.mss|system_0||
C:/Users/khuon/ECE520/final_project/vitis_application/zybo_z7_10_plat/zynq_fsbl/zynq_fsbl_bsp/system.mss|system||

TRACE::2026-05-03.18:14:44::SCWMssOS::Sw design exists and opened at  C:/Users/khuon/ECE520/final_project/vitis_application/zybo_z7_10_plat/ps7_cortexa9_0/standalone_domain/bsp/system.mss
TRACE::2026-05-03.18:14:44::SCWMssOS::Completed writing the mss file at C:/Users/khuon/ECE520/final_project/vitis_application/zybo_z7_10_plat/ps7_cortexa9_0/standalone_domain/bsp
TRACE::2026-05-03.18:14:44::SCWMssOS::Mss edits present, copying mssfile into export location C:/Users/khuon/ECE520/final_project/vitis_application/zybo_z7_10_plat/ps7_cortexa9_0/standalone_domain/bsp/system.mss
TRACE::2026-05-03.18:14:44::SCWMssOS::bsp generated is upto date with the mss file. Skipping bsp generation.
TRACE::2026-05-03.18:14:44::SCWMssOS::BSP is already built. skipping the bsp build ... 
TRACE::2026-05-03.18:14:44::SCWDomain::Building the domain as part of full build :  standalone_domain
TRACE::2026-05-03.18:14:44::SCWMssOS::doing bsp build ... 
TRACE::2026-05-03.18:14:44::SCWMssOS::System Command Ran  C: & cd  C:/Users/khuon/ECE520/final_project/vitis_application/zybo_z7_10_plat/ps7_cortexa9_0/standalone_domain/bsp & make 
TRACE::2026-05-03.18:14:44::SCWMssOS::make --no-print-directory seq_libs

TRACE::2026-05-03.18:14:44::SCWMssOS::'Finished building libraries sequentially.'

TRACE::2026-05-03.18:14:44::SCWMssOS::make -j 22 --no-print-directory par_libs

TRACE::2026-05-03.18:14:44::SCWMssOS::"Running Make include in ps7_cortexa9_0/libsrc/bram_v4_8/src"

TRACE::2026-05-03.18:14:44::SCWMssOS::make -C ps7_cortexa9_0/libsrc/bram_v4_8/src -s include  "SHELL=CMD" "COMPILER=arm-none-eabi-gcc" "ASSEMBLER=arm-none-eabi-as" "
TRACE::2026-05-03.18:14:44::SCWMssOS::ARCHIVER=arm-none-eabi-ar" "COMPILER_FLAGS=  -O2 -c" "EXTRA_COMPILER_FLAGS=-mcpu=cortex-a9 -mfpu=vfpv3 -mfloat-abi=hard -nostar
TRACE::2026-05-03.18:14:44::SCWMssOS::tfiles -g -Wall -Wextra -fno-tree-loop-distribute-patterns"

TRACE::2026-05-03.18:14:44::SCWMssOS::"Running Make include in ps7_cortexa9_0/libsrc/coresightps_dcc_v1_8/src"

TRACE::2026-05-03.18:14:44::SCWMssOS::make -C ps7_cortexa9_0/libsrc/coresightps_dcc_v1_8/src -s include  "SHELL=CMD" "COMPILER=arm-none-eabi-gcc" "ASSEMBLER=arm-none
TRACE::2026-05-03.18:14:44::SCWMssOS::-eabi-as" "ARCHIVER=arm-none-eabi-ar" "COMPILER_FLAGS=  -O2 -c" "EXTRA_COMPILER_FLAGS=-mcpu=cortex-a9 -mfpu=vfpv3 -mfloat-abi=h
TRACE::2026-05-03.18:14:44::SCWMssOS::ard -nostartfiles -g -Wall -Wextra -fno-tree-loop-distribute-patterns"

TRACE::2026-05-03.18:14:44::SCWMssOS::"Running Make include in ps7_cortexa9_0/libsrc/cpu_cortexa9_v2_11/src"

TRACE::2026-05-03.18:14:44::SCWMssOS::make -C ps7_cortexa9_0/libsrc/cpu_cortexa9_v2_11/src -s include  "SHELL=CMD" "COMPILER=arm-none-eabi-gcc" "ASSEMBLER=arm-none-e
TRACE::2026-05-03.18:14:44::SCWMssOS::abi-as" "ARCHIVER=arm-none-eabi-ar" "COMPILER_FLAGS=  -O2 -c" "EXTRA_COMPILER_FLAGS=-mcpu=cortex-a9 -mfpu=vfpv3 -mfloat-abi=har
TRACE::2026-05-03.18:14:44::SCWMssOS::d -nostartfiles -g -Wall -Wextra -fno-tree-loop-distribute-patterns"

TRACE::2026-05-03.18:14:44::SCWMssOS::"Running Make include in ps7_cortexa9_0/libsrc/ddrps_v1_2/src"

TRACE::2026-05-03.18:14:44::SCWMssOS::make -C ps7_cortexa9_0/libsrc/ddrps_v1_2/src -s include  "SHELL=CMD" "COMPILER=arm-none-eabi-gcc" "ASSEMBLER=arm-none-eabi-as" 
TRACE::2026-05-03.18:14:44::SCWMssOS::"ARCHIVER=arm-none-eabi-ar" "COMPILER_FLAGS=  -O2 -c" "EXTRA_COMPILER_FLAGS=-mcpu=cortex-a9 -mfpu=vfpv3 -mfloat-abi=hard -nosta
TRACE::2026-05-03.18:14:44::SCWMssOS::rtfiles -g -Wall -Wextra -fno-tree-loop-distribute-patterns"

TRACE::2026-05-03.18:14:44::SCWMssOS::"Running Make include in ps7_cortexa9_0/libsrc/devcfg_v3_7/src"

TRACE::2026-05-03.18:14:44::SCWMssOS::make -C ps7_cortexa9_0/libsrc/devcfg_v3_7/src -s include  "SHELL=CMD" "COMPILER=arm-none-eabi-gcc" "ASSEMBLER=arm-none-eabi-as"
TRACE::2026-05-03.18:14:44::SCWMssOS:: "ARCHIVER=arm-none-eabi-ar" "COMPILER_FLAGS=  -O2 -c" "EXTRA_COMPILER_FLAGS=-mcpu=cortex-a9 -mfpu=vfpv3 -mfloat-abi=hard -nost
TRACE::2026-05-03.18:14:44::SCWMssOS::artfiles -g -Wall -Wextra -fno-tree-loop-distribute-patterns"

TRACE::2026-05-03.18:14:44::SCWMssOS::"Running Make include in ps7_cortexa9_0/libsrc/dmaps_v2_8/src"

TRACE::2026-05-03.18:14:44::SCWMssOS::make -C ps7_cortexa9_0/libsrc/dmaps_v2_8/src -s include  "SHELL=CMD" "COMPILER=arm-none-eabi-gcc" "ASSEMBLER=arm-none-eabi-as" 
TRACE::2026-05-03.18:14:44::SCWMssOS::"ARCHIVER=arm-none-eabi-ar" "COMPILER_FLAGS=  -O2 -c" "EXTRA_COMPILER_FLAGS=-mcpu=cortex-a9 -mfpu=vfpv3 -mfloat-abi=hard -nosta
TRACE::2026-05-03.18:14:44::SCWMssOS::rtfiles -g -Wall -Wextra -fno-tree-loop-distribute-patterns"

TRACE::2026-05-03.18:14:44::SCWMssOS::"Running Make include in ps7_cortexa9_0/libsrc/emacps_v3_18/src"

TRACE::2026-05-03.18:14:44::SCWMssOS::make -C ps7_cortexa9_0/libsrc/emacps_v3_18/src -s include  "SHELL=CMD" "COMPILER=arm-none-eabi-gcc" "ASSEMBLER=arm-none-eabi-as
TRACE::2026-05-03.18:14:44::SCWMssOS::" "ARCHIVER=arm-none-eabi-ar" "COMPILER_FLAGS=  -O2 -c" "EXTRA_COMPILER_FLAGS=-mcpu=cortex-a9 -mfpu=vfpv3 -mfloat-abi=hard -nos
TRACE::2026-05-03.18:14:44::SCWMssOS::tartfiles -g -Wall -Wextra -fno-tree-loop-distribute-patterns"

TRACE::2026-05-03.18:14:44::SCWMssOS::"Running Make include in ps7_cortexa9_0/libsrc/gpiops_v3_11/src"

TRACE::2026-05-03.18:14:44::SCWMssOS::make -C ps7_cortexa9_0/libsrc/gpiops_v3_11/src -s include  "SHELL=CMD" "COMPILER=arm-none-eabi-gcc" "ASSEMBLER=arm-none-eabi-as
TRACE::2026-05-03.18:14:44::SCWMssOS::" "ARCHIVER=arm-none-eabi-ar" "COMPILER_FLAGS=  -O2 -c" "EXTRA_COMPILER_FLAGS=-mcpu=cortex-a9 -mfpu=vfpv3 -mfloat-abi=hard -nos
TRACE::2026-05-03.18:14:44::SCWMssOS::tartfiles -g -Wall -Wextra -fno-tree-loop-distribute-patterns"

TRACE::2026-05-03.18:14:44::SCWMssOS::"Running Make include in ps7_cortexa9_0/libsrc/gpio_v4_9/src"

TRACE::2026-05-03.18:14:44::SCWMssOS::make -C ps7_cortexa9_0/libsrc/gpio_v4_9/src -s include  "SHELL=CMD" "COMPILER=arm-none-eabi-gcc" "ASSEMBLER=arm-none-eabi-as" "
TRACE::2026-05-03.18:14:44::SCWMssOS::ARCHIVER=arm-none-eabi-ar" "COMPILER_FLAGS=  -O2 -c" "EXTRA_COMPILER_FLAGS=-mcpu=cortex-a9 -mfpu=vfpv3 -mfloat-abi=hard -nostar
TRACE::2026-05-03.18:14:44::SCWMssOS::tfiles -g -Wall -Wextra -fno-tree-loop-distribute-patterns"

TRACE::2026-05-03.18:14:44::SCWMssOS::"Running Make include in ps7_cortexa9_0/libsrc/qspips_v3_10/src"

TRACE::2026-05-03.18:14:44::SCWMssOS::make -C ps7_cortexa9_0/libsrc/qspips_v3_10/src -s include  "SHELL=CMD" "COMPILER=arm-none-eabi-gcc" "ASSEMBLER=arm-none-eabi-as
TRACE::2026-05-03.18:14:44::SCWMssOS::" "ARCHIVER=arm-none-eabi-ar" "COMPILER_FLAGS=  -O2 -c" "EXTRA_COMPILER_FLAGS=-mcpu=cortex-a9 -mfpu=vfpv3 -mfloat-abi=hard -nos
TRACE::2026-05-03.18:14:44::SCWMssOS::tartfiles -g -Wall -Wextra -fno-tree-loop-distribute-patterns"

TRACE::2026-05-03.18:14:44::SCWMssOS::"Running Make include in ps7_cortexa9_0/libsrc/scugic_v5_1/src"

TRACE::2026-05-03.18:14:44::SCWMssOS::make -C ps7_cortexa9_0/libsrc/scugic_v5_1/src -s include  "SHELL=CMD" "COMPILER=arm-none-eabi-gcc" "ASSEMBLER=arm-none-eabi-as"
TRACE::2026-05-03.18:14:44::SCWMssOS:: "ARCHIVER=arm-none-eabi-ar" "COMPILER_FLAGS=  -O2 -c" "EXTRA_COMPILER_FLAGS=-mcpu=cortex-a9 -mfpu=vfpv3 -mfloat-abi=hard -nost
TRACE::2026-05-03.18:14:44::SCWMssOS::artfiles -g -Wall -Wextra -fno-tree-loop-distribute-patterns"

TRACE::2026-05-03.18:14:44::SCWMssOS::"Running Make include in ps7_cortexa9_0/libsrc/scutimer_v2_4/src"

TRACE::2026-05-03.18:14:44::SCWMssOS::make -C ps7_cortexa9_0/libsrc/scutimer_v2_4/src -s include  "SHELL=CMD" "COMPILER=arm-none-eabi-gcc" "ASSEMBLER=arm-none-eabi-a
TRACE::2026-05-03.18:14:44::SCWMssOS::s" "ARCHIVER=arm-none-eabi-ar" "COMPILER_FLAGS=  -O2 -c" "EXTRA_COMPILER_FLAGS=-mcpu=cortex-a9 -mfpu=vfpv3 -mfloat-abi=hard -no
TRACE::2026-05-03.18:14:44::SCWMssOS::startfiles -g -Wall -Wextra -fno-tree-loop-distribute-patterns"

TRACE::2026-05-03.18:14:44::SCWMssOS::"Running Make include in ps7_cortexa9_0/libsrc/scuwdt_v2_4/src"

TRACE::2026-05-03.18:14:44::SCWMssOS::make -C ps7_cortexa9_0/libsrc/scuwdt_v2_4/src -s include  "SHELL=CMD" "COMPILER=arm-none-eabi-gcc" "ASSEMBLER=arm-none-eabi-as"
TRACE::2026-05-03.18:14:44::SCWMssOS:: "ARCHIVER=arm-none-eabi-ar" "COMPILER_FLAGS=  -O2 -c" "EXTRA_COMPILER_FLAGS=-mcpu=cortex-a9 -mfpu=vfpv3 -mfloat-abi=hard -nost
TRACE::2026-05-03.18:14:44::SCWMssOS::artfiles -g -Wall -Wextra -fno-tree-loop-distribute-patterns"

TRACE::2026-05-03.18:14:44::SCWMssOS::"Running Make include in ps7_cortexa9_0/libsrc/sdps_v4_1/src"

TRACE::2026-05-03.18:14:44::SCWMssOS::make -C ps7_cortexa9_0/libsrc/sdps_v4_1/src -s include  "SHELL=CMD" "COMPILER=arm-none-eabi-gcc" "ASSEMBLER=arm-none-eabi-as" "
TRACE::2026-05-03.18:14:44::SCWMssOS::ARCHIVER=arm-none-eabi-ar" "COMPILER_FLAGS=  -O2 -c" "EXTRA_COMPILER_FLAGS=-mcpu=cortex-a9 -mfpu=vfpv3 -mfloat-abi=hard -nostar
TRACE::2026-05-03.18:14:44::SCWMssOS::tfiles -g -Wall -Wextra -fno-tree-loop-distribute-patterns"

TRACE::2026-05-03.18:14:44::SCWMssOS::"Running Make include in ps7_cortexa9_0/libsrc/standalone_v8_1/src"

TRACE::2026-05-03.18:14:44::SCWMssOS::make -C ps7_cortexa9_0/libsrc/standalone_v8_1/src -s include  "SHELL=CMD" "COMPILER=arm-none-eabi-gcc" "ASSEMBLER=arm-none-eabi
TRACE::2026-05-03.18:14:44::SCWMssOS::-as" "ARCHIVER=arm-none-eabi-ar" "COMPILER_FLAGS=  -O2 -c" "EXTRA_COMPILER_FLAGS=-mcpu=cortex-a9 -mfpu=vfpv3 -mfloat-abi=hard -
TRACE::2026-05-03.18:14:44::SCWMssOS::nostartfiles -g -Wall -Wextra -fno-tree-loop-distribute-patterns"

TRACE::2026-05-03.18:14:44::SCWMssOS::"Running Make include in ps7_cortexa9_0/libsrc/uartps_v3_12/src"

TRACE::2026-05-03.18:14:44::SCWMssOS::make -C ps7_cortexa9_0/libsrc/uartps_v3_12/src -s include  "SHELL=CMD" "COMPILER=arm-none-eabi-gcc" "ASSEMBLER=arm-none-eabi-as
TRACE::2026-05-03.18:14:44::SCWMssOS::" "ARCHIVER=arm-none-eabi-ar" "COMPILER_FLAGS=  -O2 -c" "EXTRA_COMPILER_FLAGS=-mcpu=cortex-a9 -mfpu=vfpv3 -mfloat-abi=hard -nos
TRACE::2026-05-03.18:14:44::SCWMssOS::tartfiles -g -Wall -Wextra -fno-tree-loop-distribute-patterns"

TRACE::2026-05-03.18:14:44::SCWMssOS::"Running Make include in ps7_cortexa9_0/libsrc/usbps_v2_7/src"

TRACE::2026-05-03.18:14:44::SCWMssOS::make -C ps7_cortexa9_0/libsrc/usbps_v2_7/src -s include  "SHELL=CMD" "COMPILER=arm-none-eabi-gcc" "ASSEMBLER=arm-none-eabi-as" 
TRACE::2026-05-03.18:14:44::SCWMssOS::"ARCHIVER=arm-none-eabi-ar" "COMPILER_FLAGS=  -O2 -c" "EXTRA_COMPILER_FLAGS=-mcpu=cortex-a9 -mfpu=vfpv3 -mfloat-abi=hard -nosta
TRACE::2026-05-03.18:14:44::SCWMssOS::rtfiles -g -Wall -Wextra -fno-tree-loop-distribute-patterns"

TRACE::2026-05-03.18:14:44::SCWMssOS::"Running Make include in ps7_cortexa9_0/libsrc/xadcps_v2_6/src"

TRACE::2026-05-03.18:14:44::SCWMssOS::make -C ps7_cortexa9_0/libsrc/xadcps_v2_6/src -s include  "SHELL=CMD" "COMPILER=arm-none-eabi-gcc" "ASSEMBLER=arm-none-eabi-as"
TRACE::2026-05-03.18:14:44::SCWMssOS:: "ARCHIVER=arm-none-eabi-ar" "COMPILER_FLAGS=  -O2 -c" "EXTRA_COMPILER_FLAGS=-mcpu=cortex-a9 -mfpu=vfpv3 -mfloat-abi=hard -nost
TRACE::2026-05-03.18:14:44::SCWMssOS::artfiles -g -Wall -Wextra -fno-tree-loop-distribute-patterns"

TRACE::2026-05-03.18:14:44::SCWMssOS::"Running Make libs in ps7_cortexa9_0/libsrc/bram_v4_8/src"

TRACE::2026-05-03.18:14:44::SCWMssOS::make -C ps7_cortexa9_0/libsrc/bram_v4_8/src -s libs  "SHELL=CMD" "COMPILER=arm-none-eabi-gcc" "ASSEMBLER=arm-none-eabi-as" "ARC
TRACE::2026-05-03.18:14:44::SCWMssOS::HIVER=arm-none-eabi-ar" "COMPILER_FLAGS=  -O2 -c" "EXTRA_COMPILER_FLAGS=-mcpu=cortex-a9 -mfpu=vfpv3 -mfloat-abi=hard -nostartfi
TRACE::2026-05-03.18:14:44::SCWMssOS::les -g -Wall -Wextra -fno-tree-loop-distribute-patterns"

TRACE::2026-05-03.18:14:45::SCWMssOS::"Running Make libs in ps7_cortexa9_0/libsrc/coresightps_dcc_v1_8/src"

TRACE::2026-05-03.18:14:45::SCWMssOS::make -C ps7_cortexa9_0/libsrc/coresightps_dcc_v1_8/src -s libs  "SHELL=CMD" "COMPILER=arm-none-eabi-gcc" "ASSEMBLER=arm-none-ea
TRACE::2026-05-03.18:14:45::SCWMssOS::bi-as" "ARCHIVER=arm-none-eabi-ar" "COMPILER_FLAGS=  -O2 -c" "EXTRA_COMPILER_FLAGS=-mcpu=cortex-a9 -mfpu=vfpv3 -mfloat-abi=hard
TRACE::2026-05-03.18:14:45::SCWMssOS:: -nostartfiles -g -Wall -Wextra -fno-tree-loop-distribute-patterns"

TRACE::2026-05-03.18:14:45::SCWMssOS::"Running Make libs in ps7_cortexa9_0/libsrc/cpu_cortexa9_v2_11/src"

TRACE::2026-05-03.18:14:45::SCWMssOS::make -C ps7_cortexa9_0/libsrc/cpu_cortexa9_v2_11/src -s libs  "SHELL=CMD" "COMPILER=arm-none-eabi-gcc" "ASSEMBLER=arm-none-eabi
TRACE::2026-05-03.18:14:45::SCWMssOS::-as" "ARCHIVER=arm-none-eabi-ar" "COMPILER_FLAGS=  -O2 -c" "EXTRA_COMPILER_FLAGS=-mcpu=cortex-a9 -mfpu=vfpv3 -mfloat-abi=hard -
TRACE::2026-05-03.18:14:45::SCWMssOS::nostartfiles -g -Wall -Wextra -fno-tree-loop-distribute-patterns"

TRACE::2026-05-03.18:14:45::SCWMssOS::"Running Make libs in ps7_cortexa9_0/libsrc/ddrps_v1_2/src"

TRACE::2026-05-03.18:14:45::SCWMssOS::make -C ps7_cortexa9_0/libsrc/ddrps_v1_2/src -s libs  "SHELL=CMD" "COMPILER=arm-none-eabi-gcc" "ASSEMBLER=arm-none-eabi-as" "AR
TRACE::2026-05-03.18:14:45::SCWMssOS::CHIVER=arm-none-eabi-ar" "COMPILER_FLAGS=  -O2 -c" "EXTRA_COMPILER_FLAGS=-mcpu=cortex-a9 -mfpu=vfpv3 -mfloat-abi=hard -nostartf
TRACE::2026-05-03.18:14:45::SCWMssOS::iles -g -Wall -Wextra -fno-tree-loop-distribute-patterns"

TRACE::2026-05-03.18:14:45::SCWMssOS::"Running Make libs in ps7_cortexa9_0/libsrc/devcfg_v3_7/src"

TRACE::2026-05-03.18:14:45::SCWMssOS::make -C ps7_cortexa9_0/libsrc/devcfg_v3_7/src -s libs  "SHELL=CMD" "COMPILER=arm-none-eabi-gcc" "ASSEMBLER=arm-none-eabi-as" "A
TRACE::2026-05-03.18:14:45::SCWMssOS::RCHIVER=arm-none-eabi-ar" "COMPILER_FLAGS=  -O2 -c" "EXTRA_COMPILER_FLAGS=-mcpu=cortex-a9 -mfpu=vfpv3 -mfloat-abi=hard -nostart
TRACE::2026-05-03.18:14:45::SCWMssOS::files -g -Wall -Wextra -fno-tree-loop-distribute-patterns"

TRACE::2026-05-03.18:14:45::SCWMssOS::"Running Make libs in ps7_cortexa9_0/libsrc/dmaps_v2_8/src"

TRACE::2026-05-03.18:14:45::SCWMssOS::make -C ps7_cortexa9_0/libsrc/dmaps_v2_8/src -s libs  "SHELL=CMD" "COMPILER=arm-none-eabi-gcc" "ASSEMBLER=arm-none-eabi-as" "AR
TRACE::2026-05-03.18:14:45::SCWMssOS::CHIVER=arm-none-eabi-ar" "COMPILER_FLAGS=  -O2 -c" "EXTRA_COMPILER_FLAGS=-mcpu=cortex-a9 -mfpu=vfpv3 -mfloat-abi=hard -nostartf
TRACE::2026-05-03.18:14:45::SCWMssOS::iles -g -Wall -Wextra -fno-tree-loop-distribute-patterns"

TRACE::2026-05-03.18:14:45::SCWMssOS::"Running Make libs in ps7_cortexa9_0/libsrc/emacps_v3_18/src"

TRACE::2026-05-03.18:14:45::SCWMssOS::make -C ps7_cortexa9_0/libsrc/emacps_v3_18/src -s libs  "SHELL=CMD" "COMPILER=arm-none-eabi-gcc" "ASSEMBLER=arm-none-eabi-as" "
TRACE::2026-05-03.18:14:45::SCWMssOS::ARCHIVER=arm-none-eabi-ar" "COMPILER_FLAGS=  -O2 -c" "EXTRA_COMPILER_FLAGS=-mcpu=cortex-a9 -mfpu=vfpv3 -mfloat-abi=hard -nostar
TRACE::2026-05-03.18:14:45::SCWMssOS::tfiles -g -Wall -Wextra -fno-tree-loop-distribute-patterns"

TRACE::2026-05-03.18:14:45::SCWMssOS::"Running Make libs in ps7_cortexa9_0/libsrc/gpiops_v3_11/src"

TRACE::2026-05-03.18:14:45::SCWMssOS::make -C ps7_cortexa9_0/libsrc/gpiops_v3_11/src -s libs  "SHELL=CMD" "COMPILER=arm-none-eabi-gcc" "ASSEMBLER=arm-none-eabi-as" "
TRACE::2026-05-03.18:14:45::SCWMssOS::ARCHIVER=arm-none-eabi-ar" "COMPILER_FLAGS=  -O2 -c" "EXTRA_COMPILER_FLAGS=-mcpu=cortex-a9 -mfpu=vfpv3 -mfloat-abi=hard -nostar
TRACE::2026-05-03.18:14:45::SCWMssOS::tfiles -g -Wall -Wextra -fno-tree-loop-distribute-patterns"

TRACE::2026-05-03.18:14:45::SCWMssOS::"Running Make libs in ps7_cortexa9_0/libsrc/gpio_v4_9/src"

TRACE::2026-05-03.18:14:45::SCWMssOS::make -C ps7_cortexa9_0/libsrc/gpio_v4_9/src -s libs  "SHELL=CMD" "COMPILER=arm-none-eabi-gcc" "ASSEMBLER=arm-none-eabi-as" "ARC
TRACE::2026-05-03.18:14:45::SCWMssOS::HIVER=arm-none-eabi-ar" "COMPILER_FLAGS=  -O2 -c" "EXTRA_COMPILER_FLAGS=-mcpu=cortex-a9 -mfpu=vfpv3 -mfloat-abi=hard -nostartfi
TRACE::2026-05-03.18:14:45::SCWMssOS::les -g -Wall -Wextra -fno-tree-loop-distribute-patterns"

TRACE::2026-05-03.18:14:45::SCWMssOS::"Running Make libs in ps7_cortexa9_0/libsrc/qspips_v3_10/src"

TRACE::2026-05-03.18:14:45::SCWMssOS::make -C ps7_cortexa9_0/libsrc/qspips_v3_10/src -s libs  "SHELL=CMD" "COMPILER=arm-none-eabi-gcc" "ASSEMBLER=arm-none-eabi-as" "
TRACE::2026-05-03.18:14:45::SCWMssOS::ARCHIVER=arm-none-eabi-ar" "COMPILER_FLAGS=  -O2 -c" "EXTRA_COMPILER_FLAGS=-mcpu=cortex-a9 -mfpu=vfpv3 -mfloat-abi=hard -nostar
TRACE::2026-05-03.18:14:45::SCWMssOS::tfiles -g -Wall -Wextra -fno-tree-loop-distribute-patterns"

TRACE::2026-05-03.18:14:45::SCWMssOS::"Running Make libs in ps7_cortexa9_0/libsrc/scugic_v5_1/src"

TRACE::2026-05-03.18:14:45::SCWMssOS::"Running Make libs in ps7_cortexa9_0/libsrc/scutimer_v2_4/src"

TRACE::2026-05-03.18:14:45::SCWMssOS::make -C ps7_cortexa9_0/libsrc/scugic_v5_1/src -s libs  "SHELL=CMD" "COMPILER=arm-none-eabi-gcc" "ASSEMBLER=arm-none-eabi-as" "A
TRACE::2026-05-03.18:14:45::SCWMssOS::RCHIVER=arm-none-eabi-ar" "COMPILER_FLAGS=  -O2 -c" "EXTRA_COMPILER_FLAGS=-mcpu=cortex-a9 -mfpu=vfpv3 -mfloat-abi=hard -nostart
TRACE::2026-05-03.18:14:45::SCWMssOS::files -g -Wall -Wextra -fno-tree-loop-distribute-patterns"

TRACE::2026-05-03.18:14:45::SCWMssOS::make -C ps7_cortexa9_0/libsrc/scutimer_v2_4/src -s libs  "SHELL=CMD" "COMPILER=arm-none-eabi-gcc" "ASSEMBLER=arm-none-eabi-as" 
TRACE::2026-05-03.18:14:45::SCWMssOS::"ARCHIVER=arm-none-eabi-ar" "COMPILER_FLAGS=  -O2 -c" "EXTRA_COMPILER_FLAGS=-mcpu=cortex-a9 -mfpu=vfpv3 -mfloat-abi=hard -nosta
TRACE::2026-05-03.18:14:45::SCWMssOS::rtfiles -g -Wall -Wextra -fno-tree-loop-distribute-patterns"

TRACE::2026-05-03.18:14:45::SCWMssOS::"Running Make libs in ps7_cortexa9_0/libsrc/scuwdt_v2_4/src"

TRACE::2026-05-03.18:14:45::SCWMssOS::make -C ps7_cortexa9_0/libsrc/scuwdt_v2_4/src -s libs  "SHELL=CMD" "COMPILER=arm-none-eabi-gcc" "ASSEMBLER=arm-none-eabi-as" "A
TRACE::2026-05-03.18:14:45::SCWMssOS::RCHIVER=arm-none-eabi-ar" "COMPILER_FLAGS=  -O2 -c" "EXTRA_COMPILER_FLAGS=-mcpu=cortex-a9 -mfpu=vfpv3 -mfloat-abi=hard -nostart
TRACE::2026-05-03.18:14:45::SCWMssOS::files -g -Wall -Wextra -fno-tree-loop-distribute-patterns"

TRACE::2026-05-03.18:14:45::SCWMssOS::"Running Make libs in ps7_cortexa9_0/libsrc/sdps_v4_1/src"

TRACE::2026-05-03.18:14:45::SCWMssOS::make -C ps7_cortexa9_0/libsrc/sdps_v4_1/src -s libs  "SHELL=CMD" "COMPILER=arm-none-eabi-gcc" "ASSEMBLER=arm-none-eabi-as" "ARC
TRACE::2026-05-03.18:14:45::SCWMssOS::HIVER=arm-none-eabi-ar" "COMPILER_FLAGS=  -O2 -c" "EXTRA_COMPILER_FLAGS=-mcpu=cortex-a9 -mfpu=vfpv3 -mfloat-abi=hard -nostartfi
TRACE::2026-05-03.18:14:45::SCWMssOS::les -g -Wall -Wextra -fno-tree-loop-distribute-patterns"

TRACE::2026-05-03.18:14:45::SCWMssOS::"Running Make libs in ps7_cortexa9_0/libsrc/standalone_v8_1/src"

TRACE::2026-05-03.18:14:45::SCWMssOS::make -C ps7_cortexa9_0/libsrc/standalone_v8_1/src -s libs  "SHELL=CMD" "COMPILER=arm-none-eabi-gcc" "ASSEMBLER=arm-none-eabi-as
TRACE::2026-05-03.18:14:45::SCWMssOS::" "ARCHIVER=arm-none-eabi-ar" "COMPILER_FLAGS=  -O2 -c" "EXTRA_COMPILER_FLAGS=-mcpu=cortex-a9 -mfpu=vfpv3 -mfloat-abi=hard -nos
TRACE::2026-05-03.18:14:45::SCWMssOS::tartfiles -g -Wall -Wextra -fno-tree-loop-distribute-patterns"

TRACE::2026-05-03.18:14:45::SCWMssOS::"Running Make libs in ps7_cortexa9_0/libsrc/uartps_v3_12/src"

TRACE::2026-05-03.18:14:45::SCWMssOS::"Running Make libs in ps7_cortexa9_0/libsrc/usbps_v2_7/src"

TRACE::2026-05-03.18:14:45::SCWMssOS::make -C ps7_cortexa9_0/libsrc/uartps_v3_12/src -s libs  "SHELL=CMD" "COMPILER=arm-none-eabi-gcc" "ASSEMBLER=arm-none-eabi-as" "
TRACE::2026-05-03.18:14:45::SCWMssOS::ARCHIVER=arm-none-eabi-ar" "COMPILER_FLAGS=  -O2 -c" "EXTRA_COMPILER_FLAGS=-mcpu=cortex-a9 -mfpu=vfpv3 -mfloat-abi=hard -nostar
TRACE::2026-05-03.18:14:45::SCWMssOS::tfiles -g -Wall -Wextra -fno-tree-loop-distribute-patterns"

TRACE::2026-05-03.18:14:45::SCWMssOS::make -C ps7_cortexa9_0/libsrc/usbps_v2_7/src -s libs  "SHELL=CMD" "COMPILER=arm-none-eabi-gcc" "ASSEMBLER=arm-none-eabi-as" "AR
TRACE::2026-05-03.18:14:45::SCWMssOS::CHIVER=arm-none-eabi-ar" "COMPILER_FLAGS=  -O2 -c" "EXTRA_COMPILER_FLAGS=-mcpu=cortex-a9 -mfpu=vfpv3 -mfloat-abi=hard -nostartf
TRACE::2026-05-03.18:14:45::SCWMssOS::iles -g -Wall -Wextra -fno-tree-loop-distribute-patterns"

TRACE::2026-05-03.18:14:45::SCWMssOS::"Running Make libs in ps7_cortexa9_0/libsrc/xadcps_v2_6/src"

TRACE::2026-05-03.18:14:45::SCWMssOS::make -C ps7_cortexa9_0/libsrc/xadcps_v2_6/src -s libs  "SHELL=CMD" "COMPILER=arm-none-eabi-gcc" "ASSEMBLER=arm-none-eabi-as" "A
TRACE::2026-05-03.18:14:45::SCWMssOS::RCHIVER=arm-none-eabi-ar" "COMPILER_FLAGS=  -O2 -c" "EXTRA_COMPILER_FLAGS=-mcpu=cortex-a9 -mfpu=vfpv3 -mfloat-abi=hard -nostart
TRACE::2026-05-03.18:14:45::SCWMssOS::files -g -Wall -Wextra -fno-tree-loop-distribute-patterns"

TRACE::2026-05-03.18:14:46::SCWMssOS::'Finished building libraries parallelly.'

TRACE::2026-05-03.18:14:46::SCWMssOS::make --no-print-directory archive

TRACE::2026-05-03.18:14:46::SCWMssOS::arm-none-eabi-ar -r  ps7_cortexa9_0/lib/libxil.a ps7_cortexa9_0/lib/_exit.o ps7_cortexa9_0/lib/_open.o ps7_cortexa9_0/lib/_sbrk
TRACE::2026-05-03.18:14:46::SCWMssOS::.o ps7_cortexa9_0/lib/abort.o ps7_cortexa9_0/lib/asm_vectors.o ps7_cortexa9_0/lib/boot.o ps7_cortexa9_0/lib/close.o ps7_cortexa
TRACE::2026-05-03.18:14:46::SCWMssOS::9_0/lib/cpputest_time.o ps7_cortexa9_0/lib/cpu_init.o ps7_cortexa9_0/lib/errno.o ps7_cortexa9_0/lib/fcntl.o ps7_cortexa9_0/lib/
TRACE::2026-05-03.18:14:46::SCWMssOS::fstat.o ps7_cortexa9_0/lib/getentropy.o ps7_cortexa9_0/lib/getpid.o ps7_cortexa9_0/lib/inbyte.o ps7_cortexa9_0/lib/isatty.o ps7
TRACE::2026-05-03.18:14:46::SCWMssOS::_cortexa9_0/lib/kill.o ps7_cortexa9_0/lib/lseek.o ps7_cortexa9_0/lib/open.o ps7_cortexa9_0/lib/outbyte.o ps7_cortexa9_0/lib/pri
TRACE::2026-05-03.18:14:46::SCWMssOS::nt.o ps7_cortexa9_0/lib/putnum.o ps7_cortexa9_0/lib/read.o ps7_cortexa9_0/lib/sbrk.o ps7_cortexa9_0/lib/sleep.o ps7_cortexa9_0/
TRACE::2026-05-03.18:14:46::SCWMssOS::lib/time.o ps7_cortexa9_0/lib/translation_table.o ps7_cortexa9_0/lib/unlink.o ps7_cortexa9_0/lib/usleep.o ps7_cortexa9_0/lib/ve
TRACE::2026-05-03.18:14:46::SCWMssOS::ctors.o ps7_cortexa9_0/lib/write.o ps7_cortexa9_0/lib/xadcps.o ps7_cortexa9_0/lib/xadcps_g.o ps7_cortexa9_0/lib/xadcps_intr.o p
TRACE::2026-05-03.18:14:46::SCWMssOS::s7_cortexa9_0/lib/xadcps_selftest.o ps7_cortexa9_0/lib/xadcps_sinit.o ps7_cortexa9_0/lib/xbram.o ps7_cortexa9_0/lib/xbram_g.o p
TRACE::2026-05-03.18:14:46::SCWMssOS::s7_cortexa9_0/lib/xbram_intr.o ps7_cortexa9_0/lib/xbram_selftest.o ps7_cortexa9_0/lib/xbram_sinit.o ps7_cortexa9_0/lib/xcoresig
TRACE::2026-05-03.18:14:46::SCWMssOS::htpsdcc.o ps7_cortexa9_0/lib/xdevcfg.o ps7_cortexa9_0/lib/xdevcfg_g.o ps7_cortexa9_0/lib/xdevcfg_hw.o ps7_cortexa9_0/lib/xdevcf
TRACE::2026-05-03.18:14:46::SCWMssOS::g_intr.o ps7_cortexa9_0/lib/xdevcfg_selftest.o ps7_cortexa9_0/lib/xdevcfg_sinit.o ps7_cortexa9_0/lib/xdmaps.o ps7_cortexa9_0/li
TRACE::2026-05-03.18:14:46::SCWMssOS::b/xdmaps_g.o ps7_cortexa9_0/lib/xdmaps_hw.o ps7_cortexa9_0/lib/xdmaps_selftest.o ps7_cortexa9_0/lib/xdmaps_sinit.o ps7_cortexa9
TRACE::2026-05-03.18:14:46::SCWMssOS::_0/lib/xemacps.o ps7_cortexa9_0/lib/xemacps_bdring.o ps7_cortexa9_0/lib/xemacps_control.o ps7_cortexa9_0/lib/xemacps_g.o ps7_co
TRACE::2026-05-03.18:14:46::SCWMssOS::rtexa9_0/lib/xemacps_hw.o ps7_cortexa9_0/lib/xemacps_intr.o ps7_cortexa9_0/lib/xemacps_sinit.o ps7_cortexa9_0/lib/xgpio.o ps7_c
TRACE::2026-05-03.18:14:46::SCWMssOS::ortexa9_0/lib/xgpio_extra.o ps7_cortexa9_0/lib/xgpio_g.o ps7_cortexa9_0/lib/xgpio_intr.o ps7_cortexa9_0/lib/xgpio_selftest.o ps
TRACE::2026-05-03.18:14:46::SCWMssOS::7_cortexa9_0/lib/xgpio_sinit.o ps7_cortexa9_0/lib/xgpiops.o ps7_cortexa9_0/lib/xgpiops_g.o ps7_cortexa9_0/lib/xgpiops_hw.o ps7_
TRACE::2026-05-03.18:14:46::SCWMssOS::cortexa9_0/lib/xgpiops_intr.o ps7_cortexa9_0/lib/xgpiops_selftest.o ps7_cortexa9_0/lib/xgpiops_sinit.o ps7_cortexa9_0/lib/xil-c
TRACE::2026-05-03.18:14:46::SCWMssOS::rt0.o ps7_cortexa9_0/lib/xil_assert.o ps7_cortexa9_0/lib/xil_cache.o ps7_cortexa9_0/lib/xil_clocking.o ps7_cortexa9_0/lib/xil_e
TRACE::2026-05-03.18:14:46::SCWMssOS::xception.o ps7_cortexa9_0/lib/xil_mem.o ps7_cortexa9_0/lib/xil_misc_psreset_api.o ps7_cortexa9_0/lib/xil_mmu.o ps7_cortexa9_0/l
TRACE::2026-05-03.18:14:46::SCWMssOS::ib/xil_printf.o ps7_cortexa9_0/lib/xil_sleepcommon.o ps7_cortexa9_0/lib/xil_sleeptimer.o ps7_cortexa9_0/lib/xil_spinlock.o ps7_
TRACE::2026-05-03.18:14:46::SCWMssOS::cortexa9_0/lib/xil_testcache.o ps7_cortexa9_0/lib/xil_testio.o ps7_cortexa9_0/lib/xil_testmem.o ps7_cortexa9_0/lib/xil_util.o p
TRACE::2026-05-03.18:14:46::SCWMssOS::s7_cortexa9_0/lib/xinterrupt_wrap.o ps7_cortexa9_0/lib/xl2cc_counter.o ps7_cortexa9_0/lib/xplatform_info.o ps7_cortexa9_0/lib/x
TRACE::2026-05-03.18:14:46::SCWMssOS::pm_counter.o ps7_cortexa9_0/lib/xqspips.o ps7_cortexa9_0/lib/xqspips_g.o ps7_cortexa9_0/lib/xqspips_hw.o ps7_cortexa9_0/lib/xqs
TRACE::2026-05-03.18:14:46::SCWMssOS::pips_options.o ps7_cortexa9_0/lib/xqspips_selftest.o ps7_cortexa9_0/lib/xqspips_sinit.o ps7_cortexa9_0/lib/xscugic.o ps7_cortex
TRACE::2026-05-03.18:14:46::SCWMssOS::a9_0/lib/xscugic_g.o ps7_cortexa9_0/lib/xscugic_hw.o ps7_cortexa9_0/lib/xscugic_intr.o ps7_cortexa9_0/lib/xscugic_selftest.o ps
TRACE::2026-05-03.18:14:46::SCWMssOS::7_cortexa9_0/lib/xscugic_sinit.o ps7_cortexa9_0/lib/xscutimer.o ps7_cortexa9_0/lib/xscutimer_g.o ps7_cortexa9_0/lib/xscutimer_s
TRACE::2026-05-03.18:14:46::SCWMssOS::elftest.o ps7_cortexa9_0/lib/xscutimer_sinit.o ps7_cortexa9_0/lib/xscuwdt.o ps7_cortexa9_0/lib/xscuwdt_g.o ps7_cortexa9_0/lib/x
TRACE::2026-05-03.18:14:46::SCWMssOS::scuwdt_selftest.o ps7_cortexa9_0/lib/xscuwdt_sinit.o ps7_cortexa9_0/lib/xsdps.o ps7_cortexa9_0/lib/xsdps_card.o ps7_cortexa9_0/
TRACE::2026-05-03.18:14:46::SCWMssOS::lib/xsdps_g.o ps7_cortexa9_0/lib/xsdps_host.o ps7_cortexa9_0/lib/xsdps_options.o ps7_cortexa9_0/lib/xsdps_sinit.o ps7_cortexa9_
TRACE::2026-05-03.18:14:46::SCWMssOS::0/lib/xtime_l.o ps7_cortexa9_0/lib/xuartps.o ps7_cortexa9_0/lib/xuartps_g.o ps7_cortexa9_0/lib/xuartps_hw.o ps7_cortexa9_0/lib/
TRACE::2026-05-03.18:14:46::SCWMssOS::xuartps_intr.o ps7_cortexa9_0/lib/xuartps_options.o ps7_cortexa9_0/lib/xuartps_selftest.o ps7_cortexa9_0/lib/xuartps_sinit.o ps
TRACE::2026-05-03.18:14:46::SCWMssOS::7_cortexa9_0/lib/xusbps.o ps7_cortexa9_0/lib/xusbps_endpoint.o ps7_cortexa9_0/lib/xusbps_g.o ps7_cortexa9_0/lib/xusbps_hw.o ps7
TRACE::2026-05-03.18:14:46::SCWMssOS::_cortexa9_0/lib/xusbps_intr.o ps7_cortexa9_0/lib/xusbps_sinit.o

TRACE::2026-05-03.18:14:46::SCWMssOS::'Finished building libraries'

TRACE::2026-05-03.18:14:46::SCWMssOS::Copying to export directory.
TRACE::2026-05-03.18:14:46::SCWMssOS:: Checking if to create the Supporting Applications
TRACE::2026-05-03.18:14:46::SCWMssOS:: No Linux domain exists, trying to generate FSBL 
LOG::2026-05-03.18:14:46::SCWSystem::Completed Processing the domain standalone_domain
LOG::2026-05-03.18:14:46::SCWSystem::Completed Processing the sysconfig zybo_z7_10_plat
LOG::2026-05-03.18:14:46::SCWPlatform::Completed generating the artifacts for system configuration zybo_z7_10_plat
TRACE::2026-05-03.18:14:46::SCWPlatform::Started preparing the platform 
TRACE::2026-05-03.18:14:46::SCWSystem::Writing the bif file for system config zybo_z7_10_plat
TRACE::2026-05-03.18:14:46::SCWSystem::dir created 
TRACE::2026-05-03.18:14:46::SCWSystem::Writing the bif 
TRACE::2026-05-03.18:14:46::SCWPlatform::Started writing the spfm file 
TRACE::2026-05-03.18:14:46::SCWPlatform::Started writing the xpfm file 
TRACE::2026-05-03.18:14:46::SCWPlatform::Completed generating the platform
TRACE::2026-05-03.18:14:46::SCWMssOS::Saving the mss changes C:/Users/khuon/ECE520/final_project/vitis_application/zybo_z7_10_plat/zynq_fsbl/zynq_fsbl_bsp/system.mss
TRACE::2026-05-03.18:14:46::SCWMssOS::Found a swdesign opened with the mssfile.
TRACE::2026-05-03.18:14:46::SCWMssOS::Completed writemss as part of save.
TRACE::2026-05-03.18:14:46::SCWMssOS::Commit changes completed.
TRACE::2026-05-03.18:14:46::SCWMssOS::Saving the mss changes C:/Users/khuon/ECE520/final_project/vitis_application/zybo_z7_10_plat/ps7_cortexa9_0/standalone_domain/bsp/system.mss
TRACE::2026-05-03.18:14:46::SCWMssOS::Found a swdesign opened with the mssfile.
TRACE::2026-05-03.18:14:46::SCWMssOS::Completed writemss as part of save.
TRACE::2026-05-03.18:14:46::SCWMssOS::Commit changes completed.
TRACE::2026-05-03.18:14:46::SCWPlatform::Trying to open the hw design at C:/Users/khuon/ECE520/final_project/vitis_application/zybo_z7_10_plat/hw/reactive_scene_top_ps.xsa
TRACE::2026-05-03.18:14:46::SCWPlatform::DSA given C:/Users/khuon/ECE520/final_project/vitis_application/zybo_z7_10_plat/hw/reactive_scene_top_ps.xsa
TRACE::2026-05-03.18:14:46::SCWPlatform::DSA absoulate path C:/Users/khuon/ECE520/final_project/vitis_application/zybo_z7_10_plat/hw/reactive_scene_top_ps.xsa
TRACE::2026-05-03.18:14:46::SCWPlatform::DSA directory C:/Users/khuon/ECE520/final_project/vitis_application/zybo_z7_10_plat/hw
TRACE::2026-05-03.18:14:46::SCWPlatform:: Platform Path C:/Users/khuon/ECE520/final_project/vitis_application/zybo_z7_10_plat/hw/reactive_scene_top_ps.xsa
TRACE::2026-05-03.18:14:46::SCWPlatform:: Unique name xilinx:zybo-z7-10::0.0
TRACE::2026-05-03.18:14:46::SCWPlatform::Trying to set the existing hwdb with name reactive_scene_top_ps_1
TRACE::2026-05-03.18:14:46::SCWPlatform::Opened existing hwdb reactive_scene_top_ps_1
TRACE::2026-05-03.18:14:46::SCWPlatform::Found the Hw Db part of the input DSA
TRACE::2026-05-03.18:14:46::SCWMssOS::Checking the sw design at  C:/Users/khuon/ECE520/final_project/vitis_application/zybo_z7_10_plat/zynq_fsbl/zynq_fsbl_bsp/system.mss
TRACE::2026-05-03.18:14:46::SCWMssOS::DEBUG:  swdes dump  C:/Users/khuon/ECE520/final_project/vitis_application/zybo_z7_10_plat/ps7_cortexa9_0/standalone_domain/bsp/system.mss|system_0||
C:/Users/khuon/ECE520/final_project/vitis_application/zybo_z7_10_plat/zynq_fsbl/zynq_fsbl_bsp/system.mss|system||

TRACE::2026-05-03.18:14:46::SCWMssOS::Sw design exists and opened at  C:/Users/khuon/ECE520/final_project/vitis_application/zybo_z7_10_plat/zynq_fsbl/zynq_fsbl_bsp/system.mss
TRACE::2026-05-03.18:14:46::SCWPlatform::Trying to open the hw design at C:/Users/khuon/ECE520/final_project/vitis_application/zybo_z7_10_plat/hw/reactive_scene_top_ps.xsa
TRACE::2026-05-03.18:14:46::SCWPlatform::DSA given C:/Users/khuon/ECE520/final_project/vitis_application/zybo_z7_10_plat/hw/reactive_scene_top_ps.xsa
TRACE::2026-05-03.18:14:46::SCWPlatform::DSA absoulate path C:/Users/khuon/ECE520/final_project/vitis_application/zybo_z7_10_plat/hw/reactive_scene_top_ps.xsa
TRACE::2026-05-03.18:14:46::SCWPlatform::DSA directory C:/Users/khuon/ECE520/final_project/vitis_application/zybo_z7_10_plat/hw
TRACE::2026-05-03.18:14:46::SCWPlatform:: Platform Path C:/Users/khuon/ECE520/final_project/vitis_application/zybo_z7_10_plat/hw/reactive_scene_top_ps.xsa
TRACE::2026-05-03.18:14:46::SCWPlatform:: Unique name xilinx:zybo-z7-10::0.0
TRACE::2026-05-03.18:14:46::SCWPlatform::Trying to set the existing hwdb with name reactive_scene_top_ps_1
TRACE::2026-05-03.18:14:46::SCWPlatform::Opened existing hwdb reactive_scene_top_ps_1
TRACE::2026-05-03.18:14:46::SCWPlatform::Found the Hw Db part of the input DSA
TRACE::2026-05-03.18:14:46::SCWMssOS::Checking the sw design at  C:/Users/khuon/ECE520/final_project/vitis_application/zybo_z7_10_plat/ps7_cortexa9_0/standalone_domain/bsp/system.mss
TRACE::2026-05-03.18:14:46::SCWMssOS::DEBUG:  swdes dump  C:/Users/khuon/ECE520/final_project/vitis_application/zybo_z7_10_plat/ps7_cortexa9_0/standalone_domain/bsp/system.mss|system_0||
C:/Users/khuon/ECE520/final_project/vitis_application/zybo_z7_10_plat/zynq_fsbl/zynq_fsbl_bsp/system.mss|system||

TRACE::2026-05-03.18:14:46::SCWMssOS::Sw design exists and opened at  C:/Users/khuon/ECE520/final_project/vitis_application/zybo_z7_10_plat/ps7_cortexa9_0/standalone_domain/bsp/system.mss
TRACE::2026-05-03.18:14:46::SCWWriter::formatted JSON is {
	"platformName":	"zybo_z7_10_plat",
	"sprVersion":	"2.0",
	"mode":	"gui",
	"dsaType":	"Fixed",
	"platformDesc":	"zybo_z7_10_plat",
	"platHandOff":	"C:/Users/khuon/ECE520/final_project/phase3_integration/reactive_scene_top_ps.xsa",
	"platIntHandOff":	"<platformDir>/hw/reactive_scene_top_ps.xsa",
	"deviceType":	"zynq",
	"platIsPrebuiltAutogen":	"false",
	"platIsNoBootBsp":	"false",
	"hasFsblMakeHasChanges":	"false",
	"hasPmufwMakeHasChanges":	"false",
	"fsblExtraCompilerFlags":	"-MMD -MP       -mcpu=cortex-a9 -mfpu=vfpv3 -mfloat-abi=hard ",
	"platPreBuiltFlag":	false,
	"platformSamplesDir":	"",
	"platActiveSys":	"zybo_z7_10_plat",
	"systems":	[{
			"systemName":	"zybo_z7_10_plat",
			"systemDesc":	"zybo_z7_10_plat",
			"sysIsBootAutoGen":	"true",
			"systemDispName":	"zybo_z7_10_plat",
			"sysActiveDom":	"standalone_domain",
			"sysDefaultDom":	"standalone_domain",
			"domains":	[{
					"domainName":	"zynq_fsbl",
					"domainDispName":	"zynq_fsbl",
					"domainDesc":	"FSBL Application BSP - Auto Generated.",
					"processors":	"ps7_cortexa9_0",
					"os":	"standalone",
					"sdxOs":	"standalone",
					"debugEnable":	"",
					"domRuntimes":	["cpp"],
					"swRepo":	"",
					"mssOsVer":	"8.1",
					"mssFile":	"",
					"md5Digest":	"5d56e52180d0bc02e0d42be3c7f1597a",
					"compatibleApp":	"zynq_fsbl",
					"domType":	"bootDomain",
					"arch":	"32-bit",
					"appSettings":	{
						"appCompilerFlags":	"",
						"appLinkerFlags":	""
					},
					"addedLibs":	["xilffs:5.0", "xilrsa:1.6"],
					"libOptions":	{
						"libsContainingOptions":	[]
					},
					"prebuiltLibs":	{
						"prebuiltIncPath":	[],
						"prebuiltLibPath":	[]
					},
					"isolation":	{
					}
				}, {
					"domainName":	"standalone_domain",
					"domainDispName":	"standalone on ps7_cortexa9_0",
					"domainDesc":	"standalone_domain",
					"processors":	"ps7_cortexa9_0",
					"os":	"standalone",
					"sdxOs":	"standalone",
					"qemuArgs":	"<platformDir>/resources/zybo_z7_10_plat/standalone_domain/qemu_args.txt",
					"qemuData":	"<platformDir>/resources/zybo_z7_10_plat/standalone_domain/qemu",
					"debugEnable":	"False",
					"domRuntimes":	["cpp"],
					"swRepo":	"",
					"mssOsVer":	"8.1",
					"mssFile":	"",
					"md5Digest":	"15de6ed70cac3d5d78676056db89f50d",
					"compatibleApp":	"",
					"domType":	"mssDomain",
					"appSettings":	{
						"appCompilerFlags":	"",
						"appLinkerFlags":	""
					},
					"addedLibs":	[],
					"libOptions":	{
						"libsContainingOptions":	[]
					},
					"prebuiltLibs":	{
						"prebuiltIncPath":	[],
						"prebuiltLibPath":	[]
					},
					"isolation":	{
					}
				}]
		}]
}
KEYINFO::2026-05-03.18:14:46::SCWPlatform::updated the xpfm file.
TRACE::2026-05-03.18:14:47::SCWPlatform::Trying to open the hw design at C:/Users/khuon/ECE520/final_project/vitis_application/zybo_z7_10_plat/hw/reactive_scene_top_ps.xsa
TRACE::2026-05-03.18:14:47::SCWPlatform::DSA given C:/Users/khuon/ECE520/final_project/vitis_application/zybo_z7_10_plat/hw/reactive_scene_top_ps.xsa
TRACE::2026-05-03.18:14:47::SCWPlatform::DSA absoulate path C:/Users/khuon/ECE520/final_project/vitis_application/zybo_z7_10_plat/hw/reactive_scene_top_ps.xsa
TRACE::2026-05-03.18:14:47::SCWPlatform::DSA directory C:/Users/khuon/ECE520/final_project/vitis_application/zybo_z7_10_plat/hw
TRACE::2026-05-03.18:14:47::SCWPlatform:: Platform Path C:/Users/khuon/ECE520/final_project/vitis_application/zybo_z7_10_plat/hw/reactive_scene_top_ps.xsa
TRACE::2026-05-03.18:14:47::SCWPlatform:: Unique name xilinx:zybo-z7-10::0.0
TRACE::2026-05-03.18:14:47::SCWPlatform::Trying to set the existing hwdb with name reactive_scene_top_ps_1
TRACE::2026-05-03.18:14:47::SCWPlatform::Opened existing hwdb reactive_scene_top_ps_1
TRACE::2026-05-03.18:14:47::SCWPlatform::Found the Hw Db part of the input DSA
TRACE::2026-05-03.18:14:47::SCWMssOS::Checking the sw design at  C:/Users/khuon/ECE520/final_project/vitis_application/zybo_z7_10_plat/ps7_cortexa9_0/standalone_domain/bsp/system.mss
TRACE::2026-05-03.18:14:47::SCWMssOS::DEBUG:  swdes dump  C:/Users/khuon/ECE520/final_project/vitis_application/zybo_z7_10_plat/ps7_cortexa9_0/standalone_domain/bsp/system.mss|system_0||
C:/Users/khuon/ECE520/final_project/vitis_application/zybo_z7_10_plat/zynq_fsbl/zynq_fsbl_bsp/system.mss|system||

TRACE::2026-05-03.18:14:47::SCWMssOS::Sw design exists and opened at  C:/Users/khuon/ECE520/final_project/vitis_application/zybo_z7_10_plat/ps7_cortexa9_0/standalone_domain/bsp/system.mss
TRACE::2026-05-03.18:15:56::SCWPlatform::Trying to open the hw design at C:/Users/khuon/ECE520/final_project/vitis_application/zybo_z7_10_plat/hw/reactive_scene_top_ps.xsa
TRACE::2026-05-03.18:15:56::SCWPlatform::DSA given C:/Users/khuon/ECE520/final_project/vitis_application/zybo_z7_10_plat/hw/reactive_scene_top_ps.xsa
TRACE::2026-05-03.18:15:56::SCWPlatform::DSA absoulate path C:/Users/khuon/ECE520/final_project/vitis_application/zybo_z7_10_plat/hw/reactive_scene_top_ps.xsa
TRACE::2026-05-03.18:15:56::SCWPlatform::DSA directory C:/Users/khuon/ECE520/final_project/vitis_application/zybo_z7_10_plat/hw
TRACE::2026-05-03.18:15:56::SCWPlatform:: Platform Path C:/Users/khuon/ECE520/final_project/vitis_application/zybo_z7_10_plat/hw/reactive_scene_top_ps.xsa
TRACE::2026-05-03.18:15:56::SCWPlatform:: Unique name xilinx:zybo-z7-10::0.0
TRACE::2026-05-03.18:15:56::SCWPlatform::Trying to set the existing hwdb with name reactive_scene_top_ps_1
TRACE::2026-05-03.18:15:56::SCWPlatform::Opened existing hwdb reactive_scene_top_ps_1
TRACE::2026-05-03.18:15:56::SCWPlatform::Found the Hw Db part of the input DSA
TRACE::2026-05-03.18:15:56::SCWMssOS::Checking the sw design at  C:/Users/khuon/ECE520/final_project/vitis_application/zybo_z7_10_plat/ps7_cortexa9_0/standalone_domain/bsp/system.mss
TRACE::2026-05-03.18:15:56::SCWMssOS::DEBUG:  swdes dump  C:/Users/khuon/ECE520/final_project/vitis_application/zybo_z7_10_plat/ps7_cortexa9_0/standalone_domain/bsp/system.mss|system_0||
C:/Users/khuon/ECE520/final_project/vitis_application/zybo_z7_10_plat/zynq_fsbl/zynq_fsbl_bsp/system.mss|system||

TRACE::2026-05-03.18:15:56::SCWMssOS::Sw design exists and opened at  C:/Users/khuon/ECE520/final_project/vitis_application/zybo_z7_10_plat/ps7_cortexa9_0/standalone_domain/bsp/system.mss
TRACE::2026-05-03.18:15:56::SCWMssOS::In reload Mss file.
TRACE::2026-05-03.18:15:56::SCWPlatform::Trying to open the hw design at C:/Users/khuon/ECE520/final_project/vitis_application/zybo_z7_10_plat/hw/reactive_scene_top_ps.xsa
TRACE::2026-05-03.18:15:56::SCWPlatform::DSA given C:/Users/khuon/ECE520/final_project/vitis_application/zybo_z7_10_plat/hw/reactive_scene_top_ps.xsa
TRACE::2026-05-03.18:15:56::SCWPlatform::DSA absoulate path C:/Users/khuon/ECE520/final_project/vitis_application/zybo_z7_10_plat/hw/reactive_scene_top_ps.xsa
TRACE::2026-05-03.18:15:56::SCWPlatform::DSA directory C:/Users/khuon/ECE520/final_project/vitis_application/zybo_z7_10_plat/hw
TRACE::2026-05-03.18:15:56::SCWPlatform:: Platform Path C:/Users/khuon/ECE520/final_project/vitis_application/zybo_z7_10_plat/hw/reactive_scene_top_ps.xsa
TRACE::2026-05-03.18:15:56::SCWPlatform:: Unique name xilinx:zybo-z7-10::0.0
TRACE::2026-05-03.18:15:56::SCWPlatform::Trying to set the existing hwdb with name reactive_scene_top_ps_1
TRACE::2026-05-03.18:15:56::SCWPlatform::Opened existing hwdb reactive_scene_top_ps_1
TRACE::2026-05-03.18:15:56::SCWPlatform::Found the Hw Db part of the input DSA
TRACE::2026-05-03.18:15:56::SCWMssOS::Checking the sw design at  C:/Users/khuon/ECE520/final_project/vitis_application/zybo_z7_10_plat/ps7_cortexa9_0/standalone_domain/bsp/system.mss
TRACE::2026-05-03.18:15:56::SCWMssOS::DEBUG:  swdes dump  C:/Users/khuon/ECE520/final_project/vitis_application/zybo_z7_10_plat/zynq_fsbl/zynq_fsbl_bsp/system.mss|system||

TRACE::2026-05-03.18:15:56::SCWMssOS::No sw design opened at  C:/Users/khuon/ECE520/final_project/vitis_application/zybo_z7_10_plat/ps7_cortexa9_0/standalone_domain/bsp/system.mss
TRACE::2026-05-03.18:15:56::SCWMssOS::mss exists loading the mss file  C:/Users/khuon/ECE520/final_project/vitis_application/zybo_z7_10_plat/ps7_cortexa9_0/standalone_domain/bsp/system.mss
TRACE::2026-05-03.18:15:56::SCWMssOS::Opened the sw design from mss  C:/Users/khuon/ECE520/final_project/vitis_application/zybo_z7_10_plat/ps7_cortexa9_0/standalone_domain/bsp/system.mss
TRACE::2026-05-03.18:15:56::SCWMssOS::Adding the swdes entry C:/Users/khuon/ECE520/final_project/vitis_application/zybo_z7_10_plat/ps7_cortexa9_0/standalone_domain/bsp/system.mss with des name system_0
TRACE::2026-05-03.18:15:56::SCWMssOS::updating the scw layer about changes
TRACE::2026-05-03.18:15:56::SCWMssOS::Opened the sw design.  C:/Users/khuon/ECE520/final_project/vitis_application/zybo_z7_10_plat/ps7_cortexa9_0/standalone_domain/bsp/system.mss
TRACE::2026-05-03.18:15:56::SCWMssOS::Saving the mss changes C:/Users/khuon/ECE520/final_project/vitis_application/zybo_z7_10_plat/ps7_cortexa9_0/standalone_domain/bsp/system.mss
TRACE::2026-05-03.18:15:56::SCWMssOS::Found a swdesign opened with the mssfile.
TRACE::2026-05-03.18:15:56::SCWMssOS::Completed writemss as part of save.
TRACE::2026-05-03.18:15:56::SCWMssOS::Commit changes completed.
TRACE::2026-05-03.18:15:56::SCWPlatform::Trying to open the hw design at C:/Users/khuon/ECE520/final_project/vitis_application/zybo_z7_10_plat/hw/reactive_scene_top_ps.xsa
TRACE::2026-05-03.18:15:56::SCWPlatform::DSA given C:/Users/khuon/ECE520/final_project/vitis_application/zybo_z7_10_plat/hw/reactive_scene_top_ps.xsa
TRACE::2026-05-03.18:15:56::SCWPlatform::DSA absoulate path C:/Users/khuon/ECE520/final_project/vitis_application/zybo_z7_10_plat/hw/reactive_scene_top_ps.xsa
TRACE::2026-05-03.18:15:56::SCWPlatform::DSA directory C:/Users/khuon/ECE520/final_project/vitis_application/zybo_z7_10_plat/hw
TRACE::2026-05-03.18:15:56::SCWPlatform:: Platform Path C:/Users/khuon/ECE520/final_project/vitis_application/zybo_z7_10_plat/hw/reactive_scene_top_ps.xsa
TRACE::2026-05-03.18:15:56::SCWPlatform:: Unique name xilinx:zybo-z7-10::0.0
TRACE::2026-05-03.18:15:56::SCWPlatform::Trying to set the existing hwdb with name reactive_scene_top_ps_1
TRACE::2026-05-03.18:15:56::SCWPlatform::Opened existing hwdb reactive_scene_top_ps_1
TRACE::2026-05-03.18:15:56::SCWPlatform::Found the Hw Db part of the input DSA
TRACE::2026-05-03.18:15:56::SCWMssOS::Checking the sw design at  C:/Users/khuon/ECE520/final_project/vitis_application/zybo_z7_10_plat/ps7_cortexa9_0/standalone_domain/bsp/system.mss
TRACE::2026-05-03.18:15:56::SCWMssOS::DEBUG:  swdes dump  C:/Users/khuon/ECE520/final_project/vitis_application/zybo_z7_10_plat/ps7_cortexa9_0/standalone_domain/bsp/system.mss|system_0||
C:/Users/khuon/ECE520/final_project/vitis_application/zybo_z7_10_plat/zynq_fsbl/zynq_fsbl_bsp/system.mss|system||

TRACE::2026-05-03.18:15:56::SCWMssOS::Sw design exists and opened at  C:/Users/khuon/ECE520/final_project/vitis_application/zybo_z7_10_plat/ps7_cortexa9_0/standalone_domain/bsp/system.mss
TRACE::2026-05-03.18:15:56::SCWMssOS::Removing the swdes entry for  C:/Users/khuon/ECE520/final_project/vitis_application/zybo_z7_10_plat/ps7_cortexa9_0/standalone_domain/bsp/system.mss
TRACE::2026-05-03.18:15:59::SCWPlatform::Trying to open the hw design at C:/Users/khuon/ECE520/final_project/vitis_application/zybo_z7_10_plat/hw/reactive_scene_top_ps.xsa
TRACE::2026-05-03.18:15:59::SCWPlatform::DSA given C:/Users/khuon/ECE520/final_project/vitis_application/zybo_z7_10_plat/hw/reactive_scene_top_ps.xsa
TRACE::2026-05-03.18:15:59::SCWPlatform::DSA absoulate path C:/Users/khuon/ECE520/final_project/vitis_application/zybo_z7_10_plat/hw/reactive_scene_top_ps.xsa
TRACE::2026-05-03.18:15:59::SCWPlatform::DSA directory C:/Users/khuon/ECE520/final_project/vitis_application/zybo_z7_10_plat/hw
TRACE::2026-05-03.18:15:59::SCWPlatform:: Platform Path C:/Users/khuon/ECE520/final_project/vitis_application/zybo_z7_10_plat/hw/reactive_scene_top_ps.xsa
TRACE::2026-05-03.18:15:59::SCWPlatform:: Unique name xilinx:zybo-z7-10::0.0
TRACE::2026-05-03.18:15:59::SCWPlatform::Trying to set the existing hwdb with name reactive_scene_top_ps_1
TRACE::2026-05-03.18:15:59::SCWPlatform::Opened existing hwdb reactive_scene_top_ps_1
TRACE::2026-05-03.18:15:59::SCWPlatform::Found the Hw Db part of the input DSA
TRACE::2026-05-03.18:15:59::SCWMssOS::Checking the sw design at  C:/Users/khuon/ECE520/final_project/vitis_application/zybo_z7_10_plat/zynq_fsbl/zynq_fsbl_bsp/system.mss
TRACE::2026-05-03.18:15:59::SCWMssOS::DEBUG:  swdes dump  C:/Users/khuon/ECE520/final_project/vitis_application/zybo_z7_10_plat/zynq_fsbl/zynq_fsbl_bsp/system.mss|system||

TRACE::2026-05-03.18:15:59::SCWMssOS::Sw design exists and opened at  C:/Users/khuon/ECE520/final_project/vitis_application/zybo_z7_10_plat/zynq_fsbl/zynq_fsbl_bsp/system.mss
TRACE::2026-05-03.18:15:59::SCWMssOS::In reload Mss file.
TRACE::2026-05-03.18:15:59::SCWPlatform::Trying to open the hw design at C:/Users/khuon/ECE520/final_project/vitis_application/zybo_z7_10_plat/hw/reactive_scene_top_ps.xsa
TRACE::2026-05-03.18:15:59::SCWPlatform::DSA given C:/Users/khuon/ECE520/final_project/vitis_application/zybo_z7_10_plat/hw/reactive_scene_top_ps.xsa
TRACE::2026-05-03.18:15:59::SCWPlatform::DSA absoulate path C:/Users/khuon/ECE520/final_project/vitis_application/zybo_z7_10_plat/hw/reactive_scene_top_ps.xsa
TRACE::2026-05-03.18:15:59::SCWPlatform::DSA directory C:/Users/khuon/ECE520/final_project/vitis_application/zybo_z7_10_plat/hw
TRACE::2026-05-03.18:15:59::SCWPlatform:: Platform Path C:/Users/khuon/ECE520/final_project/vitis_application/zybo_z7_10_plat/hw/reactive_scene_top_ps.xsa
TRACE::2026-05-03.18:15:59::SCWPlatform:: Unique name xilinx:zybo-z7-10::0.0
TRACE::2026-05-03.18:15:59::SCWPlatform::Trying to set the existing hwdb with name reactive_scene_top_ps_1
TRACE::2026-05-03.18:15:59::SCWPlatform::Opened existing hwdb reactive_scene_top_ps_1
TRACE::2026-05-03.18:15:59::SCWPlatform::Found the Hw Db part of the input DSA
TRACE::2026-05-03.18:15:59::SCWMssOS::Checking the sw design at  C:/Users/khuon/ECE520/final_project/vitis_application/zybo_z7_10_plat/zynq_fsbl/zynq_fsbl_bsp/system.mss
TRACE::2026-05-03.18:15:59::SCWMssOS::DEBUG:  swdes dump  
TRACE::2026-05-03.18:15:59::SCWMssOS::No sw design opened at  C:/Users/khuon/ECE520/final_project/vitis_application/zybo_z7_10_plat/zynq_fsbl/zynq_fsbl_bsp/system.mss
TRACE::2026-05-03.18:15:59::SCWMssOS::mss exists loading the mss file  C:/Users/khuon/ECE520/final_project/vitis_application/zybo_z7_10_plat/zynq_fsbl/zynq_fsbl_bsp/system.mss
TRACE::2026-05-03.18:15:59::SCWMssOS::Opened the sw design from mss  C:/Users/khuon/ECE520/final_project/vitis_application/zybo_z7_10_plat/zynq_fsbl/zynq_fsbl_bsp/system.mss
TRACE::2026-05-03.18:15:59::SCWMssOS::Adding the swdes entry C:/Users/khuon/ECE520/final_project/vitis_application/zybo_z7_10_plat/zynq_fsbl/zynq_fsbl_bsp/system.mss with des name system
TRACE::2026-05-03.18:15:59::SCWMssOS::updating the scw layer about changes
TRACE::2026-05-03.18:15:59::SCWMssOS::Opened the sw design.  C:/Users/khuon/ECE520/final_project/vitis_application/zybo_z7_10_plat/zynq_fsbl/zynq_fsbl_bsp/system.mss
TRACE::2026-05-03.18:15:59::SCWPlatform::Trying to open the hw design at C:/Users/khuon/ECE520/final_project/vitis_application/zybo_z7_10_plat/hw/reactive_scene_top_ps.xsa
TRACE::2026-05-03.18:15:59::SCWPlatform::DSA given C:/Users/khuon/ECE520/final_project/vitis_application/zybo_z7_10_plat/hw/reactive_scene_top_ps.xsa
TRACE::2026-05-03.18:15:59::SCWPlatform::DSA absoulate path C:/Users/khuon/ECE520/final_project/vitis_application/zybo_z7_10_plat/hw/reactive_scene_top_ps.xsa
TRACE::2026-05-03.18:15:59::SCWPlatform::DSA directory C:/Users/khuon/ECE520/final_project/vitis_application/zybo_z7_10_plat/hw
TRACE::2026-05-03.18:15:59::SCWPlatform:: Platform Path C:/Users/khuon/ECE520/final_project/vitis_application/zybo_z7_10_plat/hw/reactive_scene_top_ps.xsa
TRACE::2026-05-03.18:15:59::SCWPlatform:: Unique name xilinx:zybo-z7-10::0.0
TRACE::2026-05-03.18:15:59::SCWPlatform::Trying to set the existing hwdb with name reactive_scene_top_ps_1
TRACE::2026-05-03.18:15:59::SCWPlatform::Opened existing hwdb reactive_scene_top_ps_1
TRACE::2026-05-03.18:15:59::SCWPlatform::Found the Hw Db part of the input DSA
TRACE::2026-05-03.18:15:59::SCWMssOS::Checking the sw design at  C:/Users/khuon/ECE520/final_project/vitis_application/zybo_z7_10_plat/zynq_fsbl/zynq_fsbl_bsp/system.mss
TRACE::2026-05-03.18:15:59::SCWMssOS::DEBUG:  swdes dump  C:/Users/khuon/ECE520/final_project/vitis_application/zybo_z7_10_plat/zynq_fsbl/zynq_fsbl_bsp/system.mss|system||

TRACE::2026-05-03.18:15:59::SCWMssOS::Sw design exists and opened at  C:/Users/khuon/ECE520/final_project/vitis_application/zybo_z7_10_plat/zynq_fsbl/zynq_fsbl_bsp/system.mss
TRACE::2026-05-03.18:15:59::SCWMssOS:: library already available in sw design:  xilffs:5.0
TRACE::2026-05-03.18:15:59::SCWPlatform::Trying to open the hw design at C:/Users/khuon/ECE520/final_project/vitis_application/zybo_z7_10_plat/hw/reactive_scene_top_ps.xsa
TRACE::2026-05-03.18:15:59::SCWPlatform::DSA given C:/Users/khuon/ECE520/final_project/vitis_application/zybo_z7_10_plat/hw/reactive_scene_top_ps.xsa
TRACE::2026-05-03.18:15:59::SCWPlatform::DSA absoulate path C:/Users/khuon/ECE520/final_project/vitis_application/zybo_z7_10_plat/hw/reactive_scene_top_ps.xsa
TRACE::2026-05-03.18:15:59::SCWPlatform::DSA directory C:/Users/khuon/ECE520/final_project/vitis_application/zybo_z7_10_plat/hw
TRACE::2026-05-03.18:15:59::SCWPlatform:: Platform Path C:/Users/khuon/ECE520/final_project/vitis_application/zybo_z7_10_plat/hw/reactive_scene_top_ps.xsa
TRACE::2026-05-03.18:15:59::SCWPlatform:: Unique name xilinx:zybo-z7-10::0.0
TRACE::2026-05-03.18:15:59::SCWPlatform::Trying to set the existing hwdb with name reactive_scene_top_ps_1
TRACE::2026-05-03.18:15:59::SCWPlatform::Opened existing hwdb reactive_scene_top_ps_1
TRACE::2026-05-03.18:15:59::SCWPlatform::Found the Hw Db part of the input DSA
TRACE::2026-05-03.18:15:59::SCWMssOS::Checking the sw design at  C:/Users/khuon/ECE520/final_project/vitis_application/zybo_z7_10_plat/zynq_fsbl/zynq_fsbl_bsp/system.mss
TRACE::2026-05-03.18:15:59::SCWMssOS::DEBUG:  swdes dump  C:/Users/khuon/ECE520/final_project/vitis_application/zybo_z7_10_plat/zynq_fsbl/zynq_fsbl_bsp/system.mss|system||

TRACE::2026-05-03.18:15:59::SCWMssOS::Sw design exists and opened at  C:/Users/khuon/ECE520/final_project/vitis_application/zybo_z7_10_plat/zynq_fsbl/zynq_fsbl_bsp/system.mss
TRACE::2026-05-03.18:15:59::SCWMssOS:: library already available in sw design:  xilrsa:1.6
TRACE::2026-05-03.18:15:59::SCWMssOS::Saving the mss changes C:/Users/khuon/ECE520/final_project/vitis_application/zybo_z7_10_plat/zynq_fsbl/zynq_fsbl_bsp/system.mss
TRACE::2026-05-03.18:15:59::SCWMssOS::Found a swdesign opened with the mssfile.
TRACE::2026-05-03.18:15:59::SCWMssOS::Completed writemss as part of save.
TRACE::2026-05-03.18:15:59::SCWMssOS::Commit changes completed.
TRACE::2026-05-03.18:15:59::SCWPlatform::Trying to open the hw design at C:/Users/khuon/ECE520/final_project/vitis_application/zybo_z7_10_plat/hw/reactive_scene_top_ps.xsa
TRACE::2026-05-03.18:15:59::SCWPlatform::DSA given C:/Users/khuon/ECE520/final_project/vitis_application/zybo_z7_10_plat/hw/reactive_scene_top_ps.xsa
TRACE::2026-05-03.18:15:59::SCWPlatform::DSA absoulate path C:/Users/khuon/ECE520/final_project/vitis_application/zybo_z7_10_plat/hw/reactive_scene_top_ps.xsa
TRACE::2026-05-03.18:15:59::SCWPlatform::DSA directory C:/Users/khuon/ECE520/final_project/vitis_application/zybo_z7_10_plat/hw
TRACE::2026-05-03.18:15:59::SCWPlatform:: Platform Path C:/Users/khuon/ECE520/final_project/vitis_application/zybo_z7_10_plat/hw/reactive_scene_top_ps.xsa
TRACE::2026-05-03.18:15:59::SCWPlatform:: Unique name xilinx:zybo-z7-10::0.0
TRACE::2026-05-03.18:15:59::SCWPlatform::Trying to set the existing hwdb with name reactive_scene_top_ps_1
TRACE::2026-05-03.18:15:59::SCWPlatform::Opened existing hwdb reactive_scene_top_ps_1
TRACE::2026-05-03.18:15:59::SCWPlatform::Found the Hw Db part of the input DSA
TRACE::2026-05-03.18:15:59::SCWMssOS::Checking the sw design at  C:/Users/khuon/ECE520/final_project/vitis_application/zybo_z7_10_plat/zynq_fsbl/zynq_fsbl_bsp/system.mss
TRACE::2026-05-03.18:15:59::SCWMssOS::DEBUG:  swdes dump  C:/Users/khuon/ECE520/final_project/vitis_application/zybo_z7_10_plat/zynq_fsbl/zynq_fsbl_bsp/system.mss|system||

TRACE::2026-05-03.18:15:59::SCWMssOS::Sw design exists and opened at  C:/Users/khuon/ECE520/final_project/vitis_application/zybo_z7_10_plat/zynq_fsbl/zynq_fsbl_bsp/system.mss
TRACE::2026-05-03.18:15:59::SCWMssOS::Removing the swdes entry for  C:/Users/khuon/ECE520/final_project/vitis_application/zybo_z7_10_plat/zynq_fsbl/zynq_fsbl_bsp/system.mss
TRACE::2026-05-03.18:16:00::SCWPlatform::Trying to open the hw design at C:/Users/khuon/ECE520/final_project/vitis_application/zybo_z7_10_plat/hw/reactive_scene_top_ps.xsa
TRACE::2026-05-03.18:16:00::SCWPlatform::DSA given C:/Users/khuon/ECE520/final_project/vitis_application/zybo_z7_10_plat/hw/reactive_scene_top_ps.xsa
TRACE::2026-05-03.18:16:00::SCWPlatform::DSA absoulate path C:/Users/khuon/ECE520/final_project/vitis_application/zybo_z7_10_plat/hw/reactive_scene_top_ps.xsa
TRACE::2026-05-03.18:16:00::SCWPlatform::DSA directory C:/Users/khuon/ECE520/final_project/vitis_application/zybo_z7_10_plat/hw
TRACE::2026-05-03.18:16:00::SCWPlatform:: Platform Path C:/Users/khuon/ECE520/final_project/vitis_application/zybo_z7_10_plat/hw/reactive_scene_top_ps.xsa
TRACE::2026-05-03.18:16:00::SCWPlatform:: Unique name xilinx:zybo-z7-10::0.0
TRACE::2026-05-03.18:16:00::SCWPlatform::Trying to set the existing hwdb with name reactive_scene_top_ps_1
TRACE::2026-05-03.18:16:00::SCWPlatform::Opened existing hwdb reactive_scene_top_ps_1
TRACE::2026-05-03.18:16:00::SCWPlatform::Found the Hw Db part of the input DSA
TRACE::2026-05-03.18:16:00::SCWMssOS::Checking the sw design at  C:/Users/khuon/ECE520/final_project/vitis_application/zybo_z7_10_plat/zynq_fsbl/zynq_fsbl_bsp/system.mss
TRACE::2026-05-03.18:16:00::SCWMssOS::DEBUG:  swdes dump  
TRACE::2026-05-03.18:16:00::SCWMssOS::No sw design opened at  C:/Users/khuon/ECE520/final_project/vitis_application/zybo_z7_10_plat/zynq_fsbl/zynq_fsbl_bsp/system.mss
TRACE::2026-05-03.18:16:00::SCWMssOS::mss exists loading the mss file  C:/Users/khuon/ECE520/final_project/vitis_application/zybo_z7_10_plat/zynq_fsbl/zynq_fsbl_bsp/system.mss
TRACE::2026-05-03.18:16:00::SCWMssOS::Opened the sw design from mss  C:/Users/khuon/ECE520/final_project/vitis_application/zybo_z7_10_plat/zynq_fsbl/zynq_fsbl_bsp/system.mss
TRACE::2026-05-03.18:16:00::SCWMssOS::Adding the swdes entry C:/Users/khuon/ECE520/final_project/vitis_application/zybo_z7_10_plat/zynq_fsbl/zynq_fsbl_bsp/system.mss with des name system
TRACE::2026-05-03.18:16:00::SCWMssOS::updating the scw layer about changes
TRACE::2026-05-03.18:16:00::SCWMssOS::Opened the sw design.  C:/Users/khuon/ECE520/final_project/vitis_application/zybo_z7_10_plat/zynq_fsbl/zynq_fsbl_bsp/system.mss
TRACE::2026-05-03.18:16:18::SCWMssOS::In reload Mss file.
TRACE::2026-05-03.18:16:18::SCWPlatform::Trying to open the hw design at C:/Users/khuon/ECE520/final_project/vitis_application/zybo_z7_10_plat/hw/reactive_scene_top_ps.xsa
TRACE::2026-05-03.18:16:18::SCWPlatform::DSA given C:/Users/khuon/ECE520/final_project/vitis_application/zybo_z7_10_plat/hw/reactive_scene_top_ps.xsa
TRACE::2026-05-03.18:16:18::SCWPlatform::DSA absoulate path C:/Users/khuon/ECE520/final_project/vitis_application/zybo_z7_10_plat/hw/reactive_scene_top_ps.xsa
TRACE::2026-05-03.18:16:18::SCWPlatform::DSA directory C:/Users/khuon/ECE520/final_project/vitis_application/zybo_z7_10_plat/hw
TRACE::2026-05-03.18:16:18::SCWPlatform:: Platform Path C:/Users/khuon/ECE520/final_project/vitis_application/zybo_z7_10_plat/hw/reactive_scene_top_ps.xsa
TRACE::2026-05-03.18:16:18::SCWPlatform:: Unique name xilinx:zybo-z7-10::0.0
TRACE::2026-05-03.18:16:18::SCWPlatform::Trying to set the existing hwdb with name reactive_scene_top_ps_1
TRACE::2026-05-03.18:16:18::SCWPlatform::Opened existing hwdb reactive_scene_top_ps_1
TRACE::2026-05-03.18:16:18::SCWPlatform::Found the Hw Db part of the input DSA
TRACE::2026-05-03.18:16:18::SCWMssOS::Checking the sw design at  C:/Users/khuon/ECE520/final_project/vitis_application/zybo_z7_10_plat/zynq_fsbl/zynq_fsbl_bsp/system.mss
TRACE::2026-05-03.18:16:18::SCWMssOS::DEBUG:  swdes dump  
TRACE::2026-05-03.18:16:18::SCWMssOS::No sw design opened at  C:/Users/khuon/ECE520/final_project/vitis_application/zybo_z7_10_plat/zynq_fsbl/zynq_fsbl_bsp/system.mss
TRACE::2026-05-03.18:16:18::SCWMssOS::mss exists loading the mss file  C:/Users/khuon/ECE520/final_project/vitis_application/zybo_z7_10_plat/zynq_fsbl/zynq_fsbl_bsp/system.mss
TRACE::2026-05-03.18:16:18::SCWMssOS::Opened the sw design from mss  C:/Users/khuon/ECE520/final_project/vitis_application/zybo_z7_10_plat/zynq_fsbl/zynq_fsbl_bsp/system.mss
TRACE::2026-05-03.18:16:18::SCWMssOS::Adding the swdes entry C:/Users/khuon/ECE520/final_project/vitis_application/zybo_z7_10_plat/zynq_fsbl/zynq_fsbl_bsp/system.mss with des name system
TRACE::2026-05-03.18:16:18::SCWMssOS::updating the scw layer about changes
TRACE::2026-05-03.18:16:18::SCWMssOS::Opened the sw design.  C:/Users/khuon/ECE520/final_project/vitis_application/zybo_z7_10_plat/zynq_fsbl/zynq_fsbl_bsp/system.mss
TRACE::2026-05-03.18:16:18::SCWPlatform::Trying to open the hw design at C:/Users/khuon/ECE520/final_project/vitis_application/zybo_z7_10_plat/hw/reactive_scene_top_ps.xsa
TRACE::2026-05-03.18:16:18::SCWPlatform::DSA given C:/Users/khuon/ECE520/final_project/vitis_application/zybo_z7_10_plat/hw/reactive_scene_top_ps.xsa
TRACE::2026-05-03.18:16:18::SCWPlatform::DSA absoulate path C:/Users/khuon/ECE520/final_project/vitis_application/zybo_z7_10_plat/hw/reactive_scene_top_ps.xsa
TRACE::2026-05-03.18:16:18::SCWPlatform::DSA directory C:/Users/khuon/ECE520/final_project/vitis_application/zybo_z7_10_plat/hw
TRACE::2026-05-03.18:16:18::SCWPlatform:: Platform Path C:/Users/khuon/ECE520/final_project/vitis_application/zybo_z7_10_plat/hw/reactive_scene_top_ps.xsa
TRACE::2026-05-03.18:16:18::SCWPlatform:: Unique name xilinx:zybo-z7-10::0.0
TRACE::2026-05-03.18:16:18::SCWPlatform::Trying to set the existing hwdb with name reactive_scene_top_ps_1
TRACE::2026-05-03.18:16:18::SCWPlatform::Opened existing hwdb reactive_scene_top_ps_1
TRACE::2026-05-03.18:16:18::SCWPlatform::Found the Hw Db part of the input DSA
TRACE::2026-05-03.18:16:18::SCWMssOS::Checking the sw design at  C:/Users/khuon/ECE520/final_project/vitis_application/zybo_z7_10_plat/zynq_fsbl/zynq_fsbl_bsp/system.mss
TRACE::2026-05-03.18:16:18::SCWMssOS::DEBUG:  swdes dump  C:/Users/khuon/ECE520/final_project/vitis_application/zybo_z7_10_plat/zynq_fsbl/zynq_fsbl_bsp/system.mss|system||

TRACE::2026-05-03.18:16:18::SCWMssOS::Sw design exists and opened at  C:/Users/khuon/ECE520/final_project/vitis_application/zybo_z7_10_plat/zynq_fsbl/zynq_fsbl_bsp/system.mss
TRACE::2026-05-03.18:16:18::SCWMssOS:: library already available in sw design:  xilffs:5.0
TRACE::2026-05-03.18:16:18::SCWPlatform::Trying to open the hw design at C:/Users/khuon/ECE520/final_project/vitis_application/zybo_z7_10_plat/hw/reactive_scene_top_ps.xsa
TRACE::2026-05-03.18:16:18::SCWPlatform::DSA given C:/Users/khuon/ECE520/final_project/vitis_application/zybo_z7_10_plat/hw/reactive_scene_top_ps.xsa
TRACE::2026-05-03.18:16:18::SCWPlatform::DSA absoulate path C:/Users/khuon/ECE520/final_project/vitis_application/zybo_z7_10_plat/hw/reactive_scene_top_ps.xsa
TRACE::2026-05-03.18:16:18::SCWPlatform::DSA directory C:/Users/khuon/ECE520/final_project/vitis_application/zybo_z7_10_plat/hw
TRACE::2026-05-03.18:16:18::SCWPlatform:: Platform Path C:/Users/khuon/ECE520/final_project/vitis_application/zybo_z7_10_plat/hw/reactive_scene_top_ps.xsa
TRACE::2026-05-03.18:16:18::SCWPlatform:: Unique name xilinx:zybo-z7-10::0.0
TRACE::2026-05-03.18:16:18::SCWPlatform::Trying to set the existing hwdb with name reactive_scene_top_ps_1
TRACE::2026-05-03.18:16:18::SCWPlatform::Opened existing hwdb reactive_scene_top_ps_1
TRACE::2026-05-03.18:16:18::SCWPlatform::Found the Hw Db part of the input DSA
TRACE::2026-05-03.18:16:18::SCWMssOS::Checking the sw design at  C:/Users/khuon/ECE520/final_project/vitis_application/zybo_z7_10_plat/zynq_fsbl/zynq_fsbl_bsp/system.mss
TRACE::2026-05-03.18:16:18::SCWMssOS::DEBUG:  swdes dump  C:/Users/khuon/ECE520/final_project/vitis_application/zybo_z7_10_plat/zynq_fsbl/zynq_fsbl_bsp/system.mss|system||

TRACE::2026-05-03.18:16:18::SCWMssOS::Sw design exists and opened at  C:/Users/khuon/ECE520/final_project/vitis_application/zybo_z7_10_plat/zynq_fsbl/zynq_fsbl_bsp/system.mss
TRACE::2026-05-03.18:16:18::SCWMssOS:: library already available in sw design:  xilrsa:1.6
TRACE::2026-05-03.18:16:18::SCWMssOS::Saving the mss changes C:/Users/khuon/ECE520/final_project/vitis_application/zybo_z7_10_plat/zynq_fsbl/zynq_fsbl_bsp/system.mss
TRACE::2026-05-03.18:16:18::SCWMssOS::Found a swdesign opened with the mssfile.
TRACE::2026-05-03.18:16:18::SCWMssOS::Completed writemss as part of save.
TRACE::2026-05-03.18:16:18::SCWMssOS::Commit changes completed.
TRACE::2026-05-03.18:16:18::SCWPlatform::Trying to open the hw design at C:/Users/khuon/ECE520/final_project/vitis_application/zybo_z7_10_plat/hw/reactive_scene_top_ps.xsa
TRACE::2026-05-03.18:16:18::SCWPlatform::DSA given C:/Users/khuon/ECE520/final_project/vitis_application/zybo_z7_10_plat/hw/reactive_scene_top_ps.xsa
TRACE::2026-05-03.18:16:18::SCWPlatform::DSA absoulate path C:/Users/khuon/ECE520/final_project/vitis_application/zybo_z7_10_plat/hw/reactive_scene_top_ps.xsa
TRACE::2026-05-03.18:16:18::SCWPlatform::DSA directory C:/Users/khuon/ECE520/final_project/vitis_application/zybo_z7_10_plat/hw
TRACE::2026-05-03.18:16:18::SCWPlatform:: Platform Path C:/Users/khuon/ECE520/final_project/vitis_application/zybo_z7_10_plat/hw/reactive_scene_top_ps.xsa
TRACE::2026-05-03.18:16:18::SCWPlatform:: Unique name xilinx:zybo-z7-10::0.0
TRACE::2026-05-03.18:16:18::SCWPlatform::Trying to set the existing hwdb with name reactive_scene_top_ps_1
TRACE::2026-05-03.18:16:18::SCWPlatform::Opened existing hwdb reactive_scene_top_ps_1
TRACE::2026-05-03.18:16:18::SCWPlatform::Found the Hw Db part of the input DSA
TRACE::2026-05-03.18:16:18::SCWMssOS::Checking the sw design at  C:/Users/khuon/ECE520/final_project/vitis_application/zybo_z7_10_plat/zynq_fsbl/zynq_fsbl_bsp/system.mss
TRACE::2026-05-03.18:16:18::SCWMssOS::DEBUG:  swdes dump  C:/Users/khuon/ECE520/final_project/vitis_application/zybo_z7_10_plat/zynq_fsbl/zynq_fsbl_bsp/system.mss|system||

TRACE::2026-05-03.18:16:18::SCWMssOS::Sw design exists and opened at  C:/Users/khuon/ECE520/final_project/vitis_application/zybo_z7_10_plat/zynq_fsbl/zynq_fsbl_bsp/system.mss
TRACE::2026-05-03.18:16:18::SCWMssOS::Removing the swdes entry for  C:/Users/khuon/ECE520/final_project/vitis_application/zybo_z7_10_plat/zynq_fsbl/zynq_fsbl_bsp/system.mss
TRACE::2026-05-03.19:34:45::SCWPlatform::Clearing the existing platform
TRACE::2026-05-03.19:34:45::SCWSystem::Clearing the existing sysconfig
TRACE::2026-05-03.19:34:45::SCWBDomain::clearing the fsbl build
TRACE::2026-05-03.19:34:45::SCWSystem::Clearing the domains completed.
TRACE::2026-05-03.19:34:45::SCWPlatform::Clearing the opened hw db.
TRACE::2026-05-03.19:34:45::SCWPlatform::DSA given C:/Users/khuon/ECE520/final_project/vitis_application/zybo_z7_10_plat/hw/reactive_scene_top_ps.xsa
TRACE::2026-05-03.19:34:45::SCWPlatform::DSA absoulate path C:/Users/khuon/ECE520/final_project/vitis_application/zybo_z7_10_plat/hw/reactive_scene_top_ps.xsa
TRACE::2026-05-03.19:34:45::SCWPlatform:: Platform location is C:/Users/khuon/ECE520/final_project/vitis_application/zybo_z7_10_plat/hw
TRACE::2026-05-03.19:34:45::SCWPlatform:: Platform Path C:/Users/khuon/ECE520/final_project/vitis_application/zybo_z7_10_plat/hw/reactive_scene_top_ps.xsa
TRACE::2026-05-03.19:34:45::SCWPlatform:: Unique name xilinx:zybo-z7-10::0.0
TRACE::2026-05-03.19:34:45::SCWPlatform::Removing the HwDB with name C:/Users/khuon/ECE520/final_project/vitis_application/zybo_z7_10_plat/hw/reactive_scene_top_ps.xsa
TRACE::2026-05-03.19:34:45::SCWPlatform::Trying to open the hw design at C:/Users/khuon/ECE520/final_project/vitis_application/zybo_z7_10_plat/hw/reactive_scene_top_ps.xsa
TRACE::2026-05-03.19:34:45::SCWPlatform::DSA given C:/Users/khuon/ECE520/final_project/vitis_application/zybo_z7_10_plat/hw/reactive_scene_top_ps.xsa
TRACE::2026-05-03.19:34:45::SCWPlatform::DSA absoulate path C:/Users/khuon/ECE520/final_project/vitis_application/zybo_z7_10_plat/hw/reactive_scene_top_ps.xsa
TRACE::2026-05-03.19:34:45::SCWPlatform::DSA directory C:/Users/khuon/ECE520/final_project/vitis_application/zybo_z7_10_plat/hw
TRACE::2026-05-03.19:34:45::SCWPlatform:: Platform Path C:/Users/khuon/ECE520/final_project/vitis_application/zybo_z7_10_plat/hw/reactive_scene_top_ps.xsa
TRACE::2026-05-03.19:34:45::SCWPlatform:: Unique name xilinx:zybo-z7-10::0.0
TRACE::2026-05-03.19:34:45::SCWPlatform::Do not have an existing db opened. 
TRACE::2026-05-03.19:34:46::SCWPlatform::Opened new HwDB with name reactive_scene_top_ps_4
TRACE::2026-05-03.19:34:46::SCWReader::Active system found as  zybo_z7_10_plat
TRACE::2026-05-03.19:34:46::SCWReader::Handling sysconfig zybo_z7_10_plat
TRACE::2026-05-03.19:34:46::SCWDomain::checking for install qemu data   : 
TRACE::2026-05-03.19:34:46::SCWDomain:: Using the QEMU Data from install at  : C:/Xilinx/Vitis/2023.1/data/emulation/platforms/zynq/sw/a9_standalone/qemu/
TRACE::2026-05-03.19:34:46::SCWDomain:: Using the QEMU args  from install at  : C:/Xilinx/Vitis/2023.1/data/emulation/platforms/zynq/sw/a9_standalone/qemu/qemu_args.txt
TRACE::2026-05-03.19:34:46::SCWPlatform::Trying to open the hw design at C:/Users/khuon/ECE520/final_project/vitis_application/zybo_z7_10_plat/hw/reactive_scene_top_ps.xsa
TRACE::2026-05-03.19:34:46::SCWPlatform::DSA given C:/Users/khuon/ECE520/final_project/vitis_application/zybo_z7_10_plat/hw/reactive_scene_top_ps.xsa
TRACE::2026-05-03.19:34:46::SCWPlatform::DSA absoulate path C:/Users/khuon/ECE520/final_project/vitis_application/zybo_z7_10_plat/hw/reactive_scene_top_ps.xsa
TRACE::2026-05-03.19:34:46::SCWPlatform::DSA directory C:/Users/khuon/ECE520/final_project/vitis_application/zybo_z7_10_plat/hw
TRACE::2026-05-03.19:34:46::SCWPlatform:: Platform Path C:/Users/khuon/ECE520/final_project/vitis_application/zybo_z7_10_plat/hw/reactive_scene_top_ps.xsa
TRACE::2026-05-03.19:34:46::SCWPlatform:: Unique name xilinx:zybo-z7-10::0.0
TRACE::2026-05-03.19:34:46::SCWPlatform::Trying to set the existing hwdb with name reactive_scene_top_ps_4
TRACE::2026-05-03.19:34:46::SCWPlatform::Opened existing hwdb reactive_scene_top_ps_4
TRACE::2026-05-03.19:34:46::SCWPlatform::Found the Hw Db part of the input DSA
TRACE::2026-05-03.19:34:46::SCWPlatform::Trying to open the hw design at C:/Users/khuon/ECE520/final_project/vitis_application/zybo_z7_10_plat/hw/reactive_scene_top_ps.xsa
TRACE::2026-05-03.19:34:46::SCWPlatform::DSA given C:/Users/khuon/ECE520/final_project/vitis_application/zybo_z7_10_plat/hw/reactive_scene_top_ps.xsa
TRACE::2026-05-03.19:34:46::SCWPlatform::DSA absoulate path C:/Users/khuon/ECE520/final_project/vitis_application/zybo_z7_10_plat/hw/reactive_scene_top_ps.xsa
TRACE::2026-05-03.19:34:46::SCWPlatform::DSA directory C:/Users/khuon/ECE520/final_project/vitis_application/zybo_z7_10_plat/hw
TRACE::2026-05-03.19:34:46::SCWPlatform:: Platform Path C:/Users/khuon/ECE520/final_project/vitis_application/zybo_z7_10_plat/hw/reactive_scene_top_ps.xsa
TRACE::2026-05-03.19:34:46::SCWPlatform:: Unique name xilinx:zybo-z7-10::0.0
TRACE::2026-05-03.19:34:46::SCWPlatform::Trying to set the existing hwdb with name reactive_scene_top_ps_4
TRACE::2026-05-03.19:34:46::SCWPlatform::Opened existing hwdb reactive_scene_top_ps_4
TRACE::2026-05-03.19:34:46::SCWPlatform::Found the Hw Db part of the input DSA
TRACE::2026-05-03.19:34:46::SCWPlatform::Trying to open the hw design at C:/Users/khuon/ECE520/final_project/vitis_application/zybo_z7_10_plat/hw/reactive_scene_top_ps.xsa
TRACE::2026-05-03.19:34:46::SCWPlatform::DSA given C:/Users/khuon/ECE520/final_project/vitis_application/zybo_z7_10_plat/hw/reactive_scene_top_ps.xsa
TRACE::2026-05-03.19:34:46::SCWPlatform::DSA absoulate path C:/Users/khuon/ECE520/final_project/vitis_application/zybo_z7_10_plat/hw/reactive_scene_top_ps.xsa
TRACE::2026-05-03.19:34:46::SCWPlatform::DSA directory C:/Users/khuon/ECE520/final_project/vitis_application/zybo_z7_10_plat/hw
TRACE::2026-05-03.19:34:46::SCWPlatform:: Platform Path C:/Users/khuon/ECE520/final_project/vitis_application/zybo_z7_10_plat/hw/reactive_scene_top_ps.xsa
TRACE::2026-05-03.19:34:46::SCWPlatform:: Unique name xilinx:zybo-z7-10::0.0
TRACE::2026-05-03.19:34:46::SCWPlatform::Trying to set the existing hwdb with name reactive_scene_top_ps_4
TRACE::2026-05-03.19:34:46::SCWPlatform::Opened existing hwdb reactive_scene_top_ps_4
TRACE::2026-05-03.19:34:46::SCWPlatform::Found the Hw Db part of the input DSA
TRACE::2026-05-03.19:34:46::SCWReader::Boot application domain added for zynq_fsbl
TRACE::2026-05-03.19:34:46::SCWPlatform::Trying to open the hw design at C:/Users/khuon/ECE520/final_project/vitis_application/zybo_z7_10_plat/hw/reactive_scene_top_ps.xsa
TRACE::2026-05-03.19:34:46::SCWPlatform::DSA given C:/Users/khuon/ECE520/final_project/vitis_application/zybo_z7_10_plat/hw/reactive_scene_top_ps.xsa
TRACE::2026-05-03.19:34:46::SCWPlatform::DSA absoulate path C:/Users/khuon/ECE520/final_project/vitis_application/zybo_z7_10_plat/hw/reactive_scene_top_ps.xsa
TRACE::2026-05-03.19:34:46::SCWPlatform::DSA directory C:/Users/khuon/ECE520/final_project/vitis_application/zybo_z7_10_plat/hw
TRACE::2026-05-03.19:34:46::SCWPlatform:: Platform Path C:/Users/khuon/ECE520/final_project/vitis_application/zybo_z7_10_plat/hw/reactive_scene_top_ps.xsa
TRACE::2026-05-03.19:34:46::SCWPlatform:: Unique name xilinx:zybo-z7-10::0.0
TRACE::2026-05-03.19:34:46::SCWPlatform::Trying to set the existing hwdb with name reactive_scene_top_ps_4
TRACE::2026-05-03.19:34:46::SCWPlatform::Opened existing hwdb reactive_scene_top_ps_4
TRACE::2026-05-03.19:34:46::SCWPlatform::Found the Hw Db part of the input DSA
TRACE::2026-05-03.19:34:46::SCWMssOS::Checking the sw design at  C:/Users/khuon/ECE520/final_project/vitis_application/zybo_z7_10_plat/zynq_fsbl/zynq_fsbl_bsp/system.mss
TRACE::2026-05-03.19:34:46::SCWMssOS::DEBUG:  swdes dump  
TRACE::2026-05-03.19:34:46::SCWMssOS::No sw design opened at  C:/Users/khuon/ECE520/final_project/vitis_application/zybo_z7_10_plat/zynq_fsbl/zynq_fsbl_bsp/system.mss
TRACE::2026-05-03.19:34:46::SCWMssOS::mss exists loading the mss file  C:/Users/khuon/ECE520/final_project/vitis_application/zybo_z7_10_plat/zynq_fsbl/zynq_fsbl_bsp/system.mss
TRACE::2026-05-03.19:34:46::SCWMssOS::Opened the sw design from mss  C:/Users/khuon/ECE520/final_project/vitis_application/zybo_z7_10_plat/zynq_fsbl/zynq_fsbl_bsp/system.mss
TRACE::2026-05-03.19:34:46::SCWMssOS::Adding the swdes entry C:/Users/khuon/ECE520/final_project/vitis_application/zybo_z7_10_plat/zynq_fsbl/zynq_fsbl_bsp/system.mss with des name system
TRACE::2026-05-03.19:34:46::SCWMssOS::updating the scw layer about changes
TRACE::2026-05-03.19:34:46::SCWMssOS::Opened the sw design.  C:/Users/khuon/ECE520/final_project/vitis_application/zybo_z7_10_plat/zynq_fsbl/zynq_fsbl_bsp/system.mss
TRACE::2026-05-03.19:34:46::SCWPlatform::Trying to open the hw design at C:/Users/khuon/ECE520/final_project/vitis_application/zybo_z7_10_plat/hw/reactive_scene_top_ps.xsa
TRACE::2026-05-03.19:34:46::SCWPlatform::DSA given C:/Users/khuon/ECE520/final_project/vitis_application/zybo_z7_10_plat/hw/reactive_scene_top_ps.xsa
TRACE::2026-05-03.19:34:46::SCWPlatform::DSA absoulate path C:/Users/khuon/ECE520/final_project/vitis_application/zybo_z7_10_plat/hw/reactive_scene_top_ps.xsa
TRACE::2026-05-03.19:34:46::SCWPlatform::DSA directory C:/Users/khuon/ECE520/final_project/vitis_application/zybo_z7_10_plat/hw
TRACE::2026-05-03.19:34:46::SCWPlatform:: Platform Path C:/Users/khuon/ECE520/final_project/vitis_application/zybo_z7_10_plat/hw/reactive_scene_top_ps.xsa
TRACE::2026-05-03.19:34:46::SCWPlatform:: Unique name xilinx:zybo-z7-10::0.0
TRACE::2026-05-03.19:34:46::SCWPlatform::Trying to set the existing hwdb with name reactive_scene_top_ps_4
TRACE::2026-05-03.19:34:46::SCWPlatform::Opened existing hwdb reactive_scene_top_ps_4
TRACE::2026-05-03.19:34:46::SCWPlatform::Found the Hw Db part of the input DSA
TRACE::2026-05-03.19:34:46::SCWMssOS::Checking the sw design at  C:/Users/khuon/ECE520/final_project/vitis_application/zybo_z7_10_plat/zynq_fsbl/zynq_fsbl_bsp/system.mss
TRACE::2026-05-03.19:34:46::SCWMssOS::DEBUG:  swdes dump  C:/Users/khuon/ECE520/final_project/vitis_application/zybo_z7_10_plat/zynq_fsbl/zynq_fsbl_bsp/system.mss|system||

TRACE::2026-05-03.19:34:46::SCWMssOS::Sw design exists and opened at  C:/Users/khuon/ECE520/final_project/vitis_application/zybo_z7_10_plat/zynq_fsbl/zynq_fsbl_bsp/system.mss
TRACE::2026-05-03.19:34:46::SCWMssOS:: library already available in sw design:  xilffs:5.0
TRACE::2026-05-03.19:34:46::SCWPlatform::Trying to open the hw design at C:/Users/khuon/ECE520/final_project/vitis_application/zybo_z7_10_plat/hw/reactive_scene_top_ps.xsa
TRACE::2026-05-03.19:34:46::SCWPlatform::DSA given C:/Users/khuon/ECE520/final_project/vitis_application/zybo_z7_10_plat/hw/reactive_scene_top_ps.xsa
TRACE::2026-05-03.19:34:46::SCWPlatform::DSA absoulate path C:/Users/khuon/ECE520/final_project/vitis_application/zybo_z7_10_plat/hw/reactive_scene_top_ps.xsa
TRACE::2026-05-03.19:34:46::SCWPlatform::DSA directory C:/Users/khuon/ECE520/final_project/vitis_application/zybo_z7_10_plat/hw
TRACE::2026-05-03.19:34:46::SCWPlatform:: Platform Path C:/Users/khuon/ECE520/final_project/vitis_application/zybo_z7_10_plat/hw/reactive_scene_top_ps.xsa
TRACE::2026-05-03.19:34:46::SCWPlatform:: Unique name xilinx:zybo-z7-10::0.0
TRACE::2026-05-03.19:34:46::SCWPlatform::Trying to set the existing hwdb with name reactive_scene_top_ps_4
TRACE::2026-05-03.19:34:46::SCWPlatform::Opened existing hwdb reactive_scene_top_ps_4
TRACE::2026-05-03.19:34:46::SCWPlatform::Found the Hw Db part of the input DSA
TRACE::2026-05-03.19:34:46::SCWMssOS::Checking the sw design at  C:/Users/khuon/ECE520/final_project/vitis_application/zybo_z7_10_plat/zynq_fsbl/zynq_fsbl_bsp/system.mss
TRACE::2026-05-03.19:34:46::SCWMssOS::DEBUG:  swdes dump  C:/Users/khuon/ECE520/final_project/vitis_application/zybo_z7_10_plat/zynq_fsbl/zynq_fsbl_bsp/system.mss|system||

TRACE::2026-05-03.19:34:46::SCWMssOS::Sw design exists and opened at  C:/Users/khuon/ECE520/final_project/vitis_application/zybo_z7_10_plat/zynq_fsbl/zynq_fsbl_bsp/system.mss
TRACE::2026-05-03.19:34:46::SCWMssOS:: library already available in sw design:  xilrsa:1.6
TRACE::2026-05-03.19:34:46::SCWMssOS::Saving the mss changes C:/Users/khuon/ECE520/final_project/vitis_application/zybo_z7_10_plat/zynq_fsbl/zynq_fsbl_bsp/system.mss
TRACE::2026-05-03.19:34:46::SCWMssOS::Found a swdesign opened with the mssfile.
TRACE::2026-05-03.19:34:46::SCWMssOS::Completed writemss as part of save.
TRACE::2026-05-03.19:34:46::SCWMssOS::Commit changes completed.
TRACE::2026-05-03.19:34:46::SCWReader::Adding prebuilt librarypaths as   
TRACE::2026-05-03.19:34:46::SCWReader::Adding prebuilt incpaths  as   
TRACE::2026-05-03.19:34:46::SCWPlatform::Trying to open the hw design at C:/Users/khuon/ECE520/final_project/vitis_application/zybo_z7_10_plat/hw/reactive_scene_top_ps.xsa
TRACE::2026-05-03.19:34:46::SCWPlatform::DSA given C:/Users/khuon/ECE520/final_project/vitis_application/zybo_z7_10_plat/hw/reactive_scene_top_ps.xsa
TRACE::2026-05-03.19:34:46::SCWPlatform::DSA absoulate path C:/Users/khuon/ECE520/final_project/vitis_application/zybo_z7_10_plat/hw/reactive_scene_top_ps.xsa
TRACE::2026-05-03.19:34:46::SCWPlatform::DSA directory C:/Users/khuon/ECE520/final_project/vitis_application/zybo_z7_10_plat/hw
TRACE::2026-05-03.19:34:46::SCWPlatform:: Platform Path C:/Users/khuon/ECE520/final_project/vitis_application/zybo_z7_10_plat/hw/reactive_scene_top_ps.xsa
TRACE::2026-05-03.19:34:46::SCWPlatform:: Unique name xilinx:zybo-z7-10::0.0
TRACE::2026-05-03.19:34:46::SCWPlatform::Trying to set the existing hwdb with name reactive_scene_top_ps_4
TRACE::2026-05-03.19:34:46::SCWPlatform::Opened existing hwdb reactive_scene_top_ps_4
TRACE::2026-05-03.19:34:46::SCWPlatform::Found the Hw Db part of the input DSA
TRACE::2026-05-03.19:34:46::SCWMssOS::Checking the sw design at  C:/Users/khuon/ECE520/final_project/vitis_application/zybo_z7_10_plat/zynq_fsbl/zynq_fsbl_bsp/system.mss
TRACE::2026-05-03.19:34:46::SCWMssOS::DEBUG:  swdes dump  C:/Users/khuon/ECE520/final_project/vitis_application/zybo_z7_10_plat/zynq_fsbl/zynq_fsbl_bsp/system.mss|system||

TRACE::2026-05-03.19:34:46::SCWMssOS::Sw design exists and opened at  C:/Users/khuon/ECE520/final_project/vitis_application/zybo_z7_10_plat/zynq_fsbl/zynq_fsbl_bsp/system.mss
TRACE::2026-05-03.19:34:46::SCWReader::No isolation master present  
TRACE::2026-05-03.19:34:46::SCWDomain::checking for install qemu data   : 
TRACE::2026-05-03.19:34:46::SCWDomain:: Using the QEMU Data from install at  : C:/Xilinx/Vitis/2023.1/data/emulation/platforms/zynq/sw/a9_standalone/qemu/
TRACE::2026-05-03.19:34:46::SCWDomain:: Using the QEMU args  from install at  : C:/Xilinx/Vitis/2023.1/data/emulation/platforms/zynq/sw/a9_standalone/qemu/qemu_args.txt
TRACE::2026-05-03.19:34:46::SCWPlatform::Trying to open the hw design at C:/Users/khuon/ECE520/final_project/vitis_application/zybo_z7_10_plat/hw/reactive_scene_top_ps.xsa
TRACE::2026-05-03.19:34:46::SCWPlatform::DSA given C:/Users/khuon/ECE520/final_project/vitis_application/zybo_z7_10_plat/hw/reactive_scene_top_ps.xsa
TRACE::2026-05-03.19:34:46::SCWPlatform::DSA absoulate path C:/Users/khuon/ECE520/final_project/vitis_application/zybo_z7_10_plat/hw/reactive_scene_top_ps.xsa
TRACE::2026-05-03.19:34:46::SCWPlatform::DSA directory C:/Users/khuon/ECE520/final_project/vitis_application/zybo_z7_10_plat/hw
TRACE::2026-05-03.19:34:46::SCWPlatform:: Platform Path C:/Users/khuon/ECE520/final_project/vitis_application/zybo_z7_10_plat/hw/reactive_scene_top_ps.xsa
TRACE::2026-05-03.19:34:46::SCWPlatform:: Unique name xilinx:zybo-z7-10::0.0
TRACE::2026-05-03.19:34:46::SCWPlatform::Trying to set the existing hwdb with name reactive_scene_top_ps_4
TRACE::2026-05-03.19:34:46::SCWPlatform::Opened existing hwdb reactive_scene_top_ps_4
TRACE::2026-05-03.19:34:46::SCWPlatform::Found the Hw Db part of the input DSA
TRACE::2026-05-03.19:34:46::SCWPlatform::Trying to open the hw design at C:/Users/khuon/ECE520/final_project/vitis_application/zybo_z7_10_plat/hw/reactive_scene_top_ps.xsa
TRACE::2026-05-03.19:34:46::SCWPlatform::DSA given C:/Users/khuon/ECE520/final_project/vitis_application/zybo_z7_10_plat/hw/reactive_scene_top_ps.xsa
TRACE::2026-05-03.19:34:46::SCWPlatform::DSA absoulate path C:/Users/khuon/ECE520/final_project/vitis_application/zybo_z7_10_plat/hw/reactive_scene_top_ps.xsa
TRACE::2026-05-03.19:34:46::SCWPlatform::DSA directory C:/Users/khuon/ECE520/final_project/vitis_application/zybo_z7_10_plat/hw
TRACE::2026-05-03.19:34:46::SCWPlatform:: Platform Path C:/Users/khuon/ECE520/final_project/vitis_application/zybo_z7_10_plat/hw/reactive_scene_top_ps.xsa
TRACE::2026-05-03.19:34:46::SCWPlatform:: Unique name xilinx:zybo-z7-10::0.0
TRACE::2026-05-03.19:34:46::SCWPlatform::Trying to set the existing hwdb with name reactive_scene_top_ps_4
TRACE::2026-05-03.19:34:46::SCWPlatform::Opened existing hwdb reactive_scene_top_ps_4
TRACE::2026-05-03.19:34:46::SCWPlatform::Found the Hw Db part of the input DSA
TRACE::2026-05-03.19:34:46::SCWPlatform::Trying to open the hw design at C:/Users/khuon/ECE520/final_project/vitis_application/zybo_z7_10_plat/hw/reactive_scene_top_ps.xsa
TRACE::2026-05-03.19:34:46::SCWPlatform::DSA given C:/Users/khuon/ECE520/final_project/vitis_application/zybo_z7_10_plat/hw/reactive_scene_top_ps.xsa
TRACE::2026-05-03.19:34:46::SCWPlatform::DSA absoulate path C:/Users/khuon/ECE520/final_project/vitis_application/zybo_z7_10_plat/hw/reactive_scene_top_ps.xsa
TRACE::2026-05-03.19:34:46::SCWPlatform::DSA directory C:/Users/khuon/ECE520/final_project/vitis_application/zybo_z7_10_plat/hw
TRACE::2026-05-03.19:34:46::SCWPlatform:: Platform Path C:/Users/khuon/ECE520/final_project/vitis_application/zybo_z7_10_plat/hw/reactive_scene_top_ps.xsa
TRACE::2026-05-03.19:34:46::SCWPlatform:: Unique name xilinx:zybo-z7-10::0.0
TRACE::2026-05-03.19:34:46::SCWPlatform::Trying to set the existing hwdb with name reactive_scene_top_ps_4
TRACE::2026-05-03.19:34:46::SCWPlatform::Opened existing hwdb reactive_scene_top_ps_4
TRACE::2026-05-03.19:34:46::SCWPlatform::Found the Hw Db part of the input DSA
TRACE::2026-05-03.19:34:46::SCWMssOS::Checking the sw design at  C:/Users/khuon/ECE520/final_project/vitis_application/zybo_z7_10_plat/ps7_cortexa9_0/standalone_domain/bsp/system.mss
TRACE::2026-05-03.19:34:46::SCWMssOS::DEBUG:  swdes dump  C:/Users/khuon/ECE520/final_project/vitis_application/zybo_z7_10_plat/zynq_fsbl/zynq_fsbl_bsp/system.mss|system||

TRACE::2026-05-03.19:34:46::SCWMssOS::No sw design opened at  C:/Users/khuon/ECE520/final_project/vitis_application/zybo_z7_10_plat/ps7_cortexa9_0/standalone_domain/bsp/system.mss
TRACE::2026-05-03.19:34:46::SCWMssOS::mss exists loading the mss file  C:/Users/khuon/ECE520/final_project/vitis_application/zybo_z7_10_plat/ps7_cortexa9_0/standalone_domain/bsp/system.mss
TRACE::2026-05-03.19:34:46::SCWMssOS::Opened the sw design from mss  C:/Users/khuon/ECE520/final_project/vitis_application/zybo_z7_10_plat/ps7_cortexa9_0/standalone_domain/bsp/system.mss
TRACE::2026-05-03.19:34:46::SCWMssOS::Adding the swdes entry C:/Users/khuon/ECE520/final_project/vitis_application/zybo_z7_10_plat/ps7_cortexa9_0/standalone_domain/bsp/system.mss with des name system_0
TRACE::2026-05-03.19:34:46::SCWMssOS::updating the scw layer about changes
TRACE::2026-05-03.19:34:46::SCWMssOS::Opened the sw design.  C:/Users/khuon/ECE520/final_project/vitis_application/zybo_z7_10_plat/ps7_cortexa9_0/standalone_domain/bsp/system.mss
TRACE::2026-05-03.19:34:46::SCWMssOS::Saving the mss changes C:/Users/khuon/ECE520/final_project/vitis_application/zybo_z7_10_plat/ps7_cortexa9_0/standalone_domain/bsp/system.mss
TRACE::2026-05-03.19:34:46::SCWMssOS::Found a swdesign opened with the mssfile.
TRACE::2026-05-03.19:34:46::SCWMssOS::Completed writemss as part of save.
TRACE::2026-05-03.19:34:46::SCWMssOS::Commit changes completed.
TRACE::2026-05-03.19:34:46::SCWReader::Adding prebuilt librarypaths as   
TRACE::2026-05-03.19:34:46::SCWReader::Adding prebuilt incpaths  as   
TRACE::2026-05-03.19:34:46::SCWPlatform::Trying to open the hw design at C:/Users/khuon/ECE520/final_project/vitis_application/zybo_z7_10_plat/hw/reactive_scene_top_ps.xsa
TRACE::2026-05-03.19:34:46::SCWPlatform::DSA given C:/Users/khuon/ECE520/final_project/vitis_application/zybo_z7_10_plat/hw/reactive_scene_top_ps.xsa
TRACE::2026-05-03.19:34:46::SCWPlatform::DSA absoulate path C:/Users/khuon/ECE520/final_project/vitis_application/zybo_z7_10_plat/hw/reactive_scene_top_ps.xsa
TRACE::2026-05-03.19:34:46::SCWPlatform::DSA directory C:/Users/khuon/ECE520/final_project/vitis_application/zybo_z7_10_plat/hw
TRACE::2026-05-03.19:34:46::SCWPlatform:: Platform Path C:/Users/khuon/ECE520/final_project/vitis_application/zybo_z7_10_plat/hw/reactive_scene_top_ps.xsa
TRACE::2026-05-03.19:34:46::SCWPlatform:: Unique name xilinx:zybo-z7-10::0.0
TRACE::2026-05-03.19:34:46::SCWPlatform::Trying to set the existing hwdb with name reactive_scene_top_ps_4
TRACE::2026-05-03.19:34:46::SCWPlatform::Opened existing hwdb reactive_scene_top_ps_4
TRACE::2026-05-03.19:34:46::SCWPlatform::Found the Hw Db part of the input DSA
TRACE::2026-05-03.19:34:46::SCWMssOS::Checking the sw design at  C:/Users/khuon/ECE520/final_project/vitis_application/zybo_z7_10_plat/ps7_cortexa9_0/standalone_domain/bsp/system.mss
TRACE::2026-05-03.19:34:46::SCWMssOS::DEBUG:  swdes dump  C:/Users/khuon/ECE520/final_project/vitis_application/zybo_z7_10_plat/ps7_cortexa9_0/standalone_domain/bsp/system.mss|system_0||
C:/Users/khuon/ECE520/final_project/vitis_application/zybo_z7_10_plat/zynq_fsbl/zynq_fsbl_bsp/system.mss|system||

TRACE::2026-05-03.19:34:46::SCWMssOS::Sw design exists and opened at  C:/Users/khuon/ECE520/final_project/vitis_application/zybo_z7_10_plat/ps7_cortexa9_0/standalone_domain/bsp/system.mss
TRACE::2026-05-03.19:34:46::SCWReader::No isolation master present  
TRACE::2026-05-03.19:34:50::SCWPlatform::DSA given C:/Users/khuon/ECE520/final_project/vitis_application/zybo_z7_10_plat/tempdsa/reactive_scene_top_ps.xsa
TRACE::2026-05-03.19:34:50::SCWPlatform::DSA absoulate path C:/Users/khuon/ECE520/final_project/vitis_application/zybo_z7_10_plat/tempdsa/reactive_scene_top_ps.xsa
TRACE::2026-05-03.19:34:50::SCWPlatform:: Platform location is C:/Users/khuon/ECE520/final_project/vitis_application/zybo_z7_10_plat/tempdsa
TRACE::2026-05-03.19:34:50::SCWPlatform:: Platform Path C:/Users/khuon/ECE520/final_project/vitis_application/zybo_z7_10_plat/tempdsa/reactive_scene_top_ps.xsa
TRACE::2026-05-03.19:34:50::SCWPlatform:: Unique name xilinx:zybo-z7-10::0.0
TRACE::2026-05-03.19:34:50::SCWPlatform::Found the Hw Db part of the input DSA
TRACE::2026-05-03.19:34:50::SCWMssOS::Doing hw sync for the mss in domain: zynq_fsbl
TRACE::2026-05-03.19:34:50::SCWPlatform::Trying to open the hw design at C:/Users/khuon/ECE520/final_project/vitis_application/zybo_z7_10_plat/hw/reactive_scene_top_ps.xsa
TRACE::2026-05-03.19:34:50::SCWPlatform::DSA given C:/Users/khuon/ECE520/final_project/vitis_application/zybo_z7_10_plat/hw/reactive_scene_top_ps.xsa
TRACE::2026-05-03.19:34:50::SCWPlatform::DSA absoulate path C:/Users/khuon/ECE520/final_project/vitis_application/zybo_z7_10_plat/hw/reactive_scene_top_ps.xsa
TRACE::2026-05-03.19:34:50::SCWPlatform::DSA directory C:/Users/khuon/ECE520/final_project/vitis_application/zybo_z7_10_plat/hw
TRACE::2026-05-03.19:34:50::SCWPlatform:: Platform Path C:/Users/khuon/ECE520/final_project/vitis_application/zybo_z7_10_plat/hw/reactive_scene_top_ps.xsa
TRACE::2026-05-03.19:34:50::SCWPlatform:: Unique name xilinx:zybo-z7-10::0.0
TRACE::2026-05-03.19:34:50::SCWPlatform::Trying to set the existing hwdb with name reactive_scene_top_ps_4
TRACE::2026-05-03.19:34:50::SCWPlatform::Opened existing hwdb reactive_scene_top_ps_4
TRACE::2026-05-03.19:34:50::SCWPlatform::Found the Hw Db part of the input DSA
TRACE::2026-05-03.19:34:50::SCWPlatform::Trying to open the hw design at C:/Users/khuon/ECE520/final_project/vitis_application/zybo_z7_10_plat/hw/reactive_scene_top_ps.xsa
TRACE::2026-05-03.19:34:50::SCWPlatform::DSA given C:/Users/khuon/ECE520/final_project/vitis_application/zybo_z7_10_plat/hw/reactive_scene_top_ps.xsa
TRACE::2026-05-03.19:34:50::SCWPlatform::DSA absoulate path C:/Users/khuon/ECE520/final_project/vitis_application/zybo_z7_10_plat/hw/reactive_scene_top_ps.xsa
TRACE::2026-05-03.19:34:50::SCWPlatform::DSA directory C:/Users/khuon/ECE520/final_project/vitis_application/zybo_z7_10_plat/hw
TRACE::2026-05-03.19:34:50::SCWPlatform:: Platform Path C:/Users/khuon/ECE520/final_project/vitis_application/zybo_z7_10_plat/hw/reactive_scene_top_ps.xsa
TRACE::2026-05-03.19:34:50::SCWPlatform:: Unique name xilinx:zybo-z7-10::0.0
TRACE::2026-05-03.19:34:50::SCWPlatform::Trying to set the existing hwdb with name reactive_scene_top_ps_4
TRACE::2026-05-03.19:34:50::SCWPlatform::Opened existing hwdb reactive_scene_top_ps_4
TRACE::2026-05-03.19:34:50::SCWPlatform::Found the Hw Db part of the input DSA
TRACE::2026-05-03.19:34:50::SCWMssOS::Checking the sw design at  C:/Users/khuon/ECE520/final_project/vitis_application/zybo_z7_10_plat/zynq_fsbl/zynq_fsbl_bsp/system.mss
TRACE::2026-05-03.19:34:50::SCWMssOS::DEBUG:  swdes dump  C:/Users/khuon/ECE520/final_project/vitis_application/zybo_z7_10_plat/ps7_cortexa9_0/standalone_domain/bsp/system.mss|system_0||
C:/Users/khuon/ECE520/final_project/vitis_application/zybo_z7_10_plat/zynq_fsbl/zynq_fsbl_bsp/system.mss|system||

TRACE::2026-05-03.19:34:50::SCWMssOS::Sw design exists and opened at  C:/Users/khuon/ECE520/final_project/vitis_application/zybo_z7_10_plat/zynq_fsbl/zynq_fsbl_bsp/system.mss
TRACE::2026-05-03.19:34:50::SCWPlatform::Trying to open the hw design at C:/Users/khuon/ECE520/final_project/vitis_application/zybo_z7_10_plat/tempdsa/reactive_scene_top_ps.xsa
TRACE::2026-05-03.19:34:50::SCWPlatform::DSA given C:/Users/khuon/ECE520/final_project/vitis_application/zybo_z7_10_plat/tempdsa/reactive_scene_top_ps.xsa
TRACE::2026-05-03.19:34:50::SCWPlatform::DSA absoulate path C:/Users/khuon/ECE520/final_project/vitis_application/zybo_z7_10_plat/tempdsa/reactive_scene_top_ps.xsa
TRACE::2026-05-03.19:34:50::SCWPlatform::DSA directory C:/Users/khuon/ECE520/final_project/vitis_application/zybo_z7_10_plat/tempdsa
TRACE::2026-05-03.19:34:50::SCWPlatform:: Platform Path C:/Users/khuon/ECE520/final_project/vitis_application/zybo_z7_10_plat/tempdsa/reactive_scene_top_ps.xsa
TRACE::2026-05-03.19:34:50::SCWPlatform:: Unique name xilinx:zybo-z7-10::0.0
TRACE::2026-05-03.19:34:50::SCWPlatform::update - Opened existing hwdb reactive_scene_top_ps_5
TRACE::2026-05-03.19:34:50::SCWPlatform::Found the Hw Db part of the input DSA
TRACE::2026-05-03.19:34:50::SCWMssOS::Doing hw sync for the mss in domain: standalone_domain
TRACE::2026-05-03.19:34:50::SCWPlatform::Trying to open the hw design at C:/Users/khuon/ECE520/final_project/vitis_application/zybo_z7_10_plat/hw/reactive_scene_top_ps.xsa
TRACE::2026-05-03.19:34:50::SCWPlatform::DSA given C:/Users/khuon/ECE520/final_project/vitis_application/zybo_z7_10_plat/hw/reactive_scene_top_ps.xsa
TRACE::2026-05-03.19:34:50::SCWPlatform::DSA absoulate path C:/Users/khuon/ECE520/final_project/vitis_application/zybo_z7_10_plat/hw/reactive_scene_top_ps.xsa
TRACE::2026-05-03.19:34:50::SCWPlatform::DSA directory C:/Users/khuon/ECE520/final_project/vitis_application/zybo_z7_10_plat/hw
TRACE::2026-05-03.19:34:50::SCWPlatform:: Platform Path C:/Users/khuon/ECE520/final_project/vitis_application/zybo_z7_10_plat/hw/reactive_scene_top_ps.xsa
TRACE::2026-05-03.19:34:50::SCWPlatform:: Unique name xilinx:zybo-z7-10::0.0
TRACE::2026-05-03.19:34:50::SCWPlatform::Trying to set the existing hwdb with name reactive_scene_top_ps_4
TRACE::2026-05-03.19:34:50::SCWPlatform::Opened existing hwdb reactive_scene_top_ps_4
TRACE::2026-05-03.19:34:50::SCWPlatform::Found the Hw Db part of the input DSA
TRACE::2026-05-03.19:34:50::SCWPlatform::Trying to open the hw design at C:/Users/khuon/ECE520/final_project/vitis_application/zybo_z7_10_plat/hw/reactive_scene_top_ps.xsa
TRACE::2026-05-03.19:34:50::SCWPlatform::DSA given C:/Users/khuon/ECE520/final_project/vitis_application/zybo_z7_10_plat/hw/reactive_scene_top_ps.xsa
TRACE::2026-05-03.19:34:50::SCWPlatform::DSA absoulate path C:/Users/khuon/ECE520/final_project/vitis_application/zybo_z7_10_plat/hw/reactive_scene_top_ps.xsa
TRACE::2026-05-03.19:34:50::SCWPlatform::DSA directory C:/Users/khuon/ECE520/final_project/vitis_application/zybo_z7_10_plat/hw
TRACE::2026-05-03.19:34:50::SCWPlatform:: Platform Path C:/Users/khuon/ECE520/final_project/vitis_application/zybo_z7_10_plat/hw/reactive_scene_top_ps.xsa
TRACE::2026-05-03.19:34:50::SCWPlatform:: Unique name xilinx:zybo-z7-10::0.0
TRACE::2026-05-03.19:34:50::SCWPlatform::Trying to set the existing hwdb with name reactive_scene_top_ps_4
TRACE::2026-05-03.19:34:50::SCWPlatform::Opened existing hwdb reactive_scene_top_ps_4
TRACE::2026-05-03.19:34:50::SCWPlatform::Found the Hw Db part of the input DSA
TRACE::2026-05-03.19:34:50::SCWMssOS::Checking the sw design at  C:/Users/khuon/ECE520/final_project/vitis_application/zybo_z7_10_plat/ps7_cortexa9_0/standalone_domain/bsp/system.mss
TRACE::2026-05-03.19:34:50::SCWMssOS::DEBUG:  swdes dump  C:/Users/khuon/ECE520/final_project/vitis_application/zybo_z7_10_plat/ps7_cortexa9_0/standalone_domain/bsp/system.mss|system_0||
C:/Users/khuon/ECE520/final_project/vitis_application/zybo_z7_10_plat/zynq_fsbl/zynq_fsbl_bsp/system.mss|system||

TRACE::2026-05-03.19:34:50::SCWMssOS::Sw design exists and opened at  C:/Users/khuon/ECE520/final_project/vitis_application/zybo_z7_10_plat/ps7_cortexa9_0/standalone_domain/bsp/system.mss
TRACE::2026-05-03.19:34:50::SCWPlatform::Trying to open the hw design at C:/Users/khuon/ECE520/final_project/vitis_application/zybo_z7_10_plat/tempdsa/reactive_scene_top_ps.xsa
TRACE::2026-05-03.19:34:50::SCWPlatform::DSA given C:/Users/khuon/ECE520/final_project/vitis_application/zybo_z7_10_plat/tempdsa/reactive_scene_top_ps.xsa
TRACE::2026-05-03.19:34:50::SCWPlatform::DSA absoulate path C:/Users/khuon/ECE520/final_project/vitis_application/zybo_z7_10_plat/tempdsa/reactive_scene_top_ps.xsa
TRACE::2026-05-03.19:34:50::SCWPlatform::DSA directory C:/Users/khuon/ECE520/final_project/vitis_application/zybo_z7_10_plat/tempdsa
TRACE::2026-05-03.19:34:50::SCWPlatform:: Platform Path C:/Users/khuon/ECE520/final_project/vitis_application/zybo_z7_10_plat/tempdsa/reactive_scene_top_ps.xsa
TRACE::2026-05-03.19:34:50::SCWPlatform:: Unique name xilinx:zybo-z7-10::0.0
TRACE::2026-05-03.19:34:50::SCWPlatform::update - Opened existing hwdb reactive_scene_top_ps_5
TRACE::2026-05-03.19:34:50::SCWPlatform::Found the Hw Db part of the input DSA
TRACE::2026-05-03.19:34:50::SCWMssOS::Saving the mss changes C:/Users/khuon/ECE520/final_project/vitis_application/zybo_z7_10_plat/zynq_fsbl/zynq_fsbl_bsp/system.mss
TRACE::2026-05-03.19:34:50::SCWMssOS::Found a swdesign opened with the mssfile.
TRACE::2026-05-03.19:34:50::SCWMssOS::Completed writemss as part of save.
TRACE::2026-05-03.19:34:50::SCWMssOS::Commit changes completed.
TRACE::2026-05-03.19:34:50::SCWMssOS::Completed hw sync for the mss in domain: zynq_fsbl
TRACE::2026-05-03.19:34:50::SCWMssOS::Removing the swdes entry for  C:/Users/khuon/ECE520/final_project/vitis_application/zybo_z7_10_plat/zynq_fsbl/zynq_fsbl_bsp/system.mss
TRACE::2026-05-03.19:34:50::SCWMssOS::Saving the mss changes C:/Users/khuon/ECE520/final_project/vitis_application/zybo_z7_10_plat/ps7_cortexa9_0/standalone_domain/bsp/system.mss
TRACE::2026-05-03.19:34:50::SCWMssOS::Found a swdesign opened with the mssfile.
TRACE::2026-05-03.19:34:50::SCWMssOS::Completed writemss as part of save.
TRACE::2026-05-03.19:34:50::SCWMssOS::Commit changes completed.
TRACE::2026-05-03.19:34:50::SCWMssOS::Completed hw sync for the mss in domain: standalone_domain
TRACE::2026-05-03.19:34:50::SCWMssOS::Removing the swdes entry for  C:/Users/khuon/ECE520/final_project/vitis_application/zybo_z7_10_plat/ps7_cortexa9_0/standalone_domain/bsp/system.mss
TRACE::2026-05-03.19:34:51::SCWPlatform::Trying to open the hw design at C:/Users/khuon/ECE520/final_project/vitis_application/zybo_z7_10_plat/hw/reactive_scene_top_ps.xsa
TRACE::2026-05-03.19:34:51::SCWPlatform::DSA given C:/Users/khuon/ECE520/final_project/vitis_application/zybo_z7_10_plat/hw/reactive_scene_top_ps.xsa
TRACE::2026-05-03.19:34:51::SCWPlatform::DSA absoulate path C:/Users/khuon/ECE520/final_project/vitis_application/zybo_z7_10_plat/hw/reactive_scene_top_ps.xsa
TRACE::2026-05-03.19:34:51::SCWPlatform::DSA directory C:/Users/khuon/ECE520/final_project/vitis_application/zybo_z7_10_plat/hw
TRACE::2026-05-03.19:34:51::SCWPlatform:: Platform Path C:/Users/khuon/ECE520/final_project/vitis_application/zybo_z7_10_plat/hw/reactive_scene_top_ps.xsa
TRACE::2026-05-03.19:34:51::SCWPlatform:: Unique name xilinx:zybo-z7-10::0.0
TRACE::2026-05-03.19:34:51::SCWPlatform::Do not have an existing db opened. 
TRACE::2026-05-03.19:34:51::SCWPlatform::Opened new HwDB with name reactive_scene_top_ps_6
TRACE::2026-05-03.19:34:51::SCWMssOS::Saving the mss changes C:/Users/khuon/ECE520/final_project/vitis_application/zybo_z7_10_plat/zynq_fsbl/zynq_fsbl_bsp/system.mss
TRACE::2026-05-03.19:34:51::SCWMssOS::Adding the swdes entry, mss present, able to open swdb C:/Users/khuon/ECE520/final_project/vitis_application/zybo_z7_10_plat/zynq_fsbl/zynq_fsbl_bsp/system.mss with des name system
TRACE::2026-05-03.19:34:51::SCWMssOS::Writing the mss file completed C:/Users/khuon/ECE520/final_project/vitis_application/zybo_z7_10_plat/zynq_fsbl/zynq_fsbl_bsp/system.mss
TRACE::2026-05-03.19:34:51::SCWMssOS::Commit changes completed.
TRACE::2026-05-03.19:34:51::SCWMssOS::Saving the mss changes C:/Users/khuon/ECE520/final_project/vitis_application/zybo_z7_10_plat/ps7_cortexa9_0/standalone_domain/bsp/system.mss
TRACE::2026-05-03.19:34:51::SCWMssOS::Adding the swdes entry, mss present, able to open swdb C:/Users/khuon/ECE520/final_project/vitis_application/zybo_z7_10_plat/ps7_cortexa9_0/standalone_domain/bsp/system.mss with des name system_0
TRACE::2026-05-03.19:34:51::SCWMssOS::Writing the mss file completed C:/Users/khuon/ECE520/final_project/vitis_application/zybo_z7_10_plat/ps7_cortexa9_0/standalone_domain/bsp/system.mss
TRACE::2026-05-03.19:34:51::SCWMssOS::Commit changes completed.
TRACE::2026-05-03.19:34:51::SCWPlatform::Trying to open the hw design at C:/Users/khuon/ECE520/final_project/vitis_application/zybo_z7_10_plat/hw/reactive_scene_top_ps.xsa
TRACE::2026-05-03.19:34:51::SCWPlatform::DSA given C:/Users/khuon/ECE520/final_project/vitis_application/zybo_z7_10_plat/hw/reactive_scene_top_ps.xsa
TRACE::2026-05-03.19:34:51::SCWPlatform::DSA absoulate path C:/Users/khuon/ECE520/final_project/vitis_application/zybo_z7_10_plat/hw/reactive_scene_top_ps.xsa
TRACE::2026-05-03.19:34:51::SCWPlatform::DSA directory C:/Users/khuon/ECE520/final_project/vitis_application/zybo_z7_10_plat/hw
TRACE::2026-05-03.19:34:51::SCWPlatform:: Platform Path C:/Users/khuon/ECE520/final_project/vitis_application/zybo_z7_10_plat/hw/reactive_scene_top_ps.xsa
TRACE::2026-05-03.19:34:51::SCWPlatform:: Unique name xilinx:zybo-z7-10::0.0
TRACE::2026-05-03.19:34:51::SCWPlatform::Trying to set the existing hwdb with name reactive_scene_top_ps_6
TRACE::2026-05-03.19:34:51::SCWPlatform::Opened existing hwdb reactive_scene_top_ps_6
TRACE::2026-05-03.19:34:51::SCWPlatform::Found the Hw Db part of the input DSA
TRACE::2026-05-03.19:34:51::SCWMssOS::Checking the sw design at  C:/Users/khuon/ECE520/final_project/vitis_application/zybo_z7_10_plat/zynq_fsbl/zynq_fsbl_bsp/system.mss
TRACE::2026-05-03.19:34:51::SCWMssOS::DEBUG:  swdes dump  C:/Users/khuon/ECE520/final_project/vitis_application/zybo_z7_10_plat/ps7_cortexa9_0/standalone_domain/bsp/system.mss|system_0||
C:/Users/khuon/ECE520/final_project/vitis_application/zybo_z7_10_plat/zynq_fsbl/zynq_fsbl_bsp/system.mss|system||

TRACE::2026-05-03.19:34:51::SCWMssOS::Sw design exists and opened at  C:/Users/khuon/ECE520/final_project/vitis_application/zybo_z7_10_plat/zynq_fsbl/zynq_fsbl_bsp/system.mss
TRACE::2026-05-03.19:34:51::SCWPlatform::Trying to open the hw design at C:/Users/khuon/ECE520/final_project/vitis_application/zybo_z7_10_plat/hw/reactive_scene_top_ps.xsa
TRACE::2026-05-03.19:34:51::SCWPlatform::DSA given C:/Users/khuon/ECE520/final_project/vitis_application/zybo_z7_10_plat/hw/reactive_scene_top_ps.xsa
TRACE::2026-05-03.19:34:51::SCWPlatform::DSA absoulate path C:/Users/khuon/ECE520/final_project/vitis_application/zybo_z7_10_plat/hw/reactive_scene_top_ps.xsa
TRACE::2026-05-03.19:34:51::SCWPlatform::DSA directory C:/Users/khuon/ECE520/final_project/vitis_application/zybo_z7_10_plat/hw
TRACE::2026-05-03.19:34:51::SCWPlatform:: Platform Path C:/Users/khuon/ECE520/final_project/vitis_application/zybo_z7_10_plat/hw/reactive_scene_top_ps.xsa
TRACE::2026-05-03.19:34:51::SCWPlatform:: Unique name xilinx:zybo-z7-10::0.0
TRACE::2026-05-03.19:34:51::SCWPlatform::Trying to set the existing hwdb with name reactive_scene_top_ps_6
TRACE::2026-05-03.19:34:51::SCWPlatform::Opened existing hwdb reactive_scene_top_ps_6
TRACE::2026-05-03.19:34:51::SCWPlatform::Found the Hw Db part of the input DSA
TRACE::2026-05-03.19:34:51::SCWMssOS::Checking the sw design at  C:/Users/khuon/ECE520/final_project/vitis_application/zybo_z7_10_plat/ps7_cortexa9_0/standalone_domain/bsp/system.mss
TRACE::2026-05-03.19:34:51::SCWMssOS::DEBUG:  swdes dump  C:/Users/khuon/ECE520/final_project/vitis_application/zybo_z7_10_plat/ps7_cortexa9_0/standalone_domain/bsp/system.mss|system_0||
C:/Users/khuon/ECE520/final_project/vitis_application/zybo_z7_10_plat/zynq_fsbl/zynq_fsbl_bsp/system.mss|system||

TRACE::2026-05-03.19:34:51::SCWMssOS::Sw design exists and opened at  C:/Users/khuon/ECE520/final_project/vitis_application/zybo_z7_10_plat/ps7_cortexa9_0/standalone_domain/bsp/system.mss
TRACE::2026-05-03.19:34:51::SCWWriter::formatted JSON is {
	"platformName":	"zybo_z7_10_plat",
	"sprVersion":	"2.0",
	"mode":	"gui",
	"dsaType":	"Fixed",
	"platformDesc":	"zybo_z7_10_plat",
	"platHandOff":	"C:/Users/khuon/ECE520/final_project/phase3_integration/reactive_scene_top_ps.xsa",
	"platIntHandOff":	"<platformDir>/hw/reactive_scene_top_ps.xsa",
	"deviceType":	"zynq",
	"platIsPrebuiltAutogen":	"false",
	"platIsNoBootBsp":	"false",
	"hasFsblMakeHasChanges":	"false",
	"hasPmufwMakeHasChanges":	"false",
	"fsblExtraCompilerFlags":	"-MMD -MP       -mcpu=cortex-a9 -mfpu=vfpv3 -mfloat-abi=hard ",
	"platPreBuiltFlag":	false,
	"platformSamplesDir":	"",
	"platActiveSys":	"zybo_z7_10_plat",
	"systems":	[{
			"systemName":	"zybo_z7_10_plat",
			"systemDesc":	"zybo_z7_10_plat",
			"sysIsBootAutoGen":	"true",
			"systemDispName":	"zybo_z7_10_plat",
			"sysActiveDom":	"standalone_domain",
			"sysDefaultDom":	"standalone_domain",
			"domains":	[{
					"domainName":	"zynq_fsbl",
					"domainDispName":	"zynq_fsbl",
					"domainDesc":	"FSBL Application BSP - Auto Generated.",
					"processors":	"ps7_cortexa9_0",
					"os":	"standalone",
					"sdxOs":	"standalone",
					"debugEnable":	"",
					"domRuntimes":	["cpp"],
					"swRepo":	"",
					"mssOsVer":	"8.1",
					"mssFile":	"",
					"md5Digest":	"5d56e52180d0bc02e0d42be3c7f1597a1",
					"compatibleApp":	"zynq_fsbl",
					"domType":	"bootDomain",
					"arch":	"32-bit",
					"appSettings":	{
						"appCompilerFlags":	"",
						"appLinkerFlags":	""
					},
					"addedLibs":	["xilffs:5.0", "xilrsa:1.6"],
					"libOptions":	{
						"libsContainingOptions":	[]
					},
					"prebuiltLibs":	{
						"prebuiltIncPath":	[],
						"prebuiltLibPath":	[]
					},
					"isolation":	{
					}
				}, {
					"domainName":	"standalone_domain",
					"domainDispName":	"standalone on ps7_cortexa9_0",
					"domainDesc":	"standalone_domain",
					"processors":	"ps7_cortexa9_0",
					"os":	"standalone",
					"sdxOs":	"standalone",
					"qemuArgs":	"<platformDir>/resources/zybo_z7_10_plat/standalone_domain/qemu_args.txt",
					"qemuData":	"<platformDir>/resources/zybo_z7_10_plat/standalone_domain/qemu",
					"debugEnable":	"False",
					"domRuntimes":	["cpp"],
					"swRepo":	"",
					"mssOsVer":	"8.1",
					"mssFile":	"",
					"md5Digest":	"15de6ed70cac3d5d78676056db89f50d1",
					"compatibleApp":	"",
					"domType":	"mssDomain",
					"appSettings":	{
						"appCompilerFlags":	"",
						"appLinkerFlags":	""
					},
					"addedLibs":	[],
					"libOptions":	{
						"libsContainingOptions":	[]
					},
					"prebuiltLibs":	{
						"prebuiltIncPath":	[],
						"prebuiltLibPath":	[]
					},
					"isolation":	{
					}
				}]
		}]
}
LOG::2026-05-03.19:35:09::SCWPlatform::Started generating the artifacts platform zybo_z7_10_plat
TRACE::2026-05-03.19:35:09::SCWPlatform::Sanity checking of platform is completed
LOG::2026-05-03.19:35:09::SCWPlatform::Started generating the artifacts for system configuration zybo_z7_10_plat
LOG::2026-05-03.19:35:09::SCWSystem::Checking the domain zynq_fsbl
LOG::2026-05-03.19:35:09::SCWSystem::Doing application build for :  zynq_fsbl
TRACE::2026-05-03.19:35:09::SCWBDomain::Not a forced makefile updation, No changes are present. 
TRACE::2026-05-03.19:35:09::SCWDomain::Skipping the build for domain :  zynq_fsbl
LOG::2026-05-03.19:35:09::SCWSystem::Checking the domain standalone_domain
LOG::2026-05-03.19:35:09::SCWSystem::Not a boot domain 
LOG::2026-05-03.19:35:09::SCWSystem::Started Processing the domain standalone_domain
TRACE::2026-05-03.19:35:09::SCWDomain::Generating domain artifcats
TRACE::2026-05-03.19:35:09::SCWMssOS::Generating standalone artifcats
TRACE::2026-05-03.19:35:09::SCWMssOS::Copying the qemu file from  C:/Users/khuon/ECE520/final_project/vitis_application/zybo_z7_10_plat/resources/zybo_z7_10_plat/standalone_domain/qemu_args.txt To C:/Users/khuon/ECE520/final_project/vitis_application/zybo_z7_10_plat/export/zybo_z7_10_plat/sw/zybo_z7_10_plat/qemu/
TRACE::2026-05-03.19:35:09::SCWMssOS::Copying the qemu file from  C:/Users/khuon/ECE520/final_project/vitis_application/zybo_z7_10_plat/resources/zybo_z7_10_plat/standalone_domain/qemu_args.txt To C:/Users/khuon/ECE520/final_project/vitis_application/zybo_z7_10_plat/export/zybo_z7_10_plat/sw/zybo_z7_10_plat/standalone_domain/qemu/
TRACE::2026-05-03.19:35:09::SCWMssOS:: Copying the user libraries. 
TRACE::2026-05-03.19:35:09::SCWPlatform::Trying to open the hw design at C:/Users/khuon/ECE520/final_project/vitis_application/zybo_z7_10_plat/hw/reactive_scene_top_ps.xsa
TRACE::2026-05-03.19:35:09::SCWPlatform::DSA given C:/Users/khuon/ECE520/final_project/vitis_application/zybo_z7_10_plat/hw/reactive_scene_top_ps.xsa
TRACE::2026-05-03.19:35:09::SCWPlatform::DSA absoulate path C:/Users/khuon/ECE520/final_project/vitis_application/zybo_z7_10_plat/hw/reactive_scene_top_ps.xsa
TRACE::2026-05-03.19:35:09::SCWPlatform::DSA directory C:/Users/khuon/ECE520/final_project/vitis_application/zybo_z7_10_plat/hw
TRACE::2026-05-03.19:35:09::SCWPlatform:: Platform Path C:/Users/khuon/ECE520/final_project/vitis_application/zybo_z7_10_plat/hw/reactive_scene_top_ps.xsa
TRACE::2026-05-03.19:35:09::SCWPlatform:: Unique name xilinx:zybo-z7-10::0.0
TRACE::2026-05-03.19:35:09::SCWPlatform::Trying to set the existing hwdb with name reactive_scene_top_ps_6
TRACE::2026-05-03.19:35:09::SCWPlatform::Opened existing hwdb reactive_scene_top_ps_6
TRACE::2026-05-03.19:35:09::SCWPlatform::Found the Hw Db part of the input DSA
TRACE::2026-05-03.19:35:09::SCWMssOS::Checking the sw design at  C:/Users/khuon/ECE520/final_project/vitis_application/zybo_z7_10_plat/ps7_cortexa9_0/standalone_domain/bsp/system.mss
TRACE::2026-05-03.19:35:09::SCWMssOS::DEBUG:  swdes dump  C:/Users/khuon/ECE520/final_project/vitis_application/zybo_z7_10_plat/ps7_cortexa9_0/standalone_domain/bsp/system.mss|system_0||
C:/Users/khuon/ECE520/final_project/vitis_application/zybo_z7_10_plat/zynq_fsbl/zynq_fsbl_bsp/system.mss|system||

TRACE::2026-05-03.19:35:09::SCWMssOS::Sw design exists and opened at  C:/Users/khuon/ECE520/final_project/vitis_application/zybo_z7_10_plat/ps7_cortexa9_0/standalone_domain/bsp/system.mss
TRACE::2026-05-03.19:35:09::SCWMssOS::Completed writing the mss file at C:/Users/khuon/ECE520/final_project/vitis_application/zybo_z7_10_plat/ps7_cortexa9_0/standalone_domain/bsp
TRACE::2026-05-03.19:35:09::SCWMssOS::Mss edits present, copying mssfile into export location C:/Users/khuon/ECE520/final_project/vitis_application/zybo_z7_10_plat/ps7_cortexa9_0/standalone_domain/bsp/system.mss
TRACE::2026-05-03.19:35:09::SCWMssOS::bsp generated is stale removing and regenerating. 
TRACE::2026-05-03.19:35:10::SCWMssOS::doing bsp build ... 
TRACE::2026-05-03.19:35:10::SCWMssOS::System Command Ran  C: & cd  C:/Users/khuon/ECE520/final_project/vitis_application/zybo_z7_10_plat/ps7_cortexa9_0/standalone_domain/bsp & make 
TRACE::2026-05-03.19:35:10::SCWMssOS::make --no-print-directory seq_libs

TRACE::2026-05-03.19:35:10::SCWMssOS::'Finished building libraries sequentially.'

TRACE::2026-05-03.19:35:10::SCWMssOS::make -j 22 --no-print-directory par_libs

TRACE::2026-05-03.19:35:10::SCWMssOS::"Running Make include in ps7_cortexa9_0/libsrc/bram_v4_8/src"

TRACE::2026-05-03.19:35:10::SCWMssOS::make -C ps7_cortexa9_0/libsrc/bram_v4_8/src -s include  "SHELL=CMD" "COMPILER=arm-none-eabi-gcc" "ASSEMBLER=arm-none-eabi-as" "
TRACE::2026-05-03.19:35:10::SCWMssOS::ARCHIVER=arm-none-eabi-ar" "COMPILER_FLAGS=  -O2 -c" "EXTRA_COMPILER_FLAGS=-mcpu=cortex-a9 -mfpu=vfpv3 -mfloat-abi=hard -nostar
TRACE::2026-05-03.19:35:10::SCWMssOS::tfiles -g -Wall -Wextra -fno-tree-loop-distribute-patterns"

TRACE::2026-05-03.19:35:10::SCWMssOS::"Running Make include in ps7_cortexa9_0/libsrc/coresightps_dcc_v1_8/src"

TRACE::2026-05-03.19:35:10::SCWMssOS::make -C ps7_cortexa9_0/libsrc/coresightps_dcc_v1_8/src -s include  "SHELL=CMD" "COMPILER=arm-none-eabi-gcc" "ASSEMBLER=arm-none
TRACE::2026-05-03.19:35:10::SCWMssOS::-eabi-as" "ARCHIVER=arm-none-eabi-ar" "COMPILER_FLAGS=  -O2 -c" "EXTRA_COMPILER_FLAGS=-mcpu=cortex-a9 -mfpu=vfpv3 -mfloat-abi=h
TRACE::2026-05-03.19:35:10::SCWMssOS::ard -nostartfiles -g -Wall -Wextra -fno-tree-loop-distribute-patterns"

TRACE::2026-05-03.19:35:10::SCWMssOS::"Running Make include in ps7_cortexa9_0/libsrc/cpu_cortexa9_v2_11/src"

TRACE::2026-05-03.19:35:10::SCWMssOS::make -C ps7_cortexa9_0/libsrc/cpu_cortexa9_v2_11/src -s include  "SHELL=CMD" "COMPILER=arm-none-eabi-gcc" "ASSEMBLER=arm-none-e
TRACE::2026-05-03.19:35:10::SCWMssOS::abi-as" "ARCHIVER=arm-none-eabi-ar" "COMPILER_FLAGS=  -O2 -c" "EXTRA_COMPILER_FLAGS=-mcpu=cortex-a9 -mfpu=vfpv3 -mfloat-abi=har
TRACE::2026-05-03.19:35:10::SCWMssOS::d -nostartfiles -g -Wall -Wextra -fno-tree-loop-distribute-patterns"

TRACE::2026-05-03.19:35:10::SCWMssOS::"Running Make include in ps7_cortexa9_0/libsrc/ddrps_v1_2/src"

TRACE::2026-05-03.19:35:10::SCWMssOS::make -C ps7_cortexa9_0/libsrc/ddrps_v1_2/src -s include  "SHELL=CMD" "COMPILER=arm-none-eabi-gcc" "ASSEMBLER=arm-none-eabi-as" 
TRACE::2026-05-03.19:35:10::SCWMssOS::"ARCHIVER=arm-none-eabi-ar" "COMPILER_FLAGS=  -O2 -c" "EXTRA_COMPILER_FLAGS=-mcpu=cortex-a9 -mfpu=vfpv3 -mfloat-abi=hard -nosta
TRACE::2026-05-03.19:35:10::SCWMssOS::rtfiles -g -Wall -Wextra -fno-tree-loop-distribute-patterns"

TRACE::2026-05-03.19:35:10::SCWMssOS::"Running Make include in ps7_cortexa9_0/libsrc/devcfg_v3_7/src"

TRACE::2026-05-03.19:35:10::SCWMssOS::make -C ps7_cortexa9_0/libsrc/devcfg_v3_7/src -s include  "SHELL=CMD" "COMPILER=arm-none-eabi-gcc" "ASSEMBLER=arm-none-eabi-as"
TRACE::2026-05-03.19:35:10::SCWMssOS:: "ARCHIVER=arm-none-eabi-ar" "COMPILER_FLAGS=  -O2 -c" "EXTRA_COMPILER_FLAGS=-mcpu=cortex-a9 -mfpu=vfpv3 -mfloat-abi=hard -nost
TRACE::2026-05-03.19:35:10::SCWMssOS::artfiles -g -Wall -Wextra -fno-tree-loop-distribute-patterns"

TRACE::2026-05-03.19:35:10::SCWMssOS::"Running Make include in ps7_cortexa9_0/libsrc/dmaps_v2_8/src"

TRACE::2026-05-03.19:35:10::SCWMssOS::make -C ps7_cortexa9_0/libsrc/dmaps_v2_8/src -s include  "SHELL=CMD" "COMPILER=arm-none-eabi-gcc" "ASSEMBLER=arm-none-eabi-as" 
TRACE::2026-05-03.19:35:10::SCWMssOS::"ARCHIVER=arm-none-eabi-ar" "COMPILER_FLAGS=  -O2 -c" "EXTRA_COMPILER_FLAGS=-mcpu=cortex-a9 -mfpu=vfpv3 -mfloat-abi=hard -nosta
TRACE::2026-05-03.19:35:10::SCWMssOS::rtfiles -g -Wall -Wextra -fno-tree-loop-distribute-patterns"

TRACE::2026-05-03.19:35:10::SCWMssOS::"Running Make include in ps7_cortexa9_0/libsrc/emacps_v3_18/src"

TRACE::2026-05-03.19:35:10::SCWMssOS::make -C ps7_cortexa9_0/libsrc/emacps_v3_18/src -s include  "SHELL=CMD" "COMPILER=arm-none-eabi-gcc" "ASSEMBLER=arm-none-eabi-as
TRACE::2026-05-03.19:35:10::SCWMssOS::" "ARCHIVER=arm-none-eabi-ar" "COMPILER_FLAGS=  -O2 -c" "EXTRA_COMPILER_FLAGS=-mcpu=cortex-a9 -mfpu=vfpv3 -mfloat-abi=hard -nos
TRACE::2026-05-03.19:35:10::SCWMssOS::tartfiles -g -Wall -Wextra -fno-tree-loop-distribute-patterns"

TRACE::2026-05-03.19:35:10::SCWMssOS::"Running Make include in ps7_cortexa9_0/libsrc/gpiops_v3_11/src"

TRACE::2026-05-03.19:35:10::SCWMssOS::make -C ps7_cortexa9_0/libsrc/gpiops_v3_11/src -s include  "SHELL=CMD" "COMPILER=arm-none-eabi-gcc" "ASSEMBLER=arm-none-eabi-as
TRACE::2026-05-03.19:35:10::SCWMssOS::" "ARCHIVER=arm-none-eabi-ar" "COMPILER_FLAGS=  -O2 -c" "EXTRA_COMPILER_FLAGS=-mcpu=cortex-a9 -mfpu=vfpv3 -mfloat-abi=hard -nos
TRACE::2026-05-03.19:35:10::SCWMssOS::tartfiles -g -Wall -Wextra -fno-tree-loop-distribute-patterns"

TRACE::2026-05-03.19:35:10::SCWMssOS::"Running Make include in ps7_cortexa9_0/libsrc/gpio_v4_9/src"

TRACE::2026-05-03.19:35:10::SCWMssOS::make -C ps7_cortexa9_0/libsrc/gpio_v4_9/src -s include  "SHELL=CMD" "COMPILER=arm-none-eabi-gcc" "ASSEMBLER=arm-none-eabi-as" "
TRACE::2026-05-03.19:35:10::SCWMssOS::ARCHIVER=arm-none-eabi-ar" "COMPILER_FLAGS=  -O2 -c" "EXTRA_COMPILER_FLAGS=-mcpu=cortex-a9 -mfpu=vfpv3 -mfloat-abi=hard -nostar
TRACE::2026-05-03.19:35:10::SCWMssOS::tfiles -g -Wall -Wextra -fno-tree-loop-distribute-patterns"

TRACE::2026-05-03.19:35:10::SCWMssOS::"Running Make include in ps7_cortexa9_0/libsrc/qspips_v3_10/src"

TRACE::2026-05-03.19:35:10::SCWMssOS::make -C ps7_cortexa9_0/libsrc/qspips_v3_10/src -s include  "SHELL=CMD" "COMPILER=arm-none-eabi-gcc" "ASSEMBLER=arm-none-eabi-as
TRACE::2026-05-03.19:35:10::SCWMssOS::" "ARCHIVER=arm-none-eabi-ar" "COMPILER_FLAGS=  -O2 -c" "EXTRA_COMPILER_FLAGS=-mcpu=cortex-a9 -mfpu=vfpv3 -mfloat-abi=hard -nos
TRACE::2026-05-03.19:35:10::SCWMssOS::tartfiles -g -Wall -Wextra -fno-tree-loop-distribute-patterns"

TRACE::2026-05-03.19:35:10::SCWMssOS::"Running Make include in ps7_cortexa9_0/libsrc/scugic_v5_1/src"

TRACE::2026-05-03.19:35:10::SCWMssOS::make -C ps7_cortexa9_0/libsrc/scugic_v5_1/src -s include  "SHELL=CMD" "COMPILER=arm-none-eabi-gcc" "ASSEMBLER=arm-none-eabi-as"
TRACE::2026-05-03.19:35:10::SCWMssOS:: "ARCHIVER=arm-none-eabi-ar" "COMPILER_FLAGS=  -O2 -c" "EXTRA_COMPILER_FLAGS=-mcpu=cortex-a9 -mfpu=vfpv3 -mfloat-abi=hard -nost
TRACE::2026-05-03.19:35:10::SCWMssOS::artfiles -g -Wall -Wextra -fno-tree-loop-distribute-patterns"

TRACE::2026-05-03.19:35:10::SCWMssOS::"Running Make include in ps7_cortexa9_0/libsrc/scutimer_v2_4/src"

TRACE::2026-05-03.19:35:10::SCWMssOS::make -C ps7_cortexa9_0/libsrc/scutimer_v2_4/src -s include  "SHELL=CMD" "COMPILER=arm-none-eabi-gcc" "ASSEMBLER=arm-none-eabi-a
TRACE::2026-05-03.19:35:10::SCWMssOS::s" "ARCHIVER=arm-none-eabi-ar" "COMPILER_FLAGS=  -O2 -c" "EXTRA_COMPILER_FLAGS=-mcpu=cortex-a9 -mfpu=vfpv3 -mfloat-abi=hard -no
TRACE::2026-05-03.19:35:10::SCWMssOS::startfiles -g -Wall -Wextra -fno-tree-loop-distribute-patterns"

TRACE::2026-05-03.19:35:10::SCWMssOS::"Running Make include in ps7_cortexa9_0/libsrc/scuwdt_v2_4/src"

TRACE::2026-05-03.19:35:10::SCWMssOS::make -C ps7_cortexa9_0/libsrc/scuwdt_v2_4/src -s include  "SHELL=CMD" "COMPILER=arm-none-eabi-gcc" "ASSEMBLER=arm-none-eabi-as"
TRACE::2026-05-03.19:35:10::SCWMssOS:: "ARCHIVER=arm-none-eabi-ar" "COMPILER_FLAGS=  -O2 -c" "EXTRA_COMPILER_FLAGS=-mcpu=cortex-a9 -mfpu=vfpv3 -mfloat-abi=hard -nost
TRACE::2026-05-03.19:35:10::SCWMssOS::artfiles -g -Wall -Wextra -fno-tree-loop-distribute-patterns"

TRACE::2026-05-03.19:35:10::SCWMssOS::"Running Make include in ps7_cortexa9_0/libsrc/sdps_v4_1/src"

TRACE::2026-05-03.19:35:10::SCWMssOS::make -C ps7_cortexa9_0/libsrc/sdps_v4_1/src -s include  "SHELL=CMD" "COMPILER=arm-none-eabi-gcc" "ASSEMBLER=arm-none-eabi-as" "
TRACE::2026-05-03.19:35:10::SCWMssOS::ARCHIVER=arm-none-eabi-ar" "COMPILER_FLAGS=  -O2 -c" "EXTRA_COMPILER_FLAGS=-mcpu=cortex-a9 -mfpu=vfpv3 -mfloat-abi=hard -nostar
TRACE::2026-05-03.19:35:10::SCWMssOS::tfiles -g -Wall -Wextra -fno-tree-loop-distribute-patterns"

TRACE::2026-05-03.19:35:10::SCWMssOS::"Running Make include in ps7_cortexa9_0/libsrc/standalone_v8_1/src"

TRACE::2026-05-03.19:35:10::SCWMssOS::make -C ps7_cortexa9_0/libsrc/standalone_v8_1/src -s include  "SHELL=CMD" "COMPILER=arm-none-eabi-gcc" "ASSEMBLER=arm-none-eabi
TRACE::2026-05-03.19:35:10::SCWMssOS::-as" "ARCHIVER=arm-none-eabi-ar" "COMPILER_FLAGS=  -O2 -c" "EXTRA_COMPILER_FLAGS=-mcpu=cortex-a9 -mfpu=vfpv3 -mfloat-abi=hard -
TRACE::2026-05-03.19:35:10::SCWMssOS::nostartfiles -g -Wall -Wextra -fno-tree-loop-distribute-patterns"

TRACE::2026-05-03.19:35:10::SCWMssOS::"Running Make include in ps7_cortexa9_0/libsrc/uartps_v3_12/src"

TRACE::2026-05-03.19:35:10::SCWMssOS::make -C ps7_cortexa9_0/libsrc/uartps_v3_12/src -s include  "SHELL=CMD" "COMPILER=arm-none-eabi-gcc" "ASSEMBLER=arm-none-eabi-as
TRACE::2026-05-03.19:35:10::SCWMssOS::" "ARCHIVER=arm-none-eabi-ar" "COMPILER_FLAGS=  -O2 -c" "EXTRA_COMPILER_FLAGS=-mcpu=cortex-a9 -mfpu=vfpv3 -mfloat-abi=hard -nos
TRACE::2026-05-03.19:35:10::SCWMssOS::tartfiles -g -Wall -Wextra -fno-tree-loop-distribute-patterns"

TRACE::2026-05-03.19:35:10::SCWMssOS::"Running Make include in ps7_cortexa9_0/libsrc/usbps_v2_7/src"

TRACE::2026-05-03.19:35:10::SCWMssOS::make -C ps7_cortexa9_0/libsrc/usbps_v2_7/src -s include  "SHELL=CMD" "COMPILER=arm-none-eabi-gcc" "ASSEMBLER=arm-none-eabi-as" 
TRACE::2026-05-03.19:35:10::SCWMssOS::"ARCHIVER=arm-none-eabi-ar" "COMPILER_FLAGS=  -O2 -c" "EXTRA_COMPILER_FLAGS=-mcpu=cortex-a9 -mfpu=vfpv3 -mfloat-abi=hard -nosta
TRACE::2026-05-03.19:35:10::SCWMssOS::rtfiles -g -Wall -Wextra -fno-tree-loop-distribute-patterns"

TRACE::2026-05-03.19:35:10::SCWMssOS::"Running Make include in ps7_cortexa9_0/libsrc/xadcps_v2_6/src"

TRACE::2026-05-03.19:35:10::SCWMssOS::make -C ps7_cortexa9_0/libsrc/xadcps_v2_6/src -s include  "SHELL=CMD" "COMPILER=arm-none-eabi-gcc" "ASSEMBLER=arm-none-eabi-as"
TRACE::2026-05-03.19:35:10::SCWMssOS:: "ARCHIVER=arm-none-eabi-ar" "COMPILER_FLAGS=  -O2 -c" "EXTRA_COMPILER_FLAGS=-mcpu=cortex-a9 -mfpu=vfpv3 -mfloat-abi=hard -nost
TRACE::2026-05-03.19:35:10::SCWMssOS::artfiles -g -Wall -Wextra -fno-tree-loop-distribute-patterns"

TRACE::2026-05-03.19:35:10::SCWMssOS::"Running Make libs in ps7_cortexa9_0/libsrc/bram_v4_8/src"

TRACE::2026-05-03.19:35:10::SCWMssOS::make -C ps7_cortexa9_0/libsrc/bram_v4_8/src -s libs  "SHELL=CMD" "COMPILER=arm-none-eabi-gcc" "ASSEMBLER=arm-none-eabi-as" "ARC
TRACE::2026-05-03.19:35:10::SCWMssOS::HIVER=arm-none-eabi-ar" "COMPILER_FLAGS=  -O2 -c" "EXTRA_COMPILER_FLAGS=-mcpu=cortex-a9 -mfpu=vfpv3 -mfloat-abi=hard -nostartfi
TRACE::2026-05-03.19:35:10::SCWMssOS::les -g -Wall -Wextra -fno-tree-loop-distribute-patterns"

TRACE::2026-05-03.19:35:10::SCWMssOS::"Running Make libs in ps7_cortexa9_0/libsrc/coresightps_dcc_v1_8/src"

TRACE::2026-05-03.19:35:10::SCWMssOS::make -C ps7_cortexa9_0/libsrc/coresightps_dcc_v1_8/src -s libs  "SHELL=CMD" "COMPILER=arm-none-eabi-gcc" "ASSEMBLER=arm-none-ea
TRACE::2026-05-03.19:35:10::SCWMssOS::bi-as" "ARCHIVER=arm-none-eabi-ar" "COMPILER_FLAGS=  -O2 -c" "EXTRA_COMPILER_FLAGS=-mcpu=cortex-a9 -mfpu=vfpv3 -mfloat-abi=hard
TRACE::2026-05-03.19:35:10::SCWMssOS:: -nostartfiles -g -Wall -Wextra -fno-tree-loop-distribute-patterns"

TRACE::2026-05-03.19:35:11::SCWMssOS::"Running Make libs in ps7_cortexa9_0/libsrc/cpu_cortexa9_v2_11/src"

TRACE::2026-05-03.19:35:11::SCWMssOS::make -C ps7_cortexa9_0/libsrc/cpu_cortexa9_v2_11/src -s libs  "SHELL=CMD" "COMPILER=arm-none-eabi-gcc" "ASSEMBLER=arm-none-eabi
TRACE::2026-05-03.19:35:11::SCWMssOS::-as" "ARCHIVER=arm-none-eabi-ar" "COMPILER_FLAGS=  -O2 -c" "EXTRA_COMPILER_FLAGS=-mcpu=cortex-a9 -mfpu=vfpv3 -mfloat-abi=hard -
TRACE::2026-05-03.19:35:11::SCWMssOS::nostartfiles -g -Wall -Wextra -fno-tree-loop-distribute-patterns"

TRACE::2026-05-03.19:35:11::SCWMssOS::"Running Make libs in ps7_cortexa9_0/libsrc/ddrps_v1_2/src"

TRACE::2026-05-03.19:35:11::SCWMssOS::make -C ps7_cortexa9_0/libsrc/ddrps_v1_2/src -s libs  "SHELL=CMD" "COMPILER=arm-none-eabi-gcc" "ASSEMBLER=arm-none-eabi-as" "AR
TRACE::2026-05-03.19:35:11::SCWMssOS::CHIVER=arm-none-eabi-ar" "COMPILER_FLAGS=  -O2 -c" "EXTRA_COMPILER_FLAGS=-mcpu=cortex-a9 -mfpu=vfpv3 -mfloat-abi=hard -nostartf
TRACE::2026-05-03.19:35:11::SCWMssOS::iles -g -Wall -Wextra -fno-tree-loop-distribute-patterns"

TRACE::2026-05-03.19:35:11::SCWMssOS::"Running Make libs in ps7_cortexa9_0/libsrc/devcfg_v3_7/src"

TRACE::2026-05-03.19:35:11::SCWMssOS::make -C ps7_cortexa9_0/libsrc/devcfg_v3_7/src -s libs  "SHELL=CMD" "COMPILER=arm-none-eabi-gcc" "ASSEMBLER=arm-none-eabi-as" "A
TRACE::2026-05-03.19:35:11::SCWMssOS::RCHIVER=arm-none-eabi-ar" "COMPILER_FLAGS=  -O2 -c" "EXTRA_COMPILER_FLAGS=-mcpu=cortex-a9 -mfpu=vfpv3 -mfloat-abi=hard -nostart
TRACE::2026-05-03.19:35:11::SCWMssOS::files -g -Wall -Wextra -fno-tree-loop-distribute-patterns"

TRACE::2026-05-03.19:35:11::SCWMssOS::"Running Make libs in ps7_cortexa9_0/libsrc/dmaps_v2_8/src"

TRACE::2026-05-03.19:35:11::SCWMssOS::make -C ps7_cortexa9_0/libsrc/dmaps_v2_8/src -s libs  "SHELL=CMD" "COMPILER=arm-none-eabi-gcc" "ASSEMBLER=arm-none-eabi-as" "AR
TRACE::2026-05-03.19:35:11::SCWMssOS::CHIVER=arm-none-eabi-ar" "COMPILER_FLAGS=  -O2 -c" "EXTRA_COMPILER_FLAGS=-mcpu=cortex-a9 -mfpu=vfpv3 -mfloat-abi=hard -nostartf
TRACE::2026-05-03.19:35:11::SCWMssOS::iles -g -Wall -Wextra -fno-tree-loop-distribute-patterns"

TRACE::2026-05-03.19:35:11::SCWMssOS::"Running Make libs in ps7_cortexa9_0/libsrc/emacps_v3_18/src"

TRACE::2026-05-03.19:35:11::SCWMssOS::make -C ps7_cortexa9_0/libsrc/emacps_v3_18/src -s libs  "SHELL=CMD" "COMPILER=arm-none-eabi-gcc" "ASSEMBLER=arm-none-eabi-as" "
TRACE::2026-05-03.19:35:11::SCWMssOS::ARCHIVER=arm-none-eabi-ar" "COMPILER_FLAGS=  -O2 -c" "EXTRA_COMPILER_FLAGS=-mcpu=cortex-a9 -mfpu=vfpv3 -mfloat-abi=hard -nostar
TRACE::2026-05-03.19:35:11::SCWMssOS::tfiles -g -Wall -Wextra -fno-tree-loop-distribute-patterns"

TRACE::2026-05-03.19:35:11::SCWMssOS::"Running Make libs in ps7_cortexa9_0/libsrc/gpiops_v3_11/src"

TRACE::2026-05-03.19:35:11::SCWMssOS::make -C ps7_cortexa9_0/libsrc/gpiops_v3_11/src -s libs  "SHELL=CMD" "COMPILER=arm-none-eabi-gcc" "ASSEMBLER=arm-none-eabi-as" "
TRACE::2026-05-03.19:35:11::SCWMssOS::ARCHIVER=arm-none-eabi-ar" "COMPILER_FLAGS=  -O2 -c" "EXTRA_COMPILER_FLAGS=-mcpu=cortex-a9 -mfpu=vfpv3 -mfloat-abi=hard -nostar
TRACE::2026-05-03.19:35:11::SCWMssOS::tfiles -g -Wall -Wextra -fno-tree-loop-distribute-patterns"

TRACE::2026-05-03.19:35:11::SCWMssOS::"Running Make libs in ps7_cortexa9_0/libsrc/gpio_v4_9/src"

TRACE::2026-05-03.19:35:11::SCWMssOS::make -C ps7_cortexa9_0/libsrc/gpio_v4_9/src -s libs  "SHELL=CMD" "COMPILER=arm-none-eabi-gcc" "ASSEMBLER=arm-none-eabi-as" "ARC
TRACE::2026-05-03.19:35:11::SCWMssOS::HIVER=arm-none-eabi-ar" "COMPILER_FLAGS=  -O2 -c" "EXTRA_COMPILER_FLAGS=-mcpu=cortex-a9 -mfpu=vfpv3 -mfloat-abi=hard -nostartfi
TRACE::2026-05-03.19:35:11::SCWMssOS::les -g -Wall -Wextra -fno-tree-loop-distribute-patterns"

TRACE::2026-05-03.19:35:11::SCWMssOS::"Running Make libs in ps7_cortexa9_0/libsrc/qspips_v3_10/src"

TRACE::2026-05-03.19:35:11::SCWMssOS::make -C ps7_cortexa9_0/libsrc/qspips_v3_10/src -s libs  "SHELL=CMD" "COMPILER=arm-none-eabi-gcc" "ASSEMBLER=arm-none-eabi-as" "
TRACE::2026-05-03.19:35:11::SCWMssOS::ARCHIVER=arm-none-eabi-ar" "COMPILER_FLAGS=  -O2 -c" "EXTRA_COMPILER_FLAGS=-mcpu=cortex-a9 -mfpu=vfpv3 -mfloat-abi=hard -nostar
TRACE::2026-05-03.19:35:11::SCWMssOS::tfiles -g -Wall -Wextra -fno-tree-loop-distribute-patterns"

TRACE::2026-05-03.19:35:11::SCWMssOS::"Running Make libs in ps7_cortexa9_0/libsrc/scugic_v5_1/src"

TRACE::2026-05-03.19:35:11::SCWMssOS::make -C ps7_cortexa9_0/libsrc/scugic_v5_1/src -s libs  "SHELL=CMD" "COMPILER=arm-none-eabi-gcc" "ASSEMBLER=arm-none-eabi-as" "A
TRACE::2026-05-03.19:35:11::SCWMssOS::RCHIVER=arm-none-eabi-ar" "COMPILER_FLAGS=  -O2 -c" "EXTRA_COMPILER_FLAGS=-mcpu=cortex-a9 -mfpu=vfpv3 -mfloat-abi=hard -nostart
TRACE::2026-05-03.19:35:11::SCWMssOS::files -g -Wall -Wextra -fno-tree-loop-distribute-patterns"

TRACE::2026-05-03.19:35:11::SCWMssOS::"Running Make libs in ps7_cortexa9_0/libsrc/scutimer_v2_4/src"

TRACE::2026-05-03.19:35:11::SCWMssOS::make -C ps7_cortexa9_0/libsrc/scutimer_v2_4/src -s libs  "SHELL=CMD" "COMPILER=arm-none-eabi-gcc" "ASSEMBLER=arm-none-eabi-as" 
TRACE::2026-05-03.19:35:11::SCWMssOS::"ARCHIVER=arm-none-eabi-ar" "COMPILER_FLAGS=  -O2 -c" "EXTRA_COMPILER_FLAGS=-mcpu=cortex-a9 -mfpu=vfpv3 -mfloat-abi=hard -nosta
TRACE::2026-05-03.19:35:11::SCWMssOS::rtfiles -g -Wall -Wextra -fno-tree-loop-distribute-patterns"

TRACE::2026-05-03.19:35:11::SCWMssOS::"Running Make libs in ps7_cortexa9_0/libsrc/scuwdt_v2_4/src"

TRACE::2026-05-03.19:35:11::SCWMssOS::make -C ps7_cortexa9_0/libsrc/scuwdt_v2_4/src -s libs  "SHELL=CMD" "COMPILER=arm-none-eabi-gcc" "ASSEMBLER=arm-none-eabi-as" "A
TRACE::2026-05-03.19:35:11::SCWMssOS::RCHIVER=arm-none-eabi-ar" "COMPILER_FLAGS=  -O2 -c" "EXTRA_COMPILER_FLAGS=-mcpu=cortex-a9 -mfpu=vfpv3 -mfloat-abi=hard -nostart
TRACE::2026-05-03.19:35:11::SCWMssOS::files -g -Wall -Wextra -fno-tree-loop-distribute-patterns"

TRACE::2026-05-03.19:35:11::SCWMssOS::"Running Make libs in ps7_cortexa9_0/libsrc/sdps_v4_1/src"

TRACE::2026-05-03.19:35:11::SCWMssOS::make -C ps7_cortexa9_0/libsrc/sdps_v4_1/src -s libs  "SHELL=CMD" "COMPILER=arm-none-eabi-gcc" "ASSEMBLER=arm-none-eabi-as" "ARC
TRACE::2026-05-03.19:35:11::SCWMssOS::HIVER=arm-none-eabi-ar" "COMPILER_FLAGS=  -O2 -c" "EXTRA_COMPILER_FLAGS=-mcpu=cortex-a9 -mfpu=vfpv3 -mfloat-abi=hard -nostartfi
TRACE::2026-05-03.19:35:11::SCWMssOS::les -g -Wall -Wextra -fno-tree-loop-distribute-patterns"

TRACE::2026-05-03.19:35:11::SCWMssOS::"Running Make libs in ps7_cortexa9_0/libsrc/standalone_v8_1/src"

TRACE::2026-05-03.19:35:11::SCWMssOS::make -C ps7_cortexa9_0/libsrc/standalone_v8_1/src -s libs  "SHELL=CMD" "COMPILER=arm-none-eabi-gcc" "ASSEMBLER=arm-none-eabi-as
TRACE::2026-05-03.19:35:11::SCWMssOS::" "ARCHIVER=arm-none-eabi-ar" "COMPILER_FLAGS=  -O2 -c" "EXTRA_COMPILER_FLAGS=-mcpu=cortex-a9 -mfpu=vfpv3 -mfloat-abi=hard -nos
TRACE::2026-05-03.19:35:11::SCWMssOS::tartfiles -g -Wall -Wextra -fno-tree-loop-distribute-patterns"

TRACE::2026-05-03.19:35:11::SCWMssOS::"Running Make libs in ps7_cortexa9_0/libsrc/uartps_v3_12/src"

TRACE::2026-05-03.19:35:11::SCWMssOS::make -C ps7_cortexa9_0/libsrc/uartps_v3_12/src -s libs  "SHELL=CMD" "COMPILER=arm-none-eabi-gcc" "ASSEMBLER=arm-none-eabi-as" "
TRACE::2026-05-03.19:35:11::SCWMssOS::ARCHIVER=arm-none-eabi-ar" "COMPILER_FLAGS=  -O2 -c" "EXTRA_COMPILER_FLAGS=-mcpu=cortex-a9 -mfpu=vfpv3 -mfloat-abi=hard -nostar
TRACE::2026-05-03.19:35:11::SCWMssOS::tfiles -g -Wall -Wextra -fno-tree-loop-distribute-patterns"

TRACE::2026-05-03.19:35:11::SCWMssOS::"Running Make libs in ps7_cortexa9_0/libsrc/usbps_v2_7/src"

TRACE::2026-05-03.19:35:11::SCWMssOS::make -C ps7_cortexa9_0/libsrc/usbps_v2_7/src -s libs  "SHELL=CMD" "COMPILER=arm-none-eabi-gcc" "ASSEMBLER=arm-none-eabi-as" "AR
TRACE::2026-05-03.19:35:11::SCWMssOS::CHIVER=arm-none-eabi-ar" "COMPILER_FLAGS=  -O2 -c" "EXTRA_COMPILER_FLAGS=-mcpu=cortex-a9 -mfpu=vfpv3 -mfloat-abi=hard -nostartf
TRACE::2026-05-03.19:35:11::SCWMssOS::iles -g -Wall -Wextra -fno-tree-loop-distribute-patterns"

TRACE::2026-05-03.19:35:11::SCWMssOS::"Running Make libs in ps7_cortexa9_0/libsrc/xadcps_v2_6/src"

TRACE::2026-05-03.19:35:11::SCWMssOS::make -C ps7_cortexa9_0/libsrc/xadcps_v2_6/src -s libs  "SHELL=CMD" "COMPILER=arm-none-eabi-gcc" "ASSEMBLER=arm-none-eabi-as" "A
TRACE::2026-05-03.19:35:11::SCWMssOS::RCHIVER=arm-none-eabi-ar" "COMPILER_FLAGS=  -O2 -c" "EXTRA_COMPILER_FLAGS=-mcpu=cortex-a9 -mfpu=vfpv3 -mfloat-abi=hard -nostart
TRACE::2026-05-03.19:35:11::SCWMssOS::files -g -Wall -Wextra -fno-tree-loop-distribute-patterns"

TRACE::2026-05-03.19:35:12::SCWMssOS::'Finished building libraries parallelly.'

TRACE::2026-05-03.19:35:12::SCWMssOS::make --no-print-directory archive

TRACE::2026-05-03.19:35:12::SCWMssOS::arm-none-eabi-ar -r  ps7_cortexa9_0/lib/libxil.a ps7_cortexa9_0/lib/_exit.o ps7_cortexa9_0/lib/_open.o ps7_cortexa9_0/lib/_sbrk
TRACE::2026-05-03.19:35:12::SCWMssOS::.o ps7_cortexa9_0/lib/abort.o ps7_cortexa9_0/lib/asm_vectors.o ps7_cortexa9_0/lib/boot.o ps7_cortexa9_0/lib/close.o ps7_cortexa
TRACE::2026-05-03.19:35:12::SCWMssOS::9_0/lib/cpputest_time.o ps7_cortexa9_0/lib/cpu_init.o ps7_cortexa9_0/lib/errno.o ps7_cortexa9_0/lib/fcntl.o ps7_cortexa9_0/lib/
TRACE::2026-05-03.19:35:12::SCWMssOS::fstat.o ps7_cortexa9_0/lib/getentropy.o ps7_cortexa9_0/lib/getpid.o ps7_cortexa9_0/lib/inbyte.o ps7_cortexa9_0/lib/isatty.o ps7
TRACE::2026-05-03.19:35:12::SCWMssOS::_cortexa9_0/lib/kill.o ps7_cortexa9_0/lib/lseek.o ps7_cortexa9_0/lib/open.o ps7_cortexa9_0/lib/outbyte.o ps7_cortexa9_0/lib/pri
TRACE::2026-05-03.19:35:12::SCWMssOS::nt.o ps7_cortexa9_0/lib/putnum.o ps7_cortexa9_0/lib/read.o ps7_cortexa9_0/lib/sbrk.o ps7_cortexa9_0/lib/sleep.o ps7_cortexa9_0/
TRACE::2026-05-03.19:35:12::SCWMssOS::lib/time.o ps7_cortexa9_0/lib/translation_table.o ps7_cortexa9_0/lib/unlink.o ps7_cortexa9_0/lib/usleep.o ps7_cortexa9_0/lib/ve
TRACE::2026-05-03.19:35:12::SCWMssOS::ctors.o ps7_cortexa9_0/lib/write.o ps7_cortexa9_0/lib/xadcps.o ps7_cortexa9_0/lib/xadcps_g.o ps7_cortexa9_0/lib/xadcps_intr.o p
TRACE::2026-05-03.19:35:12::SCWMssOS::s7_cortexa9_0/lib/xadcps_selftest.o ps7_cortexa9_0/lib/xadcps_sinit.o ps7_cortexa9_0/lib/xbram.o ps7_cortexa9_0/lib/xbram_g.o p
TRACE::2026-05-03.19:35:12::SCWMssOS::s7_cortexa9_0/lib/xbram_intr.o ps7_cortexa9_0/lib/xbram_selftest.o ps7_cortexa9_0/lib/xbram_sinit.o ps7_cortexa9_0/lib/xcoresig
TRACE::2026-05-03.19:35:12::SCWMssOS::htpsdcc.o ps7_cortexa9_0/lib/xdevcfg.o ps7_cortexa9_0/lib/xdevcfg_g.o ps7_cortexa9_0/lib/xdevcfg_hw.o ps7_cortexa9_0/lib/xdevcf
TRACE::2026-05-03.19:35:12::SCWMssOS::g_intr.o ps7_cortexa9_0/lib/xdevcfg_selftest.o ps7_cortexa9_0/lib/xdevcfg_sinit.o ps7_cortexa9_0/lib/xdmaps.o ps7_cortexa9_0/li
TRACE::2026-05-03.19:35:12::SCWMssOS::b/xdmaps_g.o ps7_cortexa9_0/lib/xdmaps_hw.o ps7_cortexa9_0/lib/xdmaps_selftest.o ps7_cortexa9_0/lib/xdmaps_sinit.o ps7_cortexa9
TRACE::2026-05-03.19:35:12::SCWMssOS::_0/lib/xemacps.o ps7_cortexa9_0/lib/xemacps_bdring.o ps7_cortexa9_0/lib/xemacps_control.o ps7_cortexa9_0/lib/xemacps_g.o ps7_co
TRACE::2026-05-03.19:35:12::SCWMssOS::rtexa9_0/lib/xemacps_hw.o ps7_cortexa9_0/lib/xemacps_intr.o ps7_cortexa9_0/lib/xemacps_sinit.o ps7_cortexa9_0/lib/xgpio.o ps7_c
TRACE::2026-05-03.19:35:12::SCWMssOS::ortexa9_0/lib/xgpio_extra.o ps7_cortexa9_0/lib/xgpio_g.o ps7_cortexa9_0/lib/xgpio_intr.o ps7_cortexa9_0/lib/xgpio_selftest.o ps
TRACE::2026-05-03.19:35:12::SCWMssOS::7_cortexa9_0/lib/xgpio_sinit.o ps7_cortexa9_0/lib/xgpiops.o ps7_cortexa9_0/lib/xgpiops_g.o ps7_cortexa9_0/lib/xgpiops_hw.o ps7_
TRACE::2026-05-03.19:35:12::SCWMssOS::cortexa9_0/lib/xgpiops_intr.o ps7_cortexa9_0/lib/xgpiops_selftest.o ps7_cortexa9_0/lib/xgpiops_sinit.o ps7_cortexa9_0/lib/xil-c
TRACE::2026-05-03.19:35:12::SCWMssOS::rt0.o ps7_cortexa9_0/lib/xil_assert.o ps7_cortexa9_0/lib/xil_cache.o ps7_cortexa9_0/lib/xil_clocking.o ps7_cortexa9_0/lib/xil_e
TRACE::2026-05-03.19:35:12::SCWMssOS::xception.o ps7_cortexa9_0/lib/xil_mem.o ps7_cortexa9_0/lib/xil_misc_psreset_api.o ps7_cortexa9_0/lib/xil_mmu.o ps7_cortexa9_0/l
TRACE::2026-05-03.19:35:12::SCWMssOS::ib/xil_printf.o ps7_cortexa9_0/lib/xil_sleepcommon.o ps7_cortexa9_0/lib/xil_sleeptimer.o ps7_cortexa9_0/lib/xil_spinlock.o ps7_
TRACE::2026-05-03.19:35:12::SCWMssOS::cortexa9_0/lib/xil_testcache.o ps7_cortexa9_0/lib/xil_testio.o ps7_cortexa9_0/lib/xil_testmem.o ps7_cortexa9_0/lib/xil_util.o p
TRACE::2026-05-03.19:35:12::SCWMssOS::s7_cortexa9_0/lib/xinterrupt_wrap.o ps7_cortexa9_0/lib/xl2cc_counter.o ps7_cortexa9_0/lib/xplatform_info.o ps7_cortexa9_0/lib/x
TRACE::2026-05-03.19:35:12::SCWMssOS::pm_counter.o ps7_cortexa9_0/lib/xqspips.o ps7_cortexa9_0/lib/xqspips_g.o ps7_cortexa9_0/lib/xqspips_hw.o ps7_cortexa9_0/lib/xqs
TRACE::2026-05-03.19:35:12::SCWMssOS::pips_options.o ps7_cortexa9_0/lib/xqspips_selftest.o ps7_cortexa9_0/lib/xqspips_sinit.o ps7_cortexa9_0/lib/xscugic.o ps7_cortex
TRACE::2026-05-03.19:35:12::SCWMssOS::a9_0/lib/xscugic_g.o ps7_cortexa9_0/lib/xscugic_hw.o ps7_cortexa9_0/lib/xscugic_intr.o ps7_cortexa9_0/lib/xscugic_selftest.o ps
TRACE::2026-05-03.19:35:12::SCWMssOS::7_cortexa9_0/lib/xscugic_sinit.o ps7_cortexa9_0/lib/xscutimer.o ps7_cortexa9_0/lib/xscutimer_g.o ps7_cortexa9_0/lib/xscutimer_s
TRACE::2026-05-03.19:35:12::SCWMssOS::elftest.o ps7_cortexa9_0/lib/xscutimer_sinit.o ps7_cortexa9_0/lib/xscuwdt.o ps7_cortexa9_0/lib/xscuwdt_g.o ps7_cortexa9_0/lib/x
TRACE::2026-05-03.19:35:12::SCWMssOS::scuwdt_selftest.o ps7_cortexa9_0/lib/xscuwdt_sinit.o ps7_cortexa9_0/lib/xsdps.o ps7_cortexa9_0/lib/xsdps_card.o ps7_cortexa9_0/
TRACE::2026-05-03.19:35:12::SCWMssOS::lib/xsdps_g.o ps7_cortexa9_0/lib/xsdps_host.o ps7_cortexa9_0/lib/xsdps_options.o ps7_cortexa9_0/lib/xsdps_sinit.o ps7_cortexa9_
TRACE::2026-05-03.19:35:12::SCWMssOS::0/lib/xtime_l.o ps7_cortexa9_0/lib/xuartps.o ps7_cortexa9_0/lib/xuartps_g.o ps7_cortexa9_0/lib/xuartps_hw.o ps7_cortexa9_0/lib/
TRACE::2026-05-03.19:35:12::SCWMssOS::xuartps_intr.o ps7_cortexa9_0/lib/xuartps_options.o ps7_cortexa9_0/lib/xuartps_selftest.o ps7_cortexa9_0/lib/xuartps_sinit.o ps
TRACE::2026-05-03.19:35:12::SCWMssOS::7_cortexa9_0/lib/xusbps.o ps7_cortexa9_0/lib/xusbps_endpoint.o ps7_cortexa9_0/lib/xusbps_g.o ps7_cortexa9_0/lib/xusbps_hw.o ps7
TRACE::2026-05-03.19:35:12::SCWMssOS::_cortexa9_0/lib/xusbps_intr.o ps7_cortexa9_0/lib/xusbps_sinit.o

TRACE::2026-05-03.19:35:12::SCWMssOS::'Finished building libraries'

TRACE::2026-05-03.19:35:12::SCWMssOS:: Checking if to create the Supporting Applications
TRACE::2026-05-03.19:35:12::SCWMssOS:: No Linux domain exists, trying to generate FSBL 
LOG::2026-05-03.19:35:12::SCWSystem::Completed Processing the domain standalone_domain
LOG::2026-05-03.19:35:12::SCWSystem::Completed Processing the sysconfig zybo_z7_10_plat
LOG::2026-05-03.19:35:12::SCWPlatform::Completed generating the artifacts for system configuration zybo_z7_10_plat
TRACE::2026-05-03.19:35:12::SCWPlatform::Started preparing the platform 
TRACE::2026-05-03.19:35:12::SCWSystem::Writing the bif file for system config zybo_z7_10_plat
TRACE::2026-05-03.19:35:12::SCWSystem::dir created 
TRACE::2026-05-03.19:35:12::SCWSystem::Writing the bif 
TRACE::2026-05-03.19:35:12::SCWPlatform::Started writing the spfm file 
TRACE::2026-05-03.19:35:12::SCWPlatform::Started writing the xpfm file 
TRACE::2026-05-03.19:35:12::SCWPlatform::Completed generating the platform
TRACE::2026-05-03.19:35:12::SCWMssOS::Saving the mss changes C:/Users/khuon/ECE520/final_project/vitis_application/zybo_z7_10_plat/zynq_fsbl/zynq_fsbl_bsp/system.mss
TRACE::2026-05-03.19:35:12::SCWMssOS::Found a swdesign opened with the mssfile.
TRACE::2026-05-03.19:35:12::SCWMssOS::Completed writemss as part of save.
TRACE::2026-05-03.19:35:12::SCWMssOS::Commit changes completed.
TRACE::2026-05-03.19:35:12::SCWMssOS::Saving the mss changes C:/Users/khuon/ECE520/final_project/vitis_application/zybo_z7_10_plat/ps7_cortexa9_0/standalone_domain/bsp/system.mss
TRACE::2026-05-03.19:35:12::SCWMssOS::Adding the swdes entry, mss present, able to open swdb C:/Users/khuon/ECE520/final_project/vitis_application/zybo_z7_10_plat/ps7_cortexa9_0/standalone_domain/bsp/system.mss with des name system_0
TRACE::2026-05-03.19:35:12::SCWMssOS::Writing the mss file completed C:/Users/khuon/ECE520/final_project/vitis_application/zybo_z7_10_plat/ps7_cortexa9_0/standalone_domain/bsp/system.mss
TRACE::2026-05-03.19:35:12::SCWMssOS::Commit changes completed.
TRACE::2026-05-03.19:35:12::SCWPlatform::Trying to open the hw design at C:/Users/khuon/ECE520/final_project/vitis_application/zybo_z7_10_plat/hw/reactive_scene_top_ps.xsa
TRACE::2026-05-03.19:35:12::SCWPlatform::DSA given C:/Users/khuon/ECE520/final_project/vitis_application/zybo_z7_10_plat/hw/reactive_scene_top_ps.xsa
TRACE::2026-05-03.19:35:12::SCWPlatform::DSA absoulate path C:/Users/khuon/ECE520/final_project/vitis_application/zybo_z7_10_plat/hw/reactive_scene_top_ps.xsa
TRACE::2026-05-03.19:35:12::SCWPlatform::DSA directory C:/Users/khuon/ECE520/final_project/vitis_application/zybo_z7_10_plat/hw
TRACE::2026-05-03.19:35:12::SCWPlatform:: Platform Path C:/Users/khuon/ECE520/final_project/vitis_application/zybo_z7_10_plat/hw/reactive_scene_top_ps.xsa
TRACE::2026-05-03.19:35:12::SCWPlatform:: Unique name xilinx:zybo-z7-10::0.0
TRACE::2026-05-03.19:35:12::SCWPlatform::Trying to set the existing hwdb with name reactive_scene_top_ps_6
TRACE::2026-05-03.19:35:12::SCWPlatform::Opened existing hwdb reactive_scene_top_ps_6
TRACE::2026-05-03.19:35:12::SCWPlatform::Found the Hw Db part of the input DSA
TRACE::2026-05-03.19:35:12::SCWMssOS::Checking the sw design at  C:/Users/khuon/ECE520/final_project/vitis_application/zybo_z7_10_plat/zynq_fsbl/zynq_fsbl_bsp/system.mss
TRACE::2026-05-03.19:35:12::SCWMssOS::DEBUG:  swdes dump  C:/Users/khuon/ECE520/final_project/vitis_application/zybo_z7_10_plat/ps7_cortexa9_0/standalone_domain/bsp/system.mss|system_0||
C:/Users/khuon/ECE520/final_project/vitis_application/zybo_z7_10_plat/zynq_fsbl/zynq_fsbl_bsp/system.mss|system||

TRACE::2026-05-03.19:35:12::SCWMssOS::Sw design exists and opened at  C:/Users/khuon/ECE520/final_project/vitis_application/zybo_z7_10_plat/zynq_fsbl/zynq_fsbl_bsp/system.mss
TRACE::2026-05-03.19:35:12::SCWPlatform::Trying to open the hw design at C:/Users/khuon/ECE520/final_project/vitis_application/zybo_z7_10_plat/hw/reactive_scene_top_ps.xsa
TRACE::2026-05-03.19:35:12::SCWPlatform::DSA given C:/Users/khuon/ECE520/final_project/vitis_application/zybo_z7_10_plat/hw/reactive_scene_top_ps.xsa
TRACE::2026-05-03.19:35:12::SCWPlatform::DSA absoulate path C:/Users/khuon/ECE520/final_project/vitis_application/zybo_z7_10_plat/hw/reactive_scene_top_ps.xsa
TRACE::2026-05-03.19:35:12::SCWPlatform::DSA directory C:/Users/khuon/ECE520/final_project/vitis_application/zybo_z7_10_plat/hw
TRACE::2026-05-03.19:35:12::SCWPlatform:: Platform Path C:/Users/khuon/ECE520/final_project/vitis_application/zybo_z7_10_plat/hw/reactive_scene_top_ps.xsa
TRACE::2026-05-03.19:35:12::SCWPlatform:: Unique name xilinx:zybo-z7-10::0.0
TRACE::2026-05-03.19:35:12::SCWPlatform::Trying to set the existing hwdb with name reactive_scene_top_ps_6
TRACE::2026-05-03.19:35:12::SCWPlatform::Opened existing hwdb reactive_scene_top_ps_6
TRACE::2026-05-03.19:35:12::SCWPlatform::Found the Hw Db part of the input DSA
TRACE::2026-05-03.19:35:12::SCWMssOS::Checking the sw design at  C:/Users/khuon/ECE520/final_project/vitis_application/zybo_z7_10_plat/ps7_cortexa9_0/standalone_domain/bsp/system.mss
TRACE::2026-05-03.19:35:12::SCWMssOS::DEBUG:  swdes dump  C:/Users/khuon/ECE520/final_project/vitis_application/zybo_z7_10_plat/ps7_cortexa9_0/standalone_domain/bsp/system.mss|system_0||
C:/Users/khuon/ECE520/final_project/vitis_application/zybo_z7_10_plat/zynq_fsbl/zynq_fsbl_bsp/system.mss|system||

TRACE::2026-05-03.19:35:12::SCWMssOS::Sw design exists and opened at  C:/Users/khuon/ECE520/final_project/vitis_application/zybo_z7_10_plat/ps7_cortexa9_0/standalone_domain/bsp/system.mss
TRACE::2026-05-03.19:35:12::SCWWriter::formatted JSON is {
	"platformName":	"zybo_z7_10_plat",
	"sprVersion":	"2.0",
	"mode":	"gui",
	"dsaType":	"Fixed",
	"platformDesc":	"zybo_z7_10_plat",
	"platHandOff":	"C:/Users/khuon/ECE520/final_project/phase3_integration/reactive_scene_top_ps.xsa",
	"platIntHandOff":	"<platformDir>/hw/reactive_scene_top_ps.xsa",
	"deviceType":	"zynq",
	"platIsPrebuiltAutogen":	"false",
	"platIsNoBootBsp":	"false",
	"hasFsblMakeHasChanges":	"false",
	"hasPmufwMakeHasChanges":	"false",
	"fsblExtraCompilerFlags":	"-MMD -MP       -mcpu=cortex-a9 -mfpu=vfpv3 -mfloat-abi=hard ",
	"platPreBuiltFlag":	false,
	"platformSamplesDir":	"",
	"platActiveSys":	"zybo_z7_10_plat",
	"systems":	[{
			"systemName":	"zybo_z7_10_plat",
			"systemDesc":	"zybo_z7_10_plat",
			"sysIsBootAutoGen":	"true",
			"systemDispName":	"zybo_z7_10_plat",
			"sysActiveDom":	"standalone_domain",
			"sysDefaultDom":	"standalone_domain",
			"domains":	[{
					"domainName":	"zynq_fsbl",
					"domainDispName":	"zynq_fsbl",
					"domainDesc":	"FSBL Application BSP - Auto Generated.",
					"processors":	"ps7_cortexa9_0",
					"os":	"standalone",
					"sdxOs":	"standalone",
					"debugEnable":	"",
					"domRuntimes":	["cpp"],
					"swRepo":	"",
					"mssOsVer":	"8.1",
					"mssFile":	"",
					"md5Digest":	"5d56e52180d0bc02e0d42be3c7f1597a1",
					"compatibleApp":	"zynq_fsbl",
					"domType":	"bootDomain",
					"arch":	"32-bit",
					"appSettings":	{
						"appCompilerFlags":	"",
						"appLinkerFlags":	""
					},
					"addedLibs":	["xilffs:5.0", "xilrsa:1.6"],
					"libOptions":	{
						"libsContainingOptions":	[]
					},
					"prebuiltLibs":	{
						"prebuiltIncPath":	[],
						"prebuiltLibPath":	[]
					},
					"isolation":	{
					}
				}, {
					"domainName":	"standalone_domain",
					"domainDispName":	"standalone on ps7_cortexa9_0",
					"domainDesc":	"standalone_domain",
					"processors":	"ps7_cortexa9_0",
					"os":	"standalone",
					"sdxOs":	"standalone",
					"qemuArgs":	"<platformDir>/resources/zybo_z7_10_plat/standalone_domain/qemu_args.txt",
					"qemuData":	"<platformDir>/resources/zybo_z7_10_plat/standalone_domain/qemu",
					"debugEnable":	"False",
					"domRuntimes":	["cpp"],
					"swRepo":	"",
					"mssOsVer":	"8.1",
					"mssFile":	"",
					"md5Digest":	"15de6ed70cac3d5d78676056db89f50d",
					"compatibleApp":	"",
					"domType":	"mssDomain",
					"appSettings":	{
						"appCompilerFlags":	"",
						"appLinkerFlags":	""
					},
					"addedLibs":	[],
					"libOptions":	{
						"libsContainingOptions":	[]
					},
					"prebuiltLibs":	{
						"prebuiltIncPath":	[],
						"prebuiltLibPath":	[]
					},
					"isolation":	{
					}
				}]
		}]
}
KEYINFO::2026-05-03.19:35:12::SCWPlatform::updated the xpfm file.
TRACE::2026-05-03.19:35:13::SCWPlatform::Trying to open the hw design at C:/Users/khuon/ECE520/final_project/vitis_application/zybo_z7_10_plat/hw/reactive_scene_top_ps.xsa
TRACE::2026-05-03.19:35:13::SCWPlatform::DSA given C:/Users/khuon/ECE520/final_project/vitis_application/zybo_z7_10_plat/hw/reactive_scene_top_ps.xsa
TRACE::2026-05-03.19:35:13::SCWPlatform::DSA absoulate path C:/Users/khuon/ECE520/final_project/vitis_application/zybo_z7_10_plat/hw/reactive_scene_top_ps.xsa
TRACE::2026-05-03.19:35:13::SCWPlatform::DSA directory C:/Users/khuon/ECE520/final_project/vitis_application/zybo_z7_10_plat/hw
TRACE::2026-05-03.19:35:13::SCWPlatform:: Platform Path C:/Users/khuon/ECE520/final_project/vitis_application/zybo_z7_10_plat/hw/reactive_scene_top_ps.xsa
TRACE::2026-05-03.19:35:13::SCWPlatform:: Unique name xilinx:zybo-z7-10::0.0
TRACE::2026-05-03.19:35:13::SCWPlatform::Trying to set the existing hwdb with name reactive_scene_top_ps_6
TRACE::2026-05-03.19:35:13::SCWPlatform::Opened existing hwdb reactive_scene_top_ps_6
TRACE::2026-05-03.19:35:13::SCWPlatform::Found the Hw Db part of the input DSA
TRACE::2026-05-03.19:35:13::SCWMssOS::Checking the sw design at  C:/Users/khuon/ECE520/final_project/vitis_application/zybo_z7_10_plat/ps7_cortexa9_0/standalone_domain/bsp/system.mss
TRACE::2026-05-03.19:35:13::SCWMssOS::DEBUG:  swdes dump  C:/Users/khuon/ECE520/final_project/vitis_application/zybo_z7_10_plat/ps7_cortexa9_0/standalone_domain/bsp/system.mss|system_0||
C:/Users/khuon/ECE520/final_project/vitis_application/zybo_z7_10_plat/zynq_fsbl/zynq_fsbl_bsp/system.mss|system||

TRACE::2026-05-03.19:35:13::SCWMssOS::Sw design exists and opened at  C:/Users/khuon/ECE520/final_project/vitis_application/zybo_z7_10_plat/ps7_cortexa9_0/standalone_domain/bsp/system.mss
TRACE::2026-05-03.19:41:10::SCWPlatform::Clearing the existing platform
TRACE::2026-05-03.19:41:10::SCWSystem::Clearing the existing sysconfig
TRACE::2026-05-03.19:41:10::SCWBDomain::clearing the fsbl build
TRACE::2026-05-03.19:41:10::SCWMssOS::Removing the swdes entry for  C:/Users/khuon/ECE520/final_project/vitis_application/zybo_z7_10_plat/zynq_fsbl/zynq_fsbl_bsp/system.mss
TRACE::2026-05-03.19:41:10::SCWMssOS::Removing the swdes entry for  C:/Users/khuon/ECE520/final_project/vitis_application/zybo_z7_10_plat/ps7_cortexa9_0/standalone_domain/bsp/system.mss
TRACE::2026-05-03.19:41:10::SCWSystem::Clearing the domains completed.
TRACE::2026-05-03.19:41:10::SCWPlatform::Clearing the opened hw db.
TRACE::2026-05-03.19:41:10::SCWPlatform::DSA given C:/Users/khuon/ECE520/final_project/vitis_application/zybo_z7_10_plat/hw/reactive_scene_top_ps.xsa
TRACE::2026-05-03.19:41:10::SCWPlatform::DSA absoulate path C:/Users/khuon/ECE520/final_project/vitis_application/zybo_z7_10_plat/hw/reactive_scene_top_ps.xsa
TRACE::2026-05-03.19:41:10::SCWPlatform:: Platform location is C:/Users/khuon/ECE520/final_project/vitis_application/zybo_z7_10_plat/hw
TRACE::2026-05-03.19:41:10::SCWPlatform:: Platform Path C:/Users/khuon/ECE520/final_project/vitis_application/zybo_z7_10_plat/hw/reactive_scene_top_ps.xsa
TRACE::2026-05-03.19:41:10::SCWPlatform:: Unique name xilinx:zybo-z7-10::0.0
TRACE::2026-05-03.19:41:10::SCWPlatform::Removing the HwDB with name C:/Users/khuon/ECE520/final_project/vitis_application/zybo_z7_10_plat/hw/reactive_scene_top_ps.xsa
TRACE::2026-05-03.19:41:10::SCWPlatform::Trying to open the hw design at C:/Users/khuon/ECE520/final_project/vitis_application/zybo_z7_10_plat/hw/reactive_scene_top_ps.xsa
TRACE::2026-05-03.19:41:10::SCWPlatform::DSA given C:/Users/khuon/ECE520/final_project/vitis_application/zybo_z7_10_plat/hw/reactive_scene_top_ps.xsa
TRACE::2026-05-03.19:41:10::SCWPlatform::DSA absoulate path C:/Users/khuon/ECE520/final_project/vitis_application/zybo_z7_10_plat/hw/reactive_scene_top_ps.xsa
TRACE::2026-05-03.19:41:10::SCWPlatform::DSA directory C:/Users/khuon/ECE520/final_project/vitis_application/zybo_z7_10_plat/hw
TRACE::2026-05-03.19:41:10::SCWPlatform:: Platform Path C:/Users/khuon/ECE520/final_project/vitis_application/zybo_z7_10_plat/hw/reactive_scene_top_ps.xsa
TRACE::2026-05-03.19:41:10::SCWPlatform:: Unique name xilinx:zybo-z7-10::0.0
TRACE::2026-05-03.19:41:10::SCWPlatform::Do not have an existing db opened. 
TRACE::2026-05-03.19:41:11::SCWPlatform::Opened new HwDB with name reactive_scene_top_ps_7
TRACE::2026-05-03.19:41:11::SCWReader::Active system found as  zybo_z7_10_plat
TRACE::2026-05-03.19:41:11::SCWReader::Handling sysconfig zybo_z7_10_plat
TRACE::2026-05-03.19:41:11::SCWDomain::checking for install qemu data   : 
TRACE::2026-05-03.19:41:11::SCWDomain:: Using the QEMU Data from install at  : C:/Xilinx/Vitis/2023.1/data/emulation/platforms/zynq/sw/a9_standalone/qemu/
TRACE::2026-05-03.19:41:11::SCWDomain:: Using the QEMU args  from install at  : C:/Xilinx/Vitis/2023.1/data/emulation/platforms/zynq/sw/a9_standalone/qemu/qemu_args.txt
TRACE::2026-05-03.19:41:11::SCWPlatform::Trying to open the hw design at C:/Users/khuon/ECE520/final_project/vitis_application/zybo_z7_10_plat/hw/reactive_scene_top_ps.xsa
TRACE::2026-05-03.19:41:11::SCWPlatform::DSA given C:/Users/khuon/ECE520/final_project/vitis_application/zybo_z7_10_plat/hw/reactive_scene_top_ps.xsa
TRACE::2026-05-03.19:41:11::SCWPlatform::DSA absoulate path C:/Users/khuon/ECE520/final_project/vitis_application/zybo_z7_10_plat/hw/reactive_scene_top_ps.xsa
TRACE::2026-05-03.19:41:11::SCWPlatform::DSA directory C:/Users/khuon/ECE520/final_project/vitis_application/zybo_z7_10_plat/hw
TRACE::2026-05-03.19:41:11::SCWPlatform:: Platform Path C:/Users/khuon/ECE520/final_project/vitis_application/zybo_z7_10_plat/hw/reactive_scene_top_ps.xsa
TRACE::2026-05-03.19:41:11::SCWPlatform:: Unique name xilinx:zybo-z7-10::0.0
TRACE::2026-05-03.19:41:11::SCWPlatform::Trying to set the existing hwdb with name reactive_scene_top_ps_7
TRACE::2026-05-03.19:41:11::SCWPlatform::Opened existing hwdb reactive_scene_top_ps_7
TRACE::2026-05-03.19:41:11::SCWPlatform::Found the Hw Db part of the input DSA
TRACE::2026-05-03.19:41:11::SCWPlatform::Trying to open the hw design at C:/Users/khuon/ECE520/final_project/vitis_application/zybo_z7_10_plat/hw/reactive_scene_top_ps.xsa
TRACE::2026-05-03.19:41:11::SCWPlatform::DSA given C:/Users/khuon/ECE520/final_project/vitis_application/zybo_z7_10_plat/hw/reactive_scene_top_ps.xsa
TRACE::2026-05-03.19:41:11::SCWPlatform::DSA absoulate path C:/Users/khuon/ECE520/final_project/vitis_application/zybo_z7_10_plat/hw/reactive_scene_top_ps.xsa
TRACE::2026-05-03.19:41:11::SCWPlatform::DSA directory C:/Users/khuon/ECE520/final_project/vitis_application/zybo_z7_10_plat/hw
TRACE::2026-05-03.19:41:11::SCWPlatform:: Platform Path C:/Users/khuon/ECE520/final_project/vitis_application/zybo_z7_10_plat/hw/reactive_scene_top_ps.xsa
TRACE::2026-05-03.19:41:11::SCWPlatform:: Unique name xilinx:zybo-z7-10::0.0
TRACE::2026-05-03.19:41:11::SCWPlatform::Trying to set the existing hwdb with name reactive_scene_top_ps_7
TRACE::2026-05-03.19:41:11::SCWPlatform::Opened existing hwdb reactive_scene_top_ps_7
TRACE::2026-05-03.19:41:11::SCWPlatform::Found the Hw Db part of the input DSA
TRACE::2026-05-03.19:41:11::SCWPlatform::Trying to open the hw design at C:/Users/khuon/ECE520/final_project/vitis_application/zybo_z7_10_plat/hw/reactive_scene_top_ps.xsa
TRACE::2026-05-03.19:41:11::SCWPlatform::DSA given C:/Users/khuon/ECE520/final_project/vitis_application/zybo_z7_10_plat/hw/reactive_scene_top_ps.xsa
TRACE::2026-05-03.19:41:11::SCWPlatform::DSA absoulate path C:/Users/khuon/ECE520/final_project/vitis_application/zybo_z7_10_plat/hw/reactive_scene_top_ps.xsa
TRACE::2026-05-03.19:41:11::SCWPlatform::DSA directory C:/Users/khuon/ECE520/final_project/vitis_application/zybo_z7_10_plat/hw
TRACE::2026-05-03.19:41:11::SCWPlatform:: Platform Path C:/Users/khuon/ECE520/final_project/vitis_application/zybo_z7_10_plat/hw/reactive_scene_top_ps.xsa
TRACE::2026-05-03.19:41:11::SCWPlatform:: Unique name xilinx:zybo-z7-10::0.0
TRACE::2026-05-03.19:41:11::SCWPlatform::Trying to set the existing hwdb with name reactive_scene_top_ps_7
TRACE::2026-05-03.19:41:11::SCWPlatform::Opened existing hwdb reactive_scene_top_ps_7
TRACE::2026-05-03.19:41:11::SCWPlatform::Found the Hw Db part of the input DSA
TRACE::2026-05-03.19:41:11::SCWReader::Boot application domain added for zynq_fsbl
TRACE::2026-05-03.19:41:11::SCWPlatform::Trying to open the hw design at C:/Users/khuon/ECE520/final_project/vitis_application/zybo_z7_10_plat/hw/reactive_scene_top_ps.xsa
TRACE::2026-05-03.19:41:11::SCWPlatform::DSA given C:/Users/khuon/ECE520/final_project/vitis_application/zybo_z7_10_plat/hw/reactive_scene_top_ps.xsa
TRACE::2026-05-03.19:41:11::SCWPlatform::DSA absoulate path C:/Users/khuon/ECE520/final_project/vitis_application/zybo_z7_10_plat/hw/reactive_scene_top_ps.xsa
TRACE::2026-05-03.19:41:11::SCWPlatform::DSA directory C:/Users/khuon/ECE520/final_project/vitis_application/zybo_z7_10_plat/hw
TRACE::2026-05-03.19:41:11::SCWPlatform:: Platform Path C:/Users/khuon/ECE520/final_project/vitis_application/zybo_z7_10_plat/hw/reactive_scene_top_ps.xsa
TRACE::2026-05-03.19:41:11::SCWPlatform:: Unique name xilinx:zybo-z7-10::0.0
TRACE::2026-05-03.19:41:11::SCWPlatform::Trying to set the existing hwdb with name reactive_scene_top_ps_7
TRACE::2026-05-03.19:41:11::SCWPlatform::Opened existing hwdb reactive_scene_top_ps_7
TRACE::2026-05-03.19:41:11::SCWPlatform::Found the Hw Db part of the input DSA
TRACE::2026-05-03.19:41:11::SCWMssOS::Checking the sw design at  C:/Users/khuon/ECE520/final_project/vitis_application/zybo_z7_10_plat/zynq_fsbl/zynq_fsbl_bsp/system.mss
TRACE::2026-05-03.19:41:11::SCWMssOS::DEBUG:  swdes dump  
TRACE::2026-05-03.19:41:11::SCWMssOS::No sw design opened at  C:/Users/khuon/ECE520/final_project/vitis_application/zybo_z7_10_plat/zynq_fsbl/zynq_fsbl_bsp/system.mss
TRACE::2026-05-03.19:41:11::SCWMssOS::mss exists loading the mss file  C:/Users/khuon/ECE520/final_project/vitis_application/zybo_z7_10_plat/zynq_fsbl/zynq_fsbl_bsp/system.mss
TRACE::2026-05-03.19:41:11::SCWMssOS::Opened the sw design from mss  C:/Users/khuon/ECE520/final_project/vitis_application/zybo_z7_10_plat/zynq_fsbl/zynq_fsbl_bsp/system.mss
TRACE::2026-05-03.19:41:11::SCWMssOS::Adding the swdes entry C:/Users/khuon/ECE520/final_project/vitis_application/zybo_z7_10_plat/zynq_fsbl/zynq_fsbl_bsp/system.mss with des name system
TRACE::2026-05-03.19:41:11::SCWMssOS::updating the scw layer about changes
TRACE::2026-05-03.19:41:11::SCWMssOS::Opened the sw design.  C:/Users/khuon/ECE520/final_project/vitis_application/zybo_z7_10_plat/zynq_fsbl/zynq_fsbl_bsp/system.mss
TRACE::2026-05-03.19:41:11::SCWPlatform::Trying to open the hw design at C:/Users/khuon/ECE520/final_project/vitis_application/zybo_z7_10_plat/hw/reactive_scene_top_ps.xsa
TRACE::2026-05-03.19:41:11::SCWPlatform::DSA given C:/Users/khuon/ECE520/final_project/vitis_application/zybo_z7_10_plat/hw/reactive_scene_top_ps.xsa
TRACE::2026-05-03.19:41:11::SCWPlatform::DSA absoulate path C:/Users/khuon/ECE520/final_project/vitis_application/zybo_z7_10_plat/hw/reactive_scene_top_ps.xsa
TRACE::2026-05-03.19:41:11::SCWPlatform::DSA directory C:/Users/khuon/ECE520/final_project/vitis_application/zybo_z7_10_plat/hw
TRACE::2026-05-03.19:41:11::SCWPlatform:: Platform Path C:/Users/khuon/ECE520/final_project/vitis_application/zybo_z7_10_plat/hw/reactive_scene_top_ps.xsa
TRACE::2026-05-03.19:41:11::SCWPlatform:: Unique name xilinx:zybo-z7-10::0.0
TRACE::2026-05-03.19:41:11::SCWPlatform::Trying to set the existing hwdb with name reactive_scene_top_ps_7
TRACE::2026-05-03.19:41:11::SCWPlatform::Opened existing hwdb reactive_scene_top_ps_7
TRACE::2026-05-03.19:41:11::SCWPlatform::Found the Hw Db part of the input DSA
TRACE::2026-05-03.19:41:11::SCWMssOS::Checking the sw design at  C:/Users/khuon/ECE520/final_project/vitis_application/zybo_z7_10_plat/zynq_fsbl/zynq_fsbl_bsp/system.mss
TRACE::2026-05-03.19:41:11::SCWMssOS::DEBUG:  swdes dump  C:/Users/khuon/ECE520/final_project/vitis_application/zybo_z7_10_plat/zynq_fsbl/zynq_fsbl_bsp/system.mss|system||

TRACE::2026-05-03.19:41:11::SCWMssOS::Sw design exists and opened at  C:/Users/khuon/ECE520/final_project/vitis_application/zybo_z7_10_plat/zynq_fsbl/zynq_fsbl_bsp/system.mss
TRACE::2026-05-03.19:41:11::SCWMssOS:: library already available in sw design:  xilffs:5.0
TRACE::2026-05-03.19:41:11::SCWPlatform::Trying to open the hw design at C:/Users/khuon/ECE520/final_project/vitis_application/zybo_z7_10_plat/hw/reactive_scene_top_ps.xsa
TRACE::2026-05-03.19:41:11::SCWPlatform::DSA given C:/Users/khuon/ECE520/final_project/vitis_application/zybo_z7_10_plat/hw/reactive_scene_top_ps.xsa
TRACE::2026-05-03.19:41:11::SCWPlatform::DSA absoulate path C:/Users/khuon/ECE520/final_project/vitis_application/zybo_z7_10_plat/hw/reactive_scene_top_ps.xsa
TRACE::2026-05-03.19:41:11::SCWPlatform::DSA directory C:/Users/khuon/ECE520/final_project/vitis_application/zybo_z7_10_plat/hw
TRACE::2026-05-03.19:41:11::SCWPlatform:: Platform Path C:/Users/khuon/ECE520/final_project/vitis_application/zybo_z7_10_plat/hw/reactive_scene_top_ps.xsa
TRACE::2026-05-03.19:41:11::SCWPlatform:: Unique name xilinx:zybo-z7-10::0.0
TRACE::2026-05-03.19:41:11::SCWPlatform::Trying to set the existing hwdb with name reactive_scene_top_ps_7
TRACE::2026-05-03.19:41:11::SCWPlatform::Opened existing hwdb reactive_scene_top_ps_7
TRACE::2026-05-03.19:41:11::SCWPlatform::Found the Hw Db part of the input DSA
TRACE::2026-05-03.19:41:11::SCWMssOS::Checking the sw design at  C:/Users/khuon/ECE520/final_project/vitis_application/zybo_z7_10_plat/zynq_fsbl/zynq_fsbl_bsp/system.mss
TRACE::2026-05-03.19:41:11::SCWMssOS::DEBUG:  swdes dump  C:/Users/khuon/ECE520/final_project/vitis_application/zybo_z7_10_plat/zynq_fsbl/zynq_fsbl_bsp/system.mss|system||

TRACE::2026-05-03.19:41:11::SCWMssOS::Sw design exists and opened at  C:/Users/khuon/ECE520/final_project/vitis_application/zybo_z7_10_plat/zynq_fsbl/zynq_fsbl_bsp/system.mss
TRACE::2026-05-03.19:41:11::SCWMssOS:: library already available in sw design:  xilrsa:1.6
TRACE::2026-05-03.19:41:11::SCWMssOS::Saving the mss changes C:/Users/khuon/ECE520/final_project/vitis_application/zybo_z7_10_plat/zynq_fsbl/zynq_fsbl_bsp/system.mss
TRACE::2026-05-03.19:41:11::SCWMssOS::Found a swdesign opened with the mssfile.
TRACE::2026-05-03.19:41:11::SCWMssOS::Completed writemss as part of save.
TRACE::2026-05-03.19:41:11::SCWMssOS::Commit changes completed.
TRACE::2026-05-03.19:41:11::SCWReader::Adding prebuilt librarypaths as   
TRACE::2026-05-03.19:41:11::SCWReader::Adding prebuilt incpaths  as   
TRACE::2026-05-03.19:41:11::SCWPlatform::Trying to open the hw design at C:/Users/khuon/ECE520/final_project/vitis_application/zybo_z7_10_plat/hw/reactive_scene_top_ps.xsa
TRACE::2026-05-03.19:41:11::SCWPlatform::DSA given C:/Users/khuon/ECE520/final_project/vitis_application/zybo_z7_10_plat/hw/reactive_scene_top_ps.xsa
TRACE::2026-05-03.19:41:11::SCWPlatform::DSA absoulate path C:/Users/khuon/ECE520/final_project/vitis_application/zybo_z7_10_plat/hw/reactive_scene_top_ps.xsa
TRACE::2026-05-03.19:41:11::SCWPlatform::DSA directory C:/Users/khuon/ECE520/final_project/vitis_application/zybo_z7_10_plat/hw
TRACE::2026-05-03.19:41:11::SCWPlatform:: Platform Path C:/Users/khuon/ECE520/final_project/vitis_application/zybo_z7_10_plat/hw/reactive_scene_top_ps.xsa
TRACE::2026-05-03.19:41:11::SCWPlatform:: Unique name xilinx:zybo-z7-10::0.0
TRACE::2026-05-03.19:41:11::SCWPlatform::Trying to set the existing hwdb with name reactive_scene_top_ps_7
TRACE::2026-05-03.19:41:11::SCWPlatform::Opened existing hwdb reactive_scene_top_ps_7
TRACE::2026-05-03.19:41:11::SCWPlatform::Found the Hw Db part of the input DSA
TRACE::2026-05-03.19:41:11::SCWMssOS::Checking the sw design at  C:/Users/khuon/ECE520/final_project/vitis_application/zybo_z7_10_plat/zynq_fsbl/zynq_fsbl_bsp/system.mss
TRACE::2026-05-03.19:41:11::SCWMssOS::DEBUG:  swdes dump  C:/Users/khuon/ECE520/final_project/vitis_application/zybo_z7_10_plat/zynq_fsbl/zynq_fsbl_bsp/system.mss|system||

TRACE::2026-05-03.19:41:11::SCWMssOS::Sw design exists and opened at  C:/Users/khuon/ECE520/final_project/vitis_application/zybo_z7_10_plat/zynq_fsbl/zynq_fsbl_bsp/system.mss
TRACE::2026-05-03.19:41:11::SCWReader::No isolation master present  
TRACE::2026-05-03.19:41:11::SCWDomain::checking for install qemu data   : 
TRACE::2026-05-03.19:41:11::SCWDomain:: Using the QEMU Data from install at  : C:/Xilinx/Vitis/2023.1/data/emulation/platforms/zynq/sw/a9_standalone/qemu/
TRACE::2026-05-03.19:41:11::SCWDomain:: Using the QEMU args  from install at  : C:/Xilinx/Vitis/2023.1/data/emulation/platforms/zynq/sw/a9_standalone/qemu/qemu_args.txt
TRACE::2026-05-03.19:41:11::SCWPlatform::Trying to open the hw design at C:/Users/khuon/ECE520/final_project/vitis_application/zybo_z7_10_plat/hw/reactive_scene_top_ps.xsa
TRACE::2026-05-03.19:41:11::SCWPlatform::DSA given C:/Users/khuon/ECE520/final_project/vitis_application/zybo_z7_10_plat/hw/reactive_scene_top_ps.xsa
TRACE::2026-05-03.19:41:11::SCWPlatform::DSA absoulate path C:/Users/khuon/ECE520/final_project/vitis_application/zybo_z7_10_plat/hw/reactive_scene_top_ps.xsa
TRACE::2026-05-03.19:41:11::SCWPlatform::DSA directory C:/Users/khuon/ECE520/final_project/vitis_application/zybo_z7_10_plat/hw
TRACE::2026-05-03.19:41:11::SCWPlatform:: Platform Path C:/Users/khuon/ECE520/final_project/vitis_application/zybo_z7_10_plat/hw/reactive_scene_top_ps.xsa
TRACE::2026-05-03.19:41:11::SCWPlatform:: Unique name xilinx:zybo-z7-10::0.0
TRACE::2026-05-03.19:41:11::SCWPlatform::Trying to set the existing hwdb with name reactive_scene_top_ps_7
TRACE::2026-05-03.19:41:11::SCWPlatform::Opened existing hwdb reactive_scene_top_ps_7
TRACE::2026-05-03.19:41:11::SCWPlatform::Found the Hw Db part of the input DSA
TRACE::2026-05-03.19:41:11::SCWPlatform::Trying to open the hw design at C:/Users/khuon/ECE520/final_project/vitis_application/zybo_z7_10_plat/hw/reactive_scene_top_ps.xsa
TRACE::2026-05-03.19:41:11::SCWPlatform::DSA given C:/Users/khuon/ECE520/final_project/vitis_application/zybo_z7_10_plat/hw/reactive_scene_top_ps.xsa
TRACE::2026-05-03.19:41:11::SCWPlatform::DSA absoulate path C:/Users/khuon/ECE520/final_project/vitis_application/zybo_z7_10_plat/hw/reactive_scene_top_ps.xsa
TRACE::2026-05-03.19:41:11::SCWPlatform::DSA directory C:/Users/khuon/ECE520/final_project/vitis_application/zybo_z7_10_plat/hw
TRACE::2026-05-03.19:41:11::SCWPlatform:: Platform Path C:/Users/khuon/ECE520/final_project/vitis_application/zybo_z7_10_plat/hw/reactive_scene_top_ps.xsa
TRACE::2026-05-03.19:41:11::SCWPlatform:: Unique name xilinx:zybo-z7-10::0.0
TRACE::2026-05-03.19:41:11::SCWPlatform::Trying to set the existing hwdb with name reactive_scene_top_ps_7
TRACE::2026-05-03.19:41:11::SCWPlatform::Opened existing hwdb reactive_scene_top_ps_7
TRACE::2026-05-03.19:41:11::SCWPlatform::Found the Hw Db part of the input DSA
TRACE::2026-05-03.19:41:11::SCWPlatform::Trying to open the hw design at C:/Users/khuon/ECE520/final_project/vitis_application/zybo_z7_10_plat/hw/reactive_scene_top_ps.xsa
TRACE::2026-05-03.19:41:11::SCWPlatform::DSA given C:/Users/khuon/ECE520/final_project/vitis_application/zybo_z7_10_plat/hw/reactive_scene_top_ps.xsa
TRACE::2026-05-03.19:41:11::SCWPlatform::DSA absoulate path C:/Users/khuon/ECE520/final_project/vitis_application/zybo_z7_10_plat/hw/reactive_scene_top_ps.xsa
TRACE::2026-05-03.19:41:11::SCWPlatform::DSA directory C:/Users/khuon/ECE520/final_project/vitis_application/zybo_z7_10_plat/hw
TRACE::2026-05-03.19:41:11::SCWPlatform:: Platform Path C:/Users/khuon/ECE520/final_project/vitis_application/zybo_z7_10_plat/hw/reactive_scene_top_ps.xsa
TRACE::2026-05-03.19:41:11::SCWPlatform:: Unique name xilinx:zybo-z7-10::0.0
TRACE::2026-05-03.19:41:11::SCWPlatform::Trying to set the existing hwdb with name reactive_scene_top_ps_7
TRACE::2026-05-03.19:41:11::SCWPlatform::Opened existing hwdb reactive_scene_top_ps_7
TRACE::2026-05-03.19:41:11::SCWPlatform::Found the Hw Db part of the input DSA
TRACE::2026-05-03.19:41:11::SCWMssOS::Checking the sw design at  C:/Users/khuon/ECE520/final_project/vitis_application/zybo_z7_10_plat/ps7_cortexa9_0/standalone_domain/bsp/system.mss
TRACE::2026-05-03.19:41:11::SCWMssOS::DEBUG:  swdes dump  C:/Users/khuon/ECE520/final_project/vitis_application/zybo_z7_10_plat/zynq_fsbl/zynq_fsbl_bsp/system.mss|system||

TRACE::2026-05-03.19:41:11::SCWMssOS::No sw design opened at  C:/Users/khuon/ECE520/final_project/vitis_application/zybo_z7_10_plat/ps7_cortexa9_0/standalone_domain/bsp/system.mss
TRACE::2026-05-03.19:41:11::SCWMssOS::mss exists loading the mss file  C:/Users/khuon/ECE520/final_project/vitis_application/zybo_z7_10_plat/ps7_cortexa9_0/standalone_domain/bsp/system.mss
TRACE::2026-05-03.19:41:11::SCWMssOS::Opened the sw design from mss  C:/Users/khuon/ECE520/final_project/vitis_application/zybo_z7_10_plat/ps7_cortexa9_0/standalone_domain/bsp/system.mss
TRACE::2026-05-03.19:41:11::SCWMssOS::Adding the swdes entry C:/Users/khuon/ECE520/final_project/vitis_application/zybo_z7_10_plat/ps7_cortexa9_0/standalone_domain/bsp/system.mss with des name system_0
TRACE::2026-05-03.19:41:11::SCWMssOS::updating the scw layer about changes
TRACE::2026-05-03.19:41:11::SCWMssOS::Opened the sw design.  C:/Users/khuon/ECE520/final_project/vitis_application/zybo_z7_10_plat/ps7_cortexa9_0/standalone_domain/bsp/system.mss
TRACE::2026-05-03.19:41:11::SCWMssOS::Saving the mss changes C:/Users/khuon/ECE520/final_project/vitis_application/zybo_z7_10_plat/ps7_cortexa9_0/standalone_domain/bsp/system.mss
TRACE::2026-05-03.19:41:11::SCWMssOS::Found a swdesign opened with the mssfile.
TRACE::2026-05-03.19:41:11::SCWMssOS::Completed writemss as part of save.
TRACE::2026-05-03.19:41:11::SCWMssOS::Commit changes completed.
TRACE::2026-05-03.19:41:11::SCWReader::Adding prebuilt librarypaths as   
TRACE::2026-05-03.19:41:11::SCWReader::Adding prebuilt incpaths  as   
TRACE::2026-05-03.19:41:11::SCWPlatform::Trying to open the hw design at C:/Users/khuon/ECE520/final_project/vitis_application/zybo_z7_10_plat/hw/reactive_scene_top_ps.xsa
TRACE::2026-05-03.19:41:11::SCWPlatform::DSA given C:/Users/khuon/ECE520/final_project/vitis_application/zybo_z7_10_plat/hw/reactive_scene_top_ps.xsa
TRACE::2026-05-03.19:41:11::SCWPlatform::DSA absoulate path C:/Users/khuon/ECE520/final_project/vitis_application/zybo_z7_10_plat/hw/reactive_scene_top_ps.xsa
TRACE::2026-05-03.19:41:11::SCWPlatform::DSA directory C:/Users/khuon/ECE520/final_project/vitis_application/zybo_z7_10_plat/hw
TRACE::2026-05-03.19:41:11::SCWPlatform:: Platform Path C:/Users/khuon/ECE520/final_project/vitis_application/zybo_z7_10_plat/hw/reactive_scene_top_ps.xsa
TRACE::2026-05-03.19:41:11::SCWPlatform:: Unique name xilinx:zybo-z7-10::0.0
TRACE::2026-05-03.19:41:11::SCWPlatform::Trying to set the existing hwdb with name reactive_scene_top_ps_7
TRACE::2026-05-03.19:41:11::SCWPlatform::Opened existing hwdb reactive_scene_top_ps_7
TRACE::2026-05-03.19:41:11::SCWPlatform::Found the Hw Db part of the input DSA
TRACE::2026-05-03.19:41:11::SCWMssOS::Checking the sw design at  C:/Users/khuon/ECE520/final_project/vitis_application/zybo_z7_10_plat/ps7_cortexa9_0/standalone_domain/bsp/system.mss
TRACE::2026-05-03.19:41:11::SCWMssOS::DEBUG:  swdes dump  C:/Users/khuon/ECE520/final_project/vitis_application/zybo_z7_10_plat/ps7_cortexa9_0/standalone_domain/bsp/system.mss|system_0||
C:/Users/khuon/ECE520/final_project/vitis_application/zybo_z7_10_plat/zynq_fsbl/zynq_fsbl_bsp/system.mss|system||

TRACE::2026-05-03.19:41:11::SCWMssOS::Sw design exists and opened at  C:/Users/khuon/ECE520/final_project/vitis_application/zybo_z7_10_plat/ps7_cortexa9_0/standalone_domain/bsp/system.mss
TRACE::2026-05-03.19:41:11::SCWReader::No isolation master present  
TRACE::2026-05-03.19:41:13::SCWPlatform::DSA given C:/Users/khuon/ECE520/final_project/vitis_application/zybo_z7_10_plat/tempdsa/reactive_scene_top_ps.xsa
TRACE::2026-05-03.19:41:13::SCWPlatform::DSA absoulate path C:/Users/khuon/ECE520/final_project/vitis_application/zybo_z7_10_plat/tempdsa/reactive_scene_top_ps.xsa
TRACE::2026-05-03.19:41:13::SCWPlatform:: Platform location is C:/Users/khuon/ECE520/final_project/vitis_application/zybo_z7_10_plat/tempdsa
TRACE::2026-05-03.19:41:13::SCWPlatform:: Platform Path C:/Users/khuon/ECE520/final_project/vitis_application/zybo_z7_10_plat/tempdsa/reactive_scene_top_ps.xsa
TRACE::2026-05-03.19:41:13::SCWPlatform:: Unique name xilinx:zybo-z7-10::0.0
TRACE::2026-05-03.19:41:14::SCWPlatform::Found the Hw Db part of the input DSA
TRACE::2026-05-03.19:41:14::SCWMssOS::Doing hw sync for the mss in domain: zynq_fsbl
TRACE::2026-05-03.19:41:14::SCWPlatform::Trying to open the hw design at C:/Users/khuon/ECE520/final_project/vitis_application/zybo_z7_10_plat/hw/reactive_scene_top_ps.xsa
TRACE::2026-05-03.19:41:14::SCWPlatform::DSA given C:/Users/khuon/ECE520/final_project/vitis_application/zybo_z7_10_plat/hw/reactive_scene_top_ps.xsa
TRACE::2026-05-03.19:41:14::SCWPlatform::DSA absoulate path C:/Users/khuon/ECE520/final_project/vitis_application/zybo_z7_10_plat/hw/reactive_scene_top_ps.xsa
TRACE::2026-05-03.19:41:14::SCWPlatform::DSA directory C:/Users/khuon/ECE520/final_project/vitis_application/zybo_z7_10_plat/hw
TRACE::2026-05-03.19:41:14::SCWPlatform:: Platform Path C:/Users/khuon/ECE520/final_project/vitis_application/zybo_z7_10_plat/hw/reactive_scene_top_ps.xsa
TRACE::2026-05-03.19:41:14::SCWPlatform:: Unique name xilinx:zybo-z7-10::0.0
TRACE::2026-05-03.19:41:14::SCWPlatform::Trying to set the existing hwdb with name reactive_scene_top_ps_7
TRACE::2026-05-03.19:41:14::SCWPlatform::Opened existing hwdb reactive_scene_top_ps_7
TRACE::2026-05-03.19:41:14::SCWPlatform::Found the Hw Db part of the input DSA
TRACE::2026-05-03.19:41:14::SCWPlatform::Trying to open the hw design at C:/Users/khuon/ECE520/final_project/vitis_application/zybo_z7_10_plat/hw/reactive_scene_top_ps.xsa
TRACE::2026-05-03.19:41:14::SCWPlatform::DSA given C:/Users/khuon/ECE520/final_project/vitis_application/zybo_z7_10_plat/hw/reactive_scene_top_ps.xsa
TRACE::2026-05-03.19:41:14::SCWPlatform::DSA absoulate path C:/Users/khuon/ECE520/final_project/vitis_application/zybo_z7_10_plat/hw/reactive_scene_top_ps.xsa
TRACE::2026-05-03.19:41:14::SCWPlatform::DSA directory C:/Users/khuon/ECE520/final_project/vitis_application/zybo_z7_10_plat/hw
TRACE::2026-05-03.19:41:14::SCWPlatform:: Platform Path C:/Users/khuon/ECE520/final_project/vitis_application/zybo_z7_10_plat/hw/reactive_scene_top_ps.xsa
TRACE::2026-05-03.19:41:14::SCWPlatform:: Unique name xilinx:zybo-z7-10::0.0
TRACE::2026-05-03.19:41:14::SCWPlatform::Trying to set the existing hwdb with name reactive_scene_top_ps_7
TRACE::2026-05-03.19:41:14::SCWPlatform::Opened existing hwdb reactive_scene_top_ps_7
TRACE::2026-05-03.19:41:14::SCWPlatform::Found the Hw Db part of the input DSA
TRACE::2026-05-03.19:41:14::SCWMssOS::Checking the sw design at  C:/Users/khuon/ECE520/final_project/vitis_application/zybo_z7_10_plat/zynq_fsbl/zynq_fsbl_bsp/system.mss
TRACE::2026-05-03.19:41:14::SCWMssOS::DEBUG:  swdes dump  C:/Users/khuon/ECE520/final_project/vitis_application/zybo_z7_10_plat/ps7_cortexa9_0/standalone_domain/bsp/system.mss|system_0||
C:/Users/khuon/ECE520/final_project/vitis_application/zybo_z7_10_plat/zynq_fsbl/zynq_fsbl_bsp/system.mss|system||

TRACE::2026-05-03.19:41:14::SCWMssOS::Sw design exists and opened at  C:/Users/khuon/ECE520/final_project/vitis_application/zybo_z7_10_plat/zynq_fsbl/zynq_fsbl_bsp/system.mss
TRACE::2026-05-03.19:41:14::SCWPlatform::Trying to open the hw design at C:/Users/khuon/ECE520/final_project/vitis_application/zybo_z7_10_plat/tempdsa/reactive_scene_top_ps.xsa
TRACE::2026-05-03.19:41:14::SCWPlatform::DSA given C:/Users/khuon/ECE520/final_project/vitis_application/zybo_z7_10_plat/tempdsa/reactive_scene_top_ps.xsa
TRACE::2026-05-03.19:41:14::SCWPlatform::DSA absoulate path C:/Users/khuon/ECE520/final_project/vitis_application/zybo_z7_10_plat/tempdsa/reactive_scene_top_ps.xsa
TRACE::2026-05-03.19:41:14::SCWPlatform::DSA directory C:/Users/khuon/ECE520/final_project/vitis_application/zybo_z7_10_plat/tempdsa
TRACE::2026-05-03.19:41:14::SCWPlatform:: Platform Path C:/Users/khuon/ECE520/final_project/vitis_application/zybo_z7_10_plat/tempdsa/reactive_scene_top_ps.xsa
TRACE::2026-05-03.19:41:14::SCWPlatform:: Unique name xilinx:zybo-z7-10::0.0
TRACE::2026-05-03.19:41:14::SCWPlatform::update - Opened existing hwdb reactive_scene_top_ps_8
TRACE::2026-05-03.19:41:14::SCWPlatform::Found the Hw Db part of the input DSA
TRACE::2026-05-03.19:41:14::SCWMssOS::Doing hw sync for the mss in domain: standalone_domain
TRACE::2026-05-03.19:41:14::SCWPlatform::Trying to open the hw design at C:/Users/khuon/ECE520/final_project/vitis_application/zybo_z7_10_plat/hw/reactive_scene_top_ps.xsa
TRACE::2026-05-03.19:41:14::SCWPlatform::DSA given C:/Users/khuon/ECE520/final_project/vitis_application/zybo_z7_10_plat/hw/reactive_scene_top_ps.xsa
TRACE::2026-05-03.19:41:14::SCWPlatform::DSA absoulate path C:/Users/khuon/ECE520/final_project/vitis_application/zybo_z7_10_plat/hw/reactive_scene_top_ps.xsa
TRACE::2026-05-03.19:41:14::SCWPlatform::DSA directory C:/Users/khuon/ECE520/final_project/vitis_application/zybo_z7_10_plat/hw
TRACE::2026-05-03.19:41:14::SCWPlatform:: Platform Path C:/Users/khuon/ECE520/final_project/vitis_application/zybo_z7_10_plat/hw/reactive_scene_top_ps.xsa
TRACE::2026-05-03.19:41:14::SCWPlatform:: Unique name xilinx:zybo-z7-10::0.0
TRACE::2026-05-03.19:41:14::SCWPlatform::Trying to set the existing hwdb with name reactive_scene_top_ps_7
TRACE::2026-05-03.19:41:14::SCWPlatform::Opened existing hwdb reactive_scene_top_ps_7
TRACE::2026-05-03.19:41:14::SCWPlatform::Found the Hw Db part of the input DSA
TRACE::2026-05-03.19:41:14::SCWPlatform::Trying to open the hw design at C:/Users/khuon/ECE520/final_project/vitis_application/zybo_z7_10_plat/hw/reactive_scene_top_ps.xsa
TRACE::2026-05-03.19:41:14::SCWPlatform::DSA given C:/Users/khuon/ECE520/final_project/vitis_application/zybo_z7_10_plat/hw/reactive_scene_top_ps.xsa
TRACE::2026-05-03.19:41:14::SCWPlatform::DSA absoulate path C:/Users/khuon/ECE520/final_project/vitis_application/zybo_z7_10_plat/hw/reactive_scene_top_ps.xsa
TRACE::2026-05-03.19:41:14::SCWPlatform::DSA directory C:/Users/khuon/ECE520/final_project/vitis_application/zybo_z7_10_plat/hw
TRACE::2026-05-03.19:41:14::SCWPlatform:: Platform Path C:/Users/khuon/ECE520/final_project/vitis_application/zybo_z7_10_plat/hw/reactive_scene_top_ps.xsa
TRACE::2026-05-03.19:41:14::SCWPlatform:: Unique name xilinx:zybo-z7-10::0.0
TRACE::2026-05-03.19:41:14::SCWPlatform::Trying to set the existing hwdb with name reactive_scene_top_ps_7
TRACE::2026-05-03.19:41:14::SCWPlatform::Opened existing hwdb reactive_scene_top_ps_7
TRACE::2026-05-03.19:41:14::SCWPlatform::Found the Hw Db part of the input DSA
TRACE::2026-05-03.19:41:14::SCWMssOS::Checking the sw design at  C:/Users/khuon/ECE520/final_project/vitis_application/zybo_z7_10_plat/ps7_cortexa9_0/standalone_domain/bsp/system.mss
TRACE::2026-05-03.19:41:14::SCWMssOS::DEBUG:  swdes dump  C:/Users/khuon/ECE520/final_project/vitis_application/zybo_z7_10_plat/ps7_cortexa9_0/standalone_domain/bsp/system.mss|system_0||
C:/Users/khuon/ECE520/final_project/vitis_application/zybo_z7_10_plat/zynq_fsbl/zynq_fsbl_bsp/system.mss|system||

TRACE::2026-05-03.19:41:14::SCWMssOS::Sw design exists and opened at  C:/Users/khuon/ECE520/final_project/vitis_application/zybo_z7_10_plat/ps7_cortexa9_0/standalone_domain/bsp/system.mss
TRACE::2026-05-03.19:41:14::SCWPlatform::Trying to open the hw design at C:/Users/khuon/ECE520/final_project/vitis_application/zybo_z7_10_plat/tempdsa/reactive_scene_top_ps.xsa
TRACE::2026-05-03.19:41:14::SCWPlatform::DSA given C:/Users/khuon/ECE520/final_project/vitis_application/zybo_z7_10_plat/tempdsa/reactive_scene_top_ps.xsa
TRACE::2026-05-03.19:41:14::SCWPlatform::DSA absoulate path C:/Users/khuon/ECE520/final_project/vitis_application/zybo_z7_10_plat/tempdsa/reactive_scene_top_ps.xsa
TRACE::2026-05-03.19:41:14::SCWPlatform::DSA directory C:/Users/khuon/ECE520/final_project/vitis_application/zybo_z7_10_plat/tempdsa
TRACE::2026-05-03.19:41:14::SCWPlatform:: Platform Path C:/Users/khuon/ECE520/final_project/vitis_application/zybo_z7_10_plat/tempdsa/reactive_scene_top_ps.xsa
TRACE::2026-05-03.19:41:14::SCWPlatform:: Unique name xilinx:zybo-z7-10::0.0
TRACE::2026-05-03.19:41:14::SCWPlatform::update - Opened existing hwdb reactive_scene_top_ps_8
TRACE::2026-05-03.19:41:14::SCWPlatform::Found the Hw Db part of the input DSA
TRACE::2026-05-03.19:41:14::SCWMssOS::Saving the mss changes C:/Users/khuon/ECE520/final_project/vitis_application/zybo_z7_10_plat/zynq_fsbl/zynq_fsbl_bsp/system.mss
TRACE::2026-05-03.19:41:14::SCWMssOS::Found a swdesign opened with the mssfile.
TRACE::2026-05-03.19:41:14::SCWMssOS::Completed writemss as part of save.
TRACE::2026-05-03.19:41:14::SCWMssOS::Commit changes completed.
TRACE::2026-05-03.19:41:14::SCWMssOS::Completed hw sync for the mss in domain: zynq_fsbl
TRACE::2026-05-03.19:41:14::SCWMssOS::Removing the swdes entry for  C:/Users/khuon/ECE520/final_project/vitis_application/zybo_z7_10_plat/zynq_fsbl/zynq_fsbl_bsp/system.mss
TRACE::2026-05-03.19:41:14::SCWMssOS::Saving the mss changes C:/Users/khuon/ECE520/final_project/vitis_application/zybo_z7_10_plat/ps7_cortexa9_0/standalone_domain/bsp/system.mss
TRACE::2026-05-03.19:41:14::SCWMssOS::Found a swdesign opened with the mssfile.
TRACE::2026-05-03.19:41:14::SCWMssOS::Completed writemss as part of save.
TRACE::2026-05-03.19:41:14::SCWMssOS::Commit changes completed.
TRACE::2026-05-03.19:41:14::SCWMssOS::Completed hw sync for the mss in domain: standalone_domain
TRACE::2026-05-03.19:41:14::SCWMssOS::Removing the swdes entry for  C:/Users/khuon/ECE520/final_project/vitis_application/zybo_z7_10_plat/ps7_cortexa9_0/standalone_domain/bsp/system.mss
TRACE::2026-05-03.19:41:14::SCWPlatform::Trying to open the hw design at C:/Users/khuon/ECE520/final_project/vitis_application/zybo_z7_10_plat/hw/reactive_scene_top_ps.xsa
TRACE::2026-05-03.19:41:14::SCWPlatform::DSA given C:/Users/khuon/ECE520/final_project/vitis_application/zybo_z7_10_plat/hw/reactive_scene_top_ps.xsa
TRACE::2026-05-03.19:41:14::SCWPlatform::DSA absoulate path C:/Users/khuon/ECE520/final_project/vitis_application/zybo_z7_10_plat/hw/reactive_scene_top_ps.xsa
TRACE::2026-05-03.19:41:14::SCWPlatform::DSA directory C:/Users/khuon/ECE520/final_project/vitis_application/zybo_z7_10_plat/hw
TRACE::2026-05-03.19:41:14::SCWPlatform:: Platform Path C:/Users/khuon/ECE520/final_project/vitis_application/zybo_z7_10_plat/hw/reactive_scene_top_ps.xsa
TRACE::2026-05-03.19:41:14::SCWPlatform:: Unique name xilinx:zybo-z7-10::0.0
TRACE::2026-05-03.19:41:14::SCWPlatform::Do not have an existing db opened. 
TRACE::2026-05-03.19:41:15::SCWPlatform::Opened new HwDB with name reactive_scene_top_ps_9
TRACE::2026-05-03.19:41:15::SCWMssOS::Saving the mss changes C:/Users/khuon/ECE520/final_project/vitis_application/zybo_z7_10_plat/zynq_fsbl/zynq_fsbl_bsp/system.mss
TRACE::2026-05-03.19:41:15::SCWMssOS::Adding the swdes entry, mss present, able to open swdb C:/Users/khuon/ECE520/final_project/vitis_application/zybo_z7_10_plat/zynq_fsbl/zynq_fsbl_bsp/system.mss with des name system
TRACE::2026-05-03.19:41:15::SCWMssOS::Writing the mss file completed C:/Users/khuon/ECE520/final_project/vitis_application/zybo_z7_10_plat/zynq_fsbl/zynq_fsbl_bsp/system.mss
TRACE::2026-05-03.19:41:15::SCWMssOS::Commit changes completed.
TRACE::2026-05-03.19:41:15::SCWMssOS::Saving the mss changes C:/Users/khuon/ECE520/final_project/vitis_application/zybo_z7_10_plat/ps7_cortexa9_0/standalone_domain/bsp/system.mss
TRACE::2026-05-03.19:41:15::SCWMssOS::Adding the swdes entry, mss present, able to open swdb C:/Users/khuon/ECE520/final_project/vitis_application/zybo_z7_10_plat/ps7_cortexa9_0/standalone_domain/bsp/system.mss with des name system_0
TRACE::2026-05-03.19:41:15::SCWMssOS::Writing the mss file completed C:/Users/khuon/ECE520/final_project/vitis_application/zybo_z7_10_plat/ps7_cortexa9_0/standalone_domain/bsp/system.mss
TRACE::2026-05-03.19:41:15::SCWMssOS::Commit changes completed.
TRACE::2026-05-03.19:41:15::SCWPlatform::Trying to open the hw design at C:/Users/khuon/ECE520/final_project/vitis_application/zybo_z7_10_plat/hw/reactive_scene_top_ps.xsa
TRACE::2026-05-03.19:41:15::SCWPlatform::DSA given C:/Users/khuon/ECE520/final_project/vitis_application/zybo_z7_10_plat/hw/reactive_scene_top_ps.xsa
TRACE::2026-05-03.19:41:15::SCWPlatform::DSA absoulate path C:/Users/khuon/ECE520/final_project/vitis_application/zybo_z7_10_plat/hw/reactive_scene_top_ps.xsa
TRACE::2026-05-03.19:41:15::SCWPlatform::DSA directory C:/Users/khuon/ECE520/final_project/vitis_application/zybo_z7_10_plat/hw
TRACE::2026-05-03.19:41:15::SCWPlatform:: Platform Path C:/Users/khuon/ECE520/final_project/vitis_application/zybo_z7_10_plat/hw/reactive_scene_top_ps.xsa
TRACE::2026-05-03.19:41:15::SCWPlatform:: Unique name xilinx:zybo-z7-10::0.0
TRACE::2026-05-03.19:41:15::SCWPlatform::Trying to set the existing hwdb with name reactive_scene_top_ps_9
TRACE::2026-05-03.19:41:15::SCWPlatform::Opened existing hwdb reactive_scene_top_ps_9
TRACE::2026-05-03.19:41:15::SCWPlatform::Found the Hw Db part of the input DSA
TRACE::2026-05-03.19:41:15::SCWMssOS::Checking the sw design at  C:/Users/khuon/ECE520/final_project/vitis_application/zybo_z7_10_plat/zynq_fsbl/zynq_fsbl_bsp/system.mss
TRACE::2026-05-03.19:41:15::SCWMssOS::DEBUG:  swdes dump  C:/Users/khuon/ECE520/final_project/vitis_application/zybo_z7_10_plat/ps7_cortexa9_0/standalone_domain/bsp/system.mss|system_0||
C:/Users/khuon/ECE520/final_project/vitis_application/zybo_z7_10_plat/zynq_fsbl/zynq_fsbl_bsp/system.mss|system||

TRACE::2026-05-03.19:41:15::SCWMssOS::Sw design exists and opened at  C:/Users/khuon/ECE520/final_project/vitis_application/zybo_z7_10_plat/zynq_fsbl/zynq_fsbl_bsp/system.mss
TRACE::2026-05-03.19:41:15::SCWPlatform::Trying to open the hw design at C:/Users/khuon/ECE520/final_project/vitis_application/zybo_z7_10_plat/hw/reactive_scene_top_ps.xsa
TRACE::2026-05-03.19:41:15::SCWPlatform::DSA given C:/Users/khuon/ECE520/final_project/vitis_application/zybo_z7_10_plat/hw/reactive_scene_top_ps.xsa
TRACE::2026-05-03.19:41:15::SCWPlatform::DSA absoulate path C:/Users/khuon/ECE520/final_project/vitis_application/zybo_z7_10_plat/hw/reactive_scene_top_ps.xsa
TRACE::2026-05-03.19:41:15::SCWPlatform::DSA directory C:/Users/khuon/ECE520/final_project/vitis_application/zybo_z7_10_plat/hw
TRACE::2026-05-03.19:41:15::SCWPlatform:: Platform Path C:/Users/khuon/ECE520/final_project/vitis_application/zybo_z7_10_plat/hw/reactive_scene_top_ps.xsa
TRACE::2026-05-03.19:41:15::SCWPlatform:: Unique name xilinx:zybo-z7-10::0.0
TRACE::2026-05-03.19:41:15::SCWPlatform::Trying to set the existing hwdb with name reactive_scene_top_ps_9
TRACE::2026-05-03.19:41:15::SCWPlatform::Opened existing hwdb reactive_scene_top_ps_9
TRACE::2026-05-03.19:41:15::SCWPlatform::Found the Hw Db part of the input DSA
TRACE::2026-05-03.19:41:15::SCWMssOS::Checking the sw design at  C:/Users/khuon/ECE520/final_project/vitis_application/zybo_z7_10_plat/ps7_cortexa9_0/standalone_domain/bsp/system.mss
TRACE::2026-05-03.19:41:15::SCWMssOS::DEBUG:  swdes dump  C:/Users/khuon/ECE520/final_project/vitis_application/zybo_z7_10_plat/ps7_cortexa9_0/standalone_domain/bsp/system.mss|system_0||
C:/Users/khuon/ECE520/final_project/vitis_application/zybo_z7_10_plat/zynq_fsbl/zynq_fsbl_bsp/system.mss|system||

TRACE::2026-05-03.19:41:15::SCWMssOS::Sw design exists and opened at  C:/Users/khuon/ECE520/final_project/vitis_application/zybo_z7_10_plat/ps7_cortexa9_0/standalone_domain/bsp/system.mss
TRACE::2026-05-03.19:41:15::SCWWriter::formatted JSON is {
	"platformName":	"zybo_z7_10_plat",
	"sprVersion":	"2.0",
	"mode":	"gui",
	"dsaType":	"Fixed",
	"platformDesc":	"zybo_z7_10_plat",
	"platHandOff":	"C:/Users/khuon/ECE520/final_project/phase3_integration/reactive_scene_top_ps.xsa",
	"platIntHandOff":	"<platformDir>/hw/reactive_scene_top_ps.xsa",
	"deviceType":	"zynq",
	"platIsPrebuiltAutogen":	"false",
	"platIsNoBootBsp":	"false",
	"hasFsblMakeHasChanges":	"false",
	"hasPmufwMakeHasChanges":	"false",
	"fsblExtraCompilerFlags":	"-MMD -MP       -mcpu=cortex-a9 -mfpu=vfpv3 -mfloat-abi=hard ",
	"platPreBuiltFlag":	false,
	"platformSamplesDir":	"",
	"platActiveSys":	"zybo_z7_10_plat",
	"systems":	[{
			"systemName":	"zybo_z7_10_plat",
			"systemDesc":	"zybo_z7_10_plat",
			"sysIsBootAutoGen":	"true",
			"systemDispName":	"zybo_z7_10_plat",
			"sysActiveDom":	"standalone_domain",
			"sysDefaultDom":	"standalone_domain",
			"domains":	[{
					"domainName":	"zynq_fsbl",
					"domainDispName":	"zynq_fsbl",
					"domainDesc":	"FSBL Application BSP - Auto Generated.",
					"processors":	"ps7_cortexa9_0",
					"os":	"standalone",
					"sdxOs":	"standalone",
					"debugEnable":	"",
					"domRuntimes":	["cpp"],
					"swRepo":	"",
					"mssOsVer":	"8.1",
					"mssFile":	"",
					"md5Digest":	"5d56e52180d0bc02e0d42be3c7f1597a1",
					"compatibleApp":	"zynq_fsbl",
					"domType":	"bootDomain",
					"arch":	"32-bit",
					"appSettings":	{
						"appCompilerFlags":	"",
						"appLinkerFlags":	""
					},
					"addedLibs":	["xilffs:5.0", "xilrsa:1.6"],
					"libOptions":	{
						"libsContainingOptions":	[]
					},
					"prebuiltLibs":	{
						"prebuiltIncPath":	[],
						"prebuiltLibPath":	[]
					},
					"isolation":	{
					}
				}, {
					"domainName":	"standalone_domain",
					"domainDispName":	"standalone on ps7_cortexa9_0",
					"domainDesc":	"standalone_domain",
					"processors":	"ps7_cortexa9_0",
					"os":	"standalone",
					"sdxOs":	"standalone",
					"qemuArgs":	"<platformDir>/resources/zybo_z7_10_plat/standalone_domain/qemu_args.txt",
					"qemuData":	"<platformDir>/resources/zybo_z7_10_plat/standalone_domain/qemu",
					"debugEnable":	"False",
					"domRuntimes":	["cpp"],
					"swRepo":	"",
					"mssOsVer":	"8.1",
					"mssFile":	"",
					"md5Digest":	"15de6ed70cac3d5d78676056db89f50d1",
					"compatibleApp":	"",
					"domType":	"mssDomain",
					"appSettings":	{
						"appCompilerFlags":	"",
						"appLinkerFlags":	""
					},
					"addedLibs":	[],
					"libOptions":	{
						"libsContainingOptions":	[]
					},
					"prebuiltLibs":	{
						"prebuiltIncPath":	[],
						"prebuiltLibPath":	[]
					},
					"isolation":	{
					}
				}]
		}]
}
LOG::2026-05-03.19:41:22::SCWPlatform::Started generating the artifacts platform zybo_z7_10_plat
TRACE::2026-05-03.19:41:22::SCWPlatform::Sanity checking of platform is completed
LOG::2026-05-03.19:41:22::SCWPlatform::Started generating the artifacts for system configuration zybo_z7_10_plat
LOG::2026-05-03.19:41:22::SCWSystem::Checking the domain zynq_fsbl
LOG::2026-05-03.19:41:22::SCWSystem::Doing application build for :  zynq_fsbl
TRACE::2026-05-03.19:41:22::SCWBDomain::Not a forced makefile updation, No changes are present. 
TRACE::2026-05-03.19:41:22::SCWDomain::Skipping the build for domain :  zynq_fsbl
LOG::2026-05-03.19:41:22::SCWSystem::Checking the domain standalone_domain
LOG::2026-05-03.19:41:22::SCWSystem::Not a boot domain 
LOG::2026-05-03.19:41:22::SCWSystem::Started Processing the domain standalone_domain
TRACE::2026-05-03.19:41:22::SCWDomain::Generating domain artifcats
TRACE::2026-05-03.19:41:22::SCWMssOS::Generating standalone artifcats
TRACE::2026-05-03.19:41:22::SCWMssOS::Copying the qemu file from  C:/Users/khuon/ECE520/final_project/vitis_application/zybo_z7_10_plat/resources/zybo_z7_10_plat/standalone_domain/qemu_args.txt To C:/Users/khuon/ECE520/final_project/vitis_application/zybo_z7_10_plat/export/zybo_z7_10_plat/sw/zybo_z7_10_plat/qemu/
TRACE::2026-05-03.19:41:22::SCWMssOS::Copying the qemu file from  C:/Users/khuon/ECE520/final_project/vitis_application/zybo_z7_10_plat/resources/zybo_z7_10_plat/standalone_domain/qemu_args.txt To C:/Users/khuon/ECE520/final_project/vitis_application/zybo_z7_10_plat/export/zybo_z7_10_plat/sw/zybo_z7_10_plat/standalone_domain/qemu/
TRACE::2026-05-03.19:41:22::SCWMssOS:: Copying the user libraries. 
TRACE::2026-05-03.19:41:22::SCWPlatform::Trying to open the hw design at C:/Users/khuon/ECE520/final_project/vitis_application/zybo_z7_10_plat/hw/reactive_scene_top_ps.xsa
TRACE::2026-05-03.19:41:22::SCWPlatform::DSA given C:/Users/khuon/ECE520/final_project/vitis_application/zybo_z7_10_plat/hw/reactive_scene_top_ps.xsa
TRACE::2026-05-03.19:41:22::SCWPlatform::DSA absoulate path C:/Users/khuon/ECE520/final_project/vitis_application/zybo_z7_10_plat/hw/reactive_scene_top_ps.xsa
TRACE::2026-05-03.19:41:22::SCWPlatform::DSA directory C:/Users/khuon/ECE520/final_project/vitis_application/zybo_z7_10_plat/hw
TRACE::2026-05-03.19:41:22::SCWPlatform:: Platform Path C:/Users/khuon/ECE520/final_project/vitis_application/zybo_z7_10_plat/hw/reactive_scene_top_ps.xsa
TRACE::2026-05-03.19:41:22::SCWPlatform:: Unique name xilinx:zybo-z7-10::0.0
TRACE::2026-05-03.19:41:22::SCWPlatform::Trying to set the existing hwdb with name reactive_scene_top_ps_9
TRACE::2026-05-03.19:41:22::SCWPlatform::Opened existing hwdb reactive_scene_top_ps_9
TRACE::2026-05-03.19:41:22::SCWPlatform::Found the Hw Db part of the input DSA
TRACE::2026-05-03.19:41:22::SCWMssOS::Checking the sw design at  C:/Users/khuon/ECE520/final_project/vitis_application/zybo_z7_10_plat/ps7_cortexa9_0/standalone_domain/bsp/system.mss
TRACE::2026-05-03.19:41:22::SCWMssOS::DEBUG:  swdes dump  C:/Users/khuon/ECE520/final_project/vitis_application/zybo_z7_10_plat/ps7_cortexa9_0/standalone_domain/bsp/system.mss|system_0||
C:/Users/khuon/ECE520/final_project/vitis_application/zybo_z7_10_plat/zynq_fsbl/zynq_fsbl_bsp/system.mss|system||

TRACE::2026-05-03.19:41:22::SCWMssOS::Sw design exists and opened at  C:/Users/khuon/ECE520/final_project/vitis_application/zybo_z7_10_plat/ps7_cortexa9_0/standalone_domain/bsp/system.mss
TRACE::2026-05-03.19:41:22::SCWMssOS::Completed writing the mss file at C:/Users/khuon/ECE520/final_project/vitis_application/zybo_z7_10_plat/ps7_cortexa9_0/standalone_domain/bsp
TRACE::2026-05-03.19:41:22::SCWMssOS::Mss edits present, copying mssfile into export location C:/Users/khuon/ECE520/final_project/vitis_application/zybo_z7_10_plat/ps7_cortexa9_0/standalone_domain/bsp/system.mss
TRACE::2026-05-03.19:41:22::SCWMssOS::bsp generated is stale removing and regenerating. 
TRACE::2026-05-03.19:41:23::SCWMssOS::doing bsp build ... 
TRACE::2026-05-03.19:41:23::SCWMssOS::System Command Ran  C: & cd  C:/Users/khuon/ECE520/final_project/vitis_application/zybo_z7_10_plat/ps7_cortexa9_0/standalone_domain/bsp & make 
TRACE::2026-05-03.19:41:23::SCWMssOS::make --no-print-directory seq_libs

TRACE::2026-05-03.19:41:23::SCWMssOS::'Finished building libraries sequentially.'

TRACE::2026-05-03.19:41:23::SCWMssOS::make -j 22 --no-print-directory par_libs

TRACE::2026-05-03.19:41:23::SCWMssOS::"Running Make include in ps7_cortexa9_0/libsrc/bram_v4_8/src"

TRACE::2026-05-03.19:41:23::SCWMssOS::make -C ps7_cortexa9_0/libsrc/bram_v4_8/src -s include  "SHELL=CMD" "COMPILER=arm-none-eabi-gcc" "ASSEMBLER=arm-none-eabi-as" "
TRACE::2026-05-03.19:41:23::SCWMssOS::ARCHIVER=arm-none-eabi-ar" "COMPILER_FLAGS=  -O2 -c" "EXTRA_COMPILER_FLAGS=-mcpu=cortex-a9 -mfpu=vfpv3 -mfloat-abi=hard -nostar
TRACE::2026-05-03.19:41:23::SCWMssOS::tfiles -g -Wall -Wextra -fno-tree-loop-distribute-patterns"

TRACE::2026-05-03.19:41:23::SCWMssOS::"Running Make include in ps7_cortexa9_0/libsrc/coresightps_dcc_v1_8/src"

TRACE::2026-05-03.19:41:23::SCWMssOS::make -C ps7_cortexa9_0/libsrc/coresightps_dcc_v1_8/src -s include  "SHELL=CMD" "COMPILER=arm-none-eabi-gcc" "ASSEMBLER=arm-none
TRACE::2026-05-03.19:41:23::SCWMssOS::-eabi-as" "ARCHIVER=arm-none-eabi-ar" "COMPILER_FLAGS=  -O2 -c" "EXTRA_COMPILER_FLAGS=-mcpu=cortex-a9 -mfpu=vfpv3 -mfloat-abi=h
TRACE::2026-05-03.19:41:23::SCWMssOS::ard -nostartfiles -g -Wall -Wextra -fno-tree-loop-distribute-patterns"

TRACE::2026-05-03.19:41:23::SCWMssOS::"Running Make include in ps7_cortexa9_0/libsrc/cpu_cortexa9_v2_11/src"

TRACE::2026-05-03.19:41:23::SCWMssOS::make -C ps7_cortexa9_0/libsrc/cpu_cortexa9_v2_11/src -s include  "SHELL=CMD" "COMPILER=arm-none-eabi-gcc" "ASSEMBLER=arm-none-e
TRACE::2026-05-03.19:41:23::SCWMssOS::abi-as" "ARCHIVER=arm-none-eabi-ar" "COMPILER_FLAGS=  -O2 -c" "EXTRA_COMPILER_FLAGS=-mcpu=cortex-a9 -mfpu=vfpv3 -mfloat-abi=har
TRACE::2026-05-03.19:41:23::SCWMssOS::d -nostartfiles -g -Wall -Wextra -fno-tree-loop-distribute-patterns"

TRACE::2026-05-03.19:41:23::SCWMssOS::"Running Make include in ps7_cortexa9_0/libsrc/ddrps_v1_2/src"

TRACE::2026-05-03.19:41:23::SCWMssOS::make -C ps7_cortexa9_0/libsrc/ddrps_v1_2/src -s include  "SHELL=CMD" "COMPILER=arm-none-eabi-gcc" "ASSEMBLER=arm-none-eabi-as" 
TRACE::2026-05-03.19:41:23::SCWMssOS::"ARCHIVER=arm-none-eabi-ar" "COMPILER_FLAGS=  -O2 -c" "EXTRA_COMPILER_FLAGS=-mcpu=cortex-a9 -mfpu=vfpv3 -mfloat-abi=hard -nosta
TRACE::2026-05-03.19:41:23::SCWMssOS::rtfiles -g -Wall -Wextra -fno-tree-loop-distribute-patterns"

TRACE::2026-05-03.19:41:23::SCWMssOS::"Running Make include in ps7_cortexa9_0/libsrc/devcfg_v3_7/src"

TRACE::2026-05-03.19:41:23::SCWMssOS::make -C ps7_cortexa9_0/libsrc/devcfg_v3_7/src -s include  "SHELL=CMD" "COMPILER=arm-none-eabi-gcc" "ASSEMBLER=arm-none-eabi-as"
TRACE::2026-05-03.19:41:23::SCWMssOS:: "ARCHIVER=arm-none-eabi-ar" "COMPILER_FLAGS=  -O2 -c" "EXTRA_COMPILER_FLAGS=-mcpu=cortex-a9 -mfpu=vfpv3 -mfloat-abi=hard -nost
TRACE::2026-05-03.19:41:23::SCWMssOS::artfiles -g -Wall -Wextra -fno-tree-loop-distribute-patterns"

TRACE::2026-05-03.19:41:23::SCWMssOS::"Running Make include in ps7_cortexa9_0/libsrc/dmaps_v2_8/src"

TRACE::2026-05-03.19:41:23::SCWMssOS::make -C ps7_cortexa9_0/libsrc/dmaps_v2_8/src -s include  "SHELL=CMD" "COMPILER=arm-none-eabi-gcc" "ASSEMBLER=arm-none-eabi-as" 
TRACE::2026-05-03.19:41:23::SCWMssOS::"ARCHIVER=arm-none-eabi-ar" "COMPILER_FLAGS=  -O2 -c" "EXTRA_COMPILER_FLAGS=-mcpu=cortex-a9 -mfpu=vfpv3 -mfloat-abi=hard -nosta
TRACE::2026-05-03.19:41:23::SCWMssOS::rtfiles -g -Wall -Wextra -fno-tree-loop-distribute-patterns"

TRACE::2026-05-03.19:41:23::SCWMssOS::"Running Make include in ps7_cortexa9_0/libsrc/emacps_v3_18/src"

TRACE::2026-05-03.19:41:23::SCWMssOS::make -C ps7_cortexa9_0/libsrc/emacps_v3_18/src -s include  "SHELL=CMD" "COMPILER=arm-none-eabi-gcc" "ASSEMBLER=arm-none-eabi-as
TRACE::2026-05-03.19:41:23::SCWMssOS::" "ARCHIVER=arm-none-eabi-ar" "COMPILER_FLAGS=  -O2 -c" "EXTRA_COMPILER_FLAGS=-mcpu=cortex-a9 -mfpu=vfpv3 -mfloat-abi=hard -nos
TRACE::2026-05-03.19:41:23::SCWMssOS::tartfiles -g -Wall -Wextra -fno-tree-loop-distribute-patterns"

TRACE::2026-05-03.19:41:23::SCWMssOS::"Running Make include in ps7_cortexa9_0/libsrc/gpiops_v3_11/src"

TRACE::2026-05-03.19:41:23::SCWMssOS::make -C ps7_cortexa9_0/libsrc/gpiops_v3_11/src -s include  "SHELL=CMD" "COMPILER=arm-none-eabi-gcc" "ASSEMBLER=arm-none-eabi-as
TRACE::2026-05-03.19:41:23::SCWMssOS::" "ARCHIVER=arm-none-eabi-ar" "COMPILER_FLAGS=  -O2 -c" "EXTRA_COMPILER_FLAGS=-mcpu=cortex-a9 -mfpu=vfpv3 -mfloat-abi=hard -nos
TRACE::2026-05-03.19:41:23::SCWMssOS::tartfiles -g -Wall -Wextra -fno-tree-loop-distribute-patterns"

TRACE::2026-05-03.19:41:23::SCWMssOS::"Running Make include in ps7_cortexa9_0/libsrc/gpio_v4_9/src"

TRACE::2026-05-03.19:41:23::SCWMssOS::make -C ps7_cortexa9_0/libsrc/gpio_v4_9/src -s include  "SHELL=CMD" "COMPILER=arm-none-eabi-gcc" "ASSEMBLER=arm-none-eabi-as" "
TRACE::2026-05-03.19:41:23::SCWMssOS::ARCHIVER=arm-none-eabi-ar" "COMPILER_FLAGS=  -O2 -c" "EXTRA_COMPILER_FLAGS=-mcpu=cortex-a9 -mfpu=vfpv3 -mfloat-abi=hard -nostar
TRACE::2026-05-03.19:41:23::SCWMssOS::tfiles -g -Wall -Wextra -fno-tree-loop-distribute-patterns"

TRACE::2026-05-03.19:41:23::SCWMssOS::"Running Make include in ps7_cortexa9_0/libsrc/qspips_v3_10/src"

TRACE::2026-05-03.19:41:23::SCWMssOS::make -C ps7_cortexa9_0/libsrc/qspips_v3_10/src -s include  "SHELL=CMD" "COMPILER=arm-none-eabi-gcc" "ASSEMBLER=arm-none-eabi-as
TRACE::2026-05-03.19:41:23::SCWMssOS::" "ARCHIVER=arm-none-eabi-ar" "COMPILER_FLAGS=  -O2 -c" "EXTRA_COMPILER_FLAGS=-mcpu=cortex-a9 -mfpu=vfpv3 -mfloat-abi=hard -nos
TRACE::2026-05-03.19:41:23::SCWMssOS::tartfiles -g -Wall -Wextra -fno-tree-loop-distribute-patterns"

TRACE::2026-05-03.19:41:23::SCWMssOS::"Running Make include in ps7_cortexa9_0/libsrc/scugic_v5_1/src"

TRACE::2026-05-03.19:41:23::SCWMssOS::make -C ps7_cortexa9_0/libsrc/scugic_v5_1/src -s include  "SHELL=CMD" "COMPILER=arm-none-eabi-gcc" "ASSEMBLER=arm-none-eabi-as"
TRACE::2026-05-03.19:41:23::SCWMssOS:: "ARCHIVER=arm-none-eabi-ar" "COMPILER_FLAGS=  -O2 -c" "EXTRA_COMPILER_FLAGS=-mcpu=cortex-a9 -mfpu=vfpv3 -mfloat-abi=hard -nost
TRACE::2026-05-03.19:41:23::SCWMssOS::artfiles -g -Wall -Wextra -fno-tree-loop-distribute-patterns"

TRACE::2026-05-03.19:41:23::SCWMssOS::"Running Make include in ps7_cortexa9_0/libsrc/scutimer_v2_4/src"

TRACE::2026-05-03.19:41:23::SCWMssOS::make -C ps7_cortexa9_0/libsrc/scutimer_v2_4/src -s include  "SHELL=CMD" "COMPILER=arm-none-eabi-gcc" "ASSEMBLER=arm-none-eabi-a
TRACE::2026-05-03.19:41:23::SCWMssOS::s" "ARCHIVER=arm-none-eabi-ar" "COMPILER_FLAGS=  -O2 -c" "EXTRA_COMPILER_FLAGS=-mcpu=cortex-a9 -mfpu=vfpv3 -mfloat-abi=hard -no
TRACE::2026-05-03.19:41:23::SCWMssOS::startfiles -g -Wall -Wextra -fno-tree-loop-distribute-patterns"

TRACE::2026-05-03.19:41:23::SCWMssOS::"Running Make include in ps7_cortexa9_0/libsrc/scuwdt_v2_4/src"

TRACE::2026-05-03.19:41:23::SCWMssOS::make -C ps7_cortexa9_0/libsrc/scuwdt_v2_4/src -s include  "SHELL=CMD" "COMPILER=arm-none-eabi-gcc" "ASSEMBLER=arm-none-eabi-as"
TRACE::2026-05-03.19:41:23::SCWMssOS:: "ARCHIVER=arm-none-eabi-ar" "COMPILER_FLAGS=  -O2 -c" "EXTRA_COMPILER_FLAGS=-mcpu=cortex-a9 -mfpu=vfpv3 -mfloat-abi=hard -nost
TRACE::2026-05-03.19:41:23::SCWMssOS::artfiles -g -Wall -Wextra -fno-tree-loop-distribute-patterns"

TRACE::2026-05-03.19:41:23::SCWMssOS::"Running Make include in ps7_cortexa9_0/libsrc/sdps_v4_1/src"

TRACE::2026-05-03.19:41:23::SCWMssOS::make -C ps7_cortexa9_0/libsrc/sdps_v4_1/src -s include  "SHELL=CMD" "COMPILER=arm-none-eabi-gcc" "ASSEMBLER=arm-none-eabi-as" "
TRACE::2026-05-03.19:41:23::SCWMssOS::ARCHIVER=arm-none-eabi-ar" "COMPILER_FLAGS=  -O2 -c" "EXTRA_COMPILER_FLAGS=-mcpu=cortex-a9 -mfpu=vfpv3 -mfloat-abi=hard -nostar
TRACE::2026-05-03.19:41:23::SCWMssOS::tfiles -g -Wall -Wextra -fno-tree-loop-distribute-patterns"

TRACE::2026-05-03.19:41:23::SCWMssOS::"Running Make include in ps7_cortexa9_0/libsrc/standalone_v8_1/src"

TRACE::2026-05-03.19:41:23::SCWMssOS::make -C ps7_cortexa9_0/libsrc/standalone_v8_1/src -s include  "SHELL=CMD" "COMPILER=arm-none-eabi-gcc" "ASSEMBLER=arm-none-eabi
TRACE::2026-05-03.19:41:23::SCWMssOS::-as" "ARCHIVER=arm-none-eabi-ar" "COMPILER_FLAGS=  -O2 -c" "EXTRA_COMPILER_FLAGS=-mcpu=cortex-a9 -mfpu=vfpv3 -mfloat-abi=hard -
TRACE::2026-05-03.19:41:23::SCWMssOS::nostartfiles -g -Wall -Wextra -fno-tree-loop-distribute-patterns"

TRACE::2026-05-03.19:41:23::SCWMssOS::"Running Make include in ps7_cortexa9_0/libsrc/uartps_v3_12/src"

TRACE::2026-05-03.19:41:23::SCWMssOS::make -C ps7_cortexa9_0/libsrc/uartps_v3_12/src -s include  "SHELL=CMD" "COMPILER=arm-none-eabi-gcc" "ASSEMBLER=arm-none-eabi-as
TRACE::2026-05-03.19:41:23::SCWMssOS::" "ARCHIVER=arm-none-eabi-ar" "COMPILER_FLAGS=  -O2 -c" "EXTRA_COMPILER_FLAGS=-mcpu=cortex-a9 -mfpu=vfpv3 -mfloat-abi=hard -nos
TRACE::2026-05-03.19:41:23::SCWMssOS::tartfiles -g -Wall -Wextra -fno-tree-loop-distribute-patterns"

TRACE::2026-05-03.19:41:23::SCWMssOS::"Running Make include in ps7_cortexa9_0/libsrc/usbps_v2_7/src"

TRACE::2026-05-03.19:41:23::SCWMssOS::make -C ps7_cortexa9_0/libsrc/usbps_v2_7/src -s include  "SHELL=CMD" "COMPILER=arm-none-eabi-gcc" "ASSEMBLER=arm-none-eabi-as" 
TRACE::2026-05-03.19:41:23::SCWMssOS::"ARCHIVER=arm-none-eabi-ar" "COMPILER_FLAGS=  -O2 -c" "EXTRA_COMPILER_FLAGS=-mcpu=cortex-a9 -mfpu=vfpv3 -mfloat-abi=hard -nosta
TRACE::2026-05-03.19:41:23::SCWMssOS::rtfiles -g -Wall -Wextra -fno-tree-loop-distribute-patterns"

TRACE::2026-05-03.19:41:23::SCWMssOS::"Running Make include in ps7_cortexa9_0/libsrc/xadcps_v2_6/src"

TRACE::2026-05-03.19:41:23::SCWMssOS::make -C ps7_cortexa9_0/libsrc/xadcps_v2_6/src -s include  "SHELL=CMD" "COMPILER=arm-none-eabi-gcc" "ASSEMBLER=arm-none-eabi-as"
TRACE::2026-05-03.19:41:23::SCWMssOS:: "ARCHIVER=arm-none-eabi-ar" "COMPILER_FLAGS=  -O2 -c" "EXTRA_COMPILER_FLAGS=-mcpu=cortex-a9 -mfpu=vfpv3 -mfloat-abi=hard -nost
TRACE::2026-05-03.19:41:23::SCWMssOS::artfiles -g -Wall -Wextra -fno-tree-loop-distribute-patterns"

TRACE::2026-05-03.19:41:24::SCWMssOS::"Running Make libs in ps7_cortexa9_0/libsrc/bram_v4_8/src"

TRACE::2026-05-03.19:41:24::SCWMssOS::make -C ps7_cortexa9_0/libsrc/bram_v4_8/src -s libs  "SHELL=CMD" "COMPILER=arm-none-eabi-gcc" "ASSEMBLER=arm-none-eabi-as" "ARC
TRACE::2026-05-03.19:41:24::SCWMssOS::HIVER=arm-none-eabi-ar" "COMPILER_FLAGS=  -O2 -c" "EXTRA_COMPILER_FLAGS=-mcpu=cortex-a9 -mfpu=vfpv3 -mfloat-abi=hard -nostartfi
TRACE::2026-05-03.19:41:24::SCWMssOS::les -g -Wall -Wextra -fno-tree-loop-distribute-patterns"

TRACE::2026-05-03.19:41:24::SCWMssOS::"Running Make libs in ps7_cortexa9_0/libsrc/coresightps_dcc_v1_8/src"

TRACE::2026-05-03.19:41:24::SCWMssOS::make -C ps7_cortexa9_0/libsrc/coresightps_dcc_v1_8/src -s libs  "SHELL=CMD" "COMPILER=arm-none-eabi-gcc" "ASSEMBLER=arm-none-ea
TRACE::2026-05-03.19:41:24::SCWMssOS::bi-as" "ARCHIVER=arm-none-eabi-ar" "COMPILER_FLAGS=  -O2 -c" "EXTRA_COMPILER_FLAGS=-mcpu=cortex-a9 -mfpu=vfpv3 -mfloat-abi=hard
TRACE::2026-05-03.19:41:24::SCWMssOS:: -nostartfiles -g -Wall -Wextra -fno-tree-loop-distribute-patterns"

TRACE::2026-05-03.19:41:24::SCWMssOS::"Running Make libs in ps7_cortexa9_0/libsrc/cpu_cortexa9_v2_11/src"

TRACE::2026-05-03.19:41:24::SCWMssOS::make -C ps7_cortexa9_0/libsrc/cpu_cortexa9_v2_11/src -s libs  "SHELL=CMD" "COMPILER=arm-none-eabi-gcc" "ASSEMBLER=arm-none-eabi
TRACE::2026-05-03.19:41:24::SCWMssOS::-as" "ARCHIVER=arm-none-eabi-ar" "COMPILER_FLAGS=  -O2 -c" "EXTRA_COMPILER_FLAGS=-mcpu=cortex-a9 -mfpu=vfpv3 -mfloat-abi=hard -
TRACE::2026-05-03.19:41:24::SCWMssOS::nostartfiles -g -Wall -Wextra -fno-tree-loop-distribute-patterns"

TRACE::2026-05-03.19:41:24::SCWMssOS::"Running Make libs in ps7_cortexa9_0/libsrc/ddrps_v1_2/src"

TRACE::2026-05-03.19:41:24::SCWMssOS::make -C ps7_cortexa9_0/libsrc/ddrps_v1_2/src -s libs  "SHELL=CMD" "COMPILER=arm-none-eabi-gcc" "ASSEMBLER=arm-none-eabi-as" "AR
TRACE::2026-05-03.19:41:24::SCWMssOS::CHIVER=arm-none-eabi-ar" "COMPILER_FLAGS=  -O2 -c" "EXTRA_COMPILER_FLAGS=-mcpu=cortex-a9 -mfpu=vfpv3 -mfloat-abi=hard -nostartf
TRACE::2026-05-03.19:41:24::SCWMssOS::iles -g -Wall -Wextra -fno-tree-loop-distribute-patterns"

TRACE::2026-05-03.19:41:24::SCWMssOS::"Running Make libs in ps7_cortexa9_0/libsrc/devcfg_v3_7/src"

TRACE::2026-05-03.19:41:24::SCWMssOS::make -C ps7_cortexa9_0/libsrc/devcfg_v3_7/src -s libs  "SHELL=CMD" "COMPILER=arm-none-eabi-gcc" "ASSEMBLER=arm-none-eabi-as" "A
TRACE::2026-05-03.19:41:24::SCWMssOS::RCHIVER=arm-none-eabi-ar" "COMPILER_FLAGS=  -O2 -c" "EXTRA_COMPILER_FLAGS=-mcpu=cortex-a9 -mfpu=vfpv3 -mfloat-abi=hard -nostart
TRACE::2026-05-03.19:41:24::SCWMssOS::files -g -Wall -Wextra -fno-tree-loop-distribute-patterns"

TRACE::2026-05-03.19:41:24::SCWMssOS::"Running Make libs in ps7_cortexa9_0/libsrc/dmaps_v2_8/src"

TRACE::2026-05-03.19:41:24::SCWMssOS::make -C ps7_cortexa9_0/libsrc/dmaps_v2_8/src -s libs  "SHELL=CMD" "COMPILER=arm-none-eabi-gcc" "ASSEMBLER=arm-none-eabi-as" "AR
TRACE::2026-05-03.19:41:24::SCWMssOS::CHIVER=arm-none-eabi-ar" "COMPILER_FLAGS=  -O2 -c" "EXTRA_COMPILER_FLAGS=-mcpu=cortex-a9 -mfpu=vfpv3 -mfloat-abi=hard -nostartf
TRACE::2026-05-03.19:41:24::SCWMssOS::iles -g -Wall -Wextra -fno-tree-loop-distribute-patterns"

TRACE::2026-05-03.19:41:24::SCWMssOS::"Running Make libs in ps7_cortexa9_0/libsrc/emacps_v3_18/src"

TRACE::2026-05-03.19:41:24::SCWMssOS::make -C ps7_cortexa9_0/libsrc/emacps_v3_18/src -s libs  "SHELL=CMD" "COMPILER=arm-none-eabi-gcc" "ASSEMBLER=arm-none-eabi-as" "
TRACE::2026-05-03.19:41:24::SCWMssOS::ARCHIVER=arm-none-eabi-ar" "COMPILER_FLAGS=  -O2 -c" "EXTRA_COMPILER_FLAGS=-mcpu=cortex-a9 -mfpu=vfpv3 -mfloat-abi=hard -nostar
TRACE::2026-05-03.19:41:24::SCWMssOS::tfiles -g -Wall -Wextra -fno-tree-loop-distribute-patterns"

TRACE::2026-05-03.19:41:24::SCWMssOS::"Running Make libs in ps7_cortexa9_0/libsrc/gpiops_v3_11/src"

TRACE::2026-05-03.19:41:24::SCWMssOS::make -C ps7_cortexa9_0/libsrc/gpiops_v3_11/src -s libs  "SHELL=CMD" "COMPILER=arm-none-eabi-gcc" "ASSEMBLER=arm-none-eabi-as" "
TRACE::2026-05-03.19:41:24::SCWMssOS::ARCHIVER=arm-none-eabi-ar" "COMPILER_FLAGS=  -O2 -c" "EXTRA_COMPILER_FLAGS=-mcpu=cortex-a9 -mfpu=vfpv3 -mfloat-abi=hard -nostar
TRACE::2026-05-03.19:41:24::SCWMssOS::tfiles -g -Wall -Wextra -fno-tree-loop-distribute-patterns"

TRACE::2026-05-03.19:41:24::SCWMssOS::"Running Make libs in ps7_cortexa9_0/libsrc/gpio_v4_9/src"

TRACE::2026-05-03.19:41:24::SCWMssOS::make -C ps7_cortexa9_0/libsrc/gpio_v4_9/src -s libs  "SHELL=CMD" "COMPILER=arm-none-eabi-gcc" "ASSEMBLER=arm-none-eabi-as" "ARC
TRACE::2026-05-03.19:41:24::SCWMssOS::HIVER=arm-none-eabi-ar" "COMPILER_FLAGS=  -O2 -c" "EXTRA_COMPILER_FLAGS=-mcpu=cortex-a9 -mfpu=vfpv3 -mfloat-abi=hard -nostartfi
TRACE::2026-05-03.19:41:24::SCWMssOS::les -g -Wall -Wextra -fno-tree-loop-distribute-patterns"

TRACE::2026-05-03.19:41:24::SCWMssOS::"Running Make libs in ps7_cortexa9_0/libsrc/qspips_v3_10/src"

TRACE::2026-05-03.19:41:24::SCWMssOS::make -C ps7_cortexa9_0/libsrc/qspips_v3_10/src -s libs  "SHELL=CMD" "COMPILER=arm-none-eabi-gcc" "ASSEMBLER=arm-none-eabi-as" "
TRACE::2026-05-03.19:41:24::SCWMssOS::ARCHIVER=arm-none-eabi-ar" "COMPILER_FLAGS=  -O2 -c" "EXTRA_COMPILER_FLAGS=-mcpu=cortex-a9 -mfpu=vfpv3 -mfloat-abi=hard -nostar
TRACE::2026-05-03.19:41:24::SCWMssOS::tfiles -g -Wall -Wextra -fno-tree-loop-distribute-patterns"

TRACE::2026-05-03.19:41:24::SCWMssOS::"Running Make libs in ps7_cortexa9_0/libsrc/scugic_v5_1/src"

TRACE::2026-05-03.19:41:24::SCWMssOS::make -C ps7_cortexa9_0/libsrc/scugic_v5_1/src -s libs  "SHELL=CMD" "COMPILER=arm-none-eabi-gcc" "ASSEMBLER=arm-none-eabi-as" "A
TRACE::2026-05-03.19:41:24::SCWMssOS::RCHIVER=arm-none-eabi-ar" "COMPILER_FLAGS=  -O2 -c" "EXTRA_COMPILER_FLAGS=-mcpu=cortex-a9 -mfpu=vfpv3 -mfloat-abi=hard -nostart
TRACE::2026-05-03.19:41:24::SCWMssOS::files -g -Wall -Wextra -fno-tree-loop-distribute-patterns"

TRACE::2026-05-03.19:41:24::SCWMssOS::"Running Make libs in ps7_cortexa9_0/libsrc/scutimer_v2_4/src"

TRACE::2026-05-03.19:41:24::SCWMssOS::make -C ps7_cortexa9_0/libsrc/scutimer_v2_4/src -s libs  "SHELL=CMD" "COMPILER=arm-none-eabi-gcc" "ASSEMBLER=arm-none-eabi-as" 
TRACE::2026-05-03.19:41:24::SCWMssOS::"ARCHIVER=arm-none-eabi-ar" "COMPILER_FLAGS=  -O2 -c" "EXTRA_COMPILER_FLAGS=-mcpu=cortex-a9 -mfpu=vfpv3 -mfloat-abi=hard -nosta
TRACE::2026-05-03.19:41:24::SCWMssOS::rtfiles -g -Wall -Wextra -fno-tree-loop-distribute-patterns"

TRACE::2026-05-03.19:41:24::SCWMssOS::"Running Make libs in ps7_cortexa9_0/libsrc/scuwdt_v2_4/src"

TRACE::2026-05-03.19:41:24::SCWMssOS::make -C ps7_cortexa9_0/libsrc/scuwdt_v2_4/src -s libs  "SHELL=CMD" "COMPILER=arm-none-eabi-gcc" "ASSEMBLER=arm-none-eabi-as" "A
TRACE::2026-05-03.19:41:24::SCWMssOS::RCHIVER=arm-none-eabi-ar" "COMPILER_FLAGS=  -O2 -c" "EXTRA_COMPILER_FLAGS=-mcpu=cortex-a9 -mfpu=vfpv3 -mfloat-abi=hard -nostart
TRACE::2026-05-03.19:41:24::SCWMssOS::files -g -Wall -Wextra -fno-tree-loop-distribute-patterns"

TRACE::2026-05-03.19:41:24::SCWMssOS::"Running Make libs in ps7_cortexa9_0/libsrc/sdps_v4_1/src"

TRACE::2026-05-03.19:41:24::SCWMssOS::"Running Make libs in ps7_cortexa9_0/libsrc/standalone_v8_1/src"

TRACE::2026-05-03.19:41:24::SCWMssOS::make -C ps7_cortexa9_0/libsrc/sdps_v4_1/src -s libs  "SHELL=CMD" "COMPILER=arm-none-eabi-gcc" "ASSEMBLER=arm-none-eabi-as" "ARC
TRACE::2026-05-03.19:41:24::SCWMssOS::HIVER=arm-none-eabi-ar" "COMPILER_FLAGS=  -O2 -c" "EXTRA_COMPILER_FLAGS=-mcpu=cortex-a9 -mfpu=vfpv3 -mfloat-abi=hard -nostartfi
TRACE::2026-05-03.19:41:24::SCWMssOS::les -g -Wall -Wextra -fno-tree-loop-distribute-patterns"

TRACE::2026-05-03.19:41:24::SCWMssOS::make -C ps7_cortexa9_0/libsrc/standalone_v8_1/src -s libs  "SHELL=CMD" "COMPILER=arm-none-eabi-gcc" "ASSEMBLER=arm-none-eabi-as
TRACE::2026-05-03.19:41:24::SCWMssOS::" "ARCHIVER=arm-none-eabi-ar" "COMPILER_FLAGS=  -O2 -c" "EXTRA_COMPILER_FLAGS=-mcpu=cortex-a9 -mfpu=vfpv3 -mfloat-abi=hard -nos
TRACE::2026-05-03.19:41:24::SCWMssOS::tartfiles -g -Wall -Wextra -fno-tree-loop-distribute-patterns"

TRACE::2026-05-03.19:41:24::SCWMssOS::"Running Make libs in ps7_cortexa9_0/libsrc/uartps_v3_12/src"

TRACE::2026-05-03.19:41:24::SCWMssOS::make -C ps7_cortexa9_0/libsrc/uartps_v3_12/src -s libs  "SHELL=CMD" "COMPILER=arm-none-eabi-gcc" "ASSEMBLER=arm-none-eabi-as" "
TRACE::2026-05-03.19:41:24::SCWMssOS::ARCHIVER=arm-none-eabi-ar" "COMPILER_FLAGS=  -O2 -c" "EXTRA_COMPILER_FLAGS=-mcpu=cortex-a9 -mfpu=vfpv3 -mfloat-abi=hard -nostar
TRACE::2026-05-03.19:41:24::SCWMssOS::tfiles -g -Wall -Wextra -fno-tree-loop-distribute-patterns"

TRACE::2026-05-03.19:41:24::SCWMssOS::"Running Make libs in ps7_cortexa9_0/libsrc/usbps_v2_7/src"

TRACE::2026-05-03.19:41:24::SCWMssOS::make -C ps7_cortexa9_0/libsrc/usbps_v2_7/src -s libs  "SHELL=CMD" "COMPILER=arm-none-eabi-gcc" "ASSEMBLER=arm-none-eabi-as" "AR
TRACE::2026-05-03.19:41:24::SCWMssOS::CHIVER=arm-none-eabi-ar" "COMPILER_FLAGS=  -O2 -c" "EXTRA_COMPILER_FLAGS=-mcpu=cortex-a9 -mfpu=vfpv3 -mfloat-abi=hard -nostartf
TRACE::2026-05-03.19:41:24::SCWMssOS::iles -g -Wall -Wextra -fno-tree-loop-distribute-patterns"

TRACE::2026-05-03.19:41:24::SCWMssOS::"Running Make libs in ps7_cortexa9_0/libsrc/xadcps_v2_6/src"

TRACE::2026-05-03.19:41:24::SCWMssOS::make -C ps7_cortexa9_0/libsrc/xadcps_v2_6/src -s libs  "SHELL=CMD" "COMPILER=arm-none-eabi-gcc" "ASSEMBLER=arm-none-eabi-as" "A
TRACE::2026-05-03.19:41:24::SCWMssOS::RCHIVER=arm-none-eabi-ar" "COMPILER_FLAGS=  -O2 -c" "EXTRA_COMPILER_FLAGS=-mcpu=cortex-a9 -mfpu=vfpv3 -mfloat-abi=hard -nostart
TRACE::2026-05-03.19:41:24::SCWMssOS::files -g -Wall -Wextra -fno-tree-loop-distribute-patterns"

TRACE::2026-05-03.19:41:25::SCWMssOS::'Finished building libraries parallelly.'

TRACE::2026-05-03.19:41:25::SCWMssOS::make --no-print-directory archive

TRACE::2026-05-03.19:41:25::SCWMssOS::arm-none-eabi-ar -r  ps7_cortexa9_0/lib/libxil.a ps7_cortexa9_0/lib/_exit.o ps7_cortexa9_0/lib/_open.o ps7_cortexa9_0/lib/_sbrk
TRACE::2026-05-03.19:41:25::SCWMssOS::.o ps7_cortexa9_0/lib/abort.o ps7_cortexa9_0/lib/asm_vectors.o ps7_cortexa9_0/lib/boot.o ps7_cortexa9_0/lib/close.o ps7_cortexa
TRACE::2026-05-03.19:41:25::SCWMssOS::9_0/lib/cpputest_time.o ps7_cortexa9_0/lib/cpu_init.o ps7_cortexa9_0/lib/errno.o ps7_cortexa9_0/lib/fcntl.o ps7_cortexa9_0/lib/
TRACE::2026-05-03.19:41:25::SCWMssOS::fstat.o ps7_cortexa9_0/lib/getentropy.o ps7_cortexa9_0/lib/getpid.o ps7_cortexa9_0/lib/inbyte.o ps7_cortexa9_0/lib/isatty.o ps7
TRACE::2026-05-03.19:41:25::SCWMssOS::_cortexa9_0/lib/kill.o ps7_cortexa9_0/lib/lseek.o ps7_cortexa9_0/lib/open.o ps7_cortexa9_0/lib/outbyte.o ps7_cortexa9_0/lib/pri
TRACE::2026-05-03.19:41:25::SCWMssOS::nt.o ps7_cortexa9_0/lib/putnum.o ps7_cortexa9_0/lib/read.o ps7_cortexa9_0/lib/sbrk.o ps7_cortexa9_0/lib/sleep.o ps7_cortexa9_0/
TRACE::2026-05-03.19:41:25::SCWMssOS::lib/time.o ps7_cortexa9_0/lib/translation_table.o ps7_cortexa9_0/lib/unlink.o ps7_cortexa9_0/lib/usleep.o ps7_cortexa9_0/lib/ve
TRACE::2026-05-03.19:41:25::SCWMssOS::ctors.o ps7_cortexa9_0/lib/write.o ps7_cortexa9_0/lib/xadcps.o ps7_cortexa9_0/lib/xadcps_g.o ps7_cortexa9_0/lib/xadcps_intr.o p
TRACE::2026-05-03.19:41:25::SCWMssOS::s7_cortexa9_0/lib/xadcps_selftest.o ps7_cortexa9_0/lib/xadcps_sinit.o ps7_cortexa9_0/lib/xbram.o ps7_cortexa9_0/lib/xbram_g.o p
TRACE::2026-05-03.19:41:25::SCWMssOS::s7_cortexa9_0/lib/xbram_intr.o ps7_cortexa9_0/lib/xbram_selftest.o ps7_cortexa9_0/lib/xbram_sinit.o ps7_cortexa9_0/lib/xcoresig
TRACE::2026-05-03.19:41:25::SCWMssOS::htpsdcc.o ps7_cortexa9_0/lib/xdevcfg.o ps7_cortexa9_0/lib/xdevcfg_g.o ps7_cortexa9_0/lib/xdevcfg_hw.o ps7_cortexa9_0/lib/xdevcf
TRACE::2026-05-03.19:41:25::SCWMssOS::g_intr.o ps7_cortexa9_0/lib/xdevcfg_selftest.o ps7_cortexa9_0/lib/xdevcfg_sinit.o ps7_cortexa9_0/lib/xdmaps.o ps7_cortexa9_0/li
TRACE::2026-05-03.19:41:25::SCWMssOS::b/xdmaps_g.o ps7_cortexa9_0/lib/xdmaps_hw.o ps7_cortexa9_0/lib/xdmaps_selftest.o ps7_cortexa9_0/lib/xdmaps_sinit.o ps7_cortexa9
TRACE::2026-05-03.19:41:25::SCWMssOS::_0/lib/xemacps.o ps7_cortexa9_0/lib/xemacps_bdring.o ps7_cortexa9_0/lib/xemacps_control.o ps7_cortexa9_0/lib/xemacps_g.o ps7_co
TRACE::2026-05-03.19:41:25::SCWMssOS::rtexa9_0/lib/xemacps_hw.o ps7_cortexa9_0/lib/xemacps_intr.o ps7_cortexa9_0/lib/xemacps_sinit.o ps7_cortexa9_0/lib/xgpio.o ps7_c
TRACE::2026-05-03.19:41:25::SCWMssOS::ortexa9_0/lib/xgpio_extra.o ps7_cortexa9_0/lib/xgpio_g.o ps7_cortexa9_0/lib/xgpio_intr.o ps7_cortexa9_0/lib/xgpio_selftest.o ps
TRACE::2026-05-03.19:41:25::SCWMssOS::7_cortexa9_0/lib/xgpio_sinit.o ps7_cortexa9_0/lib/xgpiops.o ps7_cortexa9_0/lib/xgpiops_g.o ps7_cortexa9_0/lib/xgpiops_hw.o ps7_
TRACE::2026-05-03.19:41:25::SCWMssOS::cortexa9_0/lib/xgpiops_intr.o ps7_cortexa9_0/lib/xgpiops_selftest.o ps7_cortexa9_0/lib/xgpiops_sinit.o ps7_cortexa9_0/lib/xil-c
TRACE::2026-05-03.19:41:25::SCWMssOS::rt0.o ps7_cortexa9_0/lib/xil_assert.o ps7_cortexa9_0/lib/xil_cache.o ps7_cortexa9_0/lib/xil_clocking.o ps7_cortexa9_0/lib/xil_e
TRACE::2026-05-03.19:41:25::SCWMssOS::xception.o ps7_cortexa9_0/lib/xil_mem.o ps7_cortexa9_0/lib/xil_misc_psreset_api.o ps7_cortexa9_0/lib/xil_mmu.o ps7_cortexa9_0/l
TRACE::2026-05-03.19:41:25::SCWMssOS::ib/xil_printf.o ps7_cortexa9_0/lib/xil_sleepcommon.o ps7_cortexa9_0/lib/xil_sleeptimer.o ps7_cortexa9_0/lib/xil_spinlock.o ps7_
TRACE::2026-05-03.19:41:25::SCWMssOS::cortexa9_0/lib/xil_testcache.o ps7_cortexa9_0/lib/xil_testio.o ps7_cortexa9_0/lib/xil_testmem.o ps7_cortexa9_0/lib/xil_util.o p
TRACE::2026-05-03.19:41:25::SCWMssOS::s7_cortexa9_0/lib/xinterrupt_wrap.o ps7_cortexa9_0/lib/xl2cc_counter.o ps7_cortexa9_0/lib/xplatform_info.o ps7_cortexa9_0/lib/x
TRACE::2026-05-03.19:41:25::SCWMssOS::pm_counter.o ps7_cortexa9_0/lib/xqspips.o ps7_cortexa9_0/lib/xqspips_g.o ps7_cortexa9_0/lib/xqspips_hw.o ps7_cortexa9_0/lib/xqs
TRACE::2026-05-03.19:41:25::SCWMssOS::pips_options.o ps7_cortexa9_0/lib/xqspips_selftest.o ps7_cortexa9_0/lib/xqspips_sinit.o ps7_cortexa9_0/lib/xscugic.o ps7_cortex
TRACE::2026-05-03.19:41:25::SCWMssOS::a9_0/lib/xscugic_g.o ps7_cortexa9_0/lib/xscugic_hw.o ps7_cortexa9_0/lib/xscugic_intr.o ps7_cortexa9_0/lib/xscugic_selftest.o ps
TRACE::2026-05-03.19:41:25::SCWMssOS::7_cortexa9_0/lib/xscugic_sinit.o ps7_cortexa9_0/lib/xscutimer.o ps7_cortexa9_0/lib/xscutimer_g.o ps7_cortexa9_0/lib/xscutimer_s
TRACE::2026-05-03.19:41:25::SCWMssOS::elftest.o ps7_cortexa9_0/lib/xscutimer_sinit.o ps7_cortexa9_0/lib/xscuwdt.o ps7_cortexa9_0/lib/xscuwdt_g.o ps7_cortexa9_0/lib/x
TRACE::2026-05-03.19:41:25::SCWMssOS::scuwdt_selftest.o ps7_cortexa9_0/lib/xscuwdt_sinit.o ps7_cortexa9_0/lib/xsdps.o ps7_cortexa9_0/lib/xsdps_card.o ps7_cortexa9_0/
TRACE::2026-05-03.19:41:25::SCWMssOS::lib/xsdps_g.o ps7_cortexa9_0/lib/xsdps_host.o ps7_cortexa9_0/lib/xsdps_options.o ps7_cortexa9_0/lib/xsdps_sinit.o ps7_cortexa9_
TRACE::2026-05-03.19:41:25::SCWMssOS::0/lib/xtime_l.o ps7_cortexa9_0/lib/xuartps.o ps7_cortexa9_0/lib/xuartps_g.o ps7_cortexa9_0/lib/xuartps_hw.o ps7_cortexa9_0/lib/
TRACE::2026-05-03.19:41:25::SCWMssOS::xuartps_intr.o ps7_cortexa9_0/lib/xuartps_options.o ps7_cortexa9_0/lib/xuartps_selftest.o ps7_cortexa9_0/lib/xuartps_sinit.o ps
TRACE::2026-05-03.19:41:25::SCWMssOS::7_cortexa9_0/lib/xusbps.o ps7_cortexa9_0/lib/xusbps_endpoint.o ps7_cortexa9_0/lib/xusbps_g.o ps7_cortexa9_0/lib/xusbps_hw.o ps7
TRACE::2026-05-03.19:41:25::SCWMssOS::_cortexa9_0/lib/xusbps_intr.o ps7_cortexa9_0/lib/xusbps_sinit.o

TRACE::2026-05-03.19:41:25::SCWMssOS::'Finished building libraries'

TRACE::2026-05-03.19:41:25::SCWMssOS:: Checking if to create the Supporting Applications
TRACE::2026-05-03.19:41:25::SCWMssOS:: No Linux domain exists, trying to generate FSBL 
LOG::2026-05-03.19:41:25::SCWSystem::Completed Processing the domain standalone_domain
LOG::2026-05-03.19:41:25::SCWSystem::Completed Processing the sysconfig zybo_z7_10_plat
LOG::2026-05-03.19:41:25::SCWPlatform::Completed generating the artifacts for system configuration zybo_z7_10_plat
TRACE::2026-05-03.19:41:25::SCWPlatform::Started preparing the platform 
TRACE::2026-05-03.19:41:25::SCWSystem::Writing the bif file for system config zybo_z7_10_plat
TRACE::2026-05-03.19:41:25::SCWSystem::dir created 
TRACE::2026-05-03.19:41:25::SCWSystem::Writing the bif 
TRACE::2026-05-03.19:41:25::SCWPlatform::Started writing the spfm file 
TRACE::2026-05-03.19:41:25::SCWPlatform::Started writing the xpfm file 
TRACE::2026-05-03.19:41:25::SCWPlatform::Completed generating the platform
TRACE::2026-05-03.19:41:25::SCWMssOS::Saving the mss changes C:/Users/khuon/ECE520/final_project/vitis_application/zybo_z7_10_plat/zynq_fsbl/zynq_fsbl_bsp/system.mss
TRACE::2026-05-03.19:41:25::SCWMssOS::Found a swdesign opened with the mssfile.
TRACE::2026-05-03.19:41:25::SCWMssOS::Completed writemss as part of save.
TRACE::2026-05-03.19:41:25::SCWMssOS::Commit changes completed.
TRACE::2026-05-03.19:41:25::SCWMssOS::Saving the mss changes C:/Users/khuon/ECE520/final_project/vitis_application/zybo_z7_10_plat/ps7_cortexa9_0/standalone_domain/bsp/system.mss
TRACE::2026-05-03.19:41:25::SCWMssOS::Adding the swdes entry, mss present, able to open swdb C:/Users/khuon/ECE520/final_project/vitis_application/zybo_z7_10_plat/ps7_cortexa9_0/standalone_domain/bsp/system.mss with des name system_0
TRACE::2026-05-03.19:41:25::SCWMssOS::Writing the mss file completed C:/Users/khuon/ECE520/final_project/vitis_application/zybo_z7_10_plat/ps7_cortexa9_0/standalone_domain/bsp/system.mss
TRACE::2026-05-03.19:41:25::SCWMssOS::Commit changes completed.
TRACE::2026-05-03.19:41:25::SCWPlatform::Trying to open the hw design at C:/Users/khuon/ECE520/final_project/vitis_application/zybo_z7_10_plat/hw/reactive_scene_top_ps.xsa
TRACE::2026-05-03.19:41:25::SCWPlatform::DSA given C:/Users/khuon/ECE520/final_project/vitis_application/zybo_z7_10_plat/hw/reactive_scene_top_ps.xsa
TRACE::2026-05-03.19:41:25::SCWPlatform::DSA absoulate path C:/Users/khuon/ECE520/final_project/vitis_application/zybo_z7_10_plat/hw/reactive_scene_top_ps.xsa
TRACE::2026-05-03.19:41:25::SCWPlatform::DSA directory C:/Users/khuon/ECE520/final_project/vitis_application/zybo_z7_10_plat/hw
TRACE::2026-05-03.19:41:25::SCWPlatform:: Platform Path C:/Users/khuon/ECE520/final_project/vitis_application/zybo_z7_10_plat/hw/reactive_scene_top_ps.xsa
TRACE::2026-05-03.19:41:25::SCWPlatform:: Unique name xilinx:zybo-z7-10::0.0
TRACE::2026-05-03.19:41:25::SCWPlatform::Trying to set the existing hwdb with name reactive_scene_top_ps_9
TRACE::2026-05-03.19:41:25::SCWPlatform::Opened existing hwdb reactive_scene_top_ps_9
TRACE::2026-05-03.19:41:25::SCWPlatform::Found the Hw Db part of the input DSA
TRACE::2026-05-03.19:41:25::SCWMssOS::Checking the sw design at  C:/Users/khuon/ECE520/final_project/vitis_application/zybo_z7_10_plat/zynq_fsbl/zynq_fsbl_bsp/system.mss
TRACE::2026-05-03.19:41:25::SCWMssOS::DEBUG:  swdes dump  C:/Users/khuon/ECE520/final_project/vitis_application/zybo_z7_10_plat/ps7_cortexa9_0/standalone_domain/bsp/system.mss|system_0||
C:/Users/khuon/ECE520/final_project/vitis_application/zybo_z7_10_plat/zynq_fsbl/zynq_fsbl_bsp/system.mss|system||

TRACE::2026-05-03.19:41:25::SCWMssOS::Sw design exists and opened at  C:/Users/khuon/ECE520/final_project/vitis_application/zybo_z7_10_plat/zynq_fsbl/zynq_fsbl_bsp/system.mss
TRACE::2026-05-03.19:41:25::SCWPlatform::Trying to open the hw design at C:/Users/khuon/ECE520/final_project/vitis_application/zybo_z7_10_plat/hw/reactive_scene_top_ps.xsa
TRACE::2026-05-03.19:41:25::SCWPlatform::DSA given C:/Users/khuon/ECE520/final_project/vitis_application/zybo_z7_10_plat/hw/reactive_scene_top_ps.xsa
TRACE::2026-05-03.19:41:25::SCWPlatform::DSA absoulate path C:/Users/khuon/ECE520/final_project/vitis_application/zybo_z7_10_plat/hw/reactive_scene_top_ps.xsa
TRACE::2026-05-03.19:41:25::SCWPlatform::DSA directory C:/Users/khuon/ECE520/final_project/vitis_application/zybo_z7_10_plat/hw
TRACE::2026-05-03.19:41:25::SCWPlatform:: Platform Path C:/Users/khuon/ECE520/final_project/vitis_application/zybo_z7_10_plat/hw/reactive_scene_top_ps.xsa
TRACE::2026-05-03.19:41:25::SCWPlatform:: Unique name xilinx:zybo-z7-10::0.0
TRACE::2026-05-03.19:41:25::SCWPlatform::Trying to set the existing hwdb with name reactive_scene_top_ps_9
TRACE::2026-05-03.19:41:25::SCWPlatform::Opened existing hwdb reactive_scene_top_ps_9
TRACE::2026-05-03.19:41:25::SCWPlatform::Found the Hw Db part of the input DSA
TRACE::2026-05-03.19:41:25::SCWMssOS::Checking the sw design at  C:/Users/khuon/ECE520/final_project/vitis_application/zybo_z7_10_plat/ps7_cortexa9_0/standalone_domain/bsp/system.mss
TRACE::2026-05-03.19:41:25::SCWMssOS::DEBUG:  swdes dump  C:/Users/khuon/ECE520/final_project/vitis_application/zybo_z7_10_plat/ps7_cortexa9_0/standalone_domain/bsp/system.mss|system_0||
C:/Users/khuon/ECE520/final_project/vitis_application/zybo_z7_10_plat/zynq_fsbl/zynq_fsbl_bsp/system.mss|system||

TRACE::2026-05-03.19:41:25::SCWMssOS::Sw design exists and opened at  C:/Users/khuon/ECE520/final_project/vitis_application/zybo_z7_10_plat/ps7_cortexa9_0/standalone_domain/bsp/system.mss
TRACE::2026-05-03.19:41:25::SCWWriter::formatted JSON is {
	"platformName":	"zybo_z7_10_plat",
	"sprVersion":	"2.0",
	"mode":	"gui",
	"dsaType":	"Fixed",
	"platformDesc":	"zybo_z7_10_plat",
	"platHandOff":	"C:/Users/khuon/ECE520/final_project/phase3_integration/reactive_scene_top_ps.xsa",
	"platIntHandOff":	"<platformDir>/hw/reactive_scene_top_ps.xsa",
	"deviceType":	"zynq",
	"platIsPrebuiltAutogen":	"false",
	"platIsNoBootBsp":	"false",
	"hasFsblMakeHasChanges":	"false",
	"hasPmufwMakeHasChanges":	"false",
	"fsblExtraCompilerFlags":	"-MMD -MP       -mcpu=cortex-a9 -mfpu=vfpv3 -mfloat-abi=hard ",
	"platPreBuiltFlag":	false,
	"platformSamplesDir":	"",
	"platActiveSys":	"zybo_z7_10_plat",
	"systems":	[{
			"systemName":	"zybo_z7_10_plat",
			"systemDesc":	"zybo_z7_10_plat",
			"sysIsBootAutoGen":	"true",
			"systemDispName":	"zybo_z7_10_plat",
			"sysActiveDom":	"standalone_domain",
			"sysDefaultDom":	"standalone_domain",
			"domains":	[{
					"domainName":	"zynq_fsbl",
					"domainDispName":	"zynq_fsbl",
					"domainDesc":	"FSBL Application BSP - Auto Generated.",
					"processors":	"ps7_cortexa9_0",
					"os":	"standalone",
					"sdxOs":	"standalone",
					"debugEnable":	"",
					"domRuntimes":	["cpp"],
					"swRepo":	"",
					"mssOsVer":	"8.1",
					"mssFile":	"",
					"md5Digest":	"5d56e52180d0bc02e0d42be3c7f1597a1",
					"compatibleApp":	"zynq_fsbl",
					"domType":	"bootDomain",
					"arch":	"32-bit",
					"appSettings":	{
						"appCompilerFlags":	"",
						"appLinkerFlags":	""
					},
					"addedLibs":	["xilffs:5.0", "xilrsa:1.6"],
					"libOptions":	{
						"libsContainingOptions":	[]
					},
					"prebuiltLibs":	{
						"prebuiltIncPath":	[],
						"prebuiltLibPath":	[]
					},
					"isolation":	{
					}
				}, {
					"domainName":	"standalone_domain",
					"domainDispName":	"standalone on ps7_cortexa9_0",
					"domainDesc":	"standalone_domain",
					"processors":	"ps7_cortexa9_0",
					"os":	"standalone",
					"sdxOs":	"standalone",
					"qemuArgs":	"<platformDir>/resources/zybo_z7_10_plat/standalone_domain/qemu_args.txt",
					"qemuData":	"<platformDir>/resources/zybo_z7_10_plat/standalone_domain/qemu",
					"debugEnable":	"False",
					"domRuntimes":	["cpp"],
					"swRepo":	"",
					"mssOsVer":	"8.1",
					"mssFile":	"",
					"md5Digest":	"15de6ed70cac3d5d78676056db89f50d",
					"compatibleApp":	"",
					"domType":	"mssDomain",
					"appSettings":	{
						"appCompilerFlags":	"",
						"appLinkerFlags":	""
					},
					"addedLibs":	[],
					"libOptions":	{
						"libsContainingOptions":	[]
					},
					"prebuiltLibs":	{
						"prebuiltIncPath":	[],
						"prebuiltLibPath":	[]
					},
					"isolation":	{
					}
				}]
		}]
}
KEYINFO::2026-05-03.19:41:25::SCWPlatform::updated the xpfm file.
TRACE::2026-05-03.19:41:26::SCWPlatform::Trying to open the hw design at C:/Users/khuon/ECE520/final_project/vitis_application/zybo_z7_10_plat/hw/reactive_scene_top_ps.xsa
TRACE::2026-05-03.19:41:26::SCWPlatform::DSA given C:/Users/khuon/ECE520/final_project/vitis_application/zybo_z7_10_plat/hw/reactive_scene_top_ps.xsa
TRACE::2026-05-03.19:41:26::SCWPlatform::DSA absoulate path C:/Users/khuon/ECE520/final_project/vitis_application/zybo_z7_10_plat/hw/reactive_scene_top_ps.xsa
TRACE::2026-05-03.19:41:26::SCWPlatform::DSA directory C:/Users/khuon/ECE520/final_project/vitis_application/zybo_z7_10_plat/hw
TRACE::2026-05-03.19:41:26::SCWPlatform:: Platform Path C:/Users/khuon/ECE520/final_project/vitis_application/zybo_z7_10_plat/hw/reactive_scene_top_ps.xsa
TRACE::2026-05-03.19:41:26::SCWPlatform:: Unique name xilinx:zybo-z7-10::0.0
TRACE::2026-05-03.19:41:26::SCWPlatform::Trying to set the existing hwdb with name reactive_scene_top_ps_9
TRACE::2026-05-03.19:41:26::SCWPlatform::Opened existing hwdb reactive_scene_top_ps_9
TRACE::2026-05-03.19:41:26::SCWPlatform::Found the Hw Db part of the input DSA
TRACE::2026-05-03.19:41:26::SCWMssOS::Checking the sw design at  C:/Users/khuon/ECE520/final_project/vitis_application/zybo_z7_10_plat/ps7_cortexa9_0/standalone_domain/bsp/system.mss
TRACE::2026-05-03.19:41:26::SCWMssOS::DEBUG:  swdes dump  C:/Users/khuon/ECE520/final_project/vitis_application/zybo_z7_10_plat/ps7_cortexa9_0/standalone_domain/bsp/system.mss|system_0||
C:/Users/khuon/ECE520/final_project/vitis_application/zybo_z7_10_plat/zynq_fsbl/zynq_fsbl_bsp/system.mss|system||

TRACE::2026-05-03.19:41:26::SCWMssOS::Sw design exists and opened at  C:/Users/khuon/ECE520/final_project/vitis_application/zybo_z7_10_plat/ps7_cortexa9_0/standalone_domain/bsp/system.mss
TRACE::2026-05-03.20:03:18::SCWPlatform::Clearing the existing platform
TRACE::2026-05-03.20:03:18::SCWSystem::Clearing the existing sysconfig
TRACE::2026-05-03.20:03:18::SCWBDomain::clearing the fsbl build
TRACE::2026-05-03.20:03:18::SCWMssOS::Removing the swdes entry for  C:/Users/khuon/ECE520/final_project/vitis_application/zybo_z7_10_plat/zynq_fsbl/zynq_fsbl_bsp/system.mss
TRACE::2026-05-03.20:03:18::SCWMssOS::Removing the swdes entry for  C:/Users/khuon/ECE520/final_project/vitis_application/zybo_z7_10_plat/ps7_cortexa9_0/standalone_domain/bsp/system.mss
TRACE::2026-05-03.20:03:18::SCWSystem::Clearing the domains completed.
TRACE::2026-05-03.20:03:18::SCWPlatform::Clearing the opened hw db.
TRACE::2026-05-03.20:03:18::SCWPlatform::DSA given C:/Users/khuon/ECE520/final_project/vitis_application/zybo_z7_10_plat/hw/reactive_scene_top_ps.xsa
TRACE::2026-05-03.20:03:18::SCWPlatform::DSA absoulate path C:/Users/khuon/ECE520/final_project/vitis_application/zybo_z7_10_plat/hw/reactive_scene_top_ps.xsa
TRACE::2026-05-03.20:03:18::SCWPlatform:: Platform location is C:/Users/khuon/ECE520/final_project/vitis_application/zybo_z7_10_plat/hw
TRACE::2026-05-03.20:03:18::SCWPlatform:: Platform Path C:/Users/khuon/ECE520/final_project/vitis_application/zybo_z7_10_plat/hw/reactive_scene_top_ps.xsa
TRACE::2026-05-03.20:03:18::SCWPlatform:: Unique name xilinx:zybo-z7-10::0.0
TRACE::2026-05-03.20:03:18::SCWPlatform::Removing the HwDB with name C:/Users/khuon/ECE520/final_project/vitis_application/zybo_z7_10_plat/hw/reactive_scene_top_ps.xsa
TRACE::2026-05-03.20:03:18::SCWPlatform::Trying to open the hw design at C:/Users/khuon/ECE520/final_project/vitis_application/zybo_z7_10_plat/hw/reactive_scene_top_ps.xsa
TRACE::2026-05-03.20:03:18::SCWPlatform::DSA given C:/Users/khuon/ECE520/final_project/vitis_application/zybo_z7_10_plat/hw/reactive_scene_top_ps.xsa
TRACE::2026-05-03.20:03:18::SCWPlatform::DSA absoulate path C:/Users/khuon/ECE520/final_project/vitis_application/zybo_z7_10_plat/hw/reactive_scene_top_ps.xsa
TRACE::2026-05-03.20:03:18::SCWPlatform::DSA directory C:/Users/khuon/ECE520/final_project/vitis_application/zybo_z7_10_plat/hw
TRACE::2026-05-03.20:03:18::SCWPlatform:: Platform Path C:/Users/khuon/ECE520/final_project/vitis_application/zybo_z7_10_plat/hw/reactive_scene_top_ps.xsa
TRACE::2026-05-03.20:03:18::SCWPlatform:: Unique name xilinx:zybo-z7-10::0.0
TRACE::2026-05-03.20:03:18::SCWPlatform::Do not have an existing db opened. 
TRACE::2026-05-03.20:03:19::SCWPlatform::Opened new HwDB with name reactive_scene_top_ps_11
TRACE::2026-05-03.20:03:19::SCWReader::Active system found as  zybo_z7_10_plat
TRACE::2026-05-03.20:03:19::SCWReader::Handling sysconfig zybo_z7_10_plat
TRACE::2026-05-03.20:03:19::SCWDomain::checking for install qemu data   : 
TRACE::2026-05-03.20:03:19::SCWDomain:: Using the QEMU Data from install at  : C:/Xilinx/Vitis/2023.1/data/emulation/platforms/zynq/sw/a9_standalone/qemu/
TRACE::2026-05-03.20:03:19::SCWDomain:: Using the QEMU args  from install at  : C:/Xilinx/Vitis/2023.1/data/emulation/platforms/zynq/sw/a9_standalone/qemu/qemu_args.txt
TRACE::2026-05-03.20:03:19::SCWPlatform::Trying to open the hw design at C:/Users/khuon/ECE520/final_project/vitis_application/zybo_z7_10_plat/hw/reactive_scene_top_ps.xsa
TRACE::2026-05-03.20:03:19::SCWPlatform::DSA given C:/Users/khuon/ECE520/final_project/vitis_application/zybo_z7_10_plat/hw/reactive_scene_top_ps.xsa
TRACE::2026-05-03.20:03:19::SCWPlatform::DSA absoulate path C:/Users/khuon/ECE520/final_project/vitis_application/zybo_z7_10_plat/hw/reactive_scene_top_ps.xsa
TRACE::2026-05-03.20:03:19::SCWPlatform::DSA directory C:/Users/khuon/ECE520/final_project/vitis_application/zybo_z7_10_plat/hw
TRACE::2026-05-03.20:03:19::SCWPlatform:: Platform Path C:/Users/khuon/ECE520/final_project/vitis_application/zybo_z7_10_plat/hw/reactive_scene_top_ps.xsa
TRACE::2026-05-03.20:03:19::SCWPlatform:: Unique name xilinx:zybo-z7-10::0.0
TRACE::2026-05-03.20:03:19::SCWPlatform::Trying to set the existing hwdb with name reactive_scene_top_ps_11
TRACE::2026-05-03.20:03:19::SCWPlatform::Opened existing hwdb reactive_scene_top_ps_11
TRACE::2026-05-03.20:03:19::SCWPlatform::Found the Hw Db part of the input DSA
TRACE::2026-05-03.20:03:19::SCWPlatform::Trying to open the hw design at C:/Users/khuon/ECE520/final_project/vitis_application/zybo_z7_10_plat/hw/reactive_scene_top_ps.xsa
TRACE::2026-05-03.20:03:19::SCWPlatform::DSA given C:/Users/khuon/ECE520/final_project/vitis_application/zybo_z7_10_plat/hw/reactive_scene_top_ps.xsa
TRACE::2026-05-03.20:03:19::SCWPlatform::DSA absoulate path C:/Users/khuon/ECE520/final_project/vitis_application/zybo_z7_10_plat/hw/reactive_scene_top_ps.xsa
TRACE::2026-05-03.20:03:19::SCWPlatform::DSA directory C:/Users/khuon/ECE520/final_project/vitis_application/zybo_z7_10_plat/hw
TRACE::2026-05-03.20:03:19::SCWPlatform:: Platform Path C:/Users/khuon/ECE520/final_project/vitis_application/zybo_z7_10_plat/hw/reactive_scene_top_ps.xsa
TRACE::2026-05-03.20:03:19::SCWPlatform:: Unique name xilinx:zybo-z7-10::0.0
TRACE::2026-05-03.20:03:19::SCWPlatform::Trying to set the existing hwdb with name reactive_scene_top_ps_11
TRACE::2026-05-03.20:03:19::SCWPlatform::Opened existing hwdb reactive_scene_top_ps_11
TRACE::2026-05-03.20:03:19::SCWPlatform::Found the Hw Db part of the input DSA
TRACE::2026-05-03.20:03:19::SCWPlatform::Trying to open the hw design at C:/Users/khuon/ECE520/final_project/vitis_application/zybo_z7_10_plat/hw/reactive_scene_top_ps.xsa
TRACE::2026-05-03.20:03:19::SCWPlatform::DSA given C:/Users/khuon/ECE520/final_project/vitis_application/zybo_z7_10_plat/hw/reactive_scene_top_ps.xsa
TRACE::2026-05-03.20:03:19::SCWPlatform::DSA absoulate path C:/Users/khuon/ECE520/final_project/vitis_application/zybo_z7_10_plat/hw/reactive_scene_top_ps.xsa
TRACE::2026-05-03.20:03:19::SCWPlatform::DSA directory C:/Users/khuon/ECE520/final_project/vitis_application/zybo_z7_10_plat/hw
TRACE::2026-05-03.20:03:19::SCWPlatform:: Platform Path C:/Users/khuon/ECE520/final_project/vitis_application/zybo_z7_10_plat/hw/reactive_scene_top_ps.xsa
TRACE::2026-05-03.20:03:19::SCWPlatform:: Unique name xilinx:zybo-z7-10::0.0
TRACE::2026-05-03.20:03:19::SCWPlatform::Trying to set the existing hwdb with name reactive_scene_top_ps_11
TRACE::2026-05-03.20:03:19::SCWPlatform::Opened existing hwdb reactive_scene_top_ps_11
TRACE::2026-05-03.20:03:19::SCWPlatform::Found the Hw Db part of the input DSA
TRACE::2026-05-03.20:03:19::SCWReader::Boot application domain added for zynq_fsbl
TRACE::2026-05-03.20:03:19::SCWPlatform::Trying to open the hw design at C:/Users/khuon/ECE520/final_project/vitis_application/zybo_z7_10_plat/hw/reactive_scene_top_ps.xsa
TRACE::2026-05-03.20:03:19::SCWPlatform::DSA given C:/Users/khuon/ECE520/final_project/vitis_application/zybo_z7_10_plat/hw/reactive_scene_top_ps.xsa
TRACE::2026-05-03.20:03:19::SCWPlatform::DSA absoulate path C:/Users/khuon/ECE520/final_project/vitis_application/zybo_z7_10_plat/hw/reactive_scene_top_ps.xsa
TRACE::2026-05-03.20:03:19::SCWPlatform::DSA directory C:/Users/khuon/ECE520/final_project/vitis_application/zybo_z7_10_plat/hw
TRACE::2026-05-03.20:03:19::SCWPlatform:: Platform Path C:/Users/khuon/ECE520/final_project/vitis_application/zybo_z7_10_plat/hw/reactive_scene_top_ps.xsa
TRACE::2026-05-03.20:03:19::SCWPlatform:: Unique name xilinx:zybo-z7-10::0.0
TRACE::2026-05-03.20:03:19::SCWPlatform::Trying to set the existing hwdb with name reactive_scene_top_ps_11
TRACE::2026-05-03.20:03:19::SCWPlatform::Opened existing hwdb reactive_scene_top_ps_11
TRACE::2026-05-03.20:03:19::SCWPlatform::Found the Hw Db part of the input DSA
TRACE::2026-05-03.20:03:19::SCWMssOS::Checking the sw design at  C:/Users/khuon/ECE520/final_project/vitis_application/zybo_z7_10_plat/zynq_fsbl/zynq_fsbl_bsp/system.mss
TRACE::2026-05-03.20:03:19::SCWMssOS::DEBUG:  swdes dump  
TRACE::2026-05-03.20:03:19::SCWMssOS::No sw design opened at  C:/Users/khuon/ECE520/final_project/vitis_application/zybo_z7_10_plat/zynq_fsbl/zynq_fsbl_bsp/system.mss
TRACE::2026-05-03.20:03:19::SCWMssOS::mss exists loading the mss file  C:/Users/khuon/ECE520/final_project/vitis_application/zybo_z7_10_plat/zynq_fsbl/zynq_fsbl_bsp/system.mss
TRACE::2026-05-03.20:03:19::SCWMssOS::Opened the sw design from mss  C:/Users/khuon/ECE520/final_project/vitis_application/zybo_z7_10_plat/zynq_fsbl/zynq_fsbl_bsp/system.mss
TRACE::2026-05-03.20:03:19::SCWMssOS::Adding the swdes entry C:/Users/khuon/ECE520/final_project/vitis_application/zybo_z7_10_plat/zynq_fsbl/zynq_fsbl_bsp/system.mss with des name system
TRACE::2026-05-03.20:03:19::SCWMssOS::updating the scw layer about changes
TRACE::2026-05-03.20:03:19::SCWMssOS::Opened the sw design.  C:/Users/khuon/ECE520/final_project/vitis_application/zybo_z7_10_plat/zynq_fsbl/zynq_fsbl_bsp/system.mss
TRACE::2026-05-03.20:03:19::SCWPlatform::Trying to open the hw design at C:/Users/khuon/ECE520/final_project/vitis_application/zybo_z7_10_plat/hw/reactive_scene_top_ps.xsa
TRACE::2026-05-03.20:03:19::SCWPlatform::DSA given C:/Users/khuon/ECE520/final_project/vitis_application/zybo_z7_10_plat/hw/reactive_scene_top_ps.xsa
TRACE::2026-05-03.20:03:19::SCWPlatform::DSA absoulate path C:/Users/khuon/ECE520/final_project/vitis_application/zybo_z7_10_plat/hw/reactive_scene_top_ps.xsa
TRACE::2026-05-03.20:03:19::SCWPlatform::DSA directory C:/Users/khuon/ECE520/final_project/vitis_application/zybo_z7_10_plat/hw
TRACE::2026-05-03.20:03:19::SCWPlatform:: Platform Path C:/Users/khuon/ECE520/final_project/vitis_application/zybo_z7_10_plat/hw/reactive_scene_top_ps.xsa
TRACE::2026-05-03.20:03:19::SCWPlatform:: Unique name xilinx:zybo-z7-10::0.0
TRACE::2026-05-03.20:03:19::SCWPlatform::Trying to set the existing hwdb with name reactive_scene_top_ps_11
TRACE::2026-05-03.20:03:19::SCWPlatform::Opened existing hwdb reactive_scene_top_ps_11
TRACE::2026-05-03.20:03:19::SCWPlatform::Found the Hw Db part of the input DSA
TRACE::2026-05-03.20:03:19::SCWMssOS::Checking the sw design at  C:/Users/khuon/ECE520/final_project/vitis_application/zybo_z7_10_plat/zynq_fsbl/zynq_fsbl_bsp/system.mss
TRACE::2026-05-03.20:03:19::SCWMssOS::DEBUG:  swdes dump  C:/Users/khuon/ECE520/final_project/vitis_application/zybo_z7_10_plat/zynq_fsbl/zynq_fsbl_bsp/system.mss|system||

TRACE::2026-05-03.20:03:19::SCWMssOS::Sw design exists and opened at  C:/Users/khuon/ECE520/final_project/vitis_application/zybo_z7_10_plat/zynq_fsbl/zynq_fsbl_bsp/system.mss
TRACE::2026-05-03.20:03:19::SCWMssOS:: library already available in sw design:  xilffs:5.0
TRACE::2026-05-03.20:03:19::SCWPlatform::Trying to open the hw design at C:/Users/khuon/ECE520/final_project/vitis_application/zybo_z7_10_plat/hw/reactive_scene_top_ps.xsa
TRACE::2026-05-03.20:03:19::SCWPlatform::DSA given C:/Users/khuon/ECE520/final_project/vitis_application/zybo_z7_10_plat/hw/reactive_scene_top_ps.xsa
TRACE::2026-05-03.20:03:19::SCWPlatform::DSA absoulate path C:/Users/khuon/ECE520/final_project/vitis_application/zybo_z7_10_plat/hw/reactive_scene_top_ps.xsa
TRACE::2026-05-03.20:03:19::SCWPlatform::DSA directory C:/Users/khuon/ECE520/final_project/vitis_application/zybo_z7_10_plat/hw
TRACE::2026-05-03.20:03:19::SCWPlatform:: Platform Path C:/Users/khuon/ECE520/final_project/vitis_application/zybo_z7_10_plat/hw/reactive_scene_top_ps.xsa
TRACE::2026-05-03.20:03:19::SCWPlatform:: Unique name xilinx:zybo-z7-10::0.0
TRACE::2026-05-03.20:03:19::SCWPlatform::Trying to set the existing hwdb with name reactive_scene_top_ps_11
TRACE::2026-05-03.20:03:19::SCWPlatform::Opened existing hwdb reactive_scene_top_ps_11
TRACE::2026-05-03.20:03:19::SCWPlatform::Found the Hw Db part of the input DSA
TRACE::2026-05-03.20:03:19::SCWMssOS::Checking the sw design at  C:/Users/khuon/ECE520/final_project/vitis_application/zybo_z7_10_plat/zynq_fsbl/zynq_fsbl_bsp/system.mss
TRACE::2026-05-03.20:03:19::SCWMssOS::DEBUG:  swdes dump  C:/Users/khuon/ECE520/final_project/vitis_application/zybo_z7_10_plat/zynq_fsbl/zynq_fsbl_bsp/system.mss|system||

TRACE::2026-05-03.20:03:19::SCWMssOS::Sw design exists and opened at  C:/Users/khuon/ECE520/final_project/vitis_application/zybo_z7_10_plat/zynq_fsbl/zynq_fsbl_bsp/system.mss
TRACE::2026-05-03.20:03:19::SCWMssOS:: library already available in sw design:  xilrsa:1.6
TRACE::2026-05-03.20:03:19::SCWMssOS::Saving the mss changes C:/Users/khuon/ECE520/final_project/vitis_application/zybo_z7_10_plat/zynq_fsbl/zynq_fsbl_bsp/system.mss
TRACE::2026-05-03.20:03:19::SCWMssOS::Found a swdesign opened with the mssfile.
TRACE::2026-05-03.20:03:19::SCWMssOS::Completed writemss as part of save.
TRACE::2026-05-03.20:03:19::SCWMssOS::Commit changes completed.
TRACE::2026-05-03.20:03:19::SCWReader::Adding prebuilt librarypaths as   
TRACE::2026-05-03.20:03:19::SCWReader::Adding prebuilt incpaths  as   
TRACE::2026-05-03.20:03:19::SCWPlatform::Trying to open the hw design at C:/Users/khuon/ECE520/final_project/vitis_application/zybo_z7_10_plat/hw/reactive_scene_top_ps.xsa
TRACE::2026-05-03.20:03:19::SCWPlatform::DSA given C:/Users/khuon/ECE520/final_project/vitis_application/zybo_z7_10_plat/hw/reactive_scene_top_ps.xsa
TRACE::2026-05-03.20:03:19::SCWPlatform::DSA absoulate path C:/Users/khuon/ECE520/final_project/vitis_application/zybo_z7_10_plat/hw/reactive_scene_top_ps.xsa
TRACE::2026-05-03.20:03:19::SCWPlatform::DSA directory C:/Users/khuon/ECE520/final_project/vitis_application/zybo_z7_10_plat/hw
TRACE::2026-05-03.20:03:19::SCWPlatform:: Platform Path C:/Users/khuon/ECE520/final_project/vitis_application/zybo_z7_10_plat/hw/reactive_scene_top_ps.xsa
TRACE::2026-05-03.20:03:19::SCWPlatform:: Unique name xilinx:zybo-z7-10::0.0
TRACE::2026-05-03.20:03:19::SCWPlatform::Trying to set the existing hwdb with name reactive_scene_top_ps_11
TRACE::2026-05-03.20:03:19::SCWPlatform::Opened existing hwdb reactive_scene_top_ps_11
TRACE::2026-05-03.20:03:19::SCWPlatform::Found the Hw Db part of the input DSA
TRACE::2026-05-03.20:03:19::SCWMssOS::Checking the sw design at  C:/Users/khuon/ECE520/final_project/vitis_application/zybo_z7_10_plat/zynq_fsbl/zynq_fsbl_bsp/system.mss
TRACE::2026-05-03.20:03:19::SCWMssOS::DEBUG:  swdes dump  C:/Users/khuon/ECE520/final_project/vitis_application/zybo_z7_10_plat/zynq_fsbl/zynq_fsbl_bsp/system.mss|system||

TRACE::2026-05-03.20:03:19::SCWMssOS::Sw design exists and opened at  C:/Users/khuon/ECE520/final_project/vitis_application/zybo_z7_10_plat/zynq_fsbl/zynq_fsbl_bsp/system.mss
TRACE::2026-05-03.20:03:19::SCWReader::No isolation master present  
TRACE::2026-05-03.20:03:19::SCWDomain::checking for install qemu data   : 
TRACE::2026-05-03.20:03:19::SCWDomain:: Using the QEMU Data from install at  : C:/Xilinx/Vitis/2023.1/data/emulation/platforms/zynq/sw/a9_standalone/qemu/
TRACE::2026-05-03.20:03:19::SCWDomain:: Using the QEMU args  from install at  : C:/Xilinx/Vitis/2023.1/data/emulation/platforms/zynq/sw/a9_standalone/qemu/qemu_args.txt
TRACE::2026-05-03.20:03:19::SCWPlatform::Trying to open the hw design at C:/Users/khuon/ECE520/final_project/vitis_application/zybo_z7_10_plat/hw/reactive_scene_top_ps.xsa
TRACE::2026-05-03.20:03:19::SCWPlatform::DSA given C:/Users/khuon/ECE520/final_project/vitis_application/zybo_z7_10_plat/hw/reactive_scene_top_ps.xsa
TRACE::2026-05-03.20:03:19::SCWPlatform::DSA absoulate path C:/Users/khuon/ECE520/final_project/vitis_application/zybo_z7_10_plat/hw/reactive_scene_top_ps.xsa
TRACE::2026-05-03.20:03:19::SCWPlatform::DSA directory C:/Users/khuon/ECE520/final_project/vitis_application/zybo_z7_10_plat/hw
TRACE::2026-05-03.20:03:19::SCWPlatform:: Platform Path C:/Users/khuon/ECE520/final_project/vitis_application/zybo_z7_10_plat/hw/reactive_scene_top_ps.xsa
TRACE::2026-05-03.20:03:19::SCWPlatform:: Unique name xilinx:zybo-z7-10::0.0
TRACE::2026-05-03.20:03:19::SCWPlatform::Trying to set the existing hwdb with name reactive_scene_top_ps_11
TRACE::2026-05-03.20:03:19::SCWPlatform::Opened existing hwdb reactive_scene_top_ps_11
TRACE::2026-05-03.20:03:19::SCWPlatform::Found the Hw Db part of the input DSA
TRACE::2026-05-03.20:03:19::SCWPlatform::Trying to open the hw design at C:/Users/khuon/ECE520/final_project/vitis_application/zybo_z7_10_plat/hw/reactive_scene_top_ps.xsa
TRACE::2026-05-03.20:03:19::SCWPlatform::DSA given C:/Users/khuon/ECE520/final_project/vitis_application/zybo_z7_10_plat/hw/reactive_scene_top_ps.xsa
TRACE::2026-05-03.20:03:19::SCWPlatform::DSA absoulate path C:/Users/khuon/ECE520/final_project/vitis_application/zybo_z7_10_plat/hw/reactive_scene_top_ps.xsa
TRACE::2026-05-03.20:03:19::SCWPlatform::DSA directory C:/Users/khuon/ECE520/final_project/vitis_application/zybo_z7_10_plat/hw
TRACE::2026-05-03.20:03:19::SCWPlatform:: Platform Path C:/Users/khuon/ECE520/final_project/vitis_application/zybo_z7_10_plat/hw/reactive_scene_top_ps.xsa
TRACE::2026-05-03.20:03:19::SCWPlatform:: Unique name xilinx:zybo-z7-10::0.0
TRACE::2026-05-03.20:03:19::SCWPlatform::Trying to set the existing hwdb with name reactive_scene_top_ps_11
TRACE::2026-05-03.20:03:19::SCWPlatform::Opened existing hwdb reactive_scene_top_ps_11
TRACE::2026-05-03.20:03:19::SCWPlatform::Found the Hw Db part of the input DSA
TRACE::2026-05-03.20:03:19::SCWPlatform::Trying to open the hw design at C:/Users/khuon/ECE520/final_project/vitis_application/zybo_z7_10_plat/hw/reactive_scene_top_ps.xsa
TRACE::2026-05-03.20:03:19::SCWPlatform::DSA given C:/Users/khuon/ECE520/final_project/vitis_application/zybo_z7_10_plat/hw/reactive_scene_top_ps.xsa
TRACE::2026-05-03.20:03:19::SCWPlatform::DSA absoulate path C:/Users/khuon/ECE520/final_project/vitis_application/zybo_z7_10_plat/hw/reactive_scene_top_ps.xsa
TRACE::2026-05-03.20:03:19::SCWPlatform::DSA directory C:/Users/khuon/ECE520/final_project/vitis_application/zybo_z7_10_plat/hw
TRACE::2026-05-03.20:03:19::SCWPlatform:: Platform Path C:/Users/khuon/ECE520/final_project/vitis_application/zybo_z7_10_plat/hw/reactive_scene_top_ps.xsa
TRACE::2026-05-03.20:03:19::SCWPlatform:: Unique name xilinx:zybo-z7-10::0.0
TRACE::2026-05-03.20:03:19::SCWPlatform::Trying to set the existing hwdb with name reactive_scene_top_ps_11
TRACE::2026-05-03.20:03:19::SCWPlatform::Opened existing hwdb reactive_scene_top_ps_11
TRACE::2026-05-03.20:03:19::SCWPlatform::Found the Hw Db part of the input DSA
TRACE::2026-05-03.20:03:19::SCWMssOS::Checking the sw design at  C:/Users/khuon/ECE520/final_project/vitis_application/zybo_z7_10_plat/ps7_cortexa9_0/standalone_domain/bsp/system.mss
TRACE::2026-05-03.20:03:19::SCWMssOS::DEBUG:  swdes dump  C:/Users/khuon/ECE520/final_project/vitis_application/zybo_z7_10_plat/zynq_fsbl/zynq_fsbl_bsp/system.mss|system||

TRACE::2026-05-03.20:03:19::SCWMssOS::No sw design opened at  C:/Users/khuon/ECE520/final_project/vitis_application/zybo_z7_10_plat/ps7_cortexa9_0/standalone_domain/bsp/system.mss
TRACE::2026-05-03.20:03:19::SCWMssOS::mss exists loading the mss file  C:/Users/khuon/ECE520/final_project/vitis_application/zybo_z7_10_plat/ps7_cortexa9_0/standalone_domain/bsp/system.mss
TRACE::2026-05-03.20:03:19::SCWMssOS::Opened the sw design from mss  C:/Users/khuon/ECE520/final_project/vitis_application/zybo_z7_10_plat/ps7_cortexa9_0/standalone_domain/bsp/system.mss
TRACE::2026-05-03.20:03:19::SCWMssOS::Adding the swdes entry C:/Users/khuon/ECE520/final_project/vitis_application/zybo_z7_10_plat/ps7_cortexa9_0/standalone_domain/bsp/system.mss with des name system_0
TRACE::2026-05-03.20:03:19::SCWMssOS::updating the scw layer about changes
TRACE::2026-05-03.20:03:19::SCWMssOS::Opened the sw design.  C:/Users/khuon/ECE520/final_project/vitis_application/zybo_z7_10_plat/ps7_cortexa9_0/standalone_domain/bsp/system.mss
TRACE::2026-05-03.20:03:19::SCWMssOS::Saving the mss changes C:/Users/khuon/ECE520/final_project/vitis_application/zybo_z7_10_plat/ps7_cortexa9_0/standalone_domain/bsp/system.mss
TRACE::2026-05-03.20:03:19::SCWMssOS::Found a swdesign opened with the mssfile.
TRACE::2026-05-03.20:03:19::SCWMssOS::Completed writemss as part of save.
TRACE::2026-05-03.20:03:19::SCWMssOS::Commit changes completed.
TRACE::2026-05-03.20:03:19::SCWReader::Adding prebuilt librarypaths as   
TRACE::2026-05-03.20:03:19::SCWReader::Adding prebuilt incpaths  as   
TRACE::2026-05-03.20:03:19::SCWPlatform::Trying to open the hw design at C:/Users/khuon/ECE520/final_project/vitis_application/zybo_z7_10_plat/hw/reactive_scene_top_ps.xsa
TRACE::2026-05-03.20:03:19::SCWPlatform::DSA given C:/Users/khuon/ECE520/final_project/vitis_application/zybo_z7_10_plat/hw/reactive_scene_top_ps.xsa
TRACE::2026-05-03.20:03:19::SCWPlatform::DSA absoulate path C:/Users/khuon/ECE520/final_project/vitis_application/zybo_z7_10_plat/hw/reactive_scene_top_ps.xsa
TRACE::2026-05-03.20:03:19::SCWPlatform::DSA directory C:/Users/khuon/ECE520/final_project/vitis_application/zybo_z7_10_plat/hw
TRACE::2026-05-03.20:03:19::SCWPlatform:: Platform Path C:/Users/khuon/ECE520/final_project/vitis_application/zybo_z7_10_plat/hw/reactive_scene_top_ps.xsa
TRACE::2026-05-03.20:03:19::SCWPlatform:: Unique name xilinx:zybo-z7-10::0.0
TRACE::2026-05-03.20:03:19::SCWPlatform::Trying to set the existing hwdb with name reactive_scene_top_ps_11
TRACE::2026-05-03.20:03:19::SCWPlatform::Opened existing hwdb reactive_scene_top_ps_11
TRACE::2026-05-03.20:03:19::SCWPlatform::Found the Hw Db part of the input DSA
TRACE::2026-05-03.20:03:19::SCWMssOS::Checking the sw design at  C:/Users/khuon/ECE520/final_project/vitis_application/zybo_z7_10_plat/ps7_cortexa9_0/standalone_domain/bsp/system.mss
TRACE::2026-05-03.20:03:19::SCWMssOS::DEBUG:  swdes dump  C:/Users/khuon/ECE520/final_project/vitis_application/zybo_z7_10_plat/ps7_cortexa9_0/standalone_domain/bsp/system.mss|system_0||
C:/Users/khuon/ECE520/final_project/vitis_application/zybo_z7_10_plat/zynq_fsbl/zynq_fsbl_bsp/system.mss|system||

TRACE::2026-05-03.20:03:19::SCWMssOS::Sw design exists and opened at  C:/Users/khuon/ECE520/final_project/vitis_application/zybo_z7_10_plat/ps7_cortexa9_0/standalone_domain/bsp/system.mss
TRACE::2026-05-03.20:03:19::SCWReader::No isolation master present  
TRACE::2026-05-03.20:03:22::SCWPlatform::DSA given C:/Users/khuon/ECE520/final_project/vitis_application/zybo_z7_10_plat/tempdsa/reactive_scene_top_ps.xsa
TRACE::2026-05-03.20:03:22::SCWPlatform::DSA absoulate path C:/Users/khuon/ECE520/final_project/vitis_application/zybo_z7_10_plat/tempdsa/reactive_scene_top_ps.xsa
TRACE::2026-05-03.20:03:22::SCWPlatform:: Platform location is C:/Users/khuon/ECE520/final_project/vitis_application/zybo_z7_10_plat/tempdsa
TRACE::2026-05-03.20:03:22::SCWPlatform:: Platform Path C:/Users/khuon/ECE520/final_project/vitis_application/zybo_z7_10_plat/tempdsa/reactive_scene_top_ps.xsa
TRACE::2026-05-03.20:03:22::SCWPlatform:: Unique name xilinx:zybo-z7-10::0.0
TRACE::2026-05-03.20:03:22::SCWPlatform::Found the Hw Db part of the input DSA
TRACE::2026-05-03.20:03:22::SCWMssOS::Doing hw sync for the mss in domain: zynq_fsbl
TRACE::2026-05-03.20:03:22::SCWPlatform::Trying to open the hw design at C:/Users/khuon/ECE520/final_project/vitis_application/zybo_z7_10_plat/hw/reactive_scene_top_ps.xsa
TRACE::2026-05-03.20:03:22::SCWPlatform::DSA given C:/Users/khuon/ECE520/final_project/vitis_application/zybo_z7_10_plat/hw/reactive_scene_top_ps.xsa
TRACE::2026-05-03.20:03:22::SCWPlatform::DSA absoulate path C:/Users/khuon/ECE520/final_project/vitis_application/zybo_z7_10_plat/hw/reactive_scene_top_ps.xsa
TRACE::2026-05-03.20:03:22::SCWPlatform::DSA directory C:/Users/khuon/ECE520/final_project/vitis_application/zybo_z7_10_plat/hw
TRACE::2026-05-03.20:03:22::SCWPlatform:: Platform Path C:/Users/khuon/ECE520/final_project/vitis_application/zybo_z7_10_plat/hw/reactive_scene_top_ps.xsa
TRACE::2026-05-03.20:03:22::SCWPlatform:: Unique name xilinx:zybo-z7-10::0.0
TRACE::2026-05-03.20:03:22::SCWPlatform::Trying to set the existing hwdb with name reactive_scene_top_ps_11
TRACE::2026-05-03.20:03:22::SCWPlatform::Opened existing hwdb reactive_scene_top_ps_11
TRACE::2026-05-03.20:03:22::SCWPlatform::Found the Hw Db part of the input DSA
TRACE::2026-05-03.20:03:22::SCWPlatform::Trying to open the hw design at C:/Users/khuon/ECE520/final_project/vitis_application/zybo_z7_10_plat/hw/reactive_scene_top_ps.xsa
TRACE::2026-05-03.20:03:22::SCWPlatform::DSA given C:/Users/khuon/ECE520/final_project/vitis_application/zybo_z7_10_plat/hw/reactive_scene_top_ps.xsa
TRACE::2026-05-03.20:03:22::SCWPlatform::DSA absoulate path C:/Users/khuon/ECE520/final_project/vitis_application/zybo_z7_10_plat/hw/reactive_scene_top_ps.xsa
TRACE::2026-05-03.20:03:22::SCWPlatform::DSA directory C:/Users/khuon/ECE520/final_project/vitis_application/zybo_z7_10_plat/hw
TRACE::2026-05-03.20:03:22::SCWPlatform:: Platform Path C:/Users/khuon/ECE520/final_project/vitis_application/zybo_z7_10_plat/hw/reactive_scene_top_ps.xsa
TRACE::2026-05-03.20:03:22::SCWPlatform:: Unique name xilinx:zybo-z7-10::0.0
TRACE::2026-05-03.20:03:22::SCWPlatform::Trying to set the existing hwdb with name reactive_scene_top_ps_11
TRACE::2026-05-03.20:03:22::SCWPlatform::Opened existing hwdb reactive_scene_top_ps_11
TRACE::2026-05-03.20:03:22::SCWPlatform::Found the Hw Db part of the input DSA
TRACE::2026-05-03.20:03:22::SCWMssOS::Checking the sw design at  C:/Users/khuon/ECE520/final_project/vitis_application/zybo_z7_10_plat/zynq_fsbl/zynq_fsbl_bsp/system.mss
TRACE::2026-05-03.20:03:22::SCWMssOS::DEBUG:  swdes dump  C:/Users/khuon/ECE520/final_project/vitis_application/zybo_z7_10_plat/ps7_cortexa9_0/standalone_domain/bsp/system.mss|system_0||
C:/Users/khuon/ECE520/final_project/vitis_application/zybo_z7_10_plat/zynq_fsbl/zynq_fsbl_bsp/system.mss|system||

TRACE::2026-05-03.20:03:22::SCWMssOS::Sw design exists and opened at  C:/Users/khuon/ECE520/final_project/vitis_application/zybo_z7_10_plat/zynq_fsbl/zynq_fsbl_bsp/system.mss
TRACE::2026-05-03.20:03:22::SCWPlatform::Trying to open the hw design at C:/Users/khuon/ECE520/final_project/vitis_application/zybo_z7_10_plat/tempdsa/reactive_scene_top_ps.xsa
TRACE::2026-05-03.20:03:22::SCWPlatform::DSA given C:/Users/khuon/ECE520/final_project/vitis_application/zybo_z7_10_plat/tempdsa/reactive_scene_top_ps.xsa
TRACE::2026-05-03.20:03:22::SCWPlatform::DSA absoulate path C:/Users/khuon/ECE520/final_project/vitis_application/zybo_z7_10_plat/tempdsa/reactive_scene_top_ps.xsa
TRACE::2026-05-03.20:03:22::SCWPlatform::DSA directory C:/Users/khuon/ECE520/final_project/vitis_application/zybo_z7_10_plat/tempdsa
TRACE::2026-05-03.20:03:22::SCWPlatform:: Platform Path C:/Users/khuon/ECE520/final_project/vitis_application/zybo_z7_10_plat/tempdsa/reactive_scene_top_ps.xsa
TRACE::2026-05-03.20:03:22::SCWPlatform:: Unique name xilinx:zybo-z7-10::0.0
TRACE::2026-05-03.20:03:22::SCWPlatform::update - Opened existing hwdb reactive_scene_top_ps_12
TRACE::2026-05-03.20:03:22::SCWPlatform::Found the Hw Db part of the input DSA
TRACE::2026-05-03.20:03:22::SCWMssOS::Doing hw sync for the mss in domain: standalone_domain
TRACE::2026-05-03.20:03:22::SCWPlatform::Trying to open the hw design at C:/Users/khuon/ECE520/final_project/vitis_application/zybo_z7_10_plat/hw/reactive_scene_top_ps.xsa
TRACE::2026-05-03.20:03:22::SCWPlatform::DSA given C:/Users/khuon/ECE520/final_project/vitis_application/zybo_z7_10_plat/hw/reactive_scene_top_ps.xsa
TRACE::2026-05-03.20:03:22::SCWPlatform::DSA absoulate path C:/Users/khuon/ECE520/final_project/vitis_application/zybo_z7_10_plat/hw/reactive_scene_top_ps.xsa
TRACE::2026-05-03.20:03:22::SCWPlatform::DSA directory C:/Users/khuon/ECE520/final_project/vitis_application/zybo_z7_10_plat/hw
TRACE::2026-05-03.20:03:22::SCWPlatform:: Platform Path C:/Users/khuon/ECE520/final_project/vitis_application/zybo_z7_10_plat/hw/reactive_scene_top_ps.xsa
TRACE::2026-05-03.20:03:22::SCWPlatform:: Unique name xilinx:zybo-z7-10::0.0
TRACE::2026-05-03.20:03:22::SCWPlatform::Trying to set the existing hwdb with name reactive_scene_top_ps_11
TRACE::2026-05-03.20:03:22::SCWPlatform::Opened existing hwdb reactive_scene_top_ps_11
TRACE::2026-05-03.20:03:22::SCWPlatform::Found the Hw Db part of the input DSA
TRACE::2026-05-03.20:03:22::SCWPlatform::Trying to open the hw design at C:/Users/khuon/ECE520/final_project/vitis_application/zybo_z7_10_plat/hw/reactive_scene_top_ps.xsa
TRACE::2026-05-03.20:03:22::SCWPlatform::DSA given C:/Users/khuon/ECE520/final_project/vitis_application/zybo_z7_10_plat/hw/reactive_scene_top_ps.xsa
TRACE::2026-05-03.20:03:22::SCWPlatform::DSA absoulate path C:/Users/khuon/ECE520/final_project/vitis_application/zybo_z7_10_plat/hw/reactive_scene_top_ps.xsa
TRACE::2026-05-03.20:03:22::SCWPlatform::DSA directory C:/Users/khuon/ECE520/final_project/vitis_application/zybo_z7_10_plat/hw
TRACE::2026-05-03.20:03:22::SCWPlatform:: Platform Path C:/Users/khuon/ECE520/final_project/vitis_application/zybo_z7_10_plat/hw/reactive_scene_top_ps.xsa
TRACE::2026-05-03.20:03:22::SCWPlatform:: Unique name xilinx:zybo-z7-10::0.0
TRACE::2026-05-03.20:03:22::SCWPlatform::Trying to set the existing hwdb with name reactive_scene_top_ps_11
TRACE::2026-05-03.20:03:22::SCWPlatform::Opened existing hwdb reactive_scene_top_ps_11
TRACE::2026-05-03.20:03:22::SCWPlatform::Found the Hw Db part of the input DSA
TRACE::2026-05-03.20:03:22::SCWMssOS::Checking the sw design at  C:/Users/khuon/ECE520/final_project/vitis_application/zybo_z7_10_plat/ps7_cortexa9_0/standalone_domain/bsp/system.mss
TRACE::2026-05-03.20:03:22::SCWMssOS::DEBUG:  swdes dump  C:/Users/khuon/ECE520/final_project/vitis_application/zybo_z7_10_plat/ps7_cortexa9_0/standalone_domain/bsp/system.mss|system_0||
C:/Users/khuon/ECE520/final_project/vitis_application/zybo_z7_10_plat/zynq_fsbl/zynq_fsbl_bsp/system.mss|system||

TRACE::2026-05-03.20:03:22::SCWMssOS::Sw design exists and opened at  C:/Users/khuon/ECE520/final_project/vitis_application/zybo_z7_10_plat/ps7_cortexa9_0/standalone_domain/bsp/system.mss
TRACE::2026-05-03.20:03:22::SCWPlatform::Trying to open the hw design at C:/Users/khuon/ECE520/final_project/vitis_application/zybo_z7_10_plat/tempdsa/reactive_scene_top_ps.xsa
TRACE::2026-05-03.20:03:22::SCWPlatform::DSA given C:/Users/khuon/ECE520/final_project/vitis_application/zybo_z7_10_plat/tempdsa/reactive_scene_top_ps.xsa
TRACE::2026-05-03.20:03:22::SCWPlatform::DSA absoulate path C:/Users/khuon/ECE520/final_project/vitis_application/zybo_z7_10_plat/tempdsa/reactive_scene_top_ps.xsa
TRACE::2026-05-03.20:03:22::SCWPlatform::DSA directory C:/Users/khuon/ECE520/final_project/vitis_application/zybo_z7_10_plat/tempdsa
TRACE::2026-05-03.20:03:22::SCWPlatform:: Platform Path C:/Users/khuon/ECE520/final_project/vitis_application/zybo_z7_10_plat/tempdsa/reactive_scene_top_ps.xsa
TRACE::2026-05-03.20:03:22::SCWPlatform:: Unique name xilinx:zybo-z7-10::0.0
TRACE::2026-05-03.20:03:22::SCWPlatform::update - Opened existing hwdb reactive_scene_top_ps_12
TRACE::2026-05-03.20:03:22::SCWPlatform::Found the Hw Db part of the input DSA
TRACE::2026-05-03.20:03:22::SCWMssOS::Saving the mss changes C:/Users/khuon/ECE520/final_project/vitis_application/zybo_z7_10_plat/zynq_fsbl/zynq_fsbl_bsp/system.mss
TRACE::2026-05-03.20:03:22::SCWMssOS::Found a swdesign opened with the mssfile.
TRACE::2026-05-03.20:03:22::SCWMssOS::Completed writemss as part of save.
TRACE::2026-05-03.20:03:22::SCWMssOS::Commit changes completed.
TRACE::2026-05-03.20:03:22::SCWMssOS::Completed hw sync for the mss in domain: zynq_fsbl
TRACE::2026-05-03.20:03:22::SCWMssOS::Removing the swdes entry for  C:/Users/khuon/ECE520/final_project/vitis_application/zybo_z7_10_plat/zynq_fsbl/zynq_fsbl_bsp/system.mss
TRACE::2026-05-03.20:03:22::SCWMssOS::Saving the mss changes C:/Users/khuon/ECE520/final_project/vitis_application/zybo_z7_10_plat/ps7_cortexa9_0/standalone_domain/bsp/system.mss
TRACE::2026-05-03.20:03:22::SCWMssOS::Found a swdesign opened with the mssfile.
TRACE::2026-05-03.20:03:23::SCWMssOS::Completed writemss as part of save.
TRACE::2026-05-03.20:03:23::SCWMssOS::Commit changes completed.
TRACE::2026-05-03.20:03:23::SCWMssOS::Completed hw sync for the mss in domain: standalone_domain
TRACE::2026-05-03.20:03:23::SCWMssOS::Removing the swdes entry for  C:/Users/khuon/ECE520/final_project/vitis_application/zybo_z7_10_plat/ps7_cortexa9_0/standalone_domain/bsp/system.mss
TRACE::2026-05-03.20:03:23::SCWPlatform::Trying to open the hw design at C:/Users/khuon/ECE520/final_project/vitis_application/zybo_z7_10_plat/hw/reactive_scene_top_ps.xsa
TRACE::2026-05-03.20:03:23::SCWPlatform::DSA given C:/Users/khuon/ECE520/final_project/vitis_application/zybo_z7_10_plat/hw/reactive_scene_top_ps.xsa
TRACE::2026-05-03.20:03:23::SCWPlatform::DSA absoulate path C:/Users/khuon/ECE520/final_project/vitis_application/zybo_z7_10_plat/hw/reactive_scene_top_ps.xsa
TRACE::2026-05-03.20:03:23::SCWPlatform::DSA directory C:/Users/khuon/ECE520/final_project/vitis_application/zybo_z7_10_plat/hw
TRACE::2026-05-03.20:03:23::SCWPlatform:: Platform Path C:/Users/khuon/ECE520/final_project/vitis_application/zybo_z7_10_plat/hw/reactive_scene_top_ps.xsa
TRACE::2026-05-03.20:03:23::SCWPlatform:: Unique name xilinx:zybo-z7-10::0.0
TRACE::2026-05-03.20:03:23::SCWPlatform::Do not have an existing db opened. 
TRACE::2026-05-03.20:03:23::SCWPlatform::Opened new HwDB with name reactive_scene_top_ps_13
TRACE::2026-05-03.20:03:23::SCWMssOS::Saving the mss changes C:/Users/khuon/ECE520/final_project/vitis_application/zybo_z7_10_plat/zynq_fsbl/zynq_fsbl_bsp/system.mss
TRACE::2026-05-03.20:03:23::SCWMssOS::Adding the swdes entry, mss present, able to open swdb C:/Users/khuon/ECE520/final_project/vitis_application/zybo_z7_10_plat/zynq_fsbl/zynq_fsbl_bsp/system.mss with des name system
TRACE::2026-05-03.20:03:23::SCWMssOS::Writing the mss file completed C:/Users/khuon/ECE520/final_project/vitis_application/zybo_z7_10_plat/zynq_fsbl/zynq_fsbl_bsp/system.mss
TRACE::2026-05-03.20:03:23::SCWMssOS::Commit changes completed.
TRACE::2026-05-03.20:03:23::SCWMssOS::Saving the mss changes C:/Users/khuon/ECE520/final_project/vitis_application/zybo_z7_10_plat/ps7_cortexa9_0/standalone_domain/bsp/system.mss
TRACE::2026-05-03.20:03:23::SCWMssOS::Adding the swdes entry, mss present, able to open swdb C:/Users/khuon/ECE520/final_project/vitis_application/zybo_z7_10_plat/ps7_cortexa9_0/standalone_domain/bsp/system.mss with des name system_0
TRACE::2026-05-03.20:03:23::SCWMssOS::Writing the mss file completed C:/Users/khuon/ECE520/final_project/vitis_application/zybo_z7_10_plat/ps7_cortexa9_0/standalone_domain/bsp/system.mss
TRACE::2026-05-03.20:03:23::SCWMssOS::Commit changes completed.
TRACE::2026-05-03.20:03:23::SCWPlatform::Trying to open the hw design at C:/Users/khuon/ECE520/final_project/vitis_application/zybo_z7_10_plat/hw/reactive_scene_top_ps.xsa
TRACE::2026-05-03.20:03:23::SCWPlatform::DSA given C:/Users/khuon/ECE520/final_project/vitis_application/zybo_z7_10_plat/hw/reactive_scene_top_ps.xsa
TRACE::2026-05-03.20:03:23::SCWPlatform::DSA absoulate path C:/Users/khuon/ECE520/final_project/vitis_application/zybo_z7_10_plat/hw/reactive_scene_top_ps.xsa
TRACE::2026-05-03.20:03:23::SCWPlatform::DSA directory C:/Users/khuon/ECE520/final_project/vitis_application/zybo_z7_10_plat/hw
TRACE::2026-05-03.20:03:23::SCWPlatform:: Platform Path C:/Users/khuon/ECE520/final_project/vitis_application/zybo_z7_10_plat/hw/reactive_scene_top_ps.xsa
TRACE::2026-05-03.20:03:23::SCWPlatform:: Unique name xilinx:zybo-z7-10::0.0
TRACE::2026-05-03.20:03:23::SCWPlatform::Trying to set the existing hwdb with name reactive_scene_top_ps_13
TRACE::2026-05-03.20:03:23::SCWPlatform::Opened existing hwdb reactive_scene_top_ps_13
TRACE::2026-05-03.20:03:23::SCWPlatform::Found the Hw Db part of the input DSA
TRACE::2026-05-03.20:03:23::SCWMssOS::Checking the sw design at  C:/Users/khuon/ECE520/final_project/vitis_application/zybo_z7_10_plat/zynq_fsbl/zynq_fsbl_bsp/system.mss
TRACE::2026-05-03.20:03:23::SCWMssOS::DEBUG:  swdes dump  C:/Users/khuon/ECE520/final_project/vitis_application/zybo_z7_10_plat/ps7_cortexa9_0/standalone_domain/bsp/system.mss|system_0||
C:/Users/khuon/ECE520/final_project/vitis_application/zybo_z7_10_plat/zynq_fsbl/zynq_fsbl_bsp/system.mss|system||

TRACE::2026-05-03.20:03:23::SCWMssOS::Sw design exists and opened at  C:/Users/khuon/ECE520/final_project/vitis_application/zybo_z7_10_plat/zynq_fsbl/zynq_fsbl_bsp/system.mss
TRACE::2026-05-03.20:03:23::SCWPlatform::Trying to open the hw design at C:/Users/khuon/ECE520/final_project/vitis_application/zybo_z7_10_plat/hw/reactive_scene_top_ps.xsa
TRACE::2026-05-03.20:03:23::SCWPlatform::DSA given C:/Users/khuon/ECE520/final_project/vitis_application/zybo_z7_10_plat/hw/reactive_scene_top_ps.xsa
TRACE::2026-05-03.20:03:23::SCWPlatform::DSA absoulate path C:/Users/khuon/ECE520/final_project/vitis_application/zybo_z7_10_plat/hw/reactive_scene_top_ps.xsa
TRACE::2026-05-03.20:03:23::SCWPlatform::DSA directory C:/Users/khuon/ECE520/final_project/vitis_application/zybo_z7_10_plat/hw
TRACE::2026-05-03.20:03:23::SCWPlatform:: Platform Path C:/Users/khuon/ECE520/final_project/vitis_application/zybo_z7_10_plat/hw/reactive_scene_top_ps.xsa
TRACE::2026-05-03.20:03:23::SCWPlatform:: Unique name xilinx:zybo-z7-10::0.0
TRACE::2026-05-03.20:03:23::SCWPlatform::Trying to set the existing hwdb with name reactive_scene_top_ps_13
TRACE::2026-05-03.20:03:23::SCWPlatform::Opened existing hwdb reactive_scene_top_ps_13
TRACE::2026-05-03.20:03:23::SCWPlatform::Found the Hw Db part of the input DSA
TRACE::2026-05-03.20:03:23::SCWMssOS::Checking the sw design at  C:/Users/khuon/ECE520/final_project/vitis_application/zybo_z7_10_plat/ps7_cortexa9_0/standalone_domain/bsp/system.mss
TRACE::2026-05-03.20:03:23::SCWMssOS::DEBUG:  swdes dump  C:/Users/khuon/ECE520/final_project/vitis_application/zybo_z7_10_plat/ps7_cortexa9_0/standalone_domain/bsp/system.mss|system_0||
C:/Users/khuon/ECE520/final_project/vitis_application/zybo_z7_10_plat/zynq_fsbl/zynq_fsbl_bsp/system.mss|system||

TRACE::2026-05-03.20:03:23::SCWMssOS::Sw design exists and opened at  C:/Users/khuon/ECE520/final_project/vitis_application/zybo_z7_10_plat/ps7_cortexa9_0/standalone_domain/bsp/system.mss
TRACE::2026-05-03.20:03:23::SCWWriter::formatted JSON is {
	"platformName":	"zybo_z7_10_plat",
	"sprVersion":	"2.0",
	"mode":	"gui",
	"dsaType":	"Fixed",
	"platformDesc":	"zybo_z7_10_plat",
	"platHandOff":	"C:/Users/khuon/ECE520/final_project/phase3_integration/reactive_scene_top_ps.xsa",
	"platIntHandOff":	"<platformDir>/hw/reactive_scene_top_ps.xsa",
	"deviceType":	"zynq",
	"platIsPrebuiltAutogen":	"false",
	"platIsNoBootBsp":	"false",
	"hasFsblMakeHasChanges":	"false",
	"hasPmufwMakeHasChanges":	"false",
	"fsblExtraCompilerFlags":	"-MMD -MP       -mcpu=cortex-a9 -mfpu=vfpv3 -mfloat-abi=hard ",
	"platPreBuiltFlag":	false,
	"platformSamplesDir":	"",
	"platActiveSys":	"zybo_z7_10_plat",
	"systems":	[{
			"systemName":	"zybo_z7_10_plat",
			"systemDesc":	"zybo_z7_10_plat",
			"sysIsBootAutoGen":	"true",
			"systemDispName":	"zybo_z7_10_plat",
			"sysActiveDom":	"standalone_domain",
			"sysDefaultDom":	"standalone_domain",
			"domains":	[{
					"domainName":	"zynq_fsbl",
					"domainDispName":	"zynq_fsbl",
					"domainDesc":	"FSBL Application BSP - Auto Generated.",
					"processors":	"ps7_cortexa9_0",
					"os":	"standalone",
					"sdxOs":	"standalone",
					"debugEnable":	"",
					"domRuntimes":	["cpp"],
					"swRepo":	"",
					"mssOsVer":	"8.1",
					"mssFile":	"",
					"md5Digest":	"5d56e52180d0bc02e0d42be3c7f1597a1",
					"compatibleApp":	"zynq_fsbl",
					"domType":	"bootDomain",
					"arch":	"32-bit",
					"appSettings":	{
						"appCompilerFlags":	"",
						"appLinkerFlags":	""
					},
					"addedLibs":	["xilffs:5.0", "xilrsa:1.6"],
					"libOptions":	{
						"libsContainingOptions":	[]
					},
					"prebuiltLibs":	{
						"prebuiltIncPath":	[],
						"prebuiltLibPath":	[]
					},
					"isolation":	{
					}
				}, {
					"domainName":	"standalone_domain",
					"domainDispName":	"standalone on ps7_cortexa9_0",
					"domainDesc":	"standalone_domain",
					"processors":	"ps7_cortexa9_0",
					"os":	"standalone",
					"sdxOs":	"standalone",
					"qemuArgs":	"<platformDir>/resources/zybo_z7_10_plat/standalone_domain/qemu_args.txt",
					"qemuData":	"<platformDir>/resources/zybo_z7_10_plat/standalone_domain/qemu",
					"debugEnable":	"False",
					"domRuntimes":	["cpp"],
					"swRepo":	"",
					"mssOsVer":	"8.1",
					"mssFile":	"",
					"md5Digest":	"15de6ed70cac3d5d78676056db89f50d1",
					"compatibleApp":	"",
					"domType":	"mssDomain",
					"appSettings":	{
						"appCompilerFlags":	"",
						"appLinkerFlags":	""
					},
					"addedLibs":	[],
					"libOptions":	{
						"libsContainingOptions":	[]
					},
					"prebuiltLibs":	{
						"prebuiltIncPath":	[],
						"prebuiltLibPath":	[]
					},
					"isolation":	{
					}
				}]
		}]
}
LOG::2026-05-03.20:03:28::SCWPlatform::Started generating the artifacts platform zybo_z7_10_plat
TRACE::2026-05-03.20:03:28::SCWPlatform::Sanity checking of platform is completed
LOG::2026-05-03.20:03:28::SCWPlatform::Started generating the artifacts for system configuration zybo_z7_10_plat
LOG::2026-05-03.20:03:28::SCWSystem::Checking the domain zynq_fsbl
LOG::2026-05-03.20:03:28::SCWSystem::Doing application build for :  zynq_fsbl
TRACE::2026-05-03.20:03:28::SCWBDomain::Not a forced makefile updation, No changes are present. 
TRACE::2026-05-03.20:03:28::SCWDomain::Skipping the build for domain :  zynq_fsbl
LOG::2026-05-03.20:03:28::SCWSystem::Checking the domain standalone_domain
LOG::2026-05-03.20:03:28::SCWSystem::Not a boot domain 
LOG::2026-05-03.20:03:28::SCWSystem::Started Processing the domain standalone_domain
TRACE::2026-05-03.20:03:28::SCWDomain::Generating domain artifcats
TRACE::2026-05-03.20:03:28::SCWMssOS::Generating standalone artifcats
TRACE::2026-05-03.20:03:28::SCWMssOS::Copying the qemu file from  C:/Users/khuon/ECE520/final_project/vitis_application/zybo_z7_10_plat/resources/zybo_z7_10_plat/standalone_domain/qemu_args.txt To C:/Users/khuon/ECE520/final_project/vitis_application/zybo_z7_10_plat/export/zybo_z7_10_plat/sw/zybo_z7_10_plat/qemu/
TRACE::2026-05-03.20:03:28::SCWMssOS::Copying the qemu file from  C:/Users/khuon/ECE520/final_project/vitis_application/zybo_z7_10_plat/resources/zybo_z7_10_plat/standalone_domain/qemu_args.txt To C:/Users/khuon/ECE520/final_project/vitis_application/zybo_z7_10_plat/export/zybo_z7_10_plat/sw/zybo_z7_10_plat/standalone_domain/qemu/
TRACE::2026-05-03.20:03:28::SCWMssOS:: Copying the user libraries. 
TRACE::2026-05-03.20:03:28::SCWPlatform::Trying to open the hw design at C:/Users/khuon/ECE520/final_project/vitis_application/zybo_z7_10_plat/hw/reactive_scene_top_ps.xsa
TRACE::2026-05-03.20:03:28::SCWPlatform::DSA given C:/Users/khuon/ECE520/final_project/vitis_application/zybo_z7_10_plat/hw/reactive_scene_top_ps.xsa
TRACE::2026-05-03.20:03:28::SCWPlatform::DSA absoulate path C:/Users/khuon/ECE520/final_project/vitis_application/zybo_z7_10_plat/hw/reactive_scene_top_ps.xsa
TRACE::2026-05-03.20:03:28::SCWPlatform::DSA directory C:/Users/khuon/ECE520/final_project/vitis_application/zybo_z7_10_plat/hw
TRACE::2026-05-03.20:03:28::SCWPlatform:: Platform Path C:/Users/khuon/ECE520/final_project/vitis_application/zybo_z7_10_plat/hw/reactive_scene_top_ps.xsa
TRACE::2026-05-03.20:03:28::SCWPlatform:: Unique name xilinx:zybo-z7-10::0.0
TRACE::2026-05-03.20:03:28::SCWPlatform::Trying to set the existing hwdb with name reactive_scene_top_ps_13
TRACE::2026-05-03.20:03:28::SCWPlatform::Opened existing hwdb reactive_scene_top_ps_13
TRACE::2026-05-03.20:03:28::SCWPlatform::Found the Hw Db part of the input DSA
TRACE::2026-05-03.20:03:28::SCWMssOS::Checking the sw design at  C:/Users/khuon/ECE520/final_project/vitis_application/zybo_z7_10_plat/ps7_cortexa9_0/standalone_domain/bsp/system.mss
TRACE::2026-05-03.20:03:28::SCWMssOS::DEBUG:  swdes dump  C:/Users/khuon/ECE520/final_project/vitis_application/zybo_z7_10_plat/ps7_cortexa9_0/standalone_domain/bsp/system.mss|system_0||
C:/Users/khuon/ECE520/final_project/vitis_application/zybo_z7_10_plat/zynq_fsbl/zynq_fsbl_bsp/system.mss|system||

TRACE::2026-05-03.20:03:28::SCWMssOS::Sw design exists and opened at  C:/Users/khuon/ECE520/final_project/vitis_application/zybo_z7_10_plat/ps7_cortexa9_0/standalone_domain/bsp/system.mss
TRACE::2026-05-03.20:03:28::SCWMssOS::Completed writing the mss file at C:/Users/khuon/ECE520/final_project/vitis_application/zybo_z7_10_plat/ps7_cortexa9_0/standalone_domain/bsp
TRACE::2026-05-03.20:03:28::SCWMssOS::Mss edits present, copying mssfile into export location C:/Users/khuon/ECE520/final_project/vitis_application/zybo_z7_10_plat/ps7_cortexa9_0/standalone_domain/bsp/system.mss
TRACE::2026-05-03.20:03:29::SCWMssOS::bsp generated is stale removing and regenerating. 
TRACE::2026-05-03.20:03:29::SCWMssOS::doing bsp build ... 
TRACE::2026-05-03.20:03:29::SCWMssOS::System Command Ran  C: & cd  C:/Users/khuon/ECE520/final_project/vitis_application/zybo_z7_10_plat/ps7_cortexa9_0/standalone_domain/bsp & make 
TRACE::2026-05-03.20:03:29::SCWMssOS::make --no-print-directory seq_libs

TRACE::2026-05-03.20:03:29::SCWMssOS::'Finished building libraries sequentially.'

TRACE::2026-05-03.20:03:29::SCWMssOS::make -j 22 --no-print-directory par_libs

TRACE::2026-05-03.20:03:29::SCWMssOS::"Running Make include in ps7_cortexa9_0/libsrc/bram_v4_8/src"

TRACE::2026-05-03.20:03:29::SCWMssOS::make -C ps7_cortexa9_0/libsrc/bram_v4_8/src -s include  "SHELL=CMD" "COMPILER=arm-none-eabi-gcc" "ASSEMBLER=arm-none-eabi-as" "
TRACE::2026-05-03.20:03:29::SCWMssOS::ARCHIVER=arm-none-eabi-ar" "COMPILER_FLAGS=  -O2 -c" "EXTRA_COMPILER_FLAGS=-mcpu=cortex-a9 -mfpu=vfpv3 -mfloat-abi=hard -nostar
TRACE::2026-05-03.20:03:29::SCWMssOS::tfiles -g -Wall -Wextra -fno-tree-loop-distribute-patterns"

TRACE::2026-05-03.20:03:29::SCWMssOS::"Running Make include in ps7_cortexa9_0/libsrc/coresightps_dcc_v1_8/src"

TRACE::2026-05-03.20:03:29::SCWMssOS::make -C ps7_cortexa9_0/libsrc/coresightps_dcc_v1_8/src -s include  "SHELL=CMD" "COMPILER=arm-none-eabi-gcc" "ASSEMBLER=arm-none
TRACE::2026-05-03.20:03:29::SCWMssOS::-eabi-as" "ARCHIVER=arm-none-eabi-ar" "COMPILER_FLAGS=  -O2 -c" "EXTRA_COMPILER_FLAGS=-mcpu=cortex-a9 -mfpu=vfpv3 -mfloat-abi=h
TRACE::2026-05-03.20:03:29::SCWMssOS::ard -nostartfiles -g -Wall -Wextra -fno-tree-loop-distribute-patterns"

TRACE::2026-05-03.20:03:29::SCWMssOS::"Running Make include in ps7_cortexa9_0/libsrc/cpu_cortexa9_v2_11/src"

TRACE::2026-05-03.20:03:29::SCWMssOS::make -C ps7_cortexa9_0/libsrc/cpu_cortexa9_v2_11/src -s include  "SHELL=CMD" "COMPILER=arm-none-eabi-gcc" "ASSEMBLER=arm-none-e
TRACE::2026-05-03.20:03:29::SCWMssOS::abi-as" "ARCHIVER=arm-none-eabi-ar" "COMPILER_FLAGS=  -O2 -c" "EXTRA_COMPILER_FLAGS=-mcpu=cortex-a9 -mfpu=vfpv3 -mfloat-abi=har
TRACE::2026-05-03.20:03:29::SCWMssOS::d -nostartfiles -g -Wall -Wextra -fno-tree-loop-distribute-patterns"

TRACE::2026-05-03.20:03:29::SCWMssOS::"Running Make include in ps7_cortexa9_0/libsrc/ddrps_v1_2/src"

TRACE::2026-05-03.20:03:29::SCWMssOS::make -C ps7_cortexa9_0/libsrc/ddrps_v1_2/src -s include  "SHELL=CMD" "COMPILER=arm-none-eabi-gcc" "ASSEMBLER=arm-none-eabi-as" 
TRACE::2026-05-03.20:03:29::SCWMssOS::"ARCHIVER=arm-none-eabi-ar" "COMPILER_FLAGS=  -O2 -c" "EXTRA_COMPILER_FLAGS=-mcpu=cortex-a9 -mfpu=vfpv3 -mfloat-abi=hard -nosta
TRACE::2026-05-03.20:03:29::SCWMssOS::rtfiles -g -Wall -Wextra -fno-tree-loop-distribute-patterns"

TRACE::2026-05-03.20:03:29::SCWMssOS::"Running Make include in ps7_cortexa9_0/libsrc/devcfg_v3_7/src"

TRACE::2026-05-03.20:03:29::SCWMssOS::make -C ps7_cortexa9_0/libsrc/devcfg_v3_7/src -s include  "SHELL=CMD" "COMPILER=arm-none-eabi-gcc" "ASSEMBLER=arm-none-eabi-as"
TRACE::2026-05-03.20:03:29::SCWMssOS:: "ARCHIVER=arm-none-eabi-ar" "COMPILER_FLAGS=  -O2 -c" "EXTRA_COMPILER_FLAGS=-mcpu=cortex-a9 -mfpu=vfpv3 -mfloat-abi=hard -nost
TRACE::2026-05-03.20:03:29::SCWMssOS::artfiles -g -Wall -Wextra -fno-tree-loop-distribute-patterns"

TRACE::2026-05-03.20:03:29::SCWMssOS::"Running Make include in ps7_cortexa9_0/libsrc/dmaps_v2_8/src"

TRACE::2026-05-03.20:03:29::SCWMssOS::make -C ps7_cortexa9_0/libsrc/dmaps_v2_8/src -s include  "SHELL=CMD" "COMPILER=arm-none-eabi-gcc" "ASSEMBLER=arm-none-eabi-as" 
TRACE::2026-05-03.20:03:29::SCWMssOS::"ARCHIVER=arm-none-eabi-ar" "COMPILER_FLAGS=  -O2 -c" "EXTRA_COMPILER_FLAGS=-mcpu=cortex-a9 -mfpu=vfpv3 -mfloat-abi=hard -nosta
TRACE::2026-05-03.20:03:29::SCWMssOS::rtfiles -g -Wall -Wextra -fno-tree-loop-distribute-patterns"

TRACE::2026-05-03.20:03:29::SCWMssOS::"Running Make include in ps7_cortexa9_0/libsrc/emacps_v3_18/src"

TRACE::2026-05-03.20:03:30::SCWMssOS::make -C ps7_cortexa9_0/libsrc/emacps_v3_18/src -s include  "SHELL=CMD" "COMPILER=arm-none-eabi-gcc" "ASSEMBLER=arm-none-eabi-as
TRACE::2026-05-03.20:03:30::SCWMssOS::" "ARCHIVER=arm-none-eabi-ar" "COMPILER_FLAGS=  -O2 -c" "EXTRA_COMPILER_FLAGS=-mcpu=cortex-a9 -mfpu=vfpv3 -mfloat-abi=hard -nos
TRACE::2026-05-03.20:03:30::SCWMssOS::tartfiles -g -Wall -Wextra -fno-tree-loop-distribute-patterns"

TRACE::2026-05-03.20:03:30::SCWMssOS::"Running Make include in ps7_cortexa9_0/libsrc/gpiops_v3_11/src"

TRACE::2026-05-03.20:03:30::SCWMssOS::make -C ps7_cortexa9_0/libsrc/gpiops_v3_11/src -s include  "SHELL=CMD" "COMPILER=arm-none-eabi-gcc" "ASSEMBLER=arm-none-eabi-as
TRACE::2026-05-03.20:03:30::SCWMssOS::" "ARCHIVER=arm-none-eabi-ar" "COMPILER_FLAGS=  -O2 -c" "EXTRA_COMPILER_FLAGS=-mcpu=cortex-a9 -mfpu=vfpv3 -mfloat-abi=hard -nos
TRACE::2026-05-03.20:03:30::SCWMssOS::tartfiles -g -Wall -Wextra -fno-tree-loop-distribute-patterns"

TRACE::2026-05-03.20:03:30::SCWMssOS::"Running Make include in ps7_cortexa9_0/libsrc/gpio_v4_9/src"

TRACE::2026-05-03.20:03:30::SCWMssOS::make -C ps7_cortexa9_0/libsrc/gpio_v4_9/src -s include  "SHELL=CMD" "COMPILER=arm-none-eabi-gcc" "ASSEMBLER=arm-none-eabi-as" "
TRACE::2026-05-03.20:03:30::SCWMssOS::ARCHIVER=arm-none-eabi-ar" "COMPILER_FLAGS=  -O2 -c" "EXTRA_COMPILER_FLAGS=-mcpu=cortex-a9 -mfpu=vfpv3 -mfloat-abi=hard -nostar
TRACE::2026-05-03.20:03:30::SCWMssOS::tfiles -g -Wall -Wextra -fno-tree-loop-distribute-patterns"

TRACE::2026-05-03.20:03:30::SCWMssOS::"Running Make include in ps7_cortexa9_0/libsrc/qspips_v3_10/src"

TRACE::2026-05-03.20:03:30::SCWMssOS::make -C ps7_cortexa9_0/libsrc/qspips_v3_10/src -s include  "SHELL=CMD" "COMPILER=arm-none-eabi-gcc" "ASSEMBLER=arm-none-eabi-as
TRACE::2026-05-03.20:03:30::SCWMssOS::" "ARCHIVER=arm-none-eabi-ar" "COMPILER_FLAGS=  -O2 -c" "EXTRA_COMPILER_FLAGS=-mcpu=cortex-a9 -mfpu=vfpv3 -mfloat-abi=hard -nos
TRACE::2026-05-03.20:03:30::SCWMssOS::tartfiles -g -Wall -Wextra -fno-tree-loop-distribute-patterns"

TRACE::2026-05-03.20:03:30::SCWMssOS::"Running Make include in ps7_cortexa9_0/libsrc/scugic_v5_1/src"

TRACE::2026-05-03.20:03:30::SCWMssOS::make -C ps7_cortexa9_0/libsrc/scugic_v5_1/src -s include  "SHELL=CMD" "COMPILER=arm-none-eabi-gcc" "ASSEMBLER=arm-none-eabi-as"
TRACE::2026-05-03.20:03:30::SCWMssOS:: "ARCHIVER=arm-none-eabi-ar" "COMPILER_FLAGS=  -O2 -c" "EXTRA_COMPILER_FLAGS=-mcpu=cortex-a9 -mfpu=vfpv3 -mfloat-abi=hard -nost
TRACE::2026-05-03.20:03:30::SCWMssOS::artfiles -g -Wall -Wextra -fno-tree-loop-distribute-patterns"

TRACE::2026-05-03.20:03:30::SCWMssOS::"Running Make include in ps7_cortexa9_0/libsrc/scutimer_v2_4/src"

TRACE::2026-05-03.20:03:30::SCWMssOS::make -C ps7_cortexa9_0/libsrc/scutimer_v2_4/src -s include  "SHELL=CMD" "COMPILER=arm-none-eabi-gcc" "ASSEMBLER=arm-none-eabi-a
TRACE::2026-05-03.20:03:30::SCWMssOS::s" "ARCHIVER=arm-none-eabi-ar" "COMPILER_FLAGS=  -O2 -c" "EXTRA_COMPILER_FLAGS=-mcpu=cortex-a9 -mfpu=vfpv3 -mfloat-abi=hard -no
TRACE::2026-05-03.20:03:30::SCWMssOS::startfiles -g -Wall -Wextra -fno-tree-loop-distribute-patterns"

TRACE::2026-05-03.20:03:30::SCWMssOS::"Running Make include in ps7_cortexa9_0/libsrc/scuwdt_v2_4/src"

TRACE::2026-05-03.20:03:30::SCWMssOS::make -C ps7_cortexa9_0/libsrc/scuwdt_v2_4/src -s include  "SHELL=CMD" "COMPILER=arm-none-eabi-gcc" "ASSEMBLER=arm-none-eabi-as"
TRACE::2026-05-03.20:03:30::SCWMssOS:: "ARCHIVER=arm-none-eabi-ar" "COMPILER_FLAGS=  -O2 -c" "EXTRA_COMPILER_FLAGS=-mcpu=cortex-a9 -mfpu=vfpv3 -mfloat-abi=hard -nost
TRACE::2026-05-03.20:03:30::SCWMssOS::artfiles -g -Wall -Wextra -fno-tree-loop-distribute-patterns"

TRACE::2026-05-03.20:03:30::SCWMssOS::"Running Make include in ps7_cortexa9_0/libsrc/sdps_v4_1/src"

TRACE::2026-05-03.20:03:30::SCWMssOS::make -C ps7_cortexa9_0/libsrc/sdps_v4_1/src -s include  "SHELL=CMD" "COMPILER=arm-none-eabi-gcc" "ASSEMBLER=arm-none-eabi-as" "
TRACE::2026-05-03.20:03:30::SCWMssOS::ARCHIVER=arm-none-eabi-ar" "COMPILER_FLAGS=  -O2 -c" "EXTRA_COMPILER_FLAGS=-mcpu=cortex-a9 -mfpu=vfpv3 -mfloat-abi=hard -nostar
TRACE::2026-05-03.20:03:30::SCWMssOS::tfiles -g -Wall -Wextra -fno-tree-loop-distribute-patterns"

TRACE::2026-05-03.20:03:30::SCWMssOS::"Running Make include in ps7_cortexa9_0/libsrc/standalone_v8_1/src"

TRACE::2026-05-03.20:03:30::SCWMssOS::make -C ps7_cortexa9_0/libsrc/standalone_v8_1/src -s include  "SHELL=CMD" "COMPILER=arm-none-eabi-gcc" "ASSEMBLER=arm-none-eabi
TRACE::2026-05-03.20:03:30::SCWMssOS::-as" "ARCHIVER=arm-none-eabi-ar" "COMPILER_FLAGS=  -O2 -c" "EXTRA_COMPILER_FLAGS=-mcpu=cortex-a9 -mfpu=vfpv3 -mfloat-abi=hard -
TRACE::2026-05-03.20:03:30::SCWMssOS::nostartfiles -g -Wall -Wextra -fno-tree-loop-distribute-patterns"

TRACE::2026-05-03.20:03:30::SCWMssOS::"Running Make include in ps7_cortexa9_0/libsrc/uartps_v3_12/src"

TRACE::2026-05-03.20:03:30::SCWMssOS::make -C ps7_cortexa9_0/libsrc/uartps_v3_12/src -s include  "SHELL=CMD" "COMPILER=arm-none-eabi-gcc" "ASSEMBLER=arm-none-eabi-as
TRACE::2026-05-03.20:03:30::SCWMssOS::" "ARCHIVER=arm-none-eabi-ar" "COMPILER_FLAGS=  -O2 -c" "EXTRA_COMPILER_FLAGS=-mcpu=cortex-a9 -mfpu=vfpv3 -mfloat-abi=hard -nos
TRACE::2026-05-03.20:03:30::SCWMssOS::tartfiles -g -Wall -Wextra -fno-tree-loop-distribute-patterns"

TRACE::2026-05-03.20:03:30::SCWMssOS::"Running Make include in ps7_cortexa9_0/libsrc/usbps_v2_7/src"

TRACE::2026-05-03.20:03:30::SCWMssOS::make -C ps7_cortexa9_0/libsrc/usbps_v2_7/src -s include  "SHELL=CMD" "COMPILER=arm-none-eabi-gcc" "ASSEMBLER=arm-none-eabi-as" 
TRACE::2026-05-03.20:03:30::SCWMssOS::"ARCHIVER=arm-none-eabi-ar" "COMPILER_FLAGS=  -O2 -c" "EXTRA_COMPILER_FLAGS=-mcpu=cortex-a9 -mfpu=vfpv3 -mfloat-abi=hard -nosta
TRACE::2026-05-03.20:03:30::SCWMssOS::rtfiles -g -Wall -Wextra -fno-tree-loop-distribute-patterns"

TRACE::2026-05-03.20:03:30::SCWMssOS::"Running Make include in ps7_cortexa9_0/libsrc/xadcps_v2_6/src"

TRACE::2026-05-03.20:03:30::SCWMssOS::make -C ps7_cortexa9_0/libsrc/xadcps_v2_6/src -s include  "SHELL=CMD" "COMPILER=arm-none-eabi-gcc" "ASSEMBLER=arm-none-eabi-as"
TRACE::2026-05-03.20:03:30::SCWMssOS:: "ARCHIVER=arm-none-eabi-ar" "COMPILER_FLAGS=  -O2 -c" "EXTRA_COMPILER_FLAGS=-mcpu=cortex-a9 -mfpu=vfpv3 -mfloat-abi=hard -nost
TRACE::2026-05-03.20:03:30::SCWMssOS::artfiles -g -Wall -Wextra -fno-tree-loop-distribute-patterns"

TRACE::2026-05-03.20:03:30::SCWMssOS::"Running Make libs in ps7_cortexa9_0/libsrc/bram_v4_8/src"

TRACE::2026-05-03.20:03:30::SCWMssOS::make -C ps7_cortexa9_0/libsrc/bram_v4_8/src -s libs  "SHELL=CMD" "COMPILER=arm-none-eabi-gcc" "ASSEMBLER=arm-none-eabi-as" "ARC
TRACE::2026-05-03.20:03:30::SCWMssOS::HIVER=arm-none-eabi-ar" "COMPILER_FLAGS=  -O2 -c" "EXTRA_COMPILER_FLAGS=-mcpu=cortex-a9 -mfpu=vfpv3 -mfloat-abi=hard -nostartfi
TRACE::2026-05-03.20:03:30::SCWMssOS::les -g -Wall -Wextra -fno-tree-loop-distribute-patterns"

TRACE::2026-05-03.20:03:30::SCWMssOS::"Running Make libs in ps7_cortexa9_0/libsrc/coresightps_dcc_v1_8/src"

TRACE::2026-05-03.20:03:30::SCWMssOS::make -C ps7_cortexa9_0/libsrc/coresightps_dcc_v1_8/src -s libs  "SHELL=CMD" "COMPILER=arm-none-eabi-gcc" "ASSEMBLER=arm-none-ea
TRACE::2026-05-03.20:03:30::SCWMssOS::bi-as" "ARCHIVER=arm-none-eabi-ar" "COMPILER_FLAGS=  -O2 -c" "EXTRA_COMPILER_FLAGS=-mcpu=cortex-a9 -mfpu=vfpv3 -mfloat-abi=hard
TRACE::2026-05-03.20:03:30::SCWMssOS:: -nostartfiles -g -Wall -Wextra -fno-tree-loop-distribute-patterns"

TRACE::2026-05-03.20:03:30::SCWMssOS::"Running Make libs in ps7_cortexa9_0/libsrc/cpu_cortexa9_v2_11/src"

TRACE::2026-05-03.20:03:30::SCWMssOS::make -C ps7_cortexa9_0/libsrc/cpu_cortexa9_v2_11/src -s libs  "SHELL=CMD" "COMPILER=arm-none-eabi-gcc" "ASSEMBLER=arm-none-eabi
TRACE::2026-05-03.20:03:30::SCWMssOS::-as" "ARCHIVER=arm-none-eabi-ar" "COMPILER_FLAGS=  -O2 -c" "EXTRA_COMPILER_FLAGS=-mcpu=cortex-a9 -mfpu=vfpv3 -mfloat-abi=hard -
TRACE::2026-05-03.20:03:30::SCWMssOS::nostartfiles -g -Wall -Wextra -fno-tree-loop-distribute-patterns"

TRACE::2026-05-03.20:03:30::SCWMssOS::"Running Make libs in ps7_cortexa9_0/libsrc/ddrps_v1_2/src"

TRACE::2026-05-03.20:03:30::SCWMssOS::make -C ps7_cortexa9_0/libsrc/ddrps_v1_2/src -s libs  "SHELL=CMD" "COMPILER=arm-none-eabi-gcc" "ASSEMBLER=arm-none-eabi-as" "AR
TRACE::2026-05-03.20:03:30::SCWMssOS::CHIVER=arm-none-eabi-ar" "COMPILER_FLAGS=  -O2 -c" "EXTRA_COMPILER_FLAGS=-mcpu=cortex-a9 -mfpu=vfpv3 -mfloat-abi=hard -nostartf
TRACE::2026-05-03.20:03:30::SCWMssOS::iles -g -Wall -Wextra -fno-tree-loop-distribute-patterns"

TRACE::2026-05-03.20:03:30::SCWMssOS::"Running Make libs in ps7_cortexa9_0/libsrc/devcfg_v3_7/src"

TRACE::2026-05-03.20:03:30::SCWMssOS::make -C ps7_cortexa9_0/libsrc/devcfg_v3_7/src -s libs  "SHELL=CMD" "COMPILER=arm-none-eabi-gcc" "ASSEMBLER=arm-none-eabi-as" "A
TRACE::2026-05-03.20:03:30::SCWMssOS::RCHIVER=arm-none-eabi-ar" "COMPILER_FLAGS=  -O2 -c" "EXTRA_COMPILER_FLAGS=-mcpu=cortex-a9 -mfpu=vfpv3 -mfloat-abi=hard -nostart
TRACE::2026-05-03.20:03:30::SCWMssOS::files -g -Wall -Wextra -fno-tree-loop-distribute-patterns"

TRACE::2026-05-03.20:03:30::SCWMssOS::"Running Make libs in ps7_cortexa9_0/libsrc/dmaps_v2_8/src"

TRACE::2026-05-03.20:03:30::SCWMssOS::make -C ps7_cortexa9_0/libsrc/dmaps_v2_8/src -s libs  "SHELL=CMD" "COMPILER=arm-none-eabi-gcc" "ASSEMBLER=arm-none-eabi-as" "AR
TRACE::2026-05-03.20:03:30::SCWMssOS::CHIVER=arm-none-eabi-ar" "COMPILER_FLAGS=  -O2 -c" "EXTRA_COMPILER_FLAGS=-mcpu=cortex-a9 -mfpu=vfpv3 -mfloat-abi=hard -nostartf
TRACE::2026-05-03.20:03:30::SCWMssOS::iles -g -Wall -Wextra -fno-tree-loop-distribute-patterns"

TRACE::2026-05-03.20:03:30::SCWMssOS::"Running Make libs in ps7_cortexa9_0/libsrc/emacps_v3_18/src"

TRACE::2026-05-03.20:03:30::SCWMssOS::make -C ps7_cortexa9_0/libsrc/emacps_v3_18/src -s libs  "SHELL=CMD" "COMPILER=arm-none-eabi-gcc" "ASSEMBLER=arm-none-eabi-as" "
TRACE::2026-05-03.20:03:30::SCWMssOS::ARCHIVER=arm-none-eabi-ar" "COMPILER_FLAGS=  -O2 -c" "EXTRA_COMPILER_FLAGS=-mcpu=cortex-a9 -mfpu=vfpv3 -mfloat-abi=hard -nostar
TRACE::2026-05-03.20:03:30::SCWMssOS::tfiles -g -Wall -Wextra -fno-tree-loop-distribute-patterns"

TRACE::2026-05-03.20:03:30::SCWMssOS::"Running Make libs in ps7_cortexa9_0/libsrc/gpiops_v3_11/src"

TRACE::2026-05-03.20:03:30::SCWMssOS::make -C ps7_cortexa9_0/libsrc/gpiops_v3_11/src -s libs  "SHELL=CMD" "COMPILER=arm-none-eabi-gcc" "ASSEMBLER=arm-none-eabi-as" "
TRACE::2026-05-03.20:03:30::SCWMssOS::ARCHIVER=arm-none-eabi-ar" "COMPILER_FLAGS=  -O2 -c" "EXTRA_COMPILER_FLAGS=-mcpu=cortex-a9 -mfpu=vfpv3 -mfloat-abi=hard -nostar
TRACE::2026-05-03.20:03:30::SCWMssOS::tfiles -g -Wall -Wextra -fno-tree-loop-distribute-patterns"

TRACE::2026-05-03.20:03:30::SCWMssOS::"Running Make libs in ps7_cortexa9_0/libsrc/gpio_v4_9/src"

TRACE::2026-05-03.20:03:30::SCWMssOS::make -C ps7_cortexa9_0/libsrc/gpio_v4_9/src -s libs  "SHELL=CMD" "COMPILER=arm-none-eabi-gcc" "ASSEMBLER=arm-none-eabi-as" "ARC
TRACE::2026-05-03.20:03:30::SCWMssOS::HIVER=arm-none-eabi-ar" "COMPILER_FLAGS=  -O2 -c" "EXTRA_COMPILER_FLAGS=-mcpu=cortex-a9 -mfpu=vfpv3 -mfloat-abi=hard -nostartfi
TRACE::2026-05-03.20:03:30::SCWMssOS::les -g -Wall -Wextra -fno-tree-loop-distribute-patterns"

TRACE::2026-05-03.20:03:30::SCWMssOS::"Running Make libs in ps7_cortexa9_0/libsrc/qspips_v3_10/src"

TRACE::2026-05-03.20:03:30::SCWMssOS::make -C ps7_cortexa9_0/libsrc/qspips_v3_10/src -s libs  "SHELL=CMD" "COMPILER=arm-none-eabi-gcc" "ASSEMBLER=arm-none-eabi-as" "
TRACE::2026-05-03.20:03:30::SCWMssOS::ARCHIVER=arm-none-eabi-ar" "COMPILER_FLAGS=  -O2 -c" "EXTRA_COMPILER_FLAGS=-mcpu=cortex-a9 -mfpu=vfpv3 -mfloat-abi=hard -nostar
TRACE::2026-05-03.20:03:30::SCWMssOS::tfiles -g -Wall -Wextra -fno-tree-loop-distribute-patterns"

TRACE::2026-05-03.20:03:30::SCWMssOS::"Running Make libs in ps7_cortexa9_0/libsrc/scugic_v5_1/src"

TRACE::2026-05-03.20:03:30::SCWMssOS::make -C ps7_cortexa9_0/libsrc/scugic_v5_1/src -s libs  "SHELL=CMD" "COMPILER=arm-none-eabi-gcc" "ASSEMBLER=arm-none-eabi-as" "A
TRACE::2026-05-03.20:03:30::SCWMssOS::RCHIVER=arm-none-eabi-ar" "COMPILER_FLAGS=  -O2 -c" "EXTRA_COMPILER_FLAGS=-mcpu=cortex-a9 -mfpu=vfpv3 -mfloat-abi=hard -nostart
TRACE::2026-05-03.20:03:30::SCWMssOS::files -g -Wall -Wextra -fno-tree-loop-distribute-patterns"

TRACE::2026-05-03.20:03:30::SCWMssOS::"Running Make libs in ps7_cortexa9_0/libsrc/scutimer_v2_4/src"

TRACE::2026-05-03.20:03:30::SCWMssOS::make -C ps7_cortexa9_0/libsrc/scutimer_v2_4/src -s libs  "SHELL=CMD" "COMPILER=arm-none-eabi-gcc" "ASSEMBLER=arm-none-eabi-as" 
TRACE::2026-05-03.20:03:30::SCWMssOS::"ARCHIVER=arm-none-eabi-ar" "COMPILER_FLAGS=  -O2 -c" "EXTRA_COMPILER_FLAGS=-mcpu=cortex-a9 -mfpu=vfpv3 -mfloat-abi=hard -nosta
TRACE::2026-05-03.20:03:30::SCWMssOS::rtfiles -g -Wall -Wextra -fno-tree-loop-distribute-patterns"

TRACE::2026-05-03.20:03:30::SCWMssOS::"Running Make libs in ps7_cortexa9_0/libsrc/scuwdt_v2_4/src"

TRACE::2026-05-03.20:03:30::SCWMssOS::make -C ps7_cortexa9_0/libsrc/scuwdt_v2_4/src -s libs  "SHELL=CMD" "COMPILER=arm-none-eabi-gcc" "ASSEMBLER=arm-none-eabi-as" "A
TRACE::2026-05-03.20:03:30::SCWMssOS::RCHIVER=arm-none-eabi-ar" "COMPILER_FLAGS=  -O2 -c" "EXTRA_COMPILER_FLAGS=-mcpu=cortex-a9 -mfpu=vfpv3 -mfloat-abi=hard -nostart
TRACE::2026-05-03.20:03:30::SCWMssOS::files -g -Wall -Wextra -fno-tree-loop-distribute-patterns"

TRACE::2026-05-03.20:03:30::SCWMssOS::"Running Make libs in ps7_cortexa9_0/libsrc/sdps_v4_1/src"

TRACE::2026-05-03.20:03:30::SCWMssOS::make -C ps7_cortexa9_0/libsrc/sdps_v4_1/src -s libs  "SHELL=CMD" "COMPILER=arm-none-eabi-gcc" "ASSEMBLER=arm-none-eabi-as" "ARC
TRACE::2026-05-03.20:03:30::SCWMssOS::HIVER=arm-none-eabi-ar" "COMPILER_FLAGS=  -O2 -c" "EXTRA_COMPILER_FLAGS=-mcpu=cortex-a9 -mfpu=vfpv3 -mfloat-abi=hard -nostartfi
TRACE::2026-05-03.20:03:30::SCWMssOS::les -g -Wall -Wextra -fno-tree-loop-distribute-patterns"

TRACE::2026-05-03.20:03:30::SCWMssOS::"Running Make libs in ps7_cortexa9_0/libsrc/standalone_v8_1/src"

TRACE::2026-05-03.20:03:30::SCWMssOS::"Running Make libs in ps7_cortexa9_0/libsrc/uartps_v3_12/src"

TRACE::2026-05-03.20:03:30::SCWMssOS::"Running Make libs in ps7_cortexa9_0/libsrc/usbps_v2_7/src"

TRACE::2026-05-03.20:03:30::SCWMssOS::make -C ps7_cortexa9_0/libsrc/standalone_v8_1/src -s libs  "SHELL=CMD" "COMPILER=arm-none-eabi-gcc" "ASSEMBLER=arm-none-eabi-as
TRACE::2026-05-03.20:03:30::SCWMssOS::" "ARCHIVER=arm-none-eabi-ar" "COMPILER_FLAGS=  -O2 -c" "EXTRA_COMPILER_FLAGS=-mcpu=cortex-a9 -mfpu=vfpv3 -mfloat-abi=hard -nos
TRACE::2026-05-03.20:03:30::SCWMssOS::tartfiles -g -Wall -Wextra -fno-tree-loop-distribute-patterns"

TRACE::2026-05-03.20:03:30::SCWMssOS::make -C ps7_cortexa9_0/libsrc/uartps_v3_12/src -s libs  "SHELL=CMD" "COMPILER=arm-none-eabi-gcc" "ASSEMBLER=arm-none-eabi-as" "
TRACE::2026-05-03.20:03:30::SCWMssOS::ARCHIVER=arm-none-eabi-ar" "COMPILER_FLAGS=  -O2 -c" "EXTRA_COMPILER_FLAGS=-mcpu=cortex-a9 -mfpu=vfpv3 -mfloat-abi=hard -nostar
TRACE::2026-05-03.20:03:30::SCWMssOS::tfiles -g -Wall -Wextra -fno-tree-loop-distribute-patterns"

TRACE::2026-05-03.20:03:30::SCWMssOS::make -C ps7_cortexa9_0/libsrc/usbps_v2_7/src -s libs  "SHELL=CMD" "COMPILER=arm-none-eabi-gcc" "ASSEMBLER=arm-none-eabi-as" "AR
TRACE::2026-05-03.20:03:30::SCWMssOS::CHIVER=arm-none-eabi-ar" "COMPILER_FLAGS=  -O2 -c" "EXTRA_COMPILER_FLAGS=-mcpu=cortex-a9 -mfpu=vfpv3 -mfloat-abi=hard -nostartf
TRACE::2026-05-03.20:03:30::SCWMssOS::iles -g -Wall -Wextra -fno-tree-loop-distribute-patterns"

TRACE::2026-05-03.20:03:30::SCWMssOS::"Running Make libs in ps7_cortexa9_0/libsrc/xadcps_v2_6/src"

TRACE::2026-05-03.20:03:30::SCWMssOS::make -C ps7_cortexa9_0/libsrc/xadcps_v2_6/src -s libs  "SHELL=CMD" "COMPILER=arm-none-eabi-gcc" "ASSEMBLER=arm-none-eabi-as" "A
TRACE::2026-05-03.20:03:30::SCWMssOS::RCHIVER=arm-none-eabi-ar" "COMPILER_FLAGS=  -O2 -c" "EXTRA_COMPILER_FLAGS=-mcpu=cortex-a9 -mfpu=vfpv3 -mfloat-abi=hard -nostart
TRACE::2026-05-03.20:03:30::SCWMssOS::files -g -Wall -Wextra -fno-tree-loop-distribute-patterns"

TRACE::2026-05-03.20:03:31::SCWMssOS::'Finished building libraries parallelly.'

TRACE::2026-05-03.20:03:31::SCWMssOS::make --no-print-directory archive

TRACE::2026-05-03.20:03:31::SCWMssOS::arm-none-eabi-ar -r  ps7_cortexa9_0/lib/libxil.a ps7_cortexa9_0/lib/_exit.o ps7_cortexa9_0/lib/_open.o ps7_cortexa9_0/lib/_sbrk
TRACE::2026-05-03.20:03:31::SCWMssOS::.o ps7_cortexa9_0/lib/abort.o ps7_cortexa9_0/lib/asm_vectors.o ps7_cortexa9_0/lib/boot.o ps7_cortexa9_0/lib/close.o ps7_cortexa
TRACE::2026-05-03.20:03:31::SCWMssOS::9_0/lib/cpputest_time.o ps7_cortexa9_0/lib/cpu_init.o ps7_cortexa9_0/lib/errno.o ps7_cortexa9_0/lib/fcntl.o ps7_cortexa9_0/lib/
TRACE::2026-05-03.20:03:31::SCWMssOS::fstat.o ps7_cortexa9_0/lib/getentropy.o ps7_cortexa9_0/lib/getpid.o ps7_cortexa9_0/lib/inbyte.o ps7_cortexa9_0/lib/isatty.o ps7
TRACE::2026-05-03.20:03:31::SCWMssOS::_cortexa9_0/lib/kill.o ps7_cortexa9_0/lib/lseek.o ps7_cortexa9_0/lib/open.o ps7_cortexa9_0/lib/outbyte.o ps7_cortexa9_0/lib/pri
TRACE::2026-05-03.20:03:31::SCWMssOS::nt.o ps7_cortexa9_0/lib/putnum.o ps7_cortexa9_0/lib/read.o ps7_cortexa9_0/lib/sbrk.o ps7_cortexa9_0/lib/sleep.o ps7_cortexa9_0/
TRACE::2026-05-03.20:03:31::SCWMssOS::lib/time.o ps7_cortexa9_0/lib/translation_table.o ps7_cortexa9_0/lib/unlink.o ps7_cortexa9_0/lib/usleep.o ps7_cortexa9_0/lib/ve
TRACE::2026-05-03.20:03:31::SCWMssOS::ctors.o ps7_cortexa9_0/lib/write.o ps7_cortexa9_0/lib/xadcps.o ps7_cortexa9_0/lib/xadcps_g.o ps7_cortexa9_0/lib/xadcps_intr.o p
TRACE::2026-05-03.20:03:31::SCWMssOS::s7_cortexa9_0/lib/xadcps_selftest.o ps7_cortexa9_0/lib/xadcps_sinit.o ps7_cortexa9_0/lib/xbram.o ps7_cortexa9_0/lib/xbram_g.o p
TRACE::2026-05-03.20:03:31::SCWMssOS::s7_cortexa9_0/lib/xbram_intr.o ps7_cortexa9_0/lib/xbram_selftest.o ps7_cortexa9_0/lib/xbram_sinit.o ps7_cortexa9_0/lib/xcoresig
TRACE::2026-05-03.20:03:31::SCWMssOS::htpsdcc.o ps7_cortexa9_0/lib/xdevcfg.o ps7_cortexa9_0/lib/xdevcfg_g.o ps7_cortexa9_0/lib/xdevcfg_hw.o ps7_cortexa9_0/lib/xdevcf
TRACE::2026-05-03.20:03:31::SCWMssOS::g_intr.o ps7_cortexa9_0/lib/xdevcfg_selftest.o ps7_cortexa9_0/lib/xdevcfg_sinit.o ps7_cortexa9_0/lib/xdmaps.o ps7_cortexa9_0/li
TRACE::2026-05-03.20:03:31::SCWMssOS::b/xdmaps_g.o ps7_cortexa9_0/lib/xdmaps_hw.o ps7_cortexa9_0/lib/xdmaps_selftest.o ps7_cortexa9_0/lib/xdmaps_sinit.o ps7_cortexa9
TRACE::2026-05-03.20:03:31::SCWMssOS::_0/lib/xemacps.o ps7_cortexa9_0/lib/xemacps_bdring.o ps7_cortexa9_0/lib/xemacps_control.o ps7_cortexa9_0/lib/xemacps_g.o ps7_co
TRACE::2026-05-03.20:03:31::SCWMssOS::rtexa9_0/lib/xemacps_hw.o ps7_cortexa9_0/lib/xemacps_intr.o ps7_cortexa9_0/lib/xemacps_sinit.o ps7_cortexa9_0/lib/xgpio.o ps7_c
TRACE::2026-05-03.20:03:31::SCWMssOS::ortexa9_0/lib/xgpio_extra.o ps7_cortexa9_0/lib/xgpio_g.o ps7_cortexa9_0/lib/xgpio_intr.o ps7_cortexa9_0/lib/xgpio_selftest.o ps
TRACE::2026-05-03.20:03:31::SCWMssOS::7_cortexa9_0/lib/xgpio_sinit.o ps7_cortexa9_0/lib/xgpiops.o ps7_cortexa9_0/lib/xgpiops_g.o ps7_cortexa9_0/lib/xgpiops_hw.o ps7_
TRACE::2026-05-03.20:03:31::SCWMssOS::cortexa9_0/lib/xgpiops_intr.o ps7_cortexa9_0/lib/xgpiops_selftest.o ps7_cortexa9_0/lib/xgpiops_sinit.o ps7_cortexa9_0/lib/xil-c
TRACE::2026-05-03.20:03:31::SCWMssOS::rt0.o ps7_cortexa9_0/lib/xil_assert.o ps7_cortexa9_0/lib/xil_cache.o ps7_cortexa9_0/lib/xil_clocking.o ps7_cortexa9_0/lib/xil_e
TRACE::2026-05-03.20:03:31::SCWMssOS::xception.o ps7_cortexa9_0/lib/xil_mem.o ps7_cortexa9_0/lib/xil_misc_psreset_api.o ps7_cortexa9_0/lib/xil_mmu.o ps7_cortexa9_0/l
TRACE::2026-05-03.20:03:31::SCWMssOS::ib/xil_printf.o ps7_cortexa9_0/lib/xil_sleepcommon.o ps7_cortexa9_0/lib/xil_sleeptimer.o ps7_cortexa9_0/lib/xil_spinlock.o ps7_
TRACE::2026-05-03.20:03:31::SCWMssOS::cortexa9_0/lib/xil_testcache.o ps7_cortexa9_0/lib/xil_testio.o ps7_cortexa9_0/lib/xil_testmem.o ps7_cortexa9_0/lib/xil_util.o p
TRACE::2026-05-03.20:03:31::SCWMssOS::s7_cortexa9_0/lib/xinterrupt_wrap.o ps7_cortexa9_0/lib/xl2cc_counter.o ps7_cortexa9_0/lib/xplatform_info.o ps7_cortexa9_0/lib/x
TRACE::2026-05-03.20:03:31::SCWMssOS::pm_counter.o ps7_cortexa9_0/lib/xqspips.o ps7_cortexa9_0/lib/xqspips_g.o ps7_cortexa9_0/lib/xqspips_hw.o ps7_cortexa9_0/lib/xqs
TRACE::2026-05-03.20:03:31::SCWMssOS::pips_options.o ps7_cortexa9_0/lib/xqspips_selftest.o ps7_cortexa9_0/lib/xqspips_sinit.o ps7_cortexa9_0/lib/xscugic.o ps7_cortex
TRACE::2026-05-03.20:03:31::SCWMssOS::a9_0/lib/xscugic_g.o ps7_cortexa9_0/lib/xscugic_hw.o ps7_cortexa9_0/lib/xscugic_intr.o ps7_cortexa9_0/lib/xscugic_selftest.o ps
TRACE::2026-05-03.20:03:31::SCWMssOS::7_cortexa9_0/lib/xscugic_sinit.o ps7_cortexa9_0/lib/xscutimer.o ps7_cortexa9_0/lib/xscutimer_g.o ps7_cortexa9_0/lib/xscutimer_s
TRACE::2026-05-03.20:03:31::SCWMssOS::elftest.o ps7_cortexa9_0/lib/xscutimer_sinit.o ps7_cortexa9_0/lib/xscuwdt.o ps7_cortexa9_0/lib/xscuwdt_g.o ps7_cortexa9_0/lib/x
TRACE::2026-05-03.20:03:31::SCWMssOS::scuwdt_selftest.o ps7_cortexa9_0/lib/xscuwdt_sinit.o ps7_cortexa9_0/lib/xsdps.o ps7_cortexa9_0/lib/xsdps_card.o ps7_cortexa9_0/
TRACE::2026-05-03.20:03:31::SCWMssOS::lib/xsdps_g.o ps7_cortexa9_0/lib/xsdps_host.o ps7_cortexa9_0/lib/xsdps_options.o ps7_cortexa9_0/lib/xsdps_sinit.o ps7_cortexa9_
TRACE::2026-05-03.20:03:31::SCWMssOS::0/lib/xtime_l.o ps7_cortexa9_0/lib/xuartps.o ps7_cortexa9_0/lib/xuartps_g.o ps7_cortexa9_0/lib/xuartps_hw.o ps7_cortexa9_0/lib/
TRACE::2026-05-03.20:03:31::SCWMssOS::xuartps_intr.o ps7_cortexa9_0/lib/xuartps_options.o ps7_cortexa9_0/lib/xuartps_selftest.o ps7_cortexa9_0/lib/xuartps_sinit.o ps
TRACE::2026-05-03.20:03:31::SCWMssOS::7_cortexa9_0/lib/xusbps.o ps7_cortexa9_0/lib/xusbps_endpoint.o ps7_cortexa9_0/lib/xusbps_g.o ps7_cortexa9_0/lib/xusbps_hw.o ps7
TRACE::2026-05-03.20:03:31::SCWMssOS::_cortexa9_0/lib/xusbps_intr.o ps7_cortexa9_0/lib/xusbps_sinit.o

TRACE::2026-05-03.20:03:31::SCWMssOS::'Finished building libraries'

TRACE::2026-05-03.20:03:31::SCWMssOS:: Checking if to create the Supporting Applications
TRACE::2026-05-03.20:03:31::SCWMssOS:: No Linux domain exists, trying to generate FSBL 
LOG::2026-05-03.20:03:31::SCWSystem::Completed Processing the domain standalone_domain
LOG::2026-05-03.20:03:31::SCWSystem::Completed Processing the sysconfig zybo_z7_10_plat
LOG::2026-05-03.20:03:31::SCWPlatform::Completed generating the artifacts for system configuration zybo_z7_10_plat
TRACE::2026-05-03.20:03:31::SCWPlatform::Started preparing the platform 
TRACE::2026-05-03.20:03:31::SCWSystem::Writing the bif file for system config zybo_z7_10_plat
TRACE::2026-05-03.20:03:31::SCWSystem::dir created 
TRACE::2026-05-03.20:03:31::SCWSystem::Writing the bif 
TRACE::2026-05-03.20:03:31::SCWPlatform::Started writing the spfm file 
TRACE::2026-05-03.20:03:31::SCWPlatform::Started writing the xpfm file 
TRACE::2026-05-03.20:03:31::SCWPlatform::Completed generating the platform
TRACE::2026-05-03.20:03:31::SCWMssOS::Saving the mss changes C:/Users/khuon/ECE520/final_project/vitis_application/zybo_z7_10_plat/zynq_fsbl/zynq_fsbl_bsp/system.mss
TRACE::2026-05-03.20:03:31::SCWMssOS::Found a swdesign opened with the mssfile.
TRACE::2026-05-03.20:03:31::SCWMssOS::Completed writemss as part of save.
TRACE::2026-05-03.20:03:31::SCWMssOS::Commit changes completed.
TRACE::2026-05-03.20:03:31::SCWMssOS::Saving the mss changes C:/Users/khuon/ECE520/final_project/vitis_application/zybo_z7_10_plat/ps7_cortexa9_0/standalone_domain/bsp/system.mss
TRACE::2026-05-03.20:03:31::SCWMssOS::Adding the swdes entry, mss present, able to open swdb C:/Users/khuon/ECE520/final_project/vitis_application/zybo_z7_10_plat/ps7_cortexa9_0/standalone_domain/bsp/system.mss with des name system_0
TRACE::2026-05-03.20:03:31::SCWMssOS::Writing the mss file completed C:/Users/khuon/ECE520/final_project/vitis_application/zybo_z7_10_plat/ps7_cortexa9_0/standalone_domain/bsp/system.mss
TRACE::2026-05-03.20:03:31::SCWMssOS::Commit changes completed.
TRACE::2026-05-03.20:03:31::SCWPlatform::Trying to open the hw design at C:/Users/khuon/ECE520/final_project/vitis_application/zybo_z7_10_plat/hw/reactive_scene_top_ps.xsa
TRACE::2026-05-03.20:03:31::SCWPlatform::DSA given C:/Users/khuon/ECE520/final_project/vitis_application/zybo_z7_10_plat/hw/reactive_scene_top_ps.xsa
TRACE::2026-05-03.20:03:31::SCWPlatform::DSA absoulate path C:/Users/khuon/ECE520/final_project/vitis_application/zybo_z7_10_plat/hw/reactive_scene_top_ps.xsa
TRACE::2026-05-03.20:03:31::SCWPlatform::DSA directory C:/Users/khuon/ECE520/final_project/vitis_application/zybo_z7_10_plat/hw
TRACE::2026-05-03.20:03:31::SCWPlatform:: Platform Path C:/Users/khuon/ECE520/final_project/vitis_application/zybo_z7_10_plat/hw/reactive_scene_top_ps.xsa
TRACE::2026-05-03.20:03:31::SCWPlatform:: Unique name xilinx:zybo-z7-10::0.0
TRACE::2026-05-03.20:03:31::SCWPlatform::Trying to set the existing hwdb with name reactive_scene_top_ps_13
TRACE::2026-05-03.20:03:31::SCWPlatform::Opened existing hwdb reactive_scene_top_ps_13
TRACE::2026-05-03.20:03:31::SCWPlatform::Found the Hw Db part of the input DSA
TRACE::2026-05-03.20:03:31::SCWMssOS::Checking the sw design at  C:/Users/khuon/ECE520/final_project/vitis_application/zybo_z7_10_plat/zynq_fsbl/zynq_fsbl_bsp/system.mss
TRACE::2026-05-03.20:03:31::SCWMssOS::DEBUG:  swdes dump  C:/Users/khuon/ECE520/final_project/vitis_application/zybo_z7_10_plat/ps7_cortexa9_0/standalone_domain/bsp/system.mss|system_0||
C:/Users/khuon/ECE520/final_project/vitis_application/zybo_z7_10_plat/zynq_fsbl/zynq_fsbl_bsp/system.mss|system||

TRACE::2026-05-03.20:03:31::SCWMssOS::Sw design exists and opened at  C:/Users/khuon/ECE520/final_project/vitis_application/zybo_z7_10_plat/zynq_fsbl/zynq_fsbl_bsp/system.mss
TRACE::2026-05-03.20:03:31::SCWPlatform::Trying to open the hw design at C:/Users/khuon/ECE520/final_project/vitis_application/zybo_z7_10_plat/hw/reactive_scene_top_ps.xsa
TRACE::2026-05-03.20:03:31::SCWPlatform::DSA given C:/Users/khuon/ECE520/final_project/vitis_application/zybo_z7_10_plat/hw/reactive_scene_top_ps.xsa
TRACE::2026-05-03.20:03:31::SCWPlatform::DSA absoulate path C:/Users/khuon/ECE520/final_project/vitis_application/zybo_z7_10_plat/hw/reactive_scene_top_ps.xsa
TRACE::2026-05-03.20:03:31::SCWPlatform::DSA directory C:/Users/khuon/ECE520/final_project/vitis_application/zybo_z7_10_plat/hw
TRACE::2026-05-03.20:03:31::SCWPlatform:: Platform Path C:/Users/khuon/ECE520/final_project/vitis_application/zybo_z7_10_plat/hw/reactive_scene_top_ps.xsa
TRACE::2026-05-03.20:03:31::SCWPlatform:: Unique name xilinx:zybo-z7-10::0.0
TRACE::2026-05-03.20:03:31::SCWPlatform::Trying to set the existing hwdb with name reactive_scene_top_ps_13
TRACE::2026-05-03.20:03:31::SCWPlatform::Opened existing hwdb reactive_scene_top_ps_13
TRACE::2026-05-03.20:03:31::SCWPlatform::Found the Hw Db part of the input DSA
TRACE::2026-05-03.20:03:31::SCWMssOS::Checking the sw design at  C:/Users/khuon/ECE520/final_project/vitis_application/zybo_z7_10_plat/ps7_cortexa9_0/standalone_domain/bsp/system.mss
TRACE::2026-05-03.20:03:31::SCWMssOS::DEBUG:  swdes dump  C:/Users/khuon/ECE520/final_project/vitis_application/zybo_z7_10_plat/ps7_cortexa9_0/standalone_domain/bsp/system.mss|system_0||
C:/Users/khuon/ECE520/final_project/vitis_application/zybo_z7_10_plat/zynq_fsbl/zynq_fsbl_bsp/system.mss|system||

TRACE::2026-05-03.20:03:31::SCWMssOS::Sw design exists and opened at  C:/Users/khuon/ECE520/final_project/vitis_application/zybo_z7_10_plat/ps7_cortexa9_0/standalone_domain/bsp/system.mss
TRACE::2026-05-03.20:03:31::SCWWriter::formatted JSON is {
	"platformName":	"zybo_z7_10_plat",
	"sprVersion":	"2.0",
	"mode":	"gui",
	"dsaType":	"Fixed",
	"platformDesc":	"zybo_z7_10_plat",
	"platHandOff":	"C:/Users/khuon/ECE520/final_project/phase3_integration/reactive_scene_top_ps.xsa",
	"platIntHandOff":	"<platformDir>/hw/reactive_scene_top_ps.xsa",
	"deviceType":	"zynq",
	"platIsPrebuiltAutogen":	"false",
	"platIsNoBootBsp":	"false",
	"hasFsblMakeHasChanges":	"false",
	"hasPmufwMakeHasChanges":	"false",
	"fsblExtraCompilerFlags":	"-MMD -MP       -mcpu=cortex-a9 -mfpu=vfpv3 -mfloat-abi=hard ",
	"platPreBuiltFlag":	false,
	"platformSamplesDir":	"",
	"platActiveSys":	"zybo_z7_10_plat",
	"systems":	[{
			"systemName":	"zybo_z7_10_plat",
			"systemDesc":	"zybo_z7_10_plat",
			"sysIsBootAutoGen":	"true",
			"systemDispName":	"zybo_z7_10_plat",
			"sysActiveDom":	"standalone_domain",
			"sysDefaultDom":	"standalone_domain",
			"domains":	[{
					"domainName":	"zynq_fsbl",
					"domainDispName":	"zynq_fsbl",
					"domainDesc":	"FSBL Application BSP - Auto Generated.",
					"processors":	"ps7_cortexa9_0",
					"os":	"standalone",
					"sdxOs":	"standalone",
					"debugEnable":	"",
					"domRuntimes":	["cpp"],
					"swRepo":	"",
					"mssOsVer":	"8.1",
					"mssFile":	"",
					"md5Digest":	"5d56e52180d0bc02e0d42be3c7f1597a1",
					"compatibleApp":	"zynq_fsbl",
					"domType":	"bootDomain",
					"arch":	"32-bit",
					"appSettings":	{
						"appCompilerFlags":	"",
						"appLinkerFlags":	""
					},
					"addedLibs":	["xilffs:5.0", "xilrsa:1.6"],
					"libOptions":	{
						"libsContainingOptions":	[]
					},
					"prebuiltLibs":	{
						"prebuiltIncPath":	[],
						"prebuiltLibPath":	[]
					},
					"isolation":	{
					}
				}, {
					"domainName":	"standalone_domain",
					"domainDispName":	"standalone on ps7_cortexa9_0",
					"domainDesc":	"standalone_domain",
					"processors":	"ps7_cortexa9_0",
					"os":	"standalone",
					"sdxOs":	"standalone",
					"qemuArgs":	"<platformDir>/resources/zybo_z7_10_plat/standalone_domain/qemu_args.txt",
					"qemuData":	"<platformDir>/resources/zybo_z7_10_plat/standalone_domain/qemu",
					"debugEnable":	"False",
					"domRuntimes":	["cpp"],
					"swRepo":	"",
					"mssOsVer":	"8.1",
					"mssFile":	"",
					"md5Digest":	"15de6ed70cac3d5d78676056db89f50d",
					"compatibleApp":	"",
					"domType":	"mssDomain",
					"appSettings":	{
						"appCompilerFlags":	"",
						"appLinkerFlags":	""
					},
					"addedLibs":	[],
					"libOptions":	{
						"libsContainingOptions":	[]
					},
					"prebuiltLibs":	{
						"prebuiltIncPath":	[],
						"prebuiltLibPath":	[]
					},
					"isolation":	{
					}
				}]
		}]
}
KEYINFO::2026-05-03.20:03:31::SCWPlatform::updated the xpfm file.
TRACE::2026-05-03.20:03:32::SCWPlatform::Trying to open the hw design at C:/Users/khuon/ECE520/final_project/vitis_application/zybo_z7_10_plat/hw/reactive_scene_top_ps.xsa
TRACE::2026-05-03.20:03:32::SCWPlatform::DSA given C:/Users/khuon/ECE520/final_project/vitis_application/zybo_z7_10_plat/hw/reactive_scene_top_ps.xsa
TRACE::2026-05-03.20:03:32::SCWPlatform::DSA absoulate path C:/Users/khuon/ECE520/final_project/vitis_application/zybo_z7_10_plat/hw/reactive_scene_top_ps.xsa
TRACE::2026-05-03.20:03:32::SCWPlatform::DSA directory C:/Users/khuon/ECE520/final_project/vitis_application/zybo_z7_10_plat/hw
TRACE::2026-05-03.20:03:32::SCWPlatform:: Platform Path C:/Users/khuon/ECE520/final_project/vitis_application/zybo_z7_10_plat/hw/reactive_scene_top_ps.xsa
TRACE::2026-05-03.20:03:32::SCWPlatform:: Unique name xilinx:zybo-z7-10::0.0
TRACE::2026-05-03.20:03:32::SCWPlatform::Trying to set the existing hwdb with name reactive_scene_top_ps_13
TRACE::2026-05-03.20:03:32::SCWPlatform::Opened existing hwdb reactive_scene_top_ps_13
TRACE::2026-05-03.20:03:32::SCWPlatform::Found the Hw Db part of the input DSA
TRACE::2026-05-03.20:03:32::SCWMssOS::Checking the sw design at  C:/Users/khuon/ECE520/final_project/vitis_application/zybo_z7_10_plat/ps7_cortexa9_0/standalone_domain/bsp/system.mss
TRACE::2026-05-03.20:03:32::SCWMssOS::DEBUG:  swdes dump  C:/Users/khuon/ECE520/final_project/vitis_application/zybo_z7_10_plat/ps7_cortexa9_0/standalone_domain/bsp/system.mss|system_0||
C:/Users/khuon/ECE520/final_project/vitis_application/zybo_z7_10_plat/zynq_fsbl/zynq_fsbl_bsp/system.mss|system||

TRACE::2026-05-03.20:03:32::SCWMssOS::Sw design exists and opened at  C:/Users/khuon/ECE520/final_project/vitis_application/zybo_z7_10_plat/ps7_cortexa9_0/standalone_domain/bsp/system.mss
