; 16-bit signed PCM, zero-extended to 32 bits
; 32768 samples @ 22050 Hz  (110Hz + 440Hz + 3000Hz)
; audio in bits[15:0] of each 32-bit word
memory_initialization_radix=16;
memory_initialization_vector=
00000000,
00001A1F,
000026E3,
00002214,
00001371,
00000955,
00000ECB,
000023EC,
00003DC2,
00004DC9,
00004BE3,
00003BDF,
00002ADF,
00002645,
00003284,
0000480E,
00005887,
000058A7,
00004800,
0000314D,
0000231C,
000025D5,
000035FB,
0000469D,
00004A48,
00003C50,
00002414,
00000FF7,
00000B8C,
000017AE,
000029F3,
000033E3,
00002CF2,
0000186C,
00000339,
0000FB06,
000004E2,
000019CD,
00002B87,
00002E61,
00002141,
00000E63,
00000451,
00000BD9,
00002201,
00003A05,
00004617,
000040D3,
000030E8,
00002472,
0000273E,
00003AA0,
0000547B,
00006629,
0000667F,
0000580F,
00004755,
0000421C,
00004DF4,
00006459,
00007726,
00007A46,
00006BFE,
00005619,
0000472E,
00004895,
000057FF,
0000690E,
00006DDA,
00006088,
00004755,
00003056,
000027D8,
00002FEF,
00003F1B,
000046DB,
00003DAD,
000025AB,
00000B22,
0000FC2D,
0000FF0D,
00000DEA,
00001AE7,
000019AB,
000007EE,
0000EF12,
0000DDB2,
0000DDA4,
0000ED35,
00000058,
000008F0,
00000082,
0000ECA5,
0000DB28,
0000D88F,
0000E771,
0000FEA7,
00000F8D,
0000100C,
00000178,
0000EF9E,
0000E89B,
0000F31A,
000009B6,
00001E9F,
0000250C,
000019FE,
0000063E,
0000F850,
0000FA68,
00000B66,
00001F94,
000028AB,
00001FA2,
00000983,
0000F3F4,
0000EBD4,
0000F469,
00000523,
00000F86,
00000924,
0000F2D3,
0000D823,
0000C778,
0000C82F,
0000D59D,
0000E251,
0000E15D,
0000CF47,
0000B47B,
00009F8C,
00009B3E,
0000A727,
0000B808,
0000BF8B,
0000B62D,
0000A067,
00008BA6,
00008513,
00009087,
0000A5EB,
0000B6C3,
0000B822,
0000AA27,
000097E3,
00008FB6,
00009966,
0000B0BC,
0000C862,
0000D2FD,
0000CC55,
0000BC2B,
0000B0D7,
0000B562,
0000C9E2,
0000E35E,
0000F34C,
0000F186,
0000E1D9,
0000D15D,
0000CD6F,
0000DA79,
0000F0E5,
0000024F,
0000036A,
0000F3BF,
0000DE01,
0000D0B8,
0000D445,
0000E526,
0000F667,
0000FA8E,
0000ECEE,
0000D4E3,
0000C0CF,
0000BC46,
0000C821,
0000D9FA,
0000E35A,
0000DBBA,
0000C66B,
0000B058,
0000A735,
0000B018,
0000C407,
0000D4CB,
0000D6BA,
0000C8C3,
0000B52B,
0000AA82,
0000B19E,
0000C78B,
0000DF8D,
0000EBDC,
0000E719,
0000D7F6,
0000CC94,
0000D0C3,
0000E5D8,
000001B7,
000015BB,
000018B6,
00000D39,
0000FFBD,
0000FE07,
00000DA1,
00002805,
00003F05,
00004685,
00003CC2,
00002B80,
0000214C,
00002776,
00003BA5,
00005175,
00005AF3,
0000523E,
00003D89,
00002AE5,
00002694,
000032A9,
0000459D,
000050EA,
00004B0C,
0000361B,
00001E63,
000011FE,
0000172E,
00002820,
000036F5,
0000375B,
0000270D,
00000F71,
0000FF2D,
00000017,
00001087,
00002476,
00002DCF,
0000261C,
000012FC,
00000247,
00000086,
00001058,
0000289A,
00003AAF,
00003C83,
00002F6D,
00001F3D,
00001A13,
0000269C,
00003F70,
000056BF,
00005FBF,
0000576B,
0000468C,
00003B9C,
000040CF,
000054FD,
00006C67,
000078BF,
000072F5,
0000600B,
00004D9E,
00004885,
00005400,
00006774,
0000745E,
00007048,
00005C02,
00004318,
000033E6,
000035C6,
0000440B,
0000513E,
00005072,
00003E2C,
000022D8,
00000D0C,
0000078D,
000011F5,
0000210A,
0000267C,
00001ACB,
00000279,
0000EAFC,
0000E180,
0000E9EA,
0000FC29,
000009CA,
000007E9,
0000F6AE,
0000E12F,
0000D5D5,
0000DC6D,
0000F0C6,
0000058D,
00000D71,
0000043B,
0000F1AF,
0000E428,
0000E6AF,
0000F95A,
0000112D,
00001FA1,
00001C8A,
00000BB3,
0000FA2E,
0000F553,
00000185,
0000172A,
000027D8,
00002838,
000017CB,
0000013F,
0000F316,
0000F5A8,
0000056B,
00001565,
0000181A,
000008D3,
0000EEEB,
0000D8BE,
0000D1DE,
0000DB23,
0000EA26,
0000F06F,
0000E579,
0000CC96,
0000B2B8,
0000A592,
0000AA43,
0000B9D4,
0000C617,
0000C367,
0000B0BC,
00009862,
000088F3,
00008B4D,
00009C85,
0000AFE7,
0000B7B3,
0000AE94,
00009B42,
00008BE7,
00008C58,
00009DF1,
0000B69A,
0000C7B2,
0000C810,
0000BA44,
0000AACA,
0000A767,
0000B5A7,
0000CEFE,
0000E53C,
0000EC42,
0000E248,
0000D10D,
0000C718,
0000CDB3,
0000E27D,
0000F90A,
00000360,
0000FB97,
0000E7DA,
0000D632,
0000D2DA,
0000DFDD,
0000F3AF,
0000FFC3,
0000FA92,
0000E62D,
0000CEDE,
0000C2BB,
0000C808,
0000D8ED,
0000E78D,
0000E797,
0000D6C9,
0000BE8D,
0000AD89,
0000AD9E,
0000BD25,
0000D01F,
0000D87C,
0000CFCE,
0000BBBD,
0000AA28,
0000A79F,
0000B6C8,
0000CE8A,
0000E04E,
0000E205,
0000D50E,
0000C53F,
0000C0BD,
0000CE37,
0000E84A,
00000127,
00000C06,
000005E4,
0000F786,
0000EF67,
0000F7B5,
00000F45,
00002A56,
00003A93,
000038E5,
00002A48,
00001C50,
00001BCD,
00002BF6,
00004429,
000055D9,
00005687,
000046FB,
000032B8,
00002813,
00002E60,
000040E7,
0000522E,
00005542,
000046A5,
00002EBE,
00001C20,
0000198E,
000026A4,
00003826,
00003FC7,
0000360A,
00001F72,
00000979,
00000153,
00000AE8,
00001E2F,
00002CBB,
00002BAD,
00001B35,
00000673,
0000FBD6,
0000032F,
00001858,
00002E05,
000036E7,
00002ECF,
00001D85,
00001169,
00001586,
000029F5,
000043BD,
00005453,
0000538E,
00004535,
00003658,
0000344C,
00004371,
00005C26,
00006FFA,
00007390,
00006663,
00005319,
0000482A,
00004DE8,
000060C1,
000073B1,
00007933,
00006C8B,
0000550A,
00004107,
00003C0E,
000046F0,
00005740,
00005E86,
00005437,
00003BA4,
000021BE,
00001438,
00001832,
000026B8,
0000319D,
00002D43,
000018A5,
0000FE17,
0000EC35,
0000EBE7,
0000FA49,
00000AAE,
00000F61,
00000312,
0000EC85,
0000D9E8,
0000D71A,
0000E57F,
0000FB06,
00000912,
00000684,
0000F5F0,
0000E3D5,
0000DDFC,
0000E9F3,
0000012E,
00001582,
00001ACC,
00000F44,
0000FCA7,
0000F176,
0000F6F8,
00000AC8,
00002075,
000029FF,
00002175,
00000CFC,
0000FA97,
0000F679,
000002A4,
00001587,
0000208E,
00001A2A,
00000467,
0000EB8A,
0000DDA4,
0000E0F2,
0000EF9D,
0000FBC4,
0000F915,
0000E54D,
0000C9D8,
0000B55C,
0000B1BE,
0000BD5B,
0000CC38,
0000D04A,
0000C32A,
0000AA87,
00009446,
00008D01,
00009765,
0000AA62,
0000B769,
0000B475,
0000A2EE,
00008EB1,
000085E9,
00008F51,
0000A58B,
0000BACD,
0000C256,
0000B926,
0000A805,
00009D73,
0000A39F,
0000B960,
0000D2F0,
0000E1FC,
0000DF6B,
0000D034,
0000C1E7,
0000C150,
0000D1A0,
0000EA2E,
0000FC65,
0000FDC2,
0000EF04,
0000DBA4,
0000D1F3,
0000D93A,
0000ECBC,
0000FEF8,
000002F1,
0000F527,
0000DDF9,
0000CBF6,
0000C9DE,
0000D749,
0000E8F8,
0000F09F,
0000E6BE,
0000CFDD,
0000B974,
0000B0BC,
0000B99F,
0000CC1A,
0000D9C5,
0000D7C6,
0000C654,
0000B096,
0000A502,
0000AB74,
0000BFC8,
0000D4BD,
0000DD0C,
0000D48C,
0000C30D,
0000B6F4,
0000BB54,
0000D049,
0000EAE0,
0000FC92,
0000FD38,
0000F099,
0000E3C9,
0000E41A,
0000F5EB,
00001198,
000028B0,
00002FCF,
0000266B,
00001725,
0000106D,
00001A8E,
000031EF,
00004984,
000053BF,
00004BDB,
0000391F,
000029DC,
00002993,
0000390F,
00004DDC,
00005977,
00005352,
00003EB9,
00002894,
00001E97,
000025DB,
0000376D,
0000451D,
0000434D,
000030FA,
00001879,
0000086A,
000009BA,
00001986,
00002B2A,
000030F4,
0000259B,
00000FEA,
0000FE18,
0000FC0A,
00000B29,
0000216E,
00003045,
00002E91,
00001EEE,
00000DE2,
0000093A,
00001689,
00002F48,
0000454B,
00004C73,
000042F8,
00003296,
000029D0,
000031E8,
00004877,
00006107,
00006D94,
00006826,
000056DE,
000047B4,
000046D8,
00005642,
00006C59,
00007A81,
00007721,
00006440,
00004E17,
000042B2,
00004848,
000058F8,
000066DE,
000065A1,
000052FC,
00003854,
00002451,
000020D3,
00002C37,
00003A85,
00003DB2,
00002F5A,
0000152F,
0000FD1C,
0000F3BF,
0000FBCB,
00000C36,
0000167C,
0000109C,
0000FC08,
0000E4A5,
0000D8A6,
0000DECD,
0000F1C6,
000003CE,
0000082B,
0000FBE5,
0000E7CA,
0000DA5F,
0000DDD7,
0000F10D,
0000083F,
0000151B,
0000108A,
0000FF83,
0000EF93,
0000ED86,
0000FC88,
000013EE,
0000251F,
00002591,
000015FD,
000001D8,
0000F76B,
0000FDF6,
000010B6,
00002223,
0000253A,
00001670,
0000FE22,
0000EAD6,
0000E746,
0000F305,
000002D1,
00000859,
0000FC1D,
0000E29F,
0000C95A,
0000BD85,
0000C30D,
0000D1F0,
0000DBC9,
0000D5C4,
0000C01B,
0000A5FC,
000095E4,
000097B4,
0000A753,
0000B786,
0000BB0E,
0000ADCD,
0000979A,
000086E3,
000086C4,
00009761,
0000ADCE,
0000BB8B,
0000B879,
0000A864,
00009864,
000095D0,
0000A50A,
0000BE72,
0000D393,
0000D90E,
0000CE55,
0000BE08,
0000B696,
0000C043,
0000D774,
0000EF15,
0000F994,
0000F224,
0000E007,
0000D184,
0000D216,
0000E27F,
0000F844,
000004DA,
0000FFAE,
0000EC02,
0000D6B9,
0000CD81,
0000D56F,
0000E78A,
0000F59F,
0000F40F,
0000E1D4,
0000C942,
0000B8FB,
0000B9EC,
0000C936,
0000DA36,
0000DF3F,
0000D30E,
0000BC72,
0000A9A9,
0000A69F,
0000B4C5,
0000CA1B,
0000D813,
0000D599,
0000C551,
0000B3C8,
0000AED4,
0000BC0B,
0000D4EF,
0000EB59,
0000F32F,
0000EAAC,
0000DB91,
0000D461,
0000DE60,
0000F728,
0000123F,
000021A3,
00001F57,
00001178,
000005FC,
00000909,
00001C94,
000036FC,
0000499C,
00004AD5,
00003CA4,
00002B3B,
0000249C,
00002EF5,
0000445F,
000056EA,
00005A37,
00004BFA,
00003591,
0000259E,
000025FB,
00003503,
000046B6,
00004D0C,
0000419C,
00002A19,
0000146D,
00000D39,
00001733,
00002954,
0000351B,
0000308D,
00001D20,
000006C1,
0000FBAB,
000002A3,
0000165F,
00002923,
00002E3D,
000022BA,
00000F71,
000002EB,
00000765,
00001BBC,
00003435,
00004280,
00003F89,
00003049,
00002251,
0000226B,
000033C3,
00004DAC,
0000618A,
000064CE,
00005830,
0000471D,
00003FD6,
0000499A,
00005F9B,
00007449,
00007A9A,
00006EFA,
000059BD,
00004963,
0000489E,
000056F7,
00006926,
000070D2,
00006675,
00004E8D,
0000368F,
00002BAF,
000031D6,
00004101,
00004ACA,
0000445D,
00002DF6,
000012C4,
00000147,
00000166,
00000F0B,
00001D03,
00001E14,
00000E26,
0000F51A,
0000E165,
0000DE29,
0000EB96,
0000FEC5,
00000940,
000002EF,
0000EFA8,
0000DC87,
0000D6EC,
0000E33D,
0000F9DF,
00000C62,
00000F6A,
0000026D,
0000F00B,
0000E6B2,
0000EEA8,
0000044D,
00001A8F,
000023D6,
00001B51,
0000083D,
0000F8DD,
0000F8A3,
0000084B,
00001D55,
0000292E,
0000233A,
00000EB4,
0000F87B,
0000EE33,
0000F4EA,
000005A2,
00001224,
00000ECB,
0000FA8D,
0000DFBC,
0000CCF6,
0000CB27,
0000D771,
0000E532,
0000E6BE,
0000D6D5,
0000BC4A,
0000A560,
00009E07,
0000A7B8,
0000B878,
0000C1C3,
0000BA8C,
0000A57F,
00008F31,
00008582,
00008E10,
0000A266,
0000B465,
0000B7FB,
0000AB6B,
0000987B,
00008DB6,
00009465,
0000AA25,
0000C282,
0000CF7B,
0000CB14,
0000BB6C,
0000AE77,
0000B05B,
0000C309,
0000DCDD,
0000EF2F,
0000F059,
0000E254,
0000D14A,
0000CB37,
0000D642,
0000EC7B,
0000FFEC,
0000042D,
0000F6EC,
0000E17D,
0000D27D,
0000D3BF,
0000E397,
0000F601,
0000FCEF,
0000F1F5,
0000DAC3,
0000C541,
0000BE0F,
0000C7E3,
0000D9B6,
0000E50A,
0000DFE7,
0000CBC6,
0000B498,
0000A89E,
0000AEA5,
0000C167,
0000D330,
0000D755,
0000CAEA,
0000B6CF,
0000A995,
0000AD7F,
0000C172,
0000D9BB,
0000E80F,
0000E561,
0000D6AE,
0000C98C,
0000CAC8,
0000DD92,
0000F93C,
00000F2D,
000014D6,
00000AEB,
0000FCD9,
0000F8DC,
0000062E,
00001FFD,
000038B4,
00004341,
00003C08,
00002B57,
00001FA4,
00002398,
000036B5,
00004DAA,
00005A15,
00005467,
00004117,
00002D91,
00002703,
00003150,
0000446F,
000051F5,
00004F0A,
00003BE8,
000023BC,
00001504,
000017A8,
00002793,
00003793,
00003A72,
00002C1D,
00001476,
000001FA,
0000FFD4,
00000E33,
0000223D,
00002D82,
000027F0,
00001563,
00000302,
0000FE32,
00000B5E,
000022F4,
0000368B,
00003AC7,
00002F26,
00001E4A,
000016A4,
0000207C,
00003833,
000050B6,
00005C6B,
00005680,
0000462E,
000039B3,
00003C7E,
00004F46,
00006781,
00007698,
000073E5,
0000629E,
00004F96,
0000486C,
00005225,
000065BB,
000074EE,
00007412,
00006215,
00004943,
00003835,
000037D1,
00004536,
000053BD,
000055B9,
000045E8,
00002B1D,
0000139B,
00000B56,
000013C7,
000022F9,
00002A6A,
00002114,
000009AA,
0000F0C9,
0000E453,
0000E9F3,
0000FB39,
00000A0E,
00000A6B,
0000FA9B,
0000E46A,
0000D66C,
0000D9F2,
0000EC9E,
00000203,
00000C25,
0000050E,
0000F2E1,
0000E392,
0000E34A,
0000F3FD,
00000C03,
00001CB6,
00001C6E,
00000D1F,
0000FAF2,
0000F3DB,
0000FDFD,
00001362,
0000260E,
00002994,
00001B96,
00000565,
0000F595,
0000F5F2,
000004C7,
0000160D,
00001BAD,
00000F37,
0000F656,
0000DEEC,
0000D596,
0000DD07,
0000EC39,
0000F4AA,
0000EC65,
0000D4E3,
0000BA18,
0000AA47,
0000AC43,
0000BACA,
0000C82F,
0000C7CB,
0000B6BD,
00009DEB,
00008BEE,
00008B12,
00009A45,
0000ADDB,
0000B794,
0000B06A,
00009D62,
00008C1B,
00008968,
0000987F,
0000B0BA,
0000C382,
0000C64D,
0000B9D2,
0000A980,
0000A395,
0000AF4A,
0000C7CD,
0000DF84,
0000E95C,
0000E1B6,
0000D0DA,
0000C539,
0000C975,
0000DD0C,
0000F4A2,
000001CE,
0000FCFE,
0000EA9D,
0000D810,
0000D27E,
0000DDC3,
0000F1CD,
0000002C,
0000FE06,
0000EB8A,
0000D3E3,
0000C58E,
0000C86D,
0000D86D,
0000E858,
0000EAFC,
0000DC44,
0000C418,
0000B0F6,
0000AE0B,
0000BB91,
0000CEB0,
0000D8FD,
0000D26F,
0000BEE9,
0000AB99,
0000A5EB,
0000B256,
0000C94B,
0000DC68,
0000E05C,
0000D4A9,
0000C3F8,
0000BCBF,
0000C74C,
0000E003,
0000F9D2,
00000724,
00000327,
0000F515,
0000EB2A,
0000F0D3,
000006C4,
0000226E,
00003538,
00003674,
00002952,
00001A9F,
000017F1,
00002645,
00003E8E,
00005281,
0000566B,
00004931,
00003516,
000028AB,
00002CD0,
00003E99,
0000515B,
00005762,
00004B68,
0000343A,
00002019,
00001AF6,
0000264A,
0000381D,
000041F1,
00003ABF,
0000253D,
00000E0B,
00000311,
000009FF,
00001C69,
00002C41,
00002D83,
00001E83,
00000914,
0000FBD3,
00000014,
00001385,
000029BE,
000034C9,
00002EB6,
00001DAC,
00000FA7,
000010D1,
00002323,
00003CF7,
00004FA5,
00005189,
00004494,
000034EC,
00003085,
00003D7E,
000055DB,
00006B9B,
0000724A,
00006785,
00005495,
00004805,
00004B9B,
00005D9A,
000071F0,
00007A7E,
000070CF,
00005A81,
00004574,
00003E3D,
00004788,
00005848,
000061F9,
00005AA0,
000043B6,
0000292B,
00001942,
00001ACE,
0000288F,
000034D9,
0000330A,
00002044,
00000573,
0000F135,
0000EDDC,
0000FA5E,
00000B16,
000011CD,
00000785,
0000F14C,
0000DCC6,
0000D6D2,
0000E2AB,
0000F7B5,
0000075D,
00000723,
0000F7C3,
0000E4AF,
0000DC2A,
0000E571,
0000FBB3,
00001158,
0000194E,
00000FF5,
0000FD93,
0000F096,
0000F39E,
00000621,
00001CC3,
00002914,
00002379,
00001058,
0000FD11,
0000F6C0,
0000013B,
0000146A,
000021D7,
00001E9B,
00000AE6,
0000F1DA,
0000E1EC,
0000E2FD,
0000F0F5,
0000FE9A,
0000FEB9,
0000ED3C,
0000D20A,
0000BBA3,
0000B536,
0000BEFF,
0000CE2A,
0000D451,
0000C971,
0000B173,
0000998B,
00008F2E,
000096DA,
0000A909,
0000B762,
0000B69D,
0000A643,
00009106,
00008566,
00008BB7,
0000A065,
0000B666,
0000C02A,
0000B8E3,
0000A7D0,
00009B32,
00009E76,
0000B254,
0000CC3D,
0000DD95,
0000DDAF,
0000CFB7,
0000C077,
0000BD80,
0000CBCB,
0000E444,
0000F89B,
0000FD15,
0000F08F,
0000DD46,
0000D1C3,
0000D6DD,
0000E9A1,
0000FD5D,
00000455,
0000F93F,
0000E2E0,
0000CF73,
0000CAE5,
0000D6AC,
0000E8CD,
0000F2C7,
0000EB93,
0000D5E7,
0000BE64,
0000B2F4,
0000B94A,
0000CAFD,
0000DA05,
0000DA62,
0000CA6F,
0000B406,
0000A5C9,
0000A916,
0000BBA1,
0000D10B,
0000DB64,
0000D4C5,
0000C35C,
0000B52B,
0000B664,
0000C904,
0000E36C,
0000F6F7,
0000FA04,
0000EE88,
0000E0A9,
0000DE5D,
0000EDC1,
000008D8,
000021A0,
00002B9F,
0000246F,
00001554,
00000CD1,
000014A7,
00002B11,
000043F5,
0000512C,
00004C38,
00003AAF,
00002A67,
000027ED,
000035E5,
00004B3B,
00005961,
00005657,
0000438E,
00002CF2,
000020C1,
000025CA,
000036CA,
00004614,
00004705,
000036BE,
00001E2C,
00000BF1,
00000A61,
00001876,
00002A91,
0000327F,
00002947,
000013FE,
00000052,
0000FB26,
000007BC,
00001D81,
00002DEA,
00002E7C,
00001FF9,
00000DDC,
0000066C,
000010EB,
0000288C,
00003FBD,
0000496A,
000041F8,
000031AB,
000026F2,
00002C6D,
0000418E,
00005AF6,
00006A30,
0000679C,
0000579C,
00004787,
00004475,
00005232,
0000689F,
0000793C,
0000791D,
00006866,
00005233,
000044F2,
0000487A,
000058AD,
0000684C,
00006A1C,
00005A04,
00003FE5,
00002A3C,
00002437,
00002E10,
00003CF3,
0000427B,
000036A6,
00001D61,
000003E3,
0000F7A7,
0000FD2F,
00000CFB,
000018BA,
0000152A,
000001DE,
0000E990,
0000DAC6,
0000DDDD,
0000EF4A,
0000020A,
00000895,
0000FE28,
0000EA03,
0000DA6F,
0000DAE1,
0000EC12,
00000378,
0000127A,
0000106D,
0000007D,
0000EF76,
0000EAE5,
0000F7C1,
00000EF3,
00002229,
000025A1,
00001836,
0000041B,
0000F7D5,
0000FC32,
00000E3A,
00002133,
0000275A,
00001B5B,
000003F8,
0000EF64,
0000E984,
0000F3CA,
00000435,
00000C41,
000002E4,
0000EAD1,
0000D0A6,
0000C24E,
0000C57B,
0000D3C9,
0000DF2D,
0000DBAF,
0000C7AC,
0000AD04,
00009A5F,
00009922,
0000A708,
0000B7B8,
0000BD4E,
0000B1E9,
00009BC0,
000088DF,
0000857F,
000093A7,
0000A9BE,
0000B928,
0000B84C,
0000A922,
000097DA,
0000926C,
00009EF9,
0000B789,
0000CE18,
0000D630,
0000CD6A,
0000BD08,
0000B38D,
0000BAB5,
0000D0B8,
0000E977,
0000F6C6,
0000F21E,
0000E112,
0000D16F,
0000CFBB,
0000DE92,
0000F4D7,
000003F6,
000001E8,
0000F016,
0000DA65,
0000CF0C,
0000D4D6,
0000E67A,
0000F646,
0000F796,
0000E787,
0000CF06,
0000BCB3,
0000BAE3,
0000C893,
0000DA25,
0000E169,
0000D76C,
0000C147,
0000ACAE,
0000A689,
0000B224,
0000C6F1,
0000D66D,
0000D624,
0000C6E1,
0000B425,
0000AC41,
0000B67C,
0000CE11,
0000E572,
0000EF93,
0000E8DB,
0000D995,
0000D031,
0000D750,
0000EE68,
00000A15,
00001BE6,
00001C37,
00000F67,
000002C8,
0000036E,
00001520,
00002FB7,
000044AC,
0000490C,
00003CF3,
00002B74,
000022F4,
00002B43,
00004038,
0000548C,
00005AFE,
00004F6A,
000039AC,
0000283A,
0000263B,
000033E6,
00004661,
00004F44,
0000468C,
00003023,
00001942,
00000F61,
00001708,
000028B7,
00003622,
0000340A,
00002207,
00000AD9,
0000FD0F,
00000108,
00001344,
000026C6,
00002E0D,
0000245C,
000010FC,
0000023E,
0000039B,
000015D2,
00002E60,
00003EB0,
00003E19,
00002FCC,
00002095,
00001E04,
00002D10,
000046A0,
00005C61,
0000628D,
000057FB,
000046DA,
00003DAA,
00004533,
00005A75,
000070AF,
00007A17,
0000714F,
00005D12,
00004B8B,
00004897,
0000559E,
0000689B,
000072FF,
00006BBA,
00005579,
00003CD6,
00002FB6,
000033C8,
000042A5,
00004E42,
00004AA4,
00003628,
00001AB3,
000006EB,
0000043C,
00001063,
00001F0E,
0000225C,
00001476,
0000FB99,
0000E5D6,
0000DF72,
0000EA79,
0000FD5C,
00000987,
00000569,
0000F304,
0000DE8B,
0000D601,
0000DF8B,
0000F538,
00000908,
00000E8A,
00000359,
0000F0BC,
0000E534,
0000EA7E,
0000FED2,
0000160D,
00002204,
00001C2B,
00000A10,
0000F97C,
0000F6EE,
000004FA,
00001A81,
000028E6,
00002618,
0000137B,
0000FCEE,
0000F09F,
0000F552,
000005B7,
00001419,
000013CB,
000001E9,
0000E75B,
0000D2BD,
0000CE63,
0000D948,
0000E7CE,
0000EBC8,
0000DE42,
0000C45C,
0000ABC9,
0000A17A,
0000A8C0,
0000B910,
0000C3F2,
0000BEF9,
0000AAF6,
00009375,
000086CD,
00008C4F,
00009F3F,
0000B218,
0000B7D6,
0000ACE7,
0000999D,
00008C70,
00009006,
0000A3DA,
0000BC8F,
0000CBB4,
0000C9A8,
0000BACB,
0000AC72,
0000ABAD,
0000BC43,
0000D60B,
0000EA7A,
0000EE97,
0000E27B,
0000D131,
0000C919,
0000D1FB,
0000E7A8,
0000FCD1,
0000042A,
0000F98D,
0000E4CB,
0000D453,
0000D345,
0000E1D1,
0000F518,
0000FEAD,
0000F687,
0000E08E,
0000C9F6,
0000C039,
0000C7DA,
0000D95C,
0000E672,
0000E3E0,
0000D142,
0000B95B,
0000AABE,
0000ADD2,
0000BF19,
0000D1A0,
0000D7ED,
0000CD48,
0000B905,
0000A979,
0000AA27,
0000BBD7,
0000D40A,
0000E433,
0000E3B0,
0000D5B8,
0000C71B,
0000C56D,
0000D5AA,
0000F0BB,
0000084B,
00001099,
0000087A,
0000FA1C,
0000F3FA,
0000FED9,
000017B6,
000031C9,
00003F43,
00003AC1,
00002AF2,
00001DFB,
00001FB2,
00003176,
00004938,
00005861,
000055D8,
00004443,
00003032,
00002784,
00002FE1,
000042DB,
00005262,
00005277,
00004173,
00002937,
00001869,
00001873,
00002713,
000037F8,
00003D45,
00003122,
000019D3,
0000056E,
0000003D,
00000C51,
00002023,
00002D26,
000029CE,
00001826,
00000469,
0000FCA0,
000006F6,
00001D83,
0000324D,
000038E8,
00002EF3,
00001DB8,
000013BE,
00001AC4,
00003102,
00004A59,
00005899,
00005536,
000045BC,
000037F0,
0000384E,
00004966,
0000620F,
000073A8,
00007419,
000064BE,
0000516C,
0000484D,
00005019,
0000637B,
000074B3,
0000770D,
0000679E,
00004F44,
00003C99,
000039E9,
0000462C,
000055BD,
00005A6E,
00004D48,
0000336A,
00001A87,
00000F91,
000015DA,
000024DD,
00002E22,
00002742,
00001115,
0000F72D,
0000E7E6,
0000EA9B,
0000FA95,
00000A58,
00000CEA,
0000FEC1,
0000E835,
0000D7C8,
0000D828,
0000E8D6,
0000FE7B,
00000AAD,
000005D2,
0000F44D,
0000E376,
0000E05F,
0000EED3,
000006A6,
00001951,
00001BD8,
00000E51,
0000FBC5,
0000F28F,
0000FA73,
00000F3A,
00002393,
00002A2B,
00001ED1,
00000952,
0000F817,
0000F636,
000003D7,
00001616,
00001E80,
00001504,
0000FD87,
0000E535,
0000D984,
0000DEF6,
0000EE0B,
0000F873,
0000F2F4,
0000DD28,
0000C1D4,
0000AF8E,
0000AEC2,
0000BBF5,
0000CA3A,
0000CC1A,
0000BCE8,
0000A3FE,
00008FB8,
00008BA2,
0000988C,
0000AC00,
0000B77B,
0000B262,
00009FF5,
00008D0B,
00008741,
00009399,
0000AB03,
0000BF31,
0000C464,
0000B974,
0000A895,
0000A041,
0000A941,
0000C090,
0000D964,
0000E5ED,
0000E0C3,
0000D093,
0000C37D,
0000C551,
0000D766,
0000EFA8,
0000FF7A,
0000FDB9,
0000ED04,
0000D9E4,
0000D231,
0000DB8A,
0000EF79,
0000FFE9,
000000D3,
0000F08F,
0000D8F3,
0000C8A5,
0000C90B,
0000D7E0,
0000E8D2,
0000EE02,
0000E19D,
0000C9E5,
0000B4F4,
0000AF16,
0000BA63,
0000CD57,
0000D96C,
0000D51B,
0000C277,
0000ADC2,
0000A50D,
0000AE8B,
0000C45B,
0000D88A,
0000DEB4,
0000D480,
0000C33E,
0000B97B,
0000C0FB,
0000D7FB,
0000F25F,
000001F9,
00000043,
0000F2C7,
0000E74A,
0000EA45,
0000FE49,
00001A28,
00002F3D,
0000336C,
0000280A,
000018E7,
00001424,
00002073,
00003875,
00004E62,
0000557E,
00004AD5,
0000373D,
00002946,
00002B35,
00003BF9,
00004FE8,
000058CB,
00004FA8,
00003995,
00002446,
00001CA6,
00002606,
000037DF,
000043BA,
00003F31,
00002B1D,
00001312,
00000572,
00000999,
00001ADA,
00002BBB,
00002F48,
000021FF,
00000C41,
0000FC96,
0000FDB1,
00000F1B,
00002587,
00003291,
00002EA3,
00001E27,
00000E7A,
00000CB4,
00001CA2,
0000361E,
00004A9E,
00004F29,
000043D5,
000033AB,
00002D03,
0000379E,
00004F44,
0000669A,
0000704A,
0000681D,
000055D9,
000047DE,
0000493D,
00005A15,
00006F79,
00007AED,
0000745A,
00005F99,
000049D3,
00004075,
000047F8,
000058D9,
000064C2,
00006074,
00004B85,
000030B9,
00001EA3,
00001DAF,
00002A63,
000037D1,
00003888,
000027DD,
00000D2D,
0000F6DC,
0000F07A,
0000FADD,
00000B97,
0000142C,
00000C0C,
0000F67D,
0000E05E,
0000D755,
0000E06C,
0000F49A,
00000598,
000007B0,
0000F9C2,
0000E602,
0000DAF4,
0000E161,
0000F64A,
00000CE6,
00001765,
00001062,
0000FE88,
0000EFF4,
0000F073,
00000159,
0000188F,
00002771,
000024D8,
0000135B,
0000FF7E,
0000F710,
0000FFA8,
000012CB,
0000225C,
0000224E,
000010EE,
0000F812,
0000E655,
0000E519,
0000F216,
000000F3,
000003D3,
0000F4DE,
0000DA55,
0000C253,
0000B925,
0000C0E5,
0000D011,
0000D828,
0000CFAA,
0000B8AB,
00009F78,
00009226,
000096F2,
0000A801,
0000B76B,
0000B8D2,
0000A9E7,
00009402,
000085BA,
000088DA,
00009BA7,
0000B20C,
0000BDE4,
0000B8AB,
0000A7F1,
00009981,
000099D7,
0000AB85,
0000C560,
0000D8C2,
0000DB8E,
0000CF18,
0000BF2D,
0000B9E9,
0000C5FB,
0000DDFF,
0000F427,
0000FBAF,
0000F19D,
0000DEBF,
0000D19F,
0000D479,
0000E633,
0000FB1E,
000004FA,
0000FCC7,
0000E794,
0000D30E,
0000CC1D,
0000D60D,
0000E852,
0000F474,
0000F009,
0000DBEC,
0000C3B0,
0000B5B8,
0000B963,
0000CA05,
0000DA2B,
0000DCE4,
0000CEB3,
0000B800,
0000A759,
0000A779,
0000B7F2,
0000CD7C,
0000D9BB,
0000D521,
0000C421,
0000B41D,
0000B237,
0000C23E,
0000DC14,
0000F135,
0000F6AB,
0000EC8F,
0000DDEC,
0000D91D,
0000E5E1,
00000000,
00001A1F,
000026E3,
00002214,
00001371,
00000955,
00000ECB,
000023EC,
00003DC2,
00004DC9,
00004BE3,
00003BDF,
00002ADF,
00002645,
00003284,
0000480E,
00005887,
000058A7,
00004800,
0000314D,
0000231C,
000025D5,
000035FB,
0000469D,
00004A48,
00003C50,
00002414,
00000FF7,
00000B8C,
000017AE,
000029F3,
000033E3,
00002CF2,
0000186C,
00000339,
0000FB06,
000004E2,
000019CD,
00002B87,
00002E61,
00002141,
00000E63,
00000451,
00000BD9,
00002201,
00003A05,
00004617,
000040D3,
000030E8,
00002472,
0000273E,
00003AA0,
0000547B,
00006629,
0000667F,
0000580F,
00004755,
0000421C,
00004DF4,
00006459,
00007726,
00007A46,
00006BFE,
00005619,
0000472E,
00004895,
000057FF,
0000690E,
00006DDA,
00006088,
00004755,
00003056,
000027D8,
00002FEF,
00003F1B,
000046DB,
00003DAD,
000025AB,
00000B22,
0000FC2D,
0000FF0D,
00000DEA,
00001AE7,
000019AB,
000007EE,
0000EF12,
0000DDB2,
0000DDA4,
0000ED35,
00000058,
000008F0,
00000082,
0000ECA5,
0000DB28,
0000D88F,
0000E771,
0000FEA7,
00000F8D,
0000100C,
00000178,
0000EF9E,
0000E89B,
0000F31A,
000009B6,
00001E9F,
0000250C,
000019FE,
0000063E,
0000F850,
0000FA68,
00000B66,
00001F94,
000028AB,
00001FA2,
00000983,
0000F3F4,
0000EBD4,
0000F469,
00000523,
00000F86,
00000924,
0000F2D3,
0000D823,
0000C778,
0000C82F,
0000D59D,
0000E251,
0000E15D,
0000CF47,
0000B47B,
00009F8C,
00009B3E,
0000A727,
0000B808,
0000BF8B,
0000B62D,
0000A067,
00008BA6,
00008513,
00009087,
0000A5EB,
0000B6C3,
0000B822,
0000AA27,
000097E3,
00008FB6,
00009966,
0000B0BC,
0000C862,
0000D2FD,
0000CC55,
0000BC2B,
0000B0D7,
0000B562,
0000C9E2,
0000E35E,
0000F34C,
0000F186,
0000E1D9,
0000D15D,
0000CD6F,
0000DA79,
0000F0E5,
0000024F,
0000036A,
0000F3BF,
0000DE01,
0000D0B8,
0000D445,
0000E526,
0000F667,
0000FA8E,
0000ECEE,
0000D4E3,
0000C0CF,
0000BC46,
0000C821,
0000D9FA,
0000E35A,
0000DBBA,
0000C66B,
0000B058,
0000A735,
0000B018,
0000C407,
0000D4CB,
0000D6BA,
0000C8C3,
0000B52B,
0000AA82,
0000B19E,
0000C78B,
0000DF8D,
0000EBDC,
0000E719,
0000D7F6,
0000CC94,
0000D0C3,
0000E5D8,
000001B7,
000015BB,
000018B6,
00000D39,
0000FFBD,
0000FE07,
00000DA1,
00002805,
00003F05,
00004685,
00003CC2,
00002B80,
0000214C,
00002776,
00003BA5,
00005175,
00005AF3,
0000523E,
00003D89,
00002AE5,
00002694,
000032A9,
0000459D,
000050EA,
00004B0C,
0000361B,
00001E63,
000011FE,
0000172E,
00002820,
000036F5,
0000375B,
0000270D,
00000F71,
0000FF2D,
00000017,
00001087,
00002476,
00002DCF,
0000261C,
000012FC,
00000247,
00000086,
00001058,
0000289A,
00003AAF,
00003C83,
00002F6D,
00001F3D,
00001A13,
0000269C,
00003F70,
000056BF,
00005FBF,
0000576B,
0000468C,
00003B9C,
000040CF,
000054FD,
00006C67,
000078BF,
000072F5,
0000600B,
00004D9E,
00004885,
00005400,
00006774,
0000745E,
00007048,
00005C02,
00004318,
000033E6,
000035C6,
0000440B,
0000513E,
00005072,
00003E2C,
000022D8,
00000D0C,
0000078D,
000011F5,
0000210A,
0000267C,
00001ACB,
00000279,
0000EAFC,
0000E180,
0000E9EA,
0000FC29,
000009CA,
000007E9,
0000F6AE,
0000E12F,
0000D5D5,
0000DC6D,
0000F0C6,
0000058D,
00000D71,
0000043B,
0000F1AF,
0000E428,
0000E6AF,
0000F95A,
0000112D,
00001FA1,
00001C8A,
00000BB3,
0000FA2E,
0000F553,
00000185,
0000172A,
000027D8,
00002838,
000017CB,
0000013F,
0000F316,
0000F5A8,
0000056B,
00001565,
0000181A,
000008D3,
0000EEEB,
0000D8BE,
0000D1DE,
0000DB23,
0000EA26,
0000F06F,
0000E579,
0000CC96,
0000B2B8,
0000A592,
0000AA43,
0000B9D4,
0000C617,
0000C367,
0000B0BC,
00009862,
000088F3,
00008B4D,
00009C85,
0000AFE7,
0000B7B3,
0000AE94,
00009B42,
00008BE7,
00008C58,
00009DF1,
0000B69A,
0000C7B2,
0000C810,
0000BA44,
0000AACA,
0000A767,
0000B5A7,
0000CEFE,
0000E53C,
0000EC42,
0000E248,
0000D10D,
0000C718,
0000CDB3,
0000E27D,
0000F90A,
00000360,
0000FB97,
0000E7DA,
0000D632,
0000D2DA,
0000DFDD,
0000F3AF,
0000FFC3,
0000FA92,
0000E62D,
0000CEDE,
0000C2BB,
0000C808,
0000D8ED,
0000E78D,
0000E797,
0000D6C9,
0000BE8D,
0000AD89,
0000AD9E,
0000BD25,
0000D01F,
0000D87C,
0000CFCE,
0000BBBD,
0000AA28,
0000A79F,
0000B6C8,
0000CE8A,
0000E04E,
0000E205,
0000D50E,
0000C53F,
0000C0BD,
0000CE37,
0000E84A,
00000127,
00000C06,
000005E4,
0000F786,
0000EF67,
0000F7B5,
00000F45,
00002A56,
00003A93,
000038E5,
00002A48,
00001C50,
00001BCD,
00002BF6,
00004429,
000055D9,
00005687,
000046FB,
000032B8,
00002813,
00002E60,
000040E7,
0000522E,
00005542,
000046A5,
00002EBE,
00001C20,
0000198E,
000026A4,
00003826,
00003FC7,
0000360A,
00001F72,
00000979,
00000153,
00000AE8,
00001E2F,
00002CBB,
00002BAD,
00001B35,
00000673,
0000FBD6,
0000032F,
00001858,
00002E05,
000036E7,
00002ECF,
00001D85,
00001169,
00001586,
000029F5,
000043BD,
00005453,
0000538E,
00004535,
00003658,
0000344C,
00004371,
00005C26,
00006FFA,
00007390,
00006663,
00005319,
0000482A,
00004DE8,
000060C1,
000073B1,
00007933,
00006C8B,
0000550A,
00004107,
00003C0E,
000046F0,
00005740,
00005E86,
00005437,
00003BA4,
000021BE,
00001438,
00001832,
000026B8,
0000319D,
00002D43,
000018A5,
0000FE17,
0000EC35,
0000EBE7,
0000FA49,
00000AAE,
00000F61,
00000312,
0000EC85,
0000D9E8,
0000D71A,
0000E57F,
0000FB06,
00000912,
00000684,
0000F5F0,
0000E3D5,
0000DDFC,
0000E9F3,
0000012E,
00001582,
00001ACC,
00000F44,
0000FCA7,
0000F176,
0000F6F8,
00000AC8,
00002075,
000029FF,
00002175,
00000CFC,
0000FA97,
0000F679,
000002A4,
00001587,
0000208E,
00001A2A,
00000467,
0000EB8A,
0000DDA4,
0000E0F2,
0000EF9D,
0000FBC4,
0000F915,
0000E54D,
0000C9D8,
0000B55C,
0000B1BE,
0000BD5B,
0000CC38,
0000D04A,
0000C32A,
0000AA87,
00009446,
00008D01,
00009765,
0000AA62,
0000B769,
0000B475,
0000A2EE,
00008EB1,
000085E9,
00008F51,
0000A58B,
0000BACD,
0000C256,
0000B926,
0000A805,
00009D73,
0000A39F,
0000B960,
0000D2F0,
0000E1FC,
0000DF6B,
0000D034,
0000C1E7,
0000C150,
0000D1A0,
0000EA2E,
0000FC65,
0000FDC2,
0000EF04,
0000DBA4,
0000D1F3,
0000D93A,
0000ECBC,
0000FEF8,
000002F1,
0000F527,
0000DDF9,
0000CBF6,
0000C9DE,
0000D749,
0000E8F8,
0000F09F,
0000E6BE,
0000CFDD,
0000B974,
0000B0BC,
0000B99F,
0000CC1A,
0000D9C5,
0000D7C6,
0000C654,
0000B096,
0000A502,
0000AB74,
0000BFC8,
0000D4BD,
0000DD0C,
0000D48C,
0000C30D,
0000B6F4,
0000BB54,
0000D049,
0000EAE0,
0000FC92,
0000FD38,
0000F099,
0000E3C9,
0000E41A,
0000F5EB,
00001198,
000028B0,
00002FCF,
0000266B,
00001725,
0000106D,
00001A8E,
000031EF,
00004984,
000053BF,
00004BDB,
0000391F,
000029DC,
00002993,
0000390F,
00004DDC,
00005977,
00005352,
00003EB9,
00002894,
00001E97,
000025DB,
0000376D,
0000451D,
0000434D,
000030FA,
00001879,
0000086A,
000009BA,
00001986,
00002B2A,
000030F4,
0000259B,
00000FEA,
0000FE18,
0000FC0A,
00000B29,
0000216E,
00003045,
00002E91,
00001EEE,
00000DE2,
0000093A,
00001689,
00002F48,
0000454B,
00004C73,
000042F8,
00003296,
000029D0,
000031E8,
00004877,
00006107,
00006D94,
00006826,
000056DE,
000047B4,
000046D8,
00005642,
00006C59,
00007A81,
00007721,
00006440,
00004E17,
000042B2,
00004848,
000058F8,
000066DE,
000065A1,
000052FC,
00003854,
00002451,
000020D3,
00002C37,
00003A85,
00003DB2,
00002F5A,
0000152F,
0000FD1C,
0000F3BF,
0000FBCB,
00000C36,
0000167C,
0000109C,
0000FC08,
0000E4A5,
0000D8A6,
0000DECD,
0000F1C6,
000003CE,
0000082B,
0000FBE5,
0000E7CA,
0000DA5F,
0000DDD7,
0000F10D,
0000083F,
0000151B,
0000108A,
0000FF83,
0000EF93,
0000ED86,
0000FC88,
000013EE,
0000251F,
00002591,
000015FD,
000001D8,
0000F76B,
0000FDF6,
000010B6,
00002223,
0000253A,
00001670,
0000FE22,
0000EAD6,
0000E746,
0000F305,
000002D1,
00000859,
0000FC1D,
0000E29F,
0000C95A,
0000BD85,
0000C30D,
0000D1F0,
0000DBC9,
0000D5C4,
0000C01B,
0000A5FC,
000095E4,
000097B4,
0000A753,
0000B786,
0000BB0E,
0000ADCD,
0000979A,
000086E3,
000086C4,
00009761,
0000ADCE,
0000BB8B,
0000B879,
0000A864,
00009864,
000095D0,
0000A50A,
0000BE72,
0000D393,
0000D90E,
0000CE55,
0000BE08,
0000B696,
0000C043,
0000D774,
0000EF15,
0000F994,
0000F224,
0000E007,
0000D184,
0000D216,
0000E27F,
0000F844,
000004DA,
0000FFAE,
0000EC02,
0000D6B9,
0000CD81,
0000D56F,
0000E78A,
0000F59F,
0000F40F,
0000E1D4,
0000C942,
0000B8FB,
0000B9EC,
0000C936,
0000DA36,
0000DF3F,
0000D30E,
0000BC72,
0000A9A9,
0000A69F,
0000B4C5,
0000CA1B,
0000D813,
0000D599,
0000C551,
0000B3C8,
0000AED4,
0000BC0B,
0000D4EF,
0000EB59,
0000F32F,
0000EAAC,
0000DB91,
0000D461,
0000DE60,
0000F728,
0000123F,
000021A3,
00001F57,
00001178,
000005FC,
00000909,
00001C94,
000036FC,
0000499C,
00004AD5,
00003CA4,
00002B3B,
0000249C,
00002EF5,
0000445F,
000056EA,
00005A37,
00004BFA,
00003591,
0000259E,
000025FB,
00003503,
000046B6,
00004D0C,
0000419C,
00002A19,
0000146D,
00000D39,
00001733,
00002954,
0000351B,
0000308D,
00001D20,
000006C1,
0000FBAB,
000002A3,
0000165F,
00002923,
00002E3D,
000022BA,
00000F71,
000002EB,
00000765,
00001BBC,
00003435,
00004280,
00003F89,
00003049,
00002251,
0000226B,
000033C3,
00004DAC,
0000618A,
000064CE,
00005830,
0000471D,
00003FD6,
0000499A,
00005F9B,
00007449,
00007A9A,
00006EFA,
000059BD,
00004963,
0000489E,
000056F7,
00006926,
000070D2,
00006675,
00004E8D,
0000368F,
00002BAF,
000031D6,
00004101,
00004ACA,
0000445D,
00002DF6,
000012C4,
00000147,
00000166,
00000F0B,
00001D03,
00001E14,
00000E26,
0000F51A,
0000E165,
0000DE29,
0000EB96,
0000FEC5,
00000940,
000002EF,
0000EFA8,
0000DC87,
0000D6EC,
0000E33D,
0000F9DF,
00000C62,
00000F6A,
0000026D,
0000F00B,
0000E6B2,
0000EEA8,
0000044D,
00001A8F,
000023D6,
00001B51,
0000083D,
0000F8DD,
0000F8A3,
0000084B,
00001D55,
0000292E,
0000233A,
00000EB4,
0000F87B,
0000EE33,
0000F4EA,
000005A2,
00001224,
00000ECB,
0000FA8D,
0000DFBC,
0000CCF6,
0000CB27,
0000D771,
0000E532,
0000E6BE,
0000D6D5,
0000BC4A,
0000A560,
00009E07,
0000A7B8,
0000B878,
0000C1C3,
0000BA8C,
0000A57F,
00008F31,
00008582,
00008E10,
0000A266,
0000B465,
0000B7FB,
0000AB6B,
0000987B,
00008DB6,
00009465,
0000AA25,
0000C282,
0000CF7B,
0000CB14,
0000BB6C,
0000AE77,
0000B05B,
0000C309,
0000DCDD,
0000EF2F,
0000F059,
0000E254,
0000D14A,
0000CB37,
0000D642,
0000EC7B,
0000FFEC,
0000042D,
0000F6EC,
0000E17D,
0000D27D,
0000D3BF,
0000E397,
0000F601,
0000FCEF,
0000F1F5,
0000DAC3,
0000C541,
0000BE0F,
0000C7E3,
0000D9B6,
0000E50A,
0000DFE7,
0000CBC6,
0000B498,
0000A89E,
0000AEA5,
0000C167,
0000D330,
0000D755,
0000CAEA,
0000B6CF,
0000A995,
0000AD7F,
0000C172,
0000D9BB,
0000E80F,
0000E561,
0000D6AE,
0000C98C,
0000CAC8,
0000DD92,
0000F93C,
00000F2D,
000014D6,
00000AEB,
0000FCD9,
0000F8DC,
0000062E,
00001FFD,
000038B4,
00004341,
00003C08,
00002B57,
00001FA4,
00002398,
000036B5,
00004DAA,
00005A15,
00005467,
00004117,
00002D91,
00002703,
00003150,
0000446F,
000051F5,
00004F0A,
00003BE8,
000023BC,
00001504,
000017A8,
00002793,
00003793,
00003A72,
00002C1D,
00001476,
000001FA,
0000FFD4,
00000E33,
0000223D,
00002D82,
000027F0,
00001563,
00000302,
0000FE32,
00000B5E,
000022F4,
0000368B,
00003AC7,
00002F26,
00001E4A,
000016A4,
0000207C,
00003833,
000050B6,
00005C6B,
00005680,
0000462E,
000039B3,
00003C7E,
00004F46,
00006781,
00007698,
000073E5,
0000629E,
00004F96,
0000486C,
00005225,
000065BB,
000074EE,
00007412,
00006215,
00004943,
00003835,
000037D1,
00004536,
000053BD,
000055B9,
000045E8,
00002B1D,
0000139B,
00000B56,
000013C7,
000022F9,
00002A6A,
00002114,
000009AA,
0000F0C9,
0000E453,
0000E9F3,
0000FB39,
00000A0E,
00000A6B,
0000FA9B,
0000E46A,
0000D66C,
0000D9F2,
0000EC9E,
00000203,
00000C25,
0000050E,
0000F2E1,
0000E392,
0000E34A,
0000F3FD,
00000C03,
00001CB6,
00001C6E,
00000D1F,
0000FAF2,
0000F3DB,
0000FDFD,
00001362,
0000260E,
00002994,
00001B96,
00000565,
0000F595,
0000F5F2,
000004C7,
0000160D,
00001BAD,
00000F37,
0000F656,
0000DEEC,
0000D596,
0000DD07,
0000EC39,
0000F4AA,
0000EC65,
0000D4E3,
0000BA18,
0000AA47,
0000AC43,
0000BACA,
0000C82F,
0000C7CB,
0000B6BD,
00009DEB,
00008BEE,
00008B12,
00009A45,
0000ADDB,
0000B794,
0000B06A,
00009D62,
00008C1B,
00008968,
0000987F,
0000B0BA,
0000C382,
0000C64D,
0000B9D2,
0000A980,
0000A395,
0000AF4A,
0000C7CD,
0000DF84,
0000E95C,
0000E1B6,
0000D0DA,
0000C539,
0000C975,
0000DD0C,
0000F4A2,
000001CE,
0000FCFE,
0000EA9D,
0000D810,
0000D27E,
0000DDC3,
0000F1CD,
0000002C,
0000FE06,
0000EB8A,
0000D3E3,
0000C58E,
0000C86D,
0000D86D,
0000E858,
0000EAFC,
0000DC44,
0000C418,
0000B0F6,
0000AE0B,
0000BB91,
0000CEB0,
0000D8FD,
0000D26F,
0000BEE9,
0000AB99,
0000A5EB,
0000B256,
0000C94B,
0000DC68,
0000E05C,
0000D4A9,
0000C3F8,
0000BCBF,
0000C74C,
0000E003,
0000F9D2,
00000724,
00000327,
0000F515,
0000EB2A,
0000F0D3,
000006C4,
0000226E,
00003538,
00003674,
00002952,
00001A9F,
000017F1,
00002645,
00003E8E,
00005281,
0000566B,
00004931,
00003516,
000028AB,
00002CD0,
00003E99,
0000515B,
00005762,
00004B68,
0000343A,
00002019,
00001AF6,
0000264A,
0000381D,
000041F1,
00003ABF,
0000253D,
00000E0B,
00000311,
000009FF,
00001C69,
00002C41,
00002D83,
00001E83,
00000914,
0000FBD3,
00000014,
00001385,
000029BE,
000034C9,
00002EB6,
00001DAC,
00000FA7,
000010D1,
00002323,
00003CF7,
00004FA5,
00005189,
00004494,
000034EC,
00003085,
00003D7E,
000055DB,
00006B9B,
0000724A,
00006785,
00005495,
00004805,
00004B9B,
00005D9A,
000071F0,
00007A7E,
000070CF,
00005A81,
00004574,
00003E3D,
00004788,
00005848,
000061F9,
00005AA0,
000043B6,
0000292B,
00001942,
00001ACE,
0000288F,
000034D9,
0000330A,
00002044,
00000573,
0000F135,
0000EDDC,
0000FA5E,
00000B16,
000011CD,
00000785,
0000F14C,
0000DCC6,
0000D6D2,
0000E2AB,
0000F7B5,
0000075D,
00000723,
0000F7C3,
0000E4AF,
0000DC2A,
0000E571,
0000FBB3,
00001158,
0000194E,
00000FF5,
0000FD93,
0000F096,
0000F39E,
00000621,
00001CC3,
00002914,
00002379,
00001058,
0000FD11,
0000F6C0,
0000013B,
0000146A,
000021D7,
00001E9B,
00000AE6,
0000F1DA,
0000E1EC,
0000E2FD,
0000F0F5,
0000FE9A,
0000FEB9,
0000ED3C,
0000D20A,
0000BBA3,
0000B536,
0000BEFF,
0000CE2A,
0000D451,
0000C971,
0000B173,
0000998B,
00008F2E,
000096DA,
0000A909,
0000B762,
0000B69D,
0000A643,
00009106,
00008566,
00008BB7,
0000A065,
0000B666,
0000C02A,
0000B8E3,
0000A7D0,
00009B32,
00009E76,
0000B254,
0000CC3D,
0000DD95,
0000DDAF,
0000CFB7,
0000C077,
0000BD80,
0000CBCB,
0000E444,
0000F89B,
0000FD15,
0000F08F,
0000DD46,
0000D1C3,
0000D6DD,
0000E9A1,
0000FD5D,
00000455,
0000F93F,
0000E2E0,
0000CF73,
0000CAE5,
0000D6AC,
0000E8CD,
0000F2C7,
0000EB93,
0000D5E7,
0000BE64,
0000B2F4,
0000B94A,
0000CAFD,
0000DA05,
0000DA62,
0000CA6F,
0000B406,
0000A5C9,
0000A916,
0000BBA1,
0000D10B,
0000DB64,
0000D4C5,
0000C35C,
0000B52B,
0000B664,
0000C904,
0000E36C,
0000F6F7,
0000FA04,
0000EE88,
0000E0A9,
0000DE5D,
0000EDC1,
000008D8,
000021A0,
00002B9F,
0000246F,
00001554,
00000CD1,
000014A7,
00002B11,
000043F5,
0000512C,
00004C38,
00003AAF,
00002A67,
000027ED,
000035E5,
00004B3B,
00005961,
00005657,
0000438E,
00002CF2,
000020C1,
000025CA,
000036CA,
00004614,
00004705,
000036BE,
00001E2C,
00000BF1,
00000A61,
00001876,
00002A91,
0000327F,
00002947,
000013FE,
00000052,
0000FB26,
000007BC,
00001D81,
00002DEA,
00002E7C,
00001FF9,
00000DDC,
0000066C,
000010EB,
0000288C,
00003FBD,
0000496A,
000041F8,
000031AB,
000026F2,
00002C6D,
0000418E,
00005AF6,
00006A30,
0000679C,
0000579C,
00004787,
00004475,
00005232,
0000689F,
0000793C,
0000791D,
00006866,
00005233,
000044F2,
0000487A,
000058AD,
0000684C,
00006A1C,
00005A04,
00003FE5,
00002A3C,
00002437,
00002E10,
00003CF3,
0000427B,
000036A6,
00001D61,
000003E3,
0000F7A7,
0000FD2F,
00000CFB,
000018BA,
0000152A,
000001DE,
0000E990,
0000DAC6,
0000DDDD,
0000EF4A,
0000020A,
00000895,
0000FE28,
0000EA03,
0000DA6F,
0000DAE1,
0000EC12,
00000378,
0000127A,
0000106D,
0000007D,
0000EF76,
0000EAE5,
0000F7C1,
00000EF3,
00002229,
000025A1,
00001836,
0000041B,
0000F7D5,
0000FC32,
00000E3A,
00002133,
0000275A,
00001B5B,
000003F8,
0000EF64,
0000E984,
0000F3CA,
00000435,
00000C41,
000002E4,
0000EAD1,
0000D0A6,
0000C24E,
0000C57B,
0000D3C9,
0000DF2D,
0000DBAF,
0000C7AC,
0000AD04,
00009A5F,
00009922,
0000A708,
0000B7B8,
0000BD4E,
0000B1E9,
00009BC0,
000088DF,
0000857F,
000093A7,
0000A9BE,
0000B928,
0000B84C,
0000A922,
000097DA,
0000926C,
00009EF9,
0000B789,
0000CE18,
0000D630,
0000CD6A,
0000BD08,
0000B38D,
0000BAB5,
0000D0B8,
0000E977,
0000F6C6,
0000F21E,
0000E112,
0000D16F,
0000CFBB,
0000DE92,
0000F4D7,
000003F6,
000001E8,
0000F016,
0000DA65,
0000CF0C,
0000D4D6,
0000E67A,
0000F646,
0000F796,
0000E787,
0000CF06,
0000BCB3,
0000BAE3,
0000C893,
0000DA25,
0000E169,
0000D76C,
0000C147,
0000ACAE,
0000A689,
0000B224,
0000C6F1,
0000D66D,
0000D624,
0000C6E1,
0000B425,
0000AC41,
0000B67C,
0000CE11,
0000E572,
0000EF93,
0000E8DB,
0000D995,
0000D031,
0000D750,
0000EE68,
00000A15,
00001BE6,
00001C37,
00000F67,
000002C8,
0000036E,
00001520,
00002FB7,
000044AC,
0000490C,
00003CF3,
00002B74,
000022F4,
00002B43,
00004038,
0000548C,
00005AFE,
00004F6A,
000039AC,
0000283A,
0000263B,
000033E6,
00004661,
00004F44,
0000468C,
00003023,
00001942,
00000F61,
00001708,
000028B7,
00003622,
0000340A,
00002207,
00000AD9,
0000FD0F,
00000108,
00001344,
000026C6,
00002E0D,
0000245C,
000010FC,
0000023E,
0000039B,
000015D2,
00002E60,
00003EB0,
00003E19,
00002FCC,
00002095,
00001E04,
00002D10,
000046A0,
00005C61,
0000628D,
000057FB,
000046DA,
00003DAA,
00004533,
00005A75,
000070AF,
00007A17,
0000714F,
00005D12,
00004B8B,
00004897,
0000559E,
0000689B,
000072FF,
00006BBA,
00005579,
00003CD6,
00002FB6,
000033C8,
000042A5,
00004E42,
00004AA4,
00003628,
00001AB3,
000006EB,
0000043C,
00001063,
00001F0E,
0000225C,
00001476,
0000FB99,
0000E5D6,
0000DF72,
0000EA79,
0000FD5C,
00000987,
00000569,
0000F304,
0000DE8B,
0000D601,
0000DF8B,
0000F538,
00000908,
00000E8A,
00000359,
0000F0BC,
0000E534,
0000EA7E,
0000FED2,
0000160D,
00002204,
00001C2B,
00000A10,
0000F97C,
0000F6EE,
000004FA,
00001A81,
000028E6,
00002618,
0000137B,
0000FCEE,
0000F09F,
0000F552,
000005B7,
00001419,
000013CB,
000001E9,
0000E75B,
0000D2BD,
0000CE63,
0000D948,
0000E7CE,
0000EBC8,
0000DE42,
0000C45C,
0000ABC9,
0000A17A,
0000A8C0,
0000B910,
0000C3F2,
0000BEF9,
0000AAF6,
00009375,
000086CD,
00008C4F,
00009F3F,
0000B218,
0000B7D6,
0000ACE7,
0000999D,
00008C70,
00009006,
0000A3DA,
0000BC8F,
0000CBB4,
0000C9A8,
0000BACB,
0000AC72,
0000ABAD,
0000BC43,
0000D60B,
0000EA7A,
0000EE97,
0000E27B,
0000D131,
0000C919,
0000D1FB,
0000E7A8,
0000FCD1,
0000042A,
0000F98D,
0000E4CB,
0000D453,
0000D345,
0000E1D1,
0000F518,
0000FEAD,
0000F687,
0000E08E,
0000C9F6,
0000C039,
0000C7DA,
0000D95C,
0000E672,
0000E3E0,
0000D142,
0000B95B,
0000AABE,
0000ADD2,
0000BF19,
0000D1A0,
0000D7ED,
0000CD48,
0000B905,
0000A979,
0000AA27,
0000BBD7,
0000D40A,
0000E433,
0000E3B0,
0000D5B8,
0000C71B,
0000C56D,
0000D5AA,
0000F0BB,
0000084B,
00001099,
0000087A,
0000FA1C,
0000F3FA,
0000FED9,
000017B6,
000031C9,
00003F43,
00003AC1,
00002AF2,
00001DFB,
00001FB2,
00003176,
00004938,
00005861,
000055D8,
00004443,
00003032,
00002784,
00002FE1,
000042DB,
00005262,
00005277,
00004173,
00002937,
00001869,
00001873,
00002713,
000037F8,
00003D45,
00003122,
000019D3,
0000056E,
0000003D,
00000C51,
00002023,
00002D26,
000029CE,
00001826,
00000469,
0000FCA0,
000006F6,
00001D83,
0000324D,
000038E8,
00002EF3,
00001DB8,
000013BE,
00001AC4,
00003102,
00004A59,
00005899,
00005536,
000045BC,
000037F0,
0000384E,
00004966,
0000620F,
000073A8,
00007419,
000064BE,
0000516C,
0000484D,
00005019,
0000637B,
000074B3,
0000770D,
0000679E,
00004F44,
00003C99,
000039E9,
0000462C,
000055BD,
00005A6E,
00004D48,
0000336A,
00001A87,
00000F91,
000015DA,
000024DD,
00002E22,
00002742,
00001115,
0000F72D,
0000E7E6,
0000EA9B,
0000FA95,
00000A58,
00000CEA,
0000FEC1,
0000E835,
0000D7C8,
0000D828,
0000E8D6,
0000FE7B,
00000AAD,
000005D2,
0000F44D,
0000E376,
0000E05F,
0000EED3,
000006A6,
00001951,
00001BD8,
00000E51,
0000FBC5,
0000F28F,
0000FA73,
00000F3A,
00002393,
00002A2B,
00001ED1,
00000952,
0000F817,
0000F636,
000003D7,
00001616,
00001E80,
00001504,
0000FD87,
0000E535,
0000D984,
0000DEF6,
0000EE0B,
0000F873,
0000F2F4,
0000DD28,
0000C1D4,
0000AF8E,
0000AEC2,
0000BBF5,
0000CA3A,
0000CC1A,
0000BCE8,
0000A3FE,
00008FB8,
00008BA2,
0000988C,
0000AC00,
0000B77B,
0000B262,
00009FF5,
00008D0B,
00008741,
00009399,
0000AB03,
0000BF31,
0000C464,
0000B974,
0000A895,
0000A041,
0000A941,
0000C090,
0000D964,
0000E5ED,
0000E0C3,
0000D093,
0000C37D,
0000C551,
0000D766,
0000EFA8,
0000FF7A,
0000FDB9,
0000ED04,
0000D9E4,
0000D231,
0000DB8A,
0000EF79,
0000FFE9,
000000D3,
0000F08F,
0000D8F3,
0000C8A5,
0000C90B,
0000D7E0,
0000E8D2,
0000EE02,
0000E19D,
0000C9E5,
0000B4F4,
0000AF16,
0000BA63,
0000CD57,
0000D96C,
0000D51B,
0000C277,
0000ADC2,
0000A50D,
0000AE8B,
0000C45B,
0000D88A,
0000DEB4,
0000D480,
0000C33E,
0000B97B,
0000C0FB,
0000D7FB,
0000F25F,
000001F9,
00000043,
0000F2C7,
0000E74A,
0000EA45,
0000FE49,
00001A28,
00002F3D,
0000336C,
0000280A,
000018E7,
00001424,
00002073,
00003875,
00004E62,
0000557E,
00004AD5,
0000373D,
00002946,
00002B35,
00003BF9,
00004FE8,
000058CB,
00004FA8,
00003995,
00002446,
00001CA6,
00002606,
000037DF,
000043BA,
00003F31,
00002B1D,
00001312,
00000572,
00000999,
00001ADA,
00002BBB,
00002F48,
000021FF,
00000C41,
0000FC96,
0000FDB1,
00000F1B,
00002587,
00003291,
00002EA3,
00001E27,
00000E7A,
00000CB4,
00001CA2,
0000361E,
00004A9E,
00004F29,
000043D5,
000033AB,
00002D03,
0000379E,
00004F44,
0000669A,
0000704A,
0000681D,
000055D9,
000047DE,
0000493D,
00005A15,
00006F79,
00007AED,
0000745A,
00005F99,
000049D3,
00004075,
000047F8,
000058D9,
000064C2,
00006074,
00004B85,
000030B9,
00001EA3,
00001DAF,
00002A63,
000037D1,
00003888,
000027DD,
00000D2D,
0000F6DC,
0000F07A,
0000FADD,
00000B97,
0000142C,
00000C0C,
0000F67D,
0000E05E,
0000D755,
0000E06C,
0000F49A,
00000598,
000007B0,
0000F9C2,
0000E602,
0000DAF4,
0000E161,
0000F64A,
00000CE6,
00001765,
00001062,
0000FE88,
0000EFF4,
0000F073,
00000159,
0000188F,
00002771,
000024D8,
0000135B,
0000FF7E,
0000F710,
0000FFA8,
000012CB,
0000225C,
0000224E,
000010EE,
0000F812,
0000E655,
0000E519,
0000F216,
000000F3,
000003D3,
0000F4DE,
0000DA55,
0000C253,
0000B925,
0000C0E5,
0000D011,
0000D828,
0000CFAA,
0000B8AB,
00009F78,
00009226,
000096F2,
0000A801,
0000B76B,
0000B8D2,
0000A9E7,
00009402,
000085BA,
000088DA,
00009BA7,
0000B20C,
0000BDE4,
0000B8AB,
0000A7F1,
00009981,
000099D7,
0000AB85,
0000C560,
0000D8C2,
0000DB8E,
0000CF18,
0000BF2D,
0000B9E9,
0000C5FB,
0000DDFF,
0000F427,
0000FBAF,
0000F19D,
0000DEBF,
0000D19F,
0000D479,
0000E633,
0000FB1E,
000004FA,
0000FCC7,
0000E794,
0000D30E,
0000CC1D,
0000D60D,
0000E852,
0000F474,
0000F009,
0000DBEC,
0000C3B0,
0000B5B8,
0000B963,
0000CA05,
0000DA2B,
0000DCE4,
0000CEB3,
0000B800,
0000A759,
0000A779,
0000B7F2,
0000CD7C,
0000D9BB,
0000D521,
0000C421,
0000B41D,
0000B237,
0000C23E,
0000DC14,
0000F135,
0000F6AB,
0000EC8F,
0000DDEC,
0000D91D,
0000E5E1,
00000000,
00001A1F,
000026E3,
00002214,
00001371,
00000955,
00000ECB,
000023EC,
00003DC2,
00004DC9,
00004BE3,
00003BDF,
00002ADF,
00002645,
00003284,
0000480E,
00005887,
000058A7,
00004800,
0000314D,
0000231C,
000025D5,
000035FB,
0000469D,
00004A48,
00003C50,
00002414,
00000FF7,
00000B8C,
000017AE,
000029F3,
000033E3,
00002CF2,
0000186C,
00000339,
0000FB06,
000004E2,
000019CD,
00002B87,
00002E61,
00002141,
00000E63,
00000451,
00000BD9,
00002201,
00003A05,
00004617,
000040D3,
000030E8,
00002472,
0000273E,
00003AA0,
0000547B,
00006629,
0000667F,
0000580F,
00004755,
0000421C,
00004DF4,
00006459,
00007726,
00007A46,
00006BFE,
00005619,
0000472E,
00004895,
000057FF,
0000690E,
00006DDA,
00006088,
00004755,
00003056,
000027D8,
00002FEF,
00003F1B,
000046DB,
00003DAD,
000025AB,
00000B22,
0000FC2D,
0000FF0D,
00000DEA,
00001AE7,
000019AB,
000007EE,
0000EF12,
0000DDB2,
0000DDA4,
0000ED35,
00000058,
000008F0,
00000082,
0000ECA5,
0000DB28,
0000D88F,
0000E771,
0000FEA7,
00000F8D,
0000100C,
00000178,
0000EF9E,
0000E89B,
0000F31A,
000009B6,
00001E9F,
0000250C,
000019FE,
0000063E,
0000F850,
0000FA68,
00000B66,
00001F94,
000028AB,
00001FA2,
00000983,
0000F3F4,
0000EBD4,
0000F469,
00000523,
00000F86,
00000924,
0000F2D3,
0000D823,
0000C778,
0000C82F,
0000D59D,
0000E251,
0000E15D,
0000CF47,
0000B47B,
00009F8C,
00009B3E,
0000A727,
0000B808,
0000BF8B,
0000B62D,
0000A067,
00008BA6,
00008513,
00009087,
0000A5EB,
0000B6C3,
0000B822,
0000AA27,
000097E3,
00008FB6,
00009966,
0000B0BC,
0000C862,
0000D2FD,
0000CC55,
0000BC2B,
0000B0D7,
0000B562,
0000C9E2,
0000E35E,
0000F34C,
0000F186,
0000E1D9,
0000D15D,
0000CD6F,
0000DA79,
0000F0E5,
0000024F,
0000036A,
0000F3BF,
0000DE01,
0000D0B8,
0000D445,
0000E526,
0000F667,
0000FA8E,
0000ECEE,
0000D4E3,
0000C0CF,
0000BC46,
0000C821,
0000D9FA,
0000E35A,
0000DBBA,
0000C66B,
0000B058,
0000A735,
0000B018,
0000C407,
0000D4CB,
0000D6BA,
0000C8C3,
0000B52B,
0000AA82,
0000B19E,
0000C78B,
0000DF8D,
0000EBDC,
0000E719,
0000D7F6,
0000CC94,
0000D0C3,
0000E5D8,
000001B7,
000015BB,
000018B6,
00000D39,
0000FFBD,
0000FE07,
00000DA1,
00002805,
00003F05,
00004685,
00003CC2,
00002B80,
0000214C,
00002776,
00003BA5,
00005175,
00005AF3,
0000523E,
00003D89,
00002AE5,
00002694,
000032A9,
0000459D,
000050EA,
00004B0C,
0000361B,
00001E63,
000011FE,
0000172E,
00002820,
000036F5,
0000375B,
0000270D,
00000F71,
0000FF2D,
00000017,
00001087,
00002476,
00002DCF,
0000261C,
000012FC,
00000247,
00000086,
00001058,
0000289A,
00003AAF,
00003C83,
00002F6D,
00001F3D,
00001A13,
0000269C,
00003F70,
000056BF,
00005FBF,
0000576B,
0000468C,
00003B9C,
000040CF,
000054FD,
00006C67,
000078BF,
000072F5,
0000600B,
00004D9E,
00004885,
00005400,
00006774,
0000745E,
00007048,
00005C02,
00004318,
000033E6,
000035C6,
0000440B,
0000513E,
00005072,
00003E2C,
000022D8,
00000D0C,
0000078D,
000011F5,
0000210A,
0000267C,
00001ACB,
00000279,
0000EAFC,
0000E180,
0000E9EA,
0000FC29,
000009CA,
000007E9,
0000F6AE,
0000E12F,
0000D5D5,
0000DC6D,
0000F0C6,
0000058D,
00000D71,
0000043B,
0000F1AF,
0000E428,
0000E6AF,
0000F95A,
0000112D,
00001FA1,
00001C8A,
00000BB3,
0000FA2E,
0000F553,
00000185,
0000172A,
000027D8,
00002838,
000017CB,
0000013F,
0000F316,
0000F5A8,
0000056B,
00001565,
0000181A,
000008D3,
0000EEEB,
0000D8BE,
0000D1DE,
0000DB23,
0000EA26,
0000F06F,
0000E579,
0000CC96,
0000B2B8,
0000A592,
0000AA43,
0000B9D4,
0000C617,
0000C367,
0000B0BC,
00009862,
000088F3,
00008B4D,
00009C85,
0000AFE7,
0000B7B3,
0000AE94,
00009B42,
00008BE7,
00008C58,
00009DF1,
0000B69A,
0000C7B2,
0000C810,
0000BA44,
0000AACA,
0000A767,
0000B5A7,
0000CEFE,
0000E53C,
0000EC42,
0000E248,
0000D10D,
0000C718,
0000CDB3,
0000E27D,
0000F90A,
00000360,
0000FB97,
0000E7DA,
0000D632,
0000D2DA,
0000DFDD,
0000F3AF,
0000FFC3,
0000FA92,
0000E62D,
0000CEDE,
0000C2BB,
0000C808,
0000D8ED,
0000E78D,
0000E797,
0000D6C9,
0000BE8D,
0000AD89,
0000AD9E,
0000BD25,
0000D01F,
0000D87C,
0000CFCE,
0000BBBD,
0000AA28,
0000A79F,
0000B6C8,
0000CE8A,
0000E04E,
0000E205,
0000D50E,
0000C53F,
0000C0BD,
0000CE37,
0000E84A,
00000127,
00000C06,
000005E4,
0000F786,
0000EF67,
0000F7B5,
00000F45,
00002A56,
00003A93,
000038E5,
00002A48,
00001C50,
00001BCD,
00002BF6,
00004429,
000055D9,
00005687,
000046FB,
000032B8,
00002813,
00002E60,
000040E7,
0000522E,
00005542,
000046A5,
00002EBE,
00001C20,
0000198E,
000026A4,
00003826,
00003FC7,
0000360A,
00001F72,
00000979,
00000153,
00000AE8,
00001E2F,
00002CBB,
00002BAD,
00001B35,
00000673,
0000FBD6,
0000032F,
00001858,
00002E05,
000036E7,
00002ECF,
00001D85,
00001169,
00001586,
000029F5,
000043BD,
00005453,
0000538E,
00004535,
00003658,
0000344C,
00004371,
00005C26,
00006FFA,
00007390,
00006663,
00005319,
0000482A,
00004DE8,
000060C1,
000073B1,
00007933,
00006C8B,
0000550A,
00004107,
00003C0E,
000046F0,
00005740,
00005E86,
00005437,
00003BA4,
000021BE,
00001438,
00001832,
000026B8,
0000319D,
00002D43,
000018A5,
0000FE17,
0000EC35,
0000EBE7,
0000FA49,
00000AAE,
00000F61,
00000312,
0000EC85,
0000D9E8,
0000D71A,
0000E57F,
0000FB06,
00000912,
00000684,
0000F5F0,
0000E3D5,
0000DDFC,
0000E9F3,
0000012E,
00001582,
00001ACC,
00000F44,
0000FCA7,
0000F176,
0000F6F8,
00000AC8,
00002075,
000029FF,
00002175,
00000CFC,
0000FA97,
0000F679,
000002A4,
00001587,
0000208E,
00001A2A,
00000467,
0000EB8A,
0000DDA4,
0000E0F2,
0000EF9D,
0000FBC4,
0000F915,
0000E54D,
0000C9D8,
0000B55C,
0000B1BE,
0000BD5B,
0000CC38,
0000D04A,
0000C32A,
0000AA87,
00009446,
00008D01,
00009765,
0000AA62,
0000B769,
0000B475,
0000A2EE,
00008EB1,
000085E9,
00008F51,
0000A58B,
0000BACD,
0000C256,
0000B926,
0000A805,
00009D73,
0000A39F,
0000B960,
0000D2F0,
0000E1FC,
0000DF6B,
0000D034,
0000C1E7,
0000C150,
0000D1A0,
0000EA2E,
0000FC65,
0000FDC2,
0000EF04,
0000DBA4,
0000D1F3,
0000D93A,
0000ECBC,
0000FEF8,
000002F1,
0000F527,
0000DDF9,
0000CBF6,
0000C9DE,
0000D749,
0000E8F8,
0000F09F,
0000E6BE,
0000CFDD,
0000B974,
0000B0BC,
0000B99F,
0000CC1A,
0000D9C5,
0000D7C6,
0000C654,
0000B096,
0000A502,
0000AB74,
0000BFC8,
0000D4BD,
0000DD0C,
0000D48C,
0000C30D,
0000B6F4,
0000BB54,
0000D049,
0000EAE0,
0000FC92,
0000FD38,
0000F099,
0000E3C9,
0000E41A,
0000F5EB,
00001198,
000028B0,
00002FCF,
0000266B,
00001725,
0000106D,
00001A8E,
000031EF,
00004984,
000053BF,
00004BDB,
0000391F,
000029DC,
00002993,
0000390F,
00004DDC,
00005977,
00005352,
00003EB9,
00002894,
00001E97,
000025DB,
0000376D,
0000451D,
0000434D,
000030FA,
00001879,
0000086A,
000009BA,
00001986,
00002B2A,
000030F4,
0000259B,
00000FEA,
0000FE18,
0000FC0A,
00000B29,
0000216E,
00003045,
00002E91,
00001EEE,
00000DE2,
0000093A,
00001689,
00002F48,
0000454B,
00004C73,
000042F8,
00003296,
000029D0,
000031E8,
00004877,
00006107,
00006D94,
00006826,
000056DE,
000047B4,
000046D8,
00005642,
00006C59,
00007A81,
00007721,
00006440,
00004E17,
000042B2,
00004848,
000058F8,
000066DE,
000065A1,
000052FC,
00003854,
00002451,
000020D3,
00002C37,
00003A85,
00003DB2,
00002F5A,
0000152F,
0000FD1C,
0000F3BF,
0000FBCB,
00000C36,
0000167C,
0000109C,
0000FC08,
0000E4A5,
0000D8A6,
0000DECD,
0000F1C6,
000003CE,
0000082B,
0000FBE5,
0000E7CA,
0000DA5F,
0000DDD7,
0000F10D,
0000083F,
0000151B,
0000108A,
0000FF83,
0000EF93,
0000ED86,
0000FC88,
000013EE,
0000251F,
00002591,
000015FD,
000001D8,
0000F76B,
0000FDF6,
000010B6,
00002223,
0000253A,
00001670,
0000FE22,
0000EAD6,
0000E746,
0000F305,
000002D1,
00000859,
0000FC1D,
0000E29F,
0000C95A,
0000BD85,
0000C30D,
0000D1F0,
0000DBC9,
0000D5C4,
0000C01B,
0000A5FC,
000095E4,
000097B4,
0000A753,
0000B786,
0000BB0E,
0000ADCD,
0000979A,
000086E3,
000086C4,
00009761,
0000ADCE,
0000BB8B,
0000B879,
0000A864,
00009864,
000095D0,
0000A50A,
0000BE72,
0000D393,
0000D90E,
0000CE55,
0000BE08,
0000B696,
0000C043,
0000D774,
0000EF15,
0000F994,
0000F224,
0000E007,
0000D184,
0000D216,
0000E27F,
0000F844,
000004DA,
0000FFAE,
0000EC02,
0000D6B9,
0000CD81,
0000D56F,
0000E78A,
0000F59F,
0000F40F,
0000E1D4,
0000C942,
0000B8FB,
0000B9EC,
0000C936,
0000DA36,
0000DF3F,
0000D30E,
0000BC72,
0000A9A9,
0000A69F,
0000B4C5,
0000CA1B,
0000D813,
0000D599,
0000C551,
0000B3C8,
0000AED4,
0000BC0B,
0000D4EF,
0000EB59,
0000F32F,
0000EAAC,
0000DB91,
0000D461,
0000DE60,
0000F728,
0000123F,
000021A3,
00001F57,
00001178,
000005FC,
00000909,
00001C94,
000036FC,
0000499C,
00004AD5,
00003CA4,
00002B3B,
0000249C,
00002EF5,
0000445F,
000056EA,
00005A37,
00004BFA,
00003591,
0000259E,
000025FB,
00003503,
000046B6,
00004D0C,
0000419C,
00002A19,
0000146D,
00000D39,
00001733,
00002954,
0000351B,
0000308D,
00001D20,
000006C1,
0000FBAB,
000002A3,
0000165F,
00002923,
00002E3D,
000022BA,
00000F71,
000002EB,
00000765,
00001BBC,
00003435,
00004280,
00003F89,
00003049,
00002251,
0000226B,
000033C3,
00004DAC,
0000618A,
000064CE,
00005830,
0000471D,
00003FD6,
0000499A,
00005F9B,
00007449,
00007A9A,
00006EFA,
000059BD,
00004963,
0000489E,
000056F7,
00006926,
000070D2,
00006675,
00004E8D,
0000368F,
00002BAF,
000031D6,
00004101,
00004ACA,
0000445D,
00002DF6,
000012C4,
00000147,
00000166,
00000F0B,
00001D03,
00001E14,
00000E26,
0000F51A,
0000E165,
0000DE29,
0000EB96,
0000FEC5,
00000940,
000002EF,
0000EFA8,
0000DC87,
0000D6EC,
0000E33D,
0000F9DF,
00000C62,
00000F6A,
0000026D,
0000F00B,
0000E6B2,
0000EEA8,
0000044D,
00001A8F,
000023D6,
00001B51,
0000083D,
0000F8DD,
0000F8A3,
0000084B,
00001D55,
0000292E,
0000233A,
00000EB4,
0000F87B,
0000EE33,
0000F4EA,
000005A2,
00001224,
00000ECB,
0000FA8D,
0000DFBC,
0000CCF6,
0000CB27,
0000D771,
0000E532,
0000E6BE,
0000D6D5,
0000BC4A,
0000A560,
00009E07,
0000A7B8,
0000B878,
0000C1C3,
0000BA8C,
0000A57F,
00008F31,
00008582,
00008E10,
0000A266,
0000B465,
0000B7FB,
0000AB6B,
0000987B,
00008DB6,
00009465,
0000AA25,
0000C282,
0000CF7B,
0000CB14,
0000BB6C,
0000AE77,
0000B05B,
0000C309,
0000DCDD,
0000EF2F,
0000F059,
0000E254,
0000D14A,
0000CB37,
0000D642,
0000EC7B,
0000FFEC,
0000042D,
0000F6EC,
0000E17D,
0000D27D,
0000D3BF,
0000E397,
0000F601,
0000FCEF,
0000F1F5,
0000DAC3,
0000C541,
0000BE0F,
0000C7E3,
0000D9B6,
0000E50A,
0000DFE7,
0000CBC6,
0000B498,
0000A89E,
0000AEA5,
0000C167,
0000D330,
0000D755,
0000CAEA,
0000B6CF,
0000A995,
0000AD7F,
0000C172,
0000D9BB,
0000E80F,
0000E561,
0000D6AE,
0000C98C,
0000CAC8,
0000DD92,
0000F93C,
00000F2D,
000014D6,
00000AEB,
0000FCD9,
0000F8DC,
0000062E,
00001FFD,
000038B4,
00004341,
00003C08,
00002B57,
00001FA4,
00002398,
000036B5,
00004DAA,
00005A15,
00005467,
00004117,
00002D91,
00002703,
00003150,
0000446F,
000051F5,
00004F0A,
00003BE8,
000023BC,
00001504,
000017A8,
00002793,
00003793,
00003A72,
00002C1D,
00001476,
000001FA,
0000FFD4,
00000E33,
0000223D,
00002D82,
000027F0,
00001563,
00000302,
0000FE32,
00000B5E,
000022F4,
0000368B,
00003AC7,
00002F26,
00001E4A,
000016A4,
0000207C,
00003833,
000050B6,
00005C6B,
00005680,
0000462E,
000039B3,
00003C7E,
00004F46,
00006781,
00007698,
000073E5,
0000629E,
00004F96,
0000486C,
00005225,
000065BB,
000074EE,
00007412,
00006215,
00004943,
00003835,
000037D1,
00004536,
000053BD,
000055B9,
000045E8,
00002B1D,
0000139B,
00000B56,
000013C7,
000022F9,
00002A6A,
00002114,
000009AA,
0000F0C9,
0000E453,
0000E9F3,
0000FB39,
00000A0E,
00000A6B,
0000FA9B,
0000E46A,
0000D66C,
0000D9F2,
0000EC9E,
00000203,
00000C25,
0000050E,
0000F2E1,
0000E392,
0000E34A,
0000F3FD,
00000C03,
00001CB6,
00001C6E,
00000D1F,
0000FAF2,
0000F3DB,
0000FDFD,
00001362,
0000260E,
00002994,
00001B96,
00000565,
0000F595,
0000F5F2,
000004C7,
0000160D,
00001BAD,
00000F37,
0000F656,
0000DEEC,
0000D596,
0000DD07,
0000EC39,
0000F4AA,
0000EC65,
0000D4E3,
0000BA18,
0000AA47,
0000AC43,
0000BACA,
0000C82F,
0000C7CB,
0000B6BD,
00009DEB,
00008BEE,
00008B12,
00009A45,
0000ADDB,
0000B794,
0000B06A,
00009D62,
00008C1B,
00008968,
0000987F,
0000B0BA,
0000C382,
0000C64D,
0000B9D2,
0000A980,
0000A395,
0000AF4A,
0000C7CD,
0000DF84,
0000E95C,
0000E1B6,
0000D0DA,
0000C539,
0000C975,
0000DD0C,
0000F4A2,
000001CE,
0000FCFE,
0000EA9D,
0000D810,
0000D27E,
0000DDC3,
0000F1CD,
0000002C,
0000FE06,
0000EB8A,
0000D3E3,
0000C58E,
0000C86D,
0000D86D,
0000E858,
0000EAFC,
0000DC44,
0000C418,
0000B0F6,
0000AE0B,
0000BB91,
0000CEB0,
0000D8FD,
0000D26F,
0000BEE9,
0000AB99,
0000A5EB,
0000B256,
0000C94B,
0000DC68,
0000E05C,
0000D4A9,
0000C3F8,
0000BCBF,
0000C74C,
0000E003,
0000F9D2,
00000724,
00000327,
0000F515,
0000EB2A,
0000F0D3,
000006C4,
0000226E,
00003538,
00003674,
00002952,
00001A9F,
000017F1,
00002645,
00003E8E,
00005281,
0000566B,
00004931,
00003516,
000028AB,
00002CD0,
00003E99,
0000515B,
00005762,
00004B68,
0000343A,
00002019,
00001AF6,
0000264A,
0000381D,
000041F1,
00003ABF,
0000253D,
00000E0B,
00000311,
000009FF,
00001C69,
00002C41,
00002D83,
00001E83,
00000914,
0000FBD3,
00000014,
00001385,
000029BE,
000034C9,
00002EB6,
00001DAC,
00000FA7,
000010D1,
00002323,
00003CF7,
00004FA5,
00005189,
00004494,
000034EC,
00003085,
00003D7E,
000055DB,
00006B9B,
0000724A,
00006785,
00005495,
00004805,
00004B9B,
00005D9A,
000071F0,
00007A7E,
000070CF,
00005A81,
00004574,
00003E3D,
00004788,
00005848,
000061F9,
00005AA0,
000043B6,
0000292B,
00001942,
00001ACE,
0000288F,
000034D9,
0000330A,
00002044,
00000573,
0000F135,
0000EDDC,
0000FA5E,
00000B16,
000011CD,
00000785,
0000F14C,
0000DCC6,
0000D6D2,
0000E2AB,
0000F7B5,
0000075D,
00000723,
0000F7C3,
0000E4AF,
0000DC2A,
0000E571,
0000FBB3,
00001158,
0000194E,
00000FF5,
0000FD93,
0000F096,
0000F39E,
00000621,
00001CC3,
00002914,
00002379,
00001058,
0000FD11,
0000F6C0,
0000013B,
0000146A,
000021D7,
00001E9B,
00000AE6,
0000F1DA,
0000E1EC,
0000E2FD,
0000F0F5,
0000FE9A,
0000FEB9,
0000ED3C,
0000D20A,
0000BBA3,
0000B536,
0000BEFF,
0000CE2A,
0000D451,
0000C971,
0000B173,
0000998B,
00008F2E,
000096DA,
0000A909,
0000B762,
0000B69D,
0000A643,
00009106,
00008566,
00008BB7,
0000A065,
0000B666,
0000C02A,
0000B8E3,
0000A7D0,
00009B32,
00009E76,
0000B254,
0000CC3D,
0000DD95,
0000DDAF,
0000CFB7,
0000C077,
0000BD80,
0000CBCB,
0000E444,
0000F89B,
0000FD15,
0000F08F,
0000DD46,
0000D1C3,
0000D6DD,
0000E9A1,
0000FD5D,
00000455,
0000F93F,
0000E2E0,
0000CF73,
0000CAE5,
0000D6AC,
0000E8CD,
0000F2C7,
0000EB93,
0000D5E7,
0000BE64,
0000B2F4,
0000B94A,
0000CAFD,
0000DA05,
0000DA62,
0000CA6F,
0000B406,
0000A5C9,
0000A916,
0000BBA1,
0000D10B,
0000DB64,
0000D4C5,
0000C35C,
0000B52B,
0000B664,
0000C904,
0000E36C,
0000F6F7,
0000FA04,
0000EE88,
0000E0A9,
0000DE5D,
0000EDC1,
000008D8,
000021A0,
00002B9F,
0000246F,
00001554,
00000CD1,
000014A7,
00002B11,
000043F5,
0000512C,
00004C38,
00003AAF,
00002A67,
000027ED,
000035E5,
00004B3B,
00005961,
00005657,
0000438E,
00002CF2,
000020C1,
000025CA,
000036CA,
00004614,
00004705,
000036BE,
00001E2C,
00000BF1,
00000A61,
00001876,
00002A91,
0000327F,
00002947,
000013FE,
00000052,
0000FB26,
000007BC,
00001D81,
00002DEA,
00002E7C,
00001FF9,
00000DDC,
0000066C,
000010EB,
0000288C,
00003FBD,
0000496A,
000041F8,
000031AB,
000026F2,
00002C6D,
0000418E,
00005AF6,
00006A30,
0000679C,
0000579C,
00004787,
00004475,
00005232,
0000689F,
0000793C,
0000791D,
00006866,
00005233,
000044F2,
0000487A,
000058AD,
0000684C,
00006A1C,
00005A04,
00003FE5,
00002A3C,
00002437,
00002E10,
00003CF3,
0000427B,
000036A6,
00001D61,
000003E3,
0000F7A7,
0000FD2F,
00000CFB,
000018BA,
0000152A,
000001DE,
0000E990,
0000DAC6,
0000DDDD,
0000EF4A,
0000020A,
00000895,
0000FE28,
0000EA03,
0000DA6F,
0000DAE1,
0000EC12,
00000378,
0000127A,
0000106D,
0000007D,
0000EF76,
0000EAE5,
0000F7C1,
00000EF3,
00002229,
000025A1,
00001836,
0000041B,
0000F7D5,
0000FC32,
00000E3A,
00002133,
0000275A,
00001B5B,
000003F8,
0000EF64,
0000E984,
0000F3CA,
00000435,
00000C41,
000002E4,
0000EAD1,
0000D0A6,
0000C24E,
0000C57B,
0000D3C9,
0000DF2D,
0000DBAF,
0000C7AC,
0000AD04,
00009A5F,
00009922,
0000A708,
0000B7B8,
0000BD4E,
0000B1E9,
00009BC0,
000088DF,
0000857F,
000093A7,
0000A9BE,
0000B928,
0000B84C,
0000A922,
000097DA,
0000926C,
00009EF9,
0000B789,
0000CE18,
0000D630,
0000CD6A,
0000BD08,
0000B38D,
0000BAB5,
0000D0B8,
0000E977,
0000F6C6,
0000F21E,
0000E112,
0000D16F,
0000CFBB,
0000DE92,
0000F4D7,
000003F6,
000001E8,
0000F016,
0000DA65,
0000CF0C,
0000D4D6,
0000E67A,
0000F646,
0000F796,
0000E787,
0000CF06,
0000BCB3,
0000BAE3,
0000C893,
0000DA25,
0000E169,
0000D76C,
0000C147,
0000ACAE,
0000A689,
0000B224,
0000C6F1,
0000D66D,
0000D624,
0000C6E1,
0000B425,
0000AC41,
0000B67C,
0000CE11,
0000E572,
0000EF93,
0000E8DB,
0000D995,
0000D031,
0000D750,
0000EE68,
00000A15,
00001BE6,
00001C37,
00000F67,
000002C8,
0000036E,
00001520,
00002FB7,
000044AC,
0000490C,
00003CF3,
00002B74,
000022F4,
00002B43,
00004038,
0000548C,
00005AFE,
00004F6A,
000039AC,
0000283A,
0000263B,
000033E6,
00004661,
00004F44,
0000468C,
00003023,
00001942,
00000F61,
00001708,
000028B7,
00003622,
0000340A,
00002207,
00000AD9,
0000FD0F,
00000108,
00001344,
000026C6,
00002E0D,
0000245C,
000010FC,
0000023E,
0000039B,
000015D2,
00002E60,
00003EB0,
00003E19,
00002FCC,
00002095,
00001E04,
00002D10,
000046A0,
00005C61,
0000628D,
000057FB,
000046DA,
00003DAA,
00004533,
00005A75,
000070AF,
00007A17,
0000714F,
00005D12,
00004B8B,
00004897,
0000559E,
0000689B,
000072FF,
00006BBA,
00005579,
00003CD6,
00002FB6,
000033C8,
000042A5,
00004E42,
00004AA4,
00003628,
00001AB3,
000006EB,
0000043C,
00001063,
00001F0E,
0000225C,
00001476,
0000FB99,
0000E5D6,
0000DF72,
0000EA79,
0000FD5C,
00000987,
00000569,
0000F304,
0000DE8B,
0000D601,
0000DF8B,
0000F538,
00000908,
00000E8A,
00000359,
0000F0BC,
0000E534,
0000EA7E,
0000FED2,
0000160D,
00002204,
00001C2B,
00000A10,
0000F97C,
0000F6EE,
000004FA,
00001A81,
000028E6,
00002618,
0000137B,
0000FCEE,
0000F09F,
0000F552,
000005B7,
00001419,
000013CB,
000001E9,
0000E75B,
0000D2BD,
0000CE63,
0000D948,
0000E7CE,
0000EBC8,
0000DE42,
0000C45C,
0000ABC9,
0000A17A,
0000A8C0,
0000B910,
0000C3F2,
0000BEF9,
0000AAF6,
00009375,
000086CD,
00008C4F,
00009F3F,
0000B218,
0000B7D6,
0000ACE7,
0000999D,
00008C70,
00009006,
0000A3DA,
0000BC8F,
0000CBB4,
0000C9A8,
0000BACB,
0000AC72,
0000ABAD,
0000BC43,
0000D60B,
0000EA7A,
0000EE97,
0000E27B,
0000D131,
0000C919,
0000D1FB,
0000E7A8,
0000FCD1,
0000042A,
0000F98D,
0000E4CB,
0000D453,
0000D345,
0000E1D1,
0000F518,
0000FEAD,
0000F687,
0000E08E,
0000C9F6,
0000C039,
0000C7DA,
0000D95C,
0000E672,
0000E3E0,
0000D142,
0000B95B,
0000AABE,
0000ADD2,
0000BF19,
0000D1A0,
0000D7ED,
0000CD48,
0000B905,
0000A979,
0000AA27,
0000BBD7,
0000D40A,
0000E433,
0000E3B0,
0000D5B8,
0000C71B,
0000C56D,
0000D5AA,
0000F0BB,
0000084B,
00001099,
0000087A,
0000FA1C,
0000F3FA,
0000FED9,
000017B6,
000031C9,
00003F43,
00003AC1,
00002AF2,
00001DFB,
00001FB2,
00003176,
00004938,
00005861,
000055D8,
00004443,
00003032,
00002784,
00002FE1,
000042DB,
00005262,
00005277,
00004173,
00002937,
00001869,
00001873,
00002713,
000037F8,
00003D45,
00003122,
000019D3,
0000056E,
0000003D,
00000C51,
00002023,
00002D26,
000029CE,
00001826,
00000469,
0000FCA0,
000006F6,
00001D83,
0000324D,
000038E8,
00002EF3,
00001DB8,
000013BE,
00001AC4,
00003102,
00004A59,
00005899,
00005536,
000045BC,
000037F0,
0000384E,
00004966,
0000620F,
000073A8,
00007419,
000064BE,
0000516C,
0000484D,
00005019,
0000637B,
000074B3,
0000770D,
0000679E,
00004F44,
00003C99,
000039E9,
0000462C,
000055BD,
00005A6E,
00004D48,
0000336A,
00001A87,
00000F91,
000015DA,
000024DD,
00002E22,
00002742,
00001115,
0000F72D,
0000E7E6,
0000EA9B,
0000FA95,
00000A58,
00000CEA,
0000FEC1,
0000E835,
0000D7C8,
0000D828,
0000E8D6,
0000FE7B,
00000AAD,
000005D2,
0000F44D,
0000E376,
0000E05F,
0000EED3,
000006A6,
00001951,
00001BD8,
00000E51,
0000FBC5,
0000F28F,
0000FA73,
00000F3A,
00002393,
00002A2B,
00001ED1,
00000952,
0000F817,
0000F636,
000003D7,
00001616,
00001E80,
00001504,
0000FD87,
0000E535,
0000D984,
0000DEF6,
0000EE0B,
0000F873,
0000F2F4,
0000DD28,
0000C1D4,
0000AF8E,
0000AEC2,
0000BBF5,
0000CA3A,
0000CC1A,
0000BCE8,
0000A3FE,
00008FB8,
00008BA2,
0000988C,
0000AC00,
0000B77B,
0000B262,
00009FF5,
00008D0B,
00008741,
00009399,
0000AB03,
0000BF31,
0000C464,
0000B974,
0000A895,
0000A041,
0000A941,
0000C090,
0000D964,
0000E5ED,
0000E0C3,
0000D093,
0000C37D,
0000C551,
0000D766,
0000EFA8,
0000FF7A,
0000FDB9,
0000ED04,
0000D9E4,
0000D231,
0000DB8A,
0000EF79,
0000FFE9,
000000D3,
0000F08F,
0000D8F3,
0000C8A5,
0000C90B,
0000D7E0,
0000E8D2,
0000EE02,
0000E19D,
0000C9E5,
0000B4F4,
0000AF16,
0000BA63,
0000CD57,
0000D96C,
0000D51B,
0000C277,
0000ADC2,
0000A50D,
0000AE8B,
0000C45B,
0000D88A,
0000DEB4,
0000D480,
0000C33E,
0000B97B,
0000C0FB,
0000D7FB,
0000F25F,
000001F9,
00000043,
0000F2C7,
0000E74A,
0000EA45,
0000FE49,
00001A28,
00002F3D,
0000336C,
0000280A,
000018E7,
00001424,
00002073,
00003875,
00004E62,
0000557E,
00004AD5,
0000373D,
00002946,
00002B35,
00003BF9,
00004FE8,
000058CB,
00004FA8,
00003995,
00002446,
00001CA6,
00002606,
000037DF,
000043BA,
00003F31,
00002B1D,
00001312,
00000572,
00000999,
00001ADA,
00002BBB,
00002F48,
000021FF,
00000C41,
0000FC96,
0000FDB1,
00000F1B,
00002587,
00003291,
00002EA3,
00001E27,
00000E7A,
00000CB4,
00001CA2,
0000361E,
00004A9E,
00004F29,
000043D5,
000033AB,
00002D03,
0000379E,
00004F44,
0000669A,
0000704A,
0000681D,
000055D9,
000047DE,
0000493D,
00005A15,
00006F79,
00007AED,
0000745A,
00005F99,
000049D3,
00004075,
000047F8,
000058D9,
000064C2,
00006074,
00004B85,
000030B9,
00001EA3,
00001DAF,
00002A63,
000037D1,
00003888,
000027DD,
00000D2D,
0000F6DC,
0000F07A,
0000FADD,
00000B97,
0000142C,
00000C0C,
0000F67D,
0000E05E,
0000D755,
0000E06C,
0000F49A,
00000598,
000007B0,
0000F9C2,
0000E602,
0000DAF4,
0000E161,
0000F64A,
00000CE6,
00001765,
00001062,
0000FE88,
0000EFF4,
0000F073,
00000159,
0000188F,
00002771,
000024D8,
0000135B,
0000FF7E,
0000F710,
0000FFA8,
000012CB,
0000225C,
0000224E,
000010EE,
0000F812,
0000E655,
0000E519,
0000F216,
000000F3,
000003D3,
0000F4DE,
0000DA55,
0000C253,
0000B925,
0000C0E5,
0000D011,
0000D828,
0000CFAA,
0000B8AB,
00009F78,
00009226,
000096F2,
0000A801,
0000B76B,
0000B8D2,
0000A9E7,
00009402,
000085BA,
000088DA,
00009BA7,
0000B20C,
0000BDE4,
0000B8AB,
0000A7F1,
00009981,
000099D7,
0000AB85,
0000C560,
0000D8C2,
0000DB8E,
0000CF18,
0000BF2D,
0000B9E9,
0000C5FB,
0000DDFF,
0000F427,
0000FBAF,
0000F19D,
0000DEBF,
0000D19F,
0000D479,
0000E633,
0000FB1E,
000004FA,
0000FCC7,
0000E794,
0000D30E,
0000CC1D,
0000D60D,
0000E852,
0000F474,
0000F009,
0000DBEC,
0000C3B0,
0000B5B8,
0000B963,
0000CA05,
0000DA2B,
0000DCE4,
0000CEB3,
0000B800,
0000A759,
0000A779,
0000B7F2,
0000CD7C,
0000D9BB,
0000D521,
0000C421,
0000B41D,
0000B237,
0000C23E,
0000DC14,
0000F135,
0000F6AB,
0000EC8F,
0000DDEC,
0000D91D,
0000E5E1,
00000000,
00001A1F,
000026E3,
00002214,
00001371,
00000955,
00000ECB,
000023EC,
00003DC2,
00004DC9,
00004BE3,
00003BDF,
00002ADF,
00002645,
00003284,
0000480E,
00005887,
000058A7,
00004800,
0000314D,
0000231C,
000025D5,
000035FB,
0000469D,
00004A48,
00003C50,
00002414,
00000FF7,
00000B8C,
000017AE,
000029F3,
000033E3,
00002CF2,
0000186C,
00000339,
0000FB06,
000004E2,
000019CD,
00002B87,
00002E61,
00002141,
00000E63,
00000451,
00000BD9,
00002201,
00003A05,
00004617,
000040D3,
000030E8,
00002472,
0000273E,
00003AA0,
0000547B,
00006629,
0000667F,
0000580F,
00004755,
0000421C,
00004DF4,
00006459,
00007726,
00007A46,
00006BFE,
00005619,
0000472E,
00004895,
000057FF,
0000690E,
00006DDA,
00006088,
00004755,
00003056,
000027D8,
00002FEF,
00003F1B,
000046DB,
00003DAD,
000025AB,
00000B22,
0000FC2D,
0000FF0D,
00000DEA,
00001AE7,
000019AB,
000007EE,
0000EF12,
0000DDB2,
0000DDA4,
0000ED35,
00000058,
000008F0,
00000082,
0000ECA5,
0000DB28,
0000D88F,
0000E771,
0000FEA7,
00000F8D,
0000100C,
00000178,
0000EF9E,
0000E89B,
0000F31A,
000009B6,
00001E9F,
0000250C,
000019FE,
0000063E,
0000F850,
0000FA68,
00000B66,
00001F94,
000028AB,
00001FA2,
00000983,
0000F3F4,
0000EBD4,
0000F469,
00000523,
00000F86,
00000924,
0000F2D3,
0000D823,
0000C778,
0000C82F,
0000D59D,
0000E251,
0000E15D,
0000CF47,
0000B47B,
00009F8C,
00009B3E,
0000A727,
0000B808,
0000BF8B,
0000B62D,
0000A067,
00008BA6,
00008513,
00009087,
0000A5EB,
0000B6C3,
0000B822,
0000AA27,
000097E3,
00008FB6,
00009966,
0000B0BC,
0000C862,
0000D2FD,
0000CC55,
0000BC2B,
0000B0D7,
0000B562,
0000C9E2,
0000E35E,
0000F34C,
0000F186,
0000E1D9,
0000D15D,
0000CD6F,
0000DA79,
0000F0E5,
0000024F,
0000036A,
0000F3BF,
0000DE01,
0000D0B8,
0000D445,
0000E526,
0000F667,
0000FA8E,
0000ECEE,
0000D4E3,
0000C0CF,
0000BC46,
0000C821,
0000D9FA,
0000E35A,
0000DBBA,
0000C66B,
0000B058,
0000A735,
0000B018,
0000C407,
0000D4CB,
0000D6BA,
0000C8C3,
0000B52B,
0000AA82,
0000B19E,
0000C78B,
0000DF8D,
0000EBDC,
0000E719,
0000D7F6,
0000CC94,
0000D0C3,
0000E5D8,
000001B7,
000015BB,
000018B6,
00000D39,
0000FFBD,
0000FE07,
00000DA1,
00002805,
00003F05,
00004685,
00003CC2,
00002B80,
0000214C,
00002776,
00003BA5,
00005175,
00005AF3,
0000523E,
00003D89,
00002AE5,
00002694,
000032A9,
0000459D,
000050EA,
00004B0C,
0000361B,
00001E63,
000011FE,
0000172E,
00002820,
000036F5,
0000375B,
0000270D,
00000F71,
0000FF2D,
00000017,
00001087,
00002476,
00002DCF,
0000261C,
000012FC,
00000247,
00000086,
00001058,
0000289A,
00003AAF,
00003C83,
00002F6D,
00001F3D,
00001A13,
0000269C,
00003F70,
000056BF,
00005FBF,
0000576B,
0000468C,
00003B9C,
000040CF,
000054FD,
00006C67,
000078BF,
000072F5,
0000600B,
00004D9E,
00004885,
00005400,
00006774,
0000745E,
00007048,
00005C02,
00004318,
000033E6,
000035C6,
0000440B,
0000513E,
00005072,
00003E2C,
000022D8,
00000D0C,
0000078D,
000011F5,
0000210A,
0000267C,
00001ACB,
00000279,
0000EAFC,
0000E180,
0000E9EA,
0000FC29,
000009CA,
000007E9,
0000F6AE,
0000E12F,
0000D5D5,
0000DC6D,
0000F0C6,
0000058D,
00000D71,
0000043B,
0000F1AF,
0000E428,
0000E6AF,
0000F95A,
0000112D,
00001FA1,
00001C8A,
00000BB3,
0000FA2E,
0000F553,
00000185,
0000172A,
000027D8,
00002838,
000017CB,
0000013F,
0000F316,
0000F5A8,
0000056B,
00001565,
0000181A,
000008D3,
0000EEEB,
0000D8BE,
0000D1DE,
0000DB23,
0000EA26,
0000F06F,
0000E579,
0000CC96,
0000B2B8,
0000A592,
0000AA43,
0000B9D4,
0000C617,
0000C367,
0000B0BC,
00009862,
000088F3,
00008B4D,
00009C85,
0000AFE7,
0000B7B3,
0000AE94,
00009B42,
00008BE7,
00008C58,
00009DF1,
0000B69A,
0000C7B2,
0000C810,
0000BA44,
0000AACA,
0000A767,
0000B5A7,
0000CEFE,
0000E53C,
0000EC42,
0000E248,
0000D10D,
0000C718,
0000CDB3,
0000E27D,
0000F90A,
00000360,
0000FB97,
0000E7DA,
0000D632,
0000D2DA,
0000DFDD,
0000F3AF,
0000FFC3,
0000FA92,
0000E62D,
0000CEDE,
0000C2BB,
0000C808,
0000D8ED,
0000E78D,
0000E797,
0000D6C9,
0000BE8D,
0000AD89,
0000AD9E,
0000BD25,
0000D01F,
0000D87C,
0000CFCE,
0000BBBD,
0000AA28,
0000A79F,
0000B6C8,
0000CE8A,
0000E04E,
0000E205,
0000D50E,
0000C53F,
0000C0BD,
0000CE37,
0000E84A,
00000127,
00000C06,
000005E4,
0000F786,
0000EF67,
0000F7B5,
00000F45,
00002A56,
00003A93,
000038E5,
00002A48,
00001C50,
00001BCD,
00002BF6,
00004429,
000055D9,
00005687,
000046FB,
000032B8,
00002813,
00002E60,
000040E7,
0000522E,
00005542,
000046A5,
00002EBE,
00001C20,
0000198E,
000026A4,
00003826,
00003FC7,
0000360A,
00001F72,
00000979,
00000153,
00000AE8,
00001E2F,
00002CBB,
00002BAD,
00001B35,
00000673,
0000FBD6,
0000032F,
00001858,
00002E05,
000036E7,
00002ECF,
00001D85,
00001169,
00001586,
000029F5,
000043BD,
00005453,
0000538E,
00004535,
00003658,
0000344C,
00004371,
00005C26,
00006FFA,
00007390,
00006663,
00005319,
0000482A,
00004DE8,
000060C1,
000073B1,
00007933,
00006C8B,
0000550A,
00004107,
00003C0E,
000046F0,
00005740,
00005E86,
00005437,
00003BA4,
000021BE,
00001438,
00001832,
000026B8,
0000319D,
00002D43,
000018A5,
0000FE17,
0000EC35,
0000EBE7,
0000FA49,
00000AAE,
00000F61,
00000312,
0000EC85,
0000D9E8,
0000D71A,
0000E57F,
0000FB06,
00000912,
00000684,
0000F5F0,
0000E3D5,
0000DDFC,
0000E9F3,
0000012E,
00001582,
00001ACC,
00000F44,
0000FCA7,
0000F176,
0000F6F8,
00000AC8,
00002075,
000029FF,
00002175,
00000CFC,
0000FA97,
0000F679,
000002A4,
00001587,
0000208E,
00001A2A,
00000467,
0000EB8A,
0000DDA4,
0000E0F2,
0000EF9D,
0000FBC4,
0000F915,
0000E54D,
0000C9D8,
0000B55C,
0000B1BE,
0000BD5B,
0000CC38,
0000D04A,
0000C32A,
0000AA87,
00009446,
00008D01,
00009765,
0000AA62,
0000B769,
0000B475,
0000A2EE,
00008EB1,
000085E9,
00008F51,
0000A58B,
0000BACD,
0000C256,
0000B926,
0000A805,
00009D73,
0000A39F,
0000B960,
0000D2F0,
0000E1FC,
0000DF6B,
0000D034,
0000C1E7,
0000C150,
0000D1A0,
0000EA2E,
0000FC65,
0000FDC2,
0000EF04,
0000DBA4,
0000D1F3,
0000D93A,
0000ECBC,
0000FEF8,
000002F1,
0000F527,
0000DDF9,
0000CBF6,
0000C9DE,
0000D749,
0000E8F8,
0000F09F,
0000E6BE,
0000CFDD,
0000B974,
0000B0BC,
0000B99F,
0000CC1A,
0000D9C5,
0000D7C6,
0000C654,
0000B096,
0000A502,
0000AB74,
0000BFC8,
0000D4BD,
0000DD0C,
0000D48C,
0000C30D,
0000B6F4,
0000BB54,
0000D049,
0000EAE0,
0000FC92,
0000FD38,
0000F099,
0000E3C9,
0000E41A,
0000F5EB,
00001198,
000028B0,
00002FCF,
0000266B,
00001725,
0000106D,
00001A8E,
000031EF,
00004984,
000053BF,
00004BDB,
0000391F,
000029DC,
00002993,
0000390F,
00004DDC,
00005977,
00005352,
00003EB9,
00002894,
00001E97,
000025DB,
0000376D,
0000451D,
0000434D,
000030FA,
00001879,
0000086A,
000009BA,
00001986,
00002B2A,
000030F4,
0000259B,
00000FEA,
0000FE18,
0000FC0A,
00000B29,
0000216E,
00003045,
00002E91,
00001EEE,
00000DE2,
0000093A,
00001689,
00002F48,
0000454B,
00004C73,
000042F8,
00003296,
000029D0,
000031E8,
00004877,
00006107,
00006D94,
00006826,
000056DE,
000047B4,
000046D8,
00005642,
00006C59,
00007A81,
00007721,
00006440,
00004E17,
000042B2,
00004848,
000058F8,
000066DE,
000065A1,
000052FC,
00003854,
00002451,
000020D3,
00002C37,
00003A85,
00003DB2,
00002F5A,
0000152F,
0000FD1C,
0000F3BF,
0000FBCB,
00000C36,
0000167C,
0000109C,
0000FC08,
0000E4A5,
0000D8A6,
0000DECD,
0000F1C6,
000003CE,
0000082B,
0000FBE5,
0000E7CA,
0000DA5F,
0000DDD7,
0000F10D,
0000083F,
0000151B,
0000108A,
0000FF83,
0000EF93,
0000ED86,
0000FC88,
000013EE,
0000251F,
00002591,
000015FD,
000001D8,
0000F76B,
0000FDF6,
000010B6,
00002223,
0000253A,
00001670,
0000FE22,
0000EAD6,
0000E746,
0000F305,
000002D1,
00000859,
0000FC1D,
0000E29F,
0000C95A,
0000BD85,
0000C30D,
0000D1F0,
0000DBC9,
0000D5C4,
0000C01B,
0000A5FC,
000095E4,
000097B4,
0000A753,
0000B786,
0000BB0E,
0000ADCD,
0000979A,
000086E3,
000086C4,
00009761,
0000ADCE,
0000BB8B,
0000B879,
0000A864,
00009864,
000095D0,
0000A50A,
0000BE72,
0000D393,
0000D90E,
0000CE55,
0000BE08,
0000B696,
0000C043,
0000D774,
0000EF15,
0000F994,
0000F224,
0000E007,
0000D184,
0000D216,
0000E27F,
0000F844,
000004DA,
0000FFAE,
0000EC02,
0000D6B9,
0000CD81,
0000D56F,
0000E78A,
0000F59F,
0000F40F,
0000E1D4,
0000C942,
0000B8FB,
0000B9EC,
0000C936,
0000DA36,
0000DF3F,
0000D30E,
0000BC72,
0000A9A9,
0000A69F,
0000B4C5,
0000CA1B,
0000D813,
0000D599,
0000C551,
0000B3C8,
0000AED4,
0000BC0B,
0000D4EF,
0000EB59,
0000F32F,
0000EAAC,
0000DB91,
0000D461,
0000DE60,
0000F728,
0000123F,
000021A3,
00001F57,
00001178,
000005FC,
00000909,
00001C94,
000036FC,
0000499C,
00004AD5,
00003CA4,
00002B3B,
0000249C,
00002EF5,
0000445F,
000056EA,
00005A37,
00004BFA,
00003591,
0000259E,
000025FB,
00003503,
000046B6,
00004D0C,
0000419C,
00002A19,
0000146D,
00000D39,
00001733,
00002954,
0000351B,
0000308D,
00001D20,
000006C1,
0000FBAB,
000002A3,
0000165F,
00002923,
00002E3D,
000022BA,
00000F71,
000002EB,
00000765,
00001BBC,
00003435,
00004280,
00003F89,
00003049,
00002251,
0000226B,
000033C3,
00004DAC,
0000618A,
000064CE,
00005830,
0000471D,
00003FD6,
0000499A,
00005F9B,
00007449,
00007A9A,
00006EFA,
000059BD,
00004963,
0000489E,
000056F7,
00006926,
000070D2,
00006675,
00004E8D,
0000368F,
00002BAF,
000031D6,
00004101,
00004ACA,
0000445D,
00002DF6,
000012C4,
00000147,
00000166,
00000F0B,
00001D03,
00001E14,
00000E26,
0000F51A,
0000E165,
0000DE29,
0000EB96,
0000FEC5,
00000940,
000002EF,
0000EFA8,
0000DC87,
0000D6EC,
0000E33D,
0000F9DF,
00000C62,
00000F6A,
0000026D,
0000F00B,
0000E6B2,
0000EEA8,
0000044D,
00001A8F,
000023D6,
00001B51,
0000083D,
0000F8DD,
0000F8A3,
0000084B,
00001D55,
0000292E,
0000233A,
00000EB4,
0000F87B,
0000EE33,
0000F4EA,
000005A2,
00001224,
00000ECB,
0000FA8D,
0000DFBC,
0000CCF6,
0000CB27,
0000D771,
0000E532,
0000E6BE,
0000D6D5,
0000BC4A,
0000A560,
00009E07,
0000A7B8,
0000B878,
0000C1C3,
0000BA8C,
0000A57F,
00008F31,
00008582,
00008E10,
0000A266,
0000B465,
0000B7FB,
0000AB6B,
0000987B,
00008DB6,
00009465,
0000AA25,
0000C282,
0000CF7B,
0000CB14,
0000BB6C,
0000AE77,
0000B05B,
0000C309,
0000DCDD,
0000EF2F,
0000F059,
0000E254,
0000D14A,
0000CB37,
0000D642,
0000EC7B,
0000FFEC,
0000042D,
0000F6EC,
0000E17D,
0000D27D,
0000D3BF,
0000E397,
0000F601,
0000FCEF,
0000F1F5,
0000DAC3,
0000C541,
0000BE0F,
0000C7E3,
0000D9B6,
0000E50A,
0000DFE7,
0000CBC6,
0000B498,
0000A89E,
0000AEA5,
0000C167,
0000D330,
0000D755,
0000CAEA,
0000B6CF,
0000A995,
0000AD7F,
0000C172,
0000D9BB,
0000E80F,
0000E561,
0000D6AE,
0000C98C,
0000CAC8,
0000DD92,
0000F93C,
00000F2D,
000014D6,
00000AEB,
0000FCD9,
0000F8DC,
0000062E,
00001FFD,
000038B4,
00004341,
00003C08,
00002B57,
00001FA4,
00002398,
000036B5,
00004DAA,
00005A15,
00005467,
00004117,
00002D91,
00002703,
00003150,
0000446F,
000051F5,
00004F0A,
00003BE8,
000023BC,
00001504,
000017A8,
00002793,
00003793,
00003A72,
00002C1D,
00001476,
000001FA,
0000FFD4,
00000E33,
0000223D,
00002D82,
000027F0,
00001563,
00000302,
0000FE32,
00000B5E,
000022F4,
0000368B,
00003AC7,
00002F26,
00001E4A,
000016A4,
0000207C,
00003833,
000050B6,
00005C6B,
00005680,
0000462E,
000039B3,
00003C7E,
00004F46,
00006781,
00007698,
000073E5,
0000629E,
00004F96,
0000486C,
00005225,
000065BB,
000074EE,
00007412,
00006215,
00004943,
00003835,
000037D1,
00004536,
000053BD,
000055B9,
000045E8,
00002B1D,
0000139B,
00000B56,
000013C7,
000022F9,
00002A6A,
00002114,
000009AA,
0000F0C9,
0000E453,
0000E9F3,
0000FB39,
00000A0E,
00000A6B,
0000FA9B,
0000E46A,
0000D66C,
0000D9F2,
0000EC9E,
00000203,
00000C25,
0000050E,
0000F2E1,
0000E392,
0000E34A,
0000F3FD,
00000C03,
00001CB6,
00001C6E,
00000D1F,
0000FAF2,
0000F3DB,
0000FDFD,
00001362,
0000260E,
00002994,
00001B96,
00000565,
0000F595,
0000F5F2,
000004C7,
0000160D,
00001BAD,
00000F37,
0000F656,
0000DEEC,
0000D596,
0000DD07,
0000EC39,
0000F4AA,
0000EC65,
0000D4E3,
0000BA18,
0000AA47,
0000AC43,
0000BACA,
0000C82F,
0000C7CB,
0000B6BD,
00009DEB,
00008BEE,
00008B12,
00009A45,
0000ADDB,
0000B794,
0000B06A,
00009D62,
00008C1B,
00008968,
0000987F,
0000B0BA,
0000C382,
0000C64D,
0000B9D2,
0000A980,
0000A395,
0000AF4A,
0000C7CD,
0000DF84,
0000E95C,
0000E1B6,
0000D0DA,
0000C539,
0000C975,
0000DD0C,
0000F4A2,
000001CE,
0000FCFE,
0000EA9D,
0000D810,
0000D27E,
0000DDC3,
0000F1CD,
0000002C,
0000FE06,
0000EB8A,
0000D3E3,
0000C58E,
0000C86D,
0000D86D,
0000E858,
0000EAFC,
0000DC44,
0000C418,
0000B0F6,
0000AE0B,
0000BB91,
0000CEB0,
0000D8FD,
0000D26F,
0000BEE9,
0000AB99,
0000A5EB,
0000B256,
0000C94B,
0000DC68,
0000E05C,
0000D4A9,
0000C3F8,
0000BCBF,
0000C74C,
0000E003,
0000F9D2,
00000724,
00000327,
0000F515,
0000EB2A,
0000F0D3,
000006C4,
0000226E,
00003538,
00003674,
00002952,
00001A9F,
000017F1,
00002645,
00003E8E,
00005281,
0000566B,
00004931,
00003516,
000028AB,
00002CD0,
00003E99,
0000515B,
00005762,
00004B68,
0000343A,
00002019,
00001AF6,
0000264A,
0000381D,
000041F1,
00003ABF,
0000253D,
00000E0B,
00000311,
000009FF,
00001C69,
00002C41,
00002D83,
00001E83,
00000914,
0000FBD3,
00000014,
00001385,
000029BE,
000034C9,
00002EB6,
00001DAC,
00000FA7,
000010D1,
00002323,
00003CF7,
00004FA5,
00005189,
00004494,
000034EC,
00003085,
00003D7E,
000055DB,
00006B9B,
0000724A,
00006785,
00005495,
00004805,
00004B9B,
00005D9A,
000071F0,
00007A7E,
000070CF,
00005A81,
00004574,
00003E3D,
00004788,
00005848,
000061F9,
00005AA0,
000043B6,
0000292B,
00001942,
00001ACE,
0000288F,
000034D9,
0000330A,
00002044,
00000573,
0000F135,
0000EDDC,
0000FA5E,
00000B16,
000011CD,
00000785,
0000F14C,
0000DCC6,
0000D6D2,
0000E2AB,
0000F7B5,
0000075D,
00000723,
0000F7C3,
0000E4AF,
0000DC2A,
0000E571,
0000FBB3,
00001158,
0000194E,
00000FF5,
0000FD93,
0000F096,
0000F39E,
00000621,
00001CC3,
00002914,
00002379,
00001058,
0000FD11,
0000F6C0,
0000013B,
0000146A,
000021D7,
00001E9B,
00000AE6,
0000F1DA,
0000E1EC,
0000E2FD,
0000F0F5,
0000FE9A,
0000FEB9,
0000ED3C,
0000D20A,
0000BBA3,
0000B536,
0000BEFF,
0000CE2A,
0000D451,
0000C971,
0000B173,
0000998B,
00008F2E,
000096DA,
0000A909,
0000B762,
0000B69D,
0000A643,
00009106,
00008566,
00008BB7,
0000A065,
0000B666,
0000C02A,
0000B8E3,
0000A7D0,
00009B32,
00009E76,
0000B254,
0000CC3D,
0000DD95,
0000DDAF,
0000CFB7,
0000C077,
0000BD80,
0000CBCB,
0000E444,
0000F89B,
0000FD15,
0000F08F,
0000DD46,
0000D1C3,
0000D6DD,
0000E9A1,
0000FD5D,
00000455,
0000F93F,
0000E2E0,
0000CF73,
0000CAE5,
0000D6AC,
0000E8CD,
0000F2C7,
0000EB93,
0000D5E7,
0000BE64,
0000B2F4,
0000B94A,
0000CAFD,
0000DA05,
0000DA62,
0000CA6F,
0000B406,
0000A5C9,
0000A916,
0000BBA1,
0000D10B,
0000DB64,
0000D4C5,
0000C35C,
0000B52B,
0000B664,
0000C904,
0000E36C,
0000F6F7,
0000FA04,
0000EE88,
0000E0A9,
0000DE5D,
0000EDC1,
000008D8,
000021A0,
00002B9F,
0000246F,
00001554,
00000CD1,
000014A7,
00002B11,
000043F5,
0000512C,
00004C38,
00003AAF,
00002A67,
000027ED,
000035E5,
00004B3B,
00005961,
00005657,
0000438E,
00002CF2,
000020C1,
000025CA,
000036CA,
00004614,
00004705,
000036BE,
00001E2C,
00000BF1,
00000A61,
00001876,
00002A91,
0000327F,
00002947,
000013FE,
00000052,
0000FB26,
000007BC,
00001D81,
00002DEA,
00002E7C,
00001FF9,
00000DDC,
0000066C,
000010EB,
0000288C,
00003FBD,
0000496A,
000041F8,
000031AB,
000026F2,
00002C6D,
0000418E,
00005AF6,
00006A30,
0000679C,
0000579C,
00004787,
00004475,
00005232,
0000689F,
0000793C,
0000791D,
00006866,
00005233,
000044F2,
0000487A,
000058AD,
0000684C,
00006A1C,
00005A04,
00003FE5,
00002A3C,
00002437,
00002E10,
00003CF3,
0000427B,
000036A6,
00001D61,
000003E3,
0000F7A7,
0000FD2F,
00000CFB,
000018BA,
0000152A,
000001DE,
0000E990,
0000DAC6,
0000DDDD,
0000EF4A,
0000020A,
00000895,
0000FE28,
0000EA03,
0000DA6F,
0000DAE1,
0000EC12,
00000378,
0000127A,
0000106D,
0000007D,
0000EF76,
0000EAE5,
0000F7C1,
00000EF3,
00002229,
000025A1,
00001836,
0000041B,
0000F7D5,
0000FC32,
00000E3A,
00002133,
0000275A,
00001B5B,
000003F8,
0000EF64,
0000E984,
0000F3CA,
00000435,
00000C41,
000002E4,
0000EAD1,
0000D0A6,
0000C24E,
0000C57B,
0000D3C9,
0000DF2D,
0000DBAF,
0000C7AC,
0000AD04,
00009A5F,
00009922,
0000A708,
0000B7B8,
0000BD4E,
0000B1E9,
00009BC0,
000088DF,
0000857F,
000093A7,
0000A9BE,
0000B928,
0000B84C,
0000A922,
000097DA,
0000926C,
00009EF9,
0000B789,
0000CE18,
0000D630,
0000CD6A,
0000BD08,
0000B38D,
0000BAB5,
0000D0B8,
0000E977,
0000F6C6,
0000F21E,
0000E112,
0000D16F,
0000CFBB,
0000DE92,
0000F4D7,
000003F6,
000001E8,
0000F016,
0000DA65,
0000CF0C,
0000D4D6,
0000E67A,
0000F646,
0000F796,
0000E787,
0000CF06,
0000BCB3,
0000BAE3,
0000C893,
0000DA25,
0000E169,
0000D76C,
0000C147,
0000ACAE,
0000A689,
0000B224,
0000C6F1,
0000D66D,
0000D624,
0000C6E1,
0000B425,
0000AC41,
0000B67C,
0000CE11,
0000E572,
0000EF93,
0000E8DB,
0000D995,
0000D031,
0000D750,
0000EE68,
00000A15,
00001BE6,
00001C37,
00000F67,
000002C8,
0000036E,
00001520,
00002FB7,
000044AC,
0000490C,
00003CF3,
00002B74,
000022F4,
00002B43,
00004038,
0000548C,
00005AFE,
00004F6A,
000039AC,
0000283A,
0000263B,
000033E6,
00004661,
00004F44,
0000468C,
00003023,
00001942,
00000F61,
00001708,
000028B7,
00003622,
0000340A,
00002207,
00000AD9,
0000FD0F,
00000108,
00001344,
000026C6,
00002E0D,
0000245C,
000010FC,
0000023E,
0000039B,
000015D2,
00002E60,
00003EB0,
00003E19,
00002FCC,
00002095,
00001E04,
00002D10,
000046A0,
00005C61,
0000628D,
000057FB,
000046DA,
00003DAA,
00004533,
00005A75,
000070AF,
00007A17,
0000714F,
00005D12,
00004B8B,
00004897,
0000559E,
0000689B,
000072FF,
00006BBA,
00005579,
00003CD6,
00002FB6,
000033C8,
000042A5,
00004E42,
00004AA4,
00003628,
00001AB3,
000006EB,
0000043C,
00001063,
00001F0E,
0000225C,
00001476,
0000FB99,
0000E5D6,
0000DF72,
0000EA79,
0000FD5C,
00000987,
00000569,
0000F304,
0000DE8B,
0000D601,
0000DF8B,
0000F538,
00000908,
00000E8A,
00000359,
0000F0BC,
0000E534,
0000EA7E,
0000FED2,
0000160D,
00002204,
00001C2B,
00000A10,
0000F97C,
0000F6EE,
000004FA,
00001A81,
000028E6,
00002618,
0000137B,
0000FCEE,
0000F09F,
0000F552,
000005B7,
00001419,
000013CB,
000001E9,
0000E75B,
0000D2BD,
0000CE63,
0000D948,
0000E7CE,
0000EBC8,
0000DE42,
0000C45C,
0000ABC9,
0000A17A,
0000A8C0,
0000B910,
0000C3F2,
0000BEF9,
0000AAF6,
00009375,
000086CD,
00008C4F,
00009F3F,
0000B218,
0000B7D6,
0000ACE7,
0000999D,
00008C70,
00009006,
0000A3DA,
0000BC8F,
0000CBB4,
0000C9A8,
0000BACB,
0000AC72,
0000ABAD,
0000BC43,
0000D60B,
0000EA7A,
0000EE97,
0000E27B,
0000D131,
0000C919,
0000D1FB,
0000E7A8,
0000FCD1,
0000042A,
0000F98D,
0000E4CB,
0000D453,
0000D345,
0000E1D1,
0000F518,
0000FEAD,
0000F687,
0000E08E,
0000C9F6,
0000C039,
0000C7DA,
0000D95C,
0000E672,
0000E3E0,
0000D142,
0000B95B,
0000AABE,
0000ADD2,
0000BF19,
0000D1A0,
0000D7ED,
0000CD48,
0000B905,
0000A979,
0000AA27,
0000BBD7,
0000D40A,
0000E433,
0000E3B0,
0000D5B8,
0000C71B,
0000C56D,
0000D5AA,
0000F0BB,
0000084B,
00001099,
0000087A,
0000FA1C,
0000F3FA,
0000FED9,
000017B6,
000031C9,
00003F43,
00003AC1,
00002AF2,
00001DFB,
00001FB2,
00003176,
00004938,
00005861,
000055D8,
00004443,
00003032,
00002784,
00002FE1,
000042DB,
00005262,
00005277,
00004173,
00002937,
00001869,
00001873,
00002713,
000037F8,
00003D45,
00003122,
000019D3,
0000056E,
0000003D,
00000C51,
00002023,
00002D26,
000029CE,
00001826,
00000469,
0000FCA0,
000006F6,
00001D83,
0000324D,
000038E8,
00002EF3,
00001DB8,
000013BE,
00001AC4,
00003102,
00004A59,
00005899,
00005536,
000045BC,
000037F0,
0000384E,
00004966,
0000620F,
000073A8,
00007419,
000064BE,
0000516C,
0000484D,
00005019,
0000637B,
000074B3,
0000770D,
0000679E,
00004F44,
00003C99,
000039E9,
0000462C,
000055BD,
00005A6E,
00004D48,
0000336A,
00001A87,
00000F91,
000015DA,
000024DD,
00002E22,
00002742,
00001115,
0000F72D,
0000E7E6,
0000EA9B,
0000FA95,
00000A58,
00000CEA,
0000FEC1,
0000E835,
0000D7C8,
0000D828,
0000E8D6,
0000FE7B,
00000AAD,
000005D2,
0000F44D,
0000E376,
0000E05F,
0000EED3,
000006A6,
00001951,
00001BD8,
00000E51,
0000FBC5,
0000F28F,
0000FA73,
00000F3A,
00002393,
00002A2B,
00001ED1,
00000952,
0000F817,
0000F636,
000003D7,
00001616,
00001E80,
00001504,
0000FD87,
0000E535,
0000D984,
0000DEF6,
0000EE0B,
0000F873,
0000F2F4,
0000DD28,
0000C1D4,
0000AF8E,
0000AEC2,
0000BBF5,
0000CA3A,
0000CC1A,
0000BCE8,
0000A3FE,
00008FB8,
00008BA2,
0000988C,
0000AC00,
0000B77B,
0000B262,
00009FF5,
00008D0B,
00008741,
00009399,
0000AB03,
0000BF31,
0000C464,
0000B974,
0000A895,
0000A041,
0000A941,
0000C090,
0000D964,
0000E5ED,
0000E0C3,
0000D093,
0000C37D,
0000C551,
0000D766,
0000EFA8,
0000FF7A,
0000FDB9,
0000ED04,
0000D9E4,
0000D231,
0000DB8A,
0000EF79,
0000FFE9,
000000D3,
0000F08F,
0000D8F3,
0000C8A5,
0000C90B,
0000D7E0,
0000E8D2,
0000EE02,
0000E19D,
0000C9E5,
0000B4F4,
0000AF16,
0000BA63,
0000CD57,
0000D96C,
0000D51B,
0000C277,
0000ADC2,
0000A50D,
0000AE8B,
0000C45B,
0000D88A,
0000DEB4,
0000D480,
0000C33E,
0000B97B,
0000C0FB,
0000D7FB,
0000F25F,
000001F9,
00000043,
0000F2C7,
0000E74A,
0000EA45,
0000FE49,
00001A28,
00002F3D,
0000336C,
0000280A,
000018E7,
00001424,
00002073,
00003875,
00004E62,
0000557E,
00004AD5,
0000373D,
00002946,
00002B35,
00003BF9,
00004FE8,
000058CB,
00004FA8,
00003995,
00002446,
00001CA6,
00002606,
000037DF,
000043BA,
00003F31,
00002B1D,
00001312,
00000572,
00000999,
00001ADA,
00002BBB,
00002F48,
000021FF,
00000C41,
0000FC96,
0000FDB1,
00000F1B,
00002587,
00003291,
00002EA3,
00001E27,
00000E7A,
00000CB4,
00001CA2,
0000361E,
00004A9E,
00004F29,
000043D5,
000033AB,
00002D03,
0000379E,
00004F44,
0000669A,
0000704A,
0000681D,
000055D9,
000047DE,
0000493D,
00005A15,
00006F79,
00007AED,
0000745A,
00005F99,
000049D3,
00004075,
000047F8,
000058D9,
000064C2,
00006074,
00004B85,
000030B9,
00001EA3,
00001DAF,
00002A63,
000037D1,
00003888,
000027DD,
00000D2D,
0000F6DC,
0000F07A,
0000FADD,
00000B97,
0000142C,
00000C0C,
0000F67D,
0000E05E,
0000D755,
0000E06C,
0000F49A,
00000598,
000007B0,
0000F9C2,
0000E602,
0000DAF4,
0000E161,
0000F64A,
00000CE6,
00001765,
00001062,
0000FE88,
0000EFF4,
0000F073,
00000159,
0000188F,
00002771,
000024D8,
0000135B,
0000FF7E,
0000F710,
0000FFA8,
000012CB,
0000225C,
0000224E,
000010EE,
0000F812,
0000E655,
0000E519,
0000F216,
000000F3,
000003D3,
0000F4DE,
0000DA55,
0000C253,
0000B925,
0000C0E5,
0000D011,
0000D828,
0000CFAA,
0000B8AB,
00009F78,
00009226,
000096F2,
0000A801,
0000B76B,
0000B8D2,
0000A9E7,
00009402,
000085BA,
000088DA,
00009BA7,
0000B20C,
0000BDE4,
0000B8AB,
0000A7F1,
00009981,
000099D7,
0000AB85,
0000C560,
0000D8C2,
0000DB8E,
0000CF18,
0000BF2D,
0000B9E9,
0000C5FB,
0000DDFF,
0000F427,
0000FBAF,
0000F19D,
0000DEBF,
0000D19F,
0000D479,
0000E633,
0000FB1E,
000004FA,
0000FCC7,
0000E794,
0000D30E,
0000CC1D,
0000D60D,
0000E852,
0000F474,
0000F009,
0000DBEC,
0000C3B0,
0000B5B8,
0000B963,
0000CA05,
0000DA2B,
0000DCE4,
0000CEB3,
0000B800,
0000A759,
0000A779,
0000B7F2,
0000CD7C,
0000D9BB,
0000D521,
0000C421,
0000B41D,
0000B237,
0000C23E,
0000DC14,
0000F135,
0000F6AB,
0000EC8F,
0000DDEC,
0000D91D,
0000E5E1,
00000000,
00001A1F,
000026E3,
00002214,
00001371,
00000955,
00000ECB,
000023EC,
00003DC2,
00004DC9,
00004BE3,
00003BDF,
00002ADF,
00002645,
00003284,
0000480E,
00005887,
000058A7,
00004800,
0000314D,
0000231C,
000025D5,
000035FB,
0000469D,
00004A48,
00003C50,
00002414,
00000FF7,
00000B8C,
000017AE,
000029F3,
000033E3,
00002CF2,
0000186C,
00000339,
0000FB06,
000004E2,
000019CD,
00002B87,
00002E61,
00002141,
00000E63,
00000451,
00000BD9,
00002201,
00003A05,
00004617,
000040D3,
000030E8,
00002472,
0000273E,
00003AA0,
0000547B,
00006629,
0000667F,
0000580F,
00004755,
0000421C,
00004DF4,
00006459,
00007726,
00007A46,
00006BFE,
00005619,
0000472E,
00004895,
000057FF,
0000690E,
00006DDA,
00006088,
00004755,
00003056,
000027D8,
00002FEF,
00003F1B,
000046DB,
00003DAD,
000025AB,
00000B22,
0000FC2D,
0000FF0D,
00000DEA,
00001AE7,
000019AB,
000007EE,
0000EF12,
0000DDB2,
0000DDA4,
0000ED35,
00000058,
000008F0,
00000082,
0000ECA5,
0000DB28,
0000D88F,
0000E771,
0000FEA7,
00000F8D,
0000100C,
00000178,
0000EF9E,
0000E89B,
0000F31A,
000009B6,
00001E9F,
0000250C,
000019FE,
0000063E,
0000F850,
0000FA68,
00000B66,
00001F94,
000028AB,
00001FA2,
00000983,
0000F3F4,
0000EBD4,
0000F469,
00000523,
00000F86,
00000924,
0000F2D3,
0000D823,
0000C778,
0000C82F,
0000D59D,
0000E251,
0000E15D,
0000CF47,
0000B47B,
00009F8C,
00009B3E,
0000A727,
0000B808,
0000BF8B,
0000B62D,
0000A067,
00008BA6,
00008513,
00009087,
0000A5EB,
0000B6C3,
0000B822,
0000AA27,
000097E3,
00008FB6,
00009966,
0000B0BC,
0000C862,
0000D2FD,
0000CC55,
0000BC2B,
0000B0D7,
0000B562,
0000C9E2,
0000E35E,
0000F34C,
0000F186,
0000E1D9,
0000D15D,
0000CD6F,
0000DA79,
0000F0E5,
0000024F,
0000036A,
0000F3BF,
0000DE01,
0000D0B8,
0000D445,
0000E526,
0000F667,
0000FA8E,
0000ECEE,
0000D4E3,
0000C0CF,
0000BC46,
0000C821,
0000D9FA,
0000E35A,
0000DBBA,
0000C66B,
0000B058,
0000A735,
0000B018,
0000C407,
0000D4CB,
0000D6BA,
0000C8C3,
0000B52B,
0000AA82,
0000B19E,
0000C78B,
0000DF8D,
0000EBDC,
0000E719,
0000D7F6,
0000CC94,
0000D0C3,
0000E5D8,
000001B7,
000015BB,
000018B6,
00000D39,
0000FFBD,
0000FE07,
00000DA1,
00002805,
00003F05,
00004685,
00003CC2,
00002B80,
0000214C,
00002776,
00003BA5,
00005175,
00005AF3,
0000523E,
00003D89,
00002AE5,
00002694,
000032A9,
0000459D,
000050EA,
00004B0C,
0000361B,
00001E63,
000011FE,
0000172E,
00002820,
000036F5,
0000375B,
0000270D,
00000F71,
0000FF2D,
00000017,
00001087,
00002476,
00002DCF,
0000261C,
000012FC,
00000247,
00000086,
00001058,
0000289A,
00003AAF,
00003C83,
00002F6D,
00001F3D,
00001A13,
0000269C,
00003F70,
000056BF,
00005FBF,
0000576B,
0000468C,
00003B9C,
000040CF,
000054FD,
00006C67,
000078BF,
000072F5,
0000600B,
00004D9E,
00004885,
00005400,
00006774,
0000745E,
00007048,
00005C02,
00004318,
000033E6,
000035C6,
0000440B,
0000513E,
00005072,
00003E2C,
000022D8,
00000D0C,
0000078D,
000011F5,
0000210A,
0000267C,
00001ACB,
00000279,
0000EAFC,
0000E180,
0000E9EA,
0000FC29,
000009CA,
000007E9,
0000F6AE,
0000E12F,
0000D5D5,
0000DC6D,
0000F0C6,
0000058D,
00000D71,
0000043B,
0000F1AF,
0000E428,
0000E6AF,
0000F95A,
0000112D,
00001FA1,
00001C8A,
00000BB3,
0000FA2E,
0000F553,
00000185,
0000172A,
000027D8,
00002838,
000017CB,
0000013F,
0000F316,
0000F5A8,
0000056B,
00001565,
0000181A,
000008D3,
0000EEEB,
0000D8BE,
0000D1DE,
0000DB23,
0000EA26,
0000F06F,
0000E579,
0000CC96,
0000B2B8,
0000A592,
0000AA43,
0000B9D4,
0000C617,
0000C367,
0000B0BC,
00009862,
000088F3,
00008B4D,
00009C85,
0000AFE7,
0000B7B3,
0000AE94,
00009B42,
00008BE7,
00008C58,
00009DF1,
0000B69A,
0000C7B2,
0000C810,
0000BA44,
0000AACA,
0000A767,
0000B5A7,
0000CEFE,
0000E53C,
0000EC42,
0000E248,
0000D10D,
0000C718,
0000CDB3,
0000E27D,
0000F90A,
00000360,
0000FB97,
0000E7DA,
0000D632,
0000D2DA,
0000DFDD,
0000F3AF,
0000FFC3,
0000FA92,
0000E62D,
0000CEDE,
0000C2BB,
0000C808,
0000D8ED,
0000E78D,
0000E797,
0000D6C9,
0000BE8D,
0000AD89,
0000AD9E,
0000BD25,
0000D01F,
0000D87C,
0000CFCE,
0000BBBD,
0000AA28,
0000A79F,
0000B6C8,
0000CE8A,
0000E04E,
0000E205,
0000D50E,
0000C53F,
0000C0BD,
0000CE37,
0000E84A,
00000127,
00000C06,
000005E4,
0000F786,
0000EF67,
0000F7B5,
00000F45,
00002A56,
00003A93,
000038E5,
00002A48,
00001C50,
00001BCD,
00002BF6,
00004429,
000055D9,
00005687,
000046FB,
000032B8,
00002813,
00002E60,
000040E7,
0000522E,
00005542,
000046A5,
00002EBE,
00001C20,
0000198E,
000026A4,
00003826,
00003FC7,
0000360A,
00001F72,
00000979,
00000153,
00000AE8,
00001E2F,
00002CBB,
00002BAD,
00001B35,
00000673,
0000FBD6,
0000032F,
00001858,
00002E05,
000036E7,
00002ECF,
00001D85,
00001169,
00001586,
000029F5,
000043BD,
00005453,
0000538E,
00004535,
00003658,
0000344C,
00004371,
00005C26,
00006FFA,
00007390,
00006663,
00005319,
0000482A,
00004DE8,
000060C1,
000073B1,
00007933,
00006C8B,
0000550A,
00004107,
00003C0E,
000046F0,
00005740,
00005E86,
00005437,
00003BA4,
000021BE,
00001438,
00001832,
000026B8,
0000319D,
00002D43,
000018A5,
0000FE17,
0000EC35,
0000EBE7,
0000FA49,
00000AAE,
00000F61,
00000312,
0000EC85,
0000D9E8,
0000D71A,
0000E57F,
0000FB06,
00000912,
00000684,
0000F5F0,
0000E3D5,
0000DDFC,
0000E9F3,
0000012E,
00001582,
00001ACC,
00000F44,
0000FCA7,
0000F176,
0000F6F8,
00000AC8,
00002075,
000029FF,
00002175,
00000CFC,
0000FA97,
0000F679,
000002A4,
00001587,
0000208E,
00001A2A,
00000467,
0000EB8A,
0000DDA4,
0000E0F2,
0000EF9D,
0000FBC4,
0000F915,
0000E54D,
0000C9D8,
0000B55C,
0000B1BE,
0000BD5B,
0000CC38,
0000D04A,
0000C32A,
0000AA87,
00009446,
00008D01,
00009765,
0000AA62,
0000B769,
0000B475,
0000A2EE,
00008EB1,
000085E9,
00008F51,
0000A58B,
0000BACD,
0000C256,
0000B926,
0000A805,
00009D73,
0000A39F,
0000B960,
0000D2F0,
0000E1FC,
0000DF6B,
0000D034,
0000C1E7,
0000C150,
0000D1A0,
0000EA2E,
0000FC65,
0000FDC2,
0000EF04,
0000DBA4,
0000D1F3,
0000D93A,
0000ECBC,
0000FEF8,
000002F1,
0000F527,
0000DDF9,
0000CBF6,
0000C9DE,
0000D749,
0000E8F8,
0000F09F,
0000E6BE,
0000CFDD,
0000B974,
0000B0BC,
0000B99F,
0000CC1A,
0000D9C5,
0000D7C6,
0000C654,
0000B096,
0000A502,
0000AB74,
0000BFC8,
0000D4BD,
0000DD0C,
0000D48C,
0000C30D,
0000B6F4,
0000BB54,
0000D049,
0000EAE0,
0000FC92,
0000FD38,
0000F099,
0000E3C9,
0000E41A,
0000F5EB,
00001198,
000028B0,
00002FCF,
0000266B,
00001725,
0000106D,
00001A8E,
000031EF,
00004984,
000053BF,
00004BDB,
0000391F,
000029DC,
00002993,
0000390F,
00004DDC,
00005977,
00005352,
00003EB9,
00002894,
00001E97,
000025DB,
0000376D,
0000451D,
0000434D,
000030FA,
00001879,
0000086A,
000009BA,
00001986,
00002B2A,
000030F4,
0000259B,
00000FEA,
0000FE18,
0000FC0A,
00000B29,
0000216E,
00003045,
00002E91,
00001EEE,
00000DE2,
0000093A,
00001689,
00002F48,
0000454B,
00004C73,
000042F8,
00003296,
000029D0,
000031E8,
00004877,
00006107,
00006D94,
00006826,
000056DE,
000047B4,
000046D8,
00005642,
00006C59,
00007A81,
00007721,
00006440,
00004E17,
000042B2,
00004848,
000058F8,
000066DE,
000065A1,
000052FC,
00003854,
00002451,
000020D3,
00002C37,
00003A85,
00003DB2,
00002F5A,
0000152F,
0000FD1C,
0000F3BF,
0000FBCB,
00000C36,
0000167C,
0000109C,
0000FC08,
0000E4A5,
0000D8A6,
0000DECD,
0000F1C6,
000003CE,
0000082B,
0000FBE5,
0000E7CA,
0000DA5F,
0000DDD7,
0000F10D,
0000083F,
0000151B,
0000108A,
0000FF83,
0000EF93,
0000ED86,
0000FC88,
000013EE,
0000251F,
00002591,
000015FD,
000001D8,
0000F76B,
0000FDF6,
000010B6,
00002223,
0000253A,
00001670,
0000FE22,
0000EAD6,
0000E746,
0000F305,
000002D1,
00000859,
0000FC1D,
0000E29F,
0000C95A,
0000BD85,
0000C30D,
0000D1F0,
0000DBC9,
0000D5C4,
0000C01B,
0000A5FC,
000095E4,
000097B4,
0000A753,
0000B786,
0000BB0E,
0000ADCD,
0000979A,
000086E3,
000086C4,
00009761,
0000ADCE,
0000BB8B,
0000B879,
0000A864,
00009864,
000095D0,
0000A50A,
0000BE72,
0000D393,
0000D90E,
0000CE55,
0000BE08,
0000B696,
0000C043,
0000D774,
0000EF15,
0000F994,
0000F224,
0000E007,
0000D184,
0000D216,
0000E27F,
0000F844,
000004DA,
0000FFAE,
0000EC02,
0000D6B9,
0000CD81,
0000D56F,
0000E78A,
0000F59F,
0000F40F,
0000E1D4,
0000C942,
0000B8FB,
0000B9EC,
0000C936,
0000DA36,
0000DF3F,
0000D30E,
0000BC72,
0000A9A9,
0000A69F,
0000B4C5,
0000CA1B,
0000D813,
0000D599,
0000C551,
0000B3C8,
0000AED4,
0000BC0B,
0000D4EF,
0000EB59,
0000F32F,
0000EAAC,
0000DB91,
0000D461,
0000DE60,
0000F728,
0000123F,
000021A3,
00001F57,
00001178,
000005FC,
00000909,
00001C94,
000036FC,
0000499C,
00004AD5,
00003CA4,
00002B3B,
0000249C,
00002EF5,
0000445F,
000056EA,
00005A37,
00004BFA,
00003591,
0000259E,
000025FB,
00003503,
000046B6,
00004D0C,
0000419C,
00002A19,
0000146D,
00000D39,
00001733,
00002954,
0000351B,
0000308D,
00001D20,
000006C1,
0000FBAB,
000002A3,
0000165F,
00002923,
00002E3D,
000022BA,
00000F71,
000002EB,
00000765,
00001BBC,
00003435,
00004280,
00003F89,
00003049,
00002251,
0000226B,
000033C3,
00004DAC,
0000618A,
000064CE,
00005830,
0000471D,
00003FD6,
0000499A,
00005F9B,
00007449,
00007A9A,
00006EFA,
000059BD,
00004963,
0000489E,
000056F7,
00006926,
000070D2,
00006675,
00004E8D,
0000368F,
00002BAF,
000031D6,
00004101,
00004ACA,
0000445D,
00002DF6,
000012C4,
00000147,
00000166,
00000F0B,
00001D03,
00001E14,
00000E26,
0000F51A,
0000E165,
0000DE29,
0000EB96,
0000FEC5,
00000940,
000002EF,
0000EFA8,
0000DC87,
0000D6EC,
0000E33D,
0000F9DF,
00000C62,
00000F6A,
0000026D,
0000F00B,
0000E6B2,
0000EEA8,
0000044D,
00001A8F,
000023D6,
00001B51,
0000083D,
0000F8DD,
0000F8A3,
0000084B,
00001D55,
0000292E,
0000233A,
00000EB4,
0000F87B,
0000EE33,
0000F4EA,
000005A2,
00001224,
00000ECB,
0000FA8D,
0000DFBC,
0000CCF6,
0000CB27,
0000D771,
0000E532,
0000E6BE,
0000D6D5,
0000BC4A,
0000A560,
00009E07,
0000A7B8,
0000B878,
0000C1C3,
0000BA8C,
0000A57F,
00008F31,
00008582,
00008E10,
0000A266,
0000B465,
0000B7FB,
0000AB6B,
0000987B,
00008DB6,
00009465,
0000AA25,
0000C282,
0000CF7B,
0000CB14,
0000BB6C,
0000AE77,
0000B05B,
0000C309,
0000DCDD,
0000EF2F,
0000F059,
0000E254,
0000D14A,
0000CB37,
0000D642,
0000EC7B,
0000FFEC,
0000042D,
0000F6EC,
0000E17D,
0000D27D,
0000D3BF,
0000E397,
0000F601,
0000FCEF,
0000F1F5,
0000DAC3,
0000C541,
0000BE0F,
0000C7E3,
0000D9B6,
0000E50A,
0000DFE7,
0000CBC6,
0000B498,
0000A89E,
0000AEA5,
0000C167,
0000D330,
0000D755,
0000CAEA,
0000B6CF,
0000A995,
0000AD7F,
0000C172,
0000D9BB,
0000E80F,
0000E561,
0000D6AE,
0000C98C,
0000CAC8,
0000DD92,
0000F93C,
00000F2D,
000014D6,
00000AEB,
0000FCD9,
0000F8DC,
0000062E,
00001FFD,
000038B4,
00004341,
00003C08,
00002B57,
00001FA4,
00002398,
000036B5,
00004DAA,
00005A15,
00005467,
00004117,
00002D91,
00002703,
00003150,
0000446F,
000051F5,
00004F0A,
00003BE8,
000023BC,
00001504,
000017A8,
00002793,
00003793,
00003A72,
00002C1D,
00001476,
000001FA,
0000FFD4,
00000E33,
0000223D,
00002D82,
000027F0,
00001563,
00000302,
0000FE32,
00000B5E,
000022F4,
0000368B,
00003AC7,
00002F26,
00001E4A,
000016A4,
0000207C,
00003833,
000050B6,
00005C6B,
00005680,
0000462E,
000039B3,
00003C7E,
00004F46,
00006781,
00007698,
000073E5,
0000629E,
00004F96,
0000486C,
00005225,
000065BB,
000074EE,
00007412,
00006215,
00004943,
00003835,
000037D1,
00004536,
000053BD,
000055B9,
000045E8,
00002B1D,
0000139B,
00000B56,
000013C7,
000022F9,
00002A6A,
00002114,
000009AA,
0000F0C9,
0000E453,
0000E9F3,
0000FB39,
00000A0E,
00000A6B,
0000FA9B,
0000E46A,
0000D66C,
0000D9F2,
0000EC9E,
00000203,
00000C25,
0000050E,
0000F2E1,
0000E392,
0000E34A,
0000F3FD,
00000C03,
00001CB6,
00001C6E,
00000D1F,
0000FAF2,
0000F3DB,
0000FDFD,
00001362,
0000260E,
00002994,
00001B96,
00000565,
0000F595,
0000F5F2,
000004C7,
0000160D,
00001BAD,
00000F37,
0000F656,
0000DEEC,
0000D596,
0000DD07,
0000EC39,
0000F4AA,
0000EC65,
0000D4E3,
0000BA18,
0000AA47,
0000AC43,
0000BACA,
0000C82F,
0000C7CB,
0000B6BD,
00009DEB,
00008BEE,
00008B12,
00009A45,
0000ADDB,
0000B794,
0000B06A,
00009D62,
00008C1B,
00008968,
0000987F,
0000B0BA,
0000C382,
0000C64D,
0000B9D2,
0000A980,
0000A395,
0000AF4A,
0000C7CD,
0000DF84,
0000E95C,
0000E1B6,
0000D0DA,
0000C539,
0000C975,
0000DD0C,
0000F4A2,
000001CE,
0000FCFE,
0000EA9D,
0000D810,
0000D27E,
0000DDC3,
0000F1CD,
0000002C,
0000FE06,
0000EB8A,
0000D3E3,
0000C58E,
0000C86D,
0000D86D,
0000E858,
0000EAFC,
0000DC44,
0000C418,
0000B0F6,
0000AE0B,
0000BB91,
0000CEB0,
0000D8FD,
0000D26F,
0000BEE9,
0000AB99,
0000A5EB,
0000B256,
0000C94B,
0000DC68,
0000E05C,
0000D4A9,
0000C3F8,
0000BCBF,
0000C74C,
0000E003,
0000F9D2,
00000724,
00000327,
0000F515,
0000EB2A,
0000F0D3,
000006C4,
0000226E,
00003538,
00003674,
00002952,
00001A9F,
000017F1,
00002645,
00003E8E,
00005281,
0000566B,
00004931,
00003516,
000028AB,
00002CD0,
00003E99,
0000515B,
00005762,
00004B68,
0000343A,
00002019,
00001AF6,
0000264A,
0000381D,
000041F1,
00003ABF,
0000253D,
00000E0B,
00000311,
000009FF,
00001C69,
00002C41,
00002D83,
00001E83,
00000914,
0000FBD3,
00000014,
00001385,
000029BE,
000034C9,
00002EB6,
00001DAC,
00000FA7,
000010D1,
00002323,
00003CF7,
00004FA5,
00005189,
00004494,
000034EC,
00003085,
00003D7E,
000055DB,
00006B9B,
0000724A,
00006785,
00005495,
00004805,
00004B9B,
00005D9A,
000071F0,
00007A7E,
000070CF,
00005A81,
00004574,
00003E3D,
00004788,
00005848,
000061F9,
00005AA0,
000043B6,
0000292B,
00001942,
00001ACE,
0000288F,
000034D9,
0000330A,
00002044,
00000573,
0000F135,
0000EDDC,
0000FA5E,
00000B16,
000011CD,
00000785,
0000F14C,
0000DCC6,
0000D6D2,
0000E2AB,
0000F7B5,
0000075D,
00000723,
0000F7C3,
0000E4AF,
0000DC2A,
0000E571,
0000FBB3,
00001158,
0000194E,
00000FF5,
0000FD93,
0000F096,
0000F39E,
00000621,
00001CC3,
00002914,
00002379,
00001058,
0000FD11,
0000F6C0,
0000013B,
0000146A,
000021D7,
00001E9B,
00000AE6,
0000F1DA,
0000E1EC,
0000E2FD,
0000F0F5,
0000FE9A,
0000FEB9,
0000ED3C,
0000D20A,
0000BBA3,
0000B536,
0000BEFF,
0000CE2A,
0000D451,
0000C971,
0000B173,
0000998B,
00008F2E,
000096DA,
0000A909,
0000B762,
0000B69D,
0000A643,
00009106,
00008566,
00008BB7,
0000A065,
0000B666,
0000C02A,
0000B8E3,
0000A7D0,
00009B32,
00009E76,
0000B254,
0000CC3D,
0000DD95,
0000DDAF,
0000CFB7,
0000C077,
0000BD80,
0000CBCB,
0000E444,
0000F89B,
0000FD15,
0000F08F,
0000DD46,
0000D1C3,
0000D6DD,
0000E9A1,
0000FD5D,
00000455,
0000F93F,
0000E2E0,
0000CF73,
0000CAE5,
0000D6AC,
0000E8CD,
0000F2C7,
0000EB93,
0000D5E7,
0000BE64,
0000B2F4,
0000B94A,
0000CAFD,
0000DA05,
0000DA62,
0000CA6F,
0000B406,
0000A5C9,
0000A916,
0000BBA1,
0000D10B,
0000DB64,
0000D4C5,
0000C35C,
0000B52B,
0000B664,
0000C904,
0000E36C,
0000F6F7,
0000FA04,
0000EE88,
0000E0A9,
0000DE5D,
0000EDC1,
000008D8,
000021A0,
00002B9F,
0000246F,
00001554,
00000CD1,
000014A7,
00002B11,
000043F5,
0000512C,
00004C38,
00003AAF,
00002A67,
000027ED,
000035E5,
00004B3B,
00005961,
00005657,
0000438E,
00002CF2,
000020C1,
000025CA,
000036CA,
00004614,
00004705,
000036BE,
00001E2C,
00000BF1,
00000A61,
00001876,
00002A91,
0000327F,
00002947,
000013FE,
00000052,
0000FB26,
000007BC,
00001D81,
00002DEA,
00002E7C,
00001FF9,
00000DDC,
0000066C,
000010EB,
0000288C,
00003FBD,
0000496A,
000041F8,
000031AB,
000026F2,
00002C6D,
0000418E,
00005AF6,
00006A30,
0000679C,
0000579C,
00004787,
00004475,
00005232,
0000689F,
0000793C,
0000791D,
00006866,
00005233,
000044F2,
0000487A,
000058AD,
0000684C,
00006A1C,
00005A04,
00003FE5,
00002A3C,
00002437,
00002E10,
00003CF3,
0000427B,
000036A6,
00001D61,
000003E3,
0000F7A7,
0000FD2F,
00000CFB,
000018BA,
0000152A,
000001DE,
0000E990,
0000DAC6,
0000DDDD,
0000EF4A,
0000020A,
00000895,
0000FE28,
0000EA03,
0000DA6F,
0000DAE1,
0000EC12,
00000378,
0000127A,
0000106D,
0000007D,
0000EF76,
0000EAE5,
0000F7C1,
00000EF3,
00002229,
000025A1,
00001836,
0000041B,
0000F7D5,
0000FC32,
00000E3A,
00002133,
0000275A,
00001B5B,
000003F8,
0000EF64,
0000E984,
0000F3CA,
00000435,
00000C41,
000002E4,
0000EAD1,
0000D0A6,
0000C24E,
0000C57B,
0000D3C9,
0000DF2D,
0000DBAF,
0000C7AC,
0000AD04,
00009A5F,
00009922,
0000A708,
0000B7B8,
0000BD4E,
0000B1E9,
00009BC0,
000088DF,
0000857F,
000093A7,
0000A9BE,
0000B928,
0000B84C,
0000A922,
000097DA,
0000926C,
00009EF9,
0000B789,
0000CE18,
0000D630,
0000CD6A,
0000BD08,
0000B38D,
0000BAB5,
0000D0B8,
0000E977,
0000F6C6,
0000F21E,
0000E112,
0000D16F,
0000CFBB,
0000DE92,
0000F4D7,
000003F6,
000001E8,
0000F016,
0000DA65,
0000CF0C,
0000D4D6,
0000E67A,
0000F646,
0000F796,
0000E787,
0000CF06,
0000BCB3,
0000BAE3,
0000C893,
0000DA25,
0000E169,
0000D76C,
0000C147,
0000ACAE,
0000A689,
0000B224,
0000C6F1,
0000D66D,
0000D624,
0000C6E1,
0000B425,
0000AC41,
0000B67C,
0000CE11,
0000E572,
0000EF93,
0000E8DB,
0000D995,
0000D031,
0000D750,
0000EE68,
00000A15,
00001BE6,
00001C37,
00000F67,
000002C8,
0000036E,
00001520,
00002FB7,
000044AC,
0000490C,
00003CF3,
00002B74,
000022F4,
00002B43,
00004038,
0000548C,
00005AFE,
00004F6A,
000039AC,
0000283A,
0000263B,
000033E6,
00004661,
00004F44,
0000468C,
00003023,
00001942,
00000F61,
00001708,
000028B7,
00003622,
0000340A,
00002207,
00000AD9,
0000FD0F,
00000108,
00001344,
000026C6,
00002E0D,
0000245C,
000010FC,
0000023E,
0000039B,
000015D2,
00002E60,
00003EB0,
00003E19,
00002FCC,
00002095,
00001E04,
00002D10,
000046A0,
00005C61,
0000628D,
000057FB,
000046DA,
00003DAA,
00004533,
00005A75,
000070AF,
00007A17,
0000714F,
00005D12,
00004B8B,
00004897,
0000559E,
0000689B,
000072FF,
00006BBA,
00005579,
00003CD6,
00002FB6,
000033C8,
000042A5,
00004E42,
00004AA4,
00003628,
00001AB3,
000006EB,
0000043C,
00001063,
00001F0E,
0000225C,
00001476,
0000FB99,
0000E5D6,
0000DF72,
0000EA79,
0000FD5C,
00000987,
00000569,
0000F304,
0000DE8B,
0000D601,
0000DF8B,
0000F538,
00000908,
00000E8A,
00000359,
0000F0BC,
0000E534,
0000EA7E,
0000FED2,
0000160D,
00002204,
00001C2B,
00000A10,
0000F97C,
0000F6EE,
000004FA,
00001A81,
000028E6,
00002618,
0000137B,
0000FCEE,
0000F09F,
0000F552,
000005B7,
00001419,
000013CB,
000001E9,
0000E75B,
0000D2BD,
0000CE63,
0000D948,
0000E7CE,
0000EBC8,
0000DE42,
0000C45C,
0000ABC9,
0000A17A,
0000A8C0,
0000B910,
0000C3F2,
0000BEF9,
0000AAF6,
00009375,
000086CD,
00008C4F,
00009F3F,
0000B218,
0000B7D6,
0000ACE7,
0000999D,
00008C70,
00009006,
0000A3DA,
0000BC8F,
0000CBB4,
0000C9A8,
0000BACB,
0000AC72,
0000ABAD,
0000BC43,
0000D60B,
0000EA7A,
0000EE97,
0000E27B,
0000D131,
0000C919,
0000D1FB,
0000E7A8,
0000FCD1,
0000042A,
0000F98D,
0000E4CB,
0000D453,
0000D345,
0000E1D1,
0000F518,
0000FEAD,
0000F687,
0000E08E,
0000C9F6,
0000C039,
0000C7DA,
0000D95C,
0000E672,
0000E3E0,
0000D142,
0000B95B,
0000AABE,
0000ADD2,
0000BF19,
0000D1A0,
0000D7ED,
0000CD48,
0000B905,
0000A979,
0000AA27,
0000BBD7,
0000D40A,
0000E433,
0000E3B0,
0000D5B8,
0000C71B,
0000C56D,
0000D5AA,
0000F0BB,
0000084B,
00001099,
0000087A,
0000FA1C,
0000F3FA,
0000FED9,
000017B6,
000031C9,
00003F43,
00003AC1,
00002AF2,
00001DFB,
00001FB2,
00003176,
00004938,
00005861,
000055D8,
00004443,
00003032,
00002784,
00002FE1,
000042DB,
00005262,
00005277,
00004173,
00002937,
00001869,
00001873,
00002713,
000037F8,
00003D45,
00003122,
000019D3,
0000056E,
0000003D,
00000C51,
00002023,
00002D26,
000029CE,
00001826,
00000469,
0000FCA0,
000006F6,
00001D83,
0000324D,
000038E8,
00002EF3,
00001DB8,
000013BE,
00001AC4,
00003102,
00004A59,
00005899,
00005536,
000045BC,
000037F0,
0000384E,
00004966,
0000620F,
000073A8,
00007419,
000064BE,
0000516C,
0000484D,
00005019,
0000637B,
000074B3,
0000770D,
0000679E,
00004F44,
00003C99,
000039E9,
0000462C,
000055BD,
00005A6E,
00004D48,
0000336A,
00001A87,
00000F91,
000015DA,
000024DD,
00002E22,
00002742,
00001115,
0000F72D,
0000E7E6,
0000EA9B,
0000FA95,
00000A58,
00000CEA,
0000FEC1,
0000E835,
0000D7C8,
0000D828,
0000E8D6,
0000FE7B,
00000AAD,
000005D2,
0000F44D,
0000E376,
0000E05F,
0000EED3,
000006A6,
00001951,
00001BD8,
00000E51,
0000FBC5,
0000F28F,
0000FA73,
00000F3A,
00002393,
00002A2B,
00001ED1,
00000952,
0000F817,
0000F636,
000003D7,
00001616,
00001E80,
00001504,
0000FD87,
0000E535,
0000D984,
0000DEF6,
0000EE0B,
0000F873,
0000F2F4,
0000DD28,
0000C1D4,
0000AF8E,
0000AEC2,
0000BBF5,
0000CA3A,
0000CC1A,
0000BCE8,
0000A3FE,
00008FB8,
00008BA2,
0000988C,
0000AC00,
0000B77B,
0000B262,
00009FF5,
00008D0B,
00008741,
00009399,
0000AB03,
0000BF31,
0000C464,
0000B974,
0000A895,
0000A041,
0000A941,
0000C090,
0000D964,
0000E5ED,
0000E0C3,
0000D093,
0000C37D,
0000C551,
0000D766,
0000EFA8,
0000FF7A,
0000FDB9,
0000ED04,
0000D9E4,
0000D231,
0000DB8A,
0000EF79,
0000FFE9,
000000D3,
0000F08F,
0000D8F3,
0000C8A5,
0000C90B,
0000D7E0,
0000E8D2,
0000EE02,
0000E19D,
0000C9E5,
0000B4F4,
0000AF16,
0000BA63,
0000CD57,
0000D96C,
0000D51B,
0000C277,
0000ADC2,
0000A50D,
0000AE8B,
0000C45B,
0000D88A,
0000DEB4,
0000D480,
0000C33E,
0000B97B,
0000C0FB,
0000D7FB,
0000F25F,
000001F9,
00000043,
0000F2C7,
0000E74A,
0000EA45,
0000FE49,
00001A28,
00002F3D,
0000336C,
0000280A,
000018E7,
00001424,
00002073,
00003875,
00004E62,
0000557E,
00004AD5,
0000373D,
00002946,
00002B35,
00003BF9,
00004FE8,
000058CB,
00004FA8,
00003995,
00002446,
00001CA6,
00002606,
000037DF,
000043BA,
00003F31,
00002B1D,
00001312,
00000572,
00000999,
00001ADA,
00002BBB,
00002F48,
000021FF,
00000C41,
0000FC96,
0000FDB1,
00000F1B,
00002587,
00003291,
00002EA3,
00001E27,
00000E7A,
00000CB4,
00001CA2,
0000361E,
00004A9E,
00004F29,
000043D5,
000033AB,
00002D03,
0000379E,
00004F44,
0000669A,
0000704A,
0000681D,
000055D9,
000047DE,
0000493D,
00005A15,
00006F79,
00007AED,
0000745A,
00005F99,
000049D3,
00004075,
000047F8,
000058D9,
000064C2,
00006074,
00004B85,
000030B9,
00001EA3,
00001DAF,
00002A63,
000037D1,
00003888,
000027DD,
00000D2D,
0000F6DC,
0000F07A,
0000FADD,
00000B97,
0000142C,
00000C0C,
0000F67D,
0000E05E,
0000D755,
0000E06C,
0000F49A,
00000598,
000007B0,
0000F9C2,
0000E602,
0000DAF4,
0000E161,
0000F64A,
00000CE6,
00001765,
00001062,
0000FE88,
0000EFF4,
0000F073,
00000159,
0000188F,
00002771,
000024D8,
0000135B,
0000FF7E,
0000F710,
0000FFA8,
000012CB,
0000225C,
0000224E,
000010EE,
0000F812,
0000E655,
0000E519,
0000F216,
000000F3,
000003D3,
0000F4DE,
0000DA55,
0000C253,
0000B925,
0000C0E5,
0000D011,
0000D828,
0000CFAA,
0000B8AB,
00009F78,
00009226,
000096F2,
0000A801,
0000B76B,
0000B8D2,
0000A9E7,
00009402,
000085BA,
000088DA,
00009BA7,
0000B20C,
0000BDE4,
0000B8AB,
0000A7F1,
00009981,
000099D7,
0000AB85,
0000C560,
0000D8C2,
0000DB8E,
0000CF18,
0000BF2D,
0000B9E9,
0000C5FB,
0000DDFF,
0000F427,
0000FBAF,
0000F19D,
0000DEBF,
0000D19F,
0000D479,
0000E633,
0000FB1E,
000004FA,
0000FCC7,
0000E794,
0000D30E,
0000CC1D,
0000D60D,
0000E852,
0000F474,
0000F009,
0000DBEC,
0000C3B0,
0000B5B8,
0000B963,
0000CA05,
0000DA2B,
0000DCE4,
0000CEB3,
0000B800,
0000A759,
0000A779,
0000B7F2,
0000CD7C,
0000D9BB,
0000D521,
0000C421,
0000B41D,
0000B237,
0000C23E,
0000DC14,
0000F135,
0000F6AB,
0000EC8F,
0000DDEC,
0000D91D,
0000E5E1,
00000000,
00001A1F,
000026E3,
00002214,
00001371,
00000955,
00000ECB,
000023EC,
00003DC2,
00004DC9,
00004BE3,
00003BDF,
00002ADF,
00002645,
00003284,
0000480E,
00005887,
000058A7,
00004800,
0000314D,
0000231C,
000025D5,
000035FB,
0000469D,
00004A48,
00003C50,
00002414,
00000FF7,
00000B8C,
000017AE,
000029F3,
000033E3,
00002CF2,
0000186C,
00000339,
0000FB06,
000004E2,
000019CD,
00002B87,
00002E61,
00002141,
00000E63,
00000451,
00000BD9,
00002201,
00003A05,
00004617,
000040D3,
000030E8,
00002472,
0000273E,
00003AA0,
0000547B,
00006629,
0000667F,
0000580F,
00004755,
0000421C,
00004DF4,
00006459,
00007726,
00007A46,
00006BFE,
00005619,
0000472E,
00004895,
000057FF,
0000690E,
00006DDA,
00006088,
00004755,
00003056,
000027D8,
00002FEF,
00003F1B,
000046DB,
00003DAD,
000025AB,
00000B22,
0000FC2D,
0000FF0D,
00000DEA,
00001AE7,
000019AB,
000007EE,
0000EF12,
0000DDB2,
0000DDA4,
0000ED35,
00000058,
000008F0,
00000082,
0000ECA5,
0000DB28,
0000D88F,
0000E771,
0000FEA7,
00000F8D,
0000100C,
00000178,
0000EF9E,
0000E89B,
0000F31A,
000009B6,
00001E9F,
0000250C,
000019FE,
0000063E,
0000F850,
0000FA68,
00000B66,
00001F94,
000028AB,
00001FA2,
00000983,
0000F3F4,
0000EBD4,
0000F469,
00000523,
00000F86,
00000924,
0000F2D3,
0000D823,
0000C778,
0000C82F,
0000D59D,
0000E251,
0000E15D,
0000CF47,
0000B47B,
00009F8C,
00009B3E,
0000A727,
0000B808,
0000BF8B,
0000B62D,
0000A067,
00008BA6,
00008513,
00009087,
0000A5EB,
0000B6C3,
0000B822,
0000AA27,
000097E3,
00008FB6,
00009966,
0000B0BC,
0000C862,
0000D2FD,
0000CC55,
0000BC2B,
0000B0D7,
0000B562,
0000C9E2,
0000E35E,
0000F34C,
0000F186,
0000E1D9,
0000D15D,
0000CD6F,
0000DA79,
0000F0E5,
0000024F,
0000036A,
0000F3BF,
0000DE01,
0000D0B8,
0000D445,
0000E526,
0000F667,
0000FA8E,
0000ECEE,
0000D4E3,
0000C0CF,
0000BC46,
0000C821,
0000D9FA,
0000E35A,
0000DBBA,
0000C66B,
0000B058,
0000A735,
0000B018,
0000C407,
0000D4CB,
0000D6BA,
0000C8C3,
0000B52B,
0000AA82,
0000B19E,
0000C78B,
0000DF8D,
0000EBDC,
0000E719,
0000D7F6,
0000CC94,
0000D0C3,
0000E5D8,
000001B7,
000015BB,
000018B6,
00000D39,
0000FFBD,
0000FE07,
00000DA1,
00002805,
00003F05,
00004685,
00003CC2,
00002B80,
0000214C,
00002776,
00003BA5,
00005175,
00005AF3,
0000523E,
00003D89,
00002AE5,
00002694,
000032A9,
0000459D,
000050EA,
00004B0C,
0000361B,
00001E63,
000011FE,
0000172E,
00002820,
000036F5,
0000375B,
0000270D,
00000F71,
0000FF2D,
00000017,
00001087,
00002476,
00002DCF,
0000261C,
000012FC,
00000247,
00000086,
00001058,
0000289A,
00003AAF,
00003C83,
00002F6D,
00001F3D,
00001A13,
0000269C,
00003F70,
000056BF,
00005FBF,
0000576B,
0000468C,
00003B9C,
000040CF,
000054FD,
00006C67,
000078BF,
000072F5,
0000600B,
00004D9E,
00004885,
00005400,
00006774,
0000745E,
00007048,
00005C02,
00004318,
000033E6,
000035C6,
0000440B,
0000513E,
00005072,
00003E2C,
000022D8,
00000D0C,
0000078D,
000011F5,
0000210A,
0000267C,
00001ACB,
00000279,
0000EAFC,
0000E180,
0000E9EA,
0000FC29,
000009CA,
000007E9,
0000F6AE,
0000E12F,
0000D5D5,
0000DC6D,
0000F0C6,
0000058D,
00000D71,
0000043B,
0000F1AF,
0000E428,
0000E6AF,
0000F95A,
0000112D,
00001FA1,
00001C8A,
00000BB3,
0000FA2E,
0000F553,
00000185,
0000172A,
000027D8,
00002838,
000017CB,
0000013F,
0000F316,
0000F5A8,
0000056B,
00001565,
0000181A,
000008D3,
0000EEEB,
0000D8BE,
0000D1DE,
0000DB23,
0000EA26,
0000F06F,
0000E579,
0000CC96,
0000B2B8,
0000A592,
0000AA43,
0000B9D4,
0000C617,
0000C367,
0000B0BC,
00009862,
000088F3,
00008B4D,
00009C85,
0000AFE7,
0000B7B3,
0000AE94,
00009B42,
00008BE7,
00008C58,
00009DF1,
0000B69A,
0000C7B2,
0000C810,
0000BA44,
0000AACA,
0000A767,
0000B5A7,
0000CEFE,
0000E53C,
0000EC42,
0000E248,
0000D10D,
0000C718,
0000CDB3,
0000E27D,
0000F90A,
00000360,
0000FB97,
0000E7DA,
0000D632,
0000D2DA,
0000DFDD,
0000F3AF,
0000FFC3,
0000FA92,
0000E62D,
0000CEDE,
0000C2BB,
0000C808,
0000D8ED,
0000E78D,
0000E797,
0000D6C9,
0000BE8D,
0000AD89,
0000AD9E,
0000BD25,
0000D01F,
0000D87C,
0000CFCE,
0000BBBD,
0000AA28,
0000A79F,
0000B6C8,
0000CE8A,
0000E04E,
0000E205,
0000D50E,
0000C53F,
0000C0BD,
0000CE37,
0000E84A,
00000127,
00000C06,
000005E4,
0000F786,
0000EF67,
0000F7B5,
00000F45,
00002A56,
00003A93,
000038E5,
00002A48,
00001C50,
00001BCD,
00002BF6,
00004429,
000055D9,
00005687,
000046FB,
000032B8,
00002813,
00002E60,
000040E7,
0000522E,
00005542,
000046A5,
00002EBE,
00001C20,
0000198E,
000026A4,
00003826,
00003FC7,
0000360A,
00001F72,
00000979,
00000153,
00000AE8,
00001E2F,
00002CBB,
00002BAD,
00001B35,
00000673,
0000FBD6,
0000032F,
00001858,
00002E05,
000036E7,
00002ECF,
00001D85,
00001169,
00001586,
000029F5,
000043BD,
00005453,
0000538E,
00004535,
00003658,
0000344C,
00004371,
00005C26,
00006FFA,
00007390,
00006663,
00005319,
0000482A,
00004DE8,
000060C1,
000073B1,
00007933,
00006C8B,
0000550A,
00004107,
00003C0E,
000046F0,
00005740,
00005E86,
00005437,
00003BA4,
000021BE,
00001438,
00001832,
000026B8,
0000319D,
00002D43,
000018A5,
0000FE17,
0000EC35,
0000EBE7,
0000FA49,
00000AAE,
00000F61,
00000312,
0000EC85,
0000D9E8,
0000D71A,
0000E57F,
0000FB06,
00000912,
00000684,
0000F5F0,
0000E3D5,
0000DDFC,
0000E9F3,
0000012E,
00001582,
00001ACC,
00000F44,
0000FCA7,
0000F176,
0000F6F8,
00000AC8,
00002075,
000029FF,
00002175,
00000CFC,
0000FA97,
0000F679,
000002A4,
00001587,
0000208E,
00001A2A,
00000467,
0000EB8A,
0000DDA4,
0000E0F2,
0000EF9D,
0000FBC4,
0000F915,
0000E54D,
0000C9D8,
0000B55C,
0000B1BE,
0000BD5B,
0000CC38,
0000D04A,
0000C32A,
0000AA87,
00009446,
00008D01,
00009765,
0000AA62,
0000B769,
0000B475,
0000A2EE,
00008EB1,
000085E9,
00008F51,
0000A58B,
0000BACD,
0000C256,
0000B926,
0000A805,
00009D73,
0000A39F,
0000B960,
0000D2F0,
0000E1FC,
0000DF6B,
0000D034,
0000C1E7,
0000C150,
0000D1A0,
0000EA2E,
0000FC65,
0000FDC2,
0000EF04,
0000DBA4,
0000D1F3,
0000D93A,
0000ECBC,
0000FEF8,
000002F1,
0000F527,
0000DDF9,
0000CBF6,
0000C9DE,
0000D749,
0000E8F8,
0000F09F,
0000E6BE,
0000CFDD,
0000B974,
0000B0BC,
0000B99F,
0000CC1A,
0000D9C5,
0000D7C6,
0000C654,
0000B096,
0000A502,
0000AB74,
0000BFC8,
0000D4BD,
0000DD0C,
0000D48C,
0000C30D,
0000B6F4,
0000BB54,
0000D049,
0000EAE0,
0000FC92,
0000FD38,
0000F099,
0000E3C9,
0000E41A,
0000F5EB,
00001198,
000028B0,
00002FCF,
0000266B,
00001725,
0000106D,
00001A8E,
000031EF,
00004984,
000053BF,
00004BDB,
0000391F,
000029DC,
00002993,
0000390F,
00004DDC,
00005977,
00005352,
00003EB9,
00002894,
00001E97,
000025DB,
0000376D,
0000451D,
0000434D,
000030FA,
00001879,
0000086A,
000009BA,
00001986,
00002B2A,
000030F4,
0000259B,
00000FEA,
0000FE18,
0000FC0A,
00000B29,
0000216E,
00003045,
00002E91,
00001EEE,
00000DE2,
0000093A,
00001689,
00002F48,
0000454B,
00004C73,
000042F8,
00003296,
000029D0,
000031E8,
00004877,
00006107,
00006D94,
00006826,
000056DE,
000047B4,
000046D8,
00005642,
00006C59,
00007A81,
00007721,
00006440,
00004E17,
000042B2,
00004848,
000058F8,
000066DE,
000065A1,
000052FC,
00003854,
00002451,
000020D3,
00002C37,
00003A85,
00003DB2,
00002F5A,
0000152F,
0000FD1C,
0000F3BF,
0000FBCB,
00000C36,
0000167C,
0000109C,
0000FC08,
0000E4A5,
0000D8A6,
0000DECD,
0000F1C6,
000003CE,
0000082B,
0000FBE5,
0000E7CA,
0000DA5F,
0000DDD7,
0000F10D,
0000083F,
0000151B,
0000108A,
0000FF83,
0000EF93,
0000ED86,
0000FC88,
000013EE,
0000251F,
00002591,
000015FD,
000001D8,
0000F76B,
0000FDF6,
000010B6,
00002223,
0000253A,
00001670,
0000FE22,
0000EAD6,
0000E746,
0000F305,
000002D1,
00000859,
0000FC1D,
0000E29F,
0000C95A,
0000BD85,
0000C30D,
0000D1F0,
0000DBC9,
0000D5C4,
0000C01B,
0000A5FC,
000095E4,
000097B4,
0000A753,
0000B786,
0000BB0E,
0000ADCD,
0000979A,
000086E3,
000086C4,
00009761,
0000ADCE,
0000BB8B,
0000B879,
0000A864,
00009864,
000095D0,
0000A50A,
0000BE72,
0000D393,
0000D90E,
0000CE55,
0000BE08,
0000B696,
0000C043,
0000D774,
0000EF15,
0000F994,
0000F224,
0000E007,
0000D184,
0000D216,
0000E27F,
0000F844,
000004DA,
0000FFAE,
0000EC02,
0000D6B9,
0000CD81,
0000D56F,
0000E78A,
0000F59F,
0000F40F,
0000E1D4,
0000C942,
0000B8FB,
0000B9EC,
0000C936,
0000DA36,
0000DF3F,
0000D30E,
0000BC72,
0000A9A9,
0000A69F,
0000B4C5,
0000CA1B,
0000D813,
0000D599,
0000C551,
0000B3C8,
0000AED4,
0000BC0B,
0000D4EF,
0000EB59,
0000F32F,
0000EAAC,
0000DB91,
0000D461,
0000DE60,
0000F728,
0000123F,
000021A3,
00001F57,
00001178,
000005FC,
00000909,
00001C94,
000036FC,
0000499C,
00004AD5,
00003CA4,
00002B3B,
0000249C,
00002EF5,
0000445F,
000056EA,
00005A37,
00004BFA,
00003591,
0000259E,
000025FB,
00003503,
000046B6,
00004D0C,
0000419C,
00002A19,
0000146D,
00000D39,
00001733,
00002954,
0000351B,
0000308D,
00001D20,
000006C1,
0000FBAB,
000002A3,
0000165F,
00002923,
00002E3D,
000022BA,
00000F71,
000002EB,
00000765,
00001BBC,
00003435,
00004280,
00003F89,
00003049,
00002251,
0000226B,
000033C3,
00004DAC,
0000618A,
000064CE,
00005830,
0000471D,
00003FD6,
0000499A,
00005F9B,
00007449,
00007A9A,
00006EFA,
000059BD,
00004963,
0000489E,
000056F7,
00006926,
000070D2,
00006675,
00004E8D,
0000368F,
00002BAF,
000031D6,
00004101,
00004ACA,
0000445D,
00002DF6,
000012C4,
00000147,
00000166,
00000F0B,
00001D03,
00001E14,
00000E26,
0000F51A,
0000E165,
0000DE29,
0000EB96,
0000FEC5,
00000940,
000002EF,
0000EFA8,
0000DC87,
0000D6EC,
0000E33D,
0000F9DF,
00000C62,
00000F6A,
0000026D,
0000F00B,
0000E6B2,
0000EEA8,
0000044D,
00001A8F,
000023D6,
00001B51,
0000083D,
0000F8DD,
0000F8A3,
0000084B,
00001D55,
0000292E,
0000233A,
00000EB4,
0000F87B,
0000EE33,
0000F4EA,
000005A2,
00001224,
00000ECB,
0000FA8D,
0000DFBC,
0000CCF6,
0000CB27,
0000D771,
0000E532,
0000E6BE,
0000D6D5,
0000BC4A,
0000A560,
00009E07,
0000A7B8,
0000B878,
0000C1C3,
0000BA8C,
0000A57F,
00008F31,
00008582,
00008E10,
0000A266,
0000B465,
0000B7FB,
0000AB6B,
0000987B,
00008DB6,
00009465,
0000AA25,
0000C282,
0000CF7B,
0000CB14,
0000BB6C,
0000AE77,
0000B05B,
0000C309,
0000DCDD,
0000EF2F,
0000F059,
0000E254,
0000D14A,
0000CB37,
0000D642,
0000EC7B,
0000FFEC,
0000042D,
0000F6EC,
0000E17D,
0000D27D,
0000D3BF,
0000E397,
0000F601,
0000FCEF,
0000F1F5,
0000DAC3,
0000C541,
0000BE0F,
0000C7E3,
0000D9B6,
0000E50A,
0000DFE7,
0000CBC6,
0000B498,
0000A89E,
0000AEA5,
0000C167,
0000D330,
0000D755,
0000CAEA,
0000B6CF,
0000A995,
0000AD7F,
0000C172,
0000D9BB,
0000E80F,
0000E561,
0000D6AE,
0000C98C,
0000CAC8,
0000DD92,
0000F93C,
00000F2D,
000014D6,
00000AEB,
0000FCD9,
0000F8DC,
0000062E,
00001FFD,
000038B4,
00004341,
00003C08,
00002B57,
00001FA4,
00002398,
000036B5,
00004DAA,
00005A15,
00005467,
00004117,
00002D91,
00002703,
00003150,
0000446F,
000051F5,
00004F0A,
00003BE8,
000023BC,
00001504,
000017A8,
00002793,
00003793,
00003A72,
00002C1D,
00001476,
000001FA,
0000FFD4,
00000E33,
0000223D,
00002D82,
000027F0,
00001563,
00000302,
0000FE32,
00000B5E,
000022F4,
0000368B,
00003AC7,
00002F26,
00001E4A,
000016A4,
0000207C,
00003833,
000050B6,
00005C6B,
00005680,
0000462E,
000039B3,
00003C7E,
00004F46,
00006781,
00007698,
000073E5,
0000629E,
00004F96,
0000486C,
00005225,
000065BB,
000074EE,
00007412,
00006215,
00004943,
00003835,
000037D1,
00004536,
000053BD,
000055B9,
000045E8,
00002B1D,
0000139B,
00000B56,
000013C7,
000022F9,
00002A6A,
00002114,
000009AA,
0000F0C9,
0000E453,
0000E9F3,
0000FB39,
00000A0E,
00000A6B,
0000FA9B,
0000E46A,
0000D66C,
0000D9F2,
0000EC9E,
00000203,
00000C25,
0000050E,
0000F2E1,
0000E392,
0000E34A,
0000F3FD,
00000C03,
00001CB6,
00001C6E,
00000D1F,
0000FAF2,
0000F3DB,
0000FDFD,
00001362,
0000260E,
00002994,
00001B96,
00000565,
0000F595,
0000F5F2,
000004C7,
0000160D,
00001BAD,
00000F37,
0000F656,
0000DEEC,
0000D596,
0000DD07,
0000EC39,
0000F4AA,
0000EC65,
0000D4E3,
0000BA18,
0000AA47,
0000AC43,
0000BACA,
0000C82F,
0000C7CB,
0000B6BD,
00009DEB,
00008BEE,
00008B12,
00009A45,
0000ADDB,
0000B794,
0000B06A,
00009D62,
00008C1B,
00008968,
0000987F,
0000B0BA,
0000C382,
0000C64D,
0000B9D2,
0000A980,
0000A395,
0000AF4A,
0000C7CD,
0000DF84,
0000E95C,
0000E1B6,
0000D0DA,
0000C539,
0000C975,
0000DD0C,
0000F4A2,
000001CE,
0000FCFE,
0000EA9D,
0000D810,
0000D27E,
0000DDC3,
0000F1CD,
0000002C,
0000FE06,
0000EB8A,
0000D3E3,
0000C58E,
0000C86D,
0000D86D,
0000E858,
0000EAFC,
0000DC44,
0000C418,
0000B0F6,
0000AE0B,
0000BB91,
0000CEB0,
0000D8FD,
0000D26F,
0000BEE9,
0000AB99,
0000A5EB,
0000B256,
0000C94B,
0000DC68,
0000E05C,
0000D4A9,
0000C3F8,
0000BCBF,
0000C74C,
0000E003,
0000F9D2,
00000724,
00000327,
0000F515,
0000EB2A,
0000F0D3,
000006C4,
0000226E,
00003538,
00003674,
00002952,
00001A9F,
000017F1,
00002645,
00003E8E,
00005281,
0000566B,
00004931,
00003516,
000028AB,
00002CD0,
00003E99,
0000515B,
00005762,
00004B68,
0000343A,
00002019,
00001AF6,
0000264A,
0000381D,
000041F1,
00003ABF,
0000253D,
00000E0B,
00000311,
000009FF,
00001C69,
00002C41,
00002D83,
00001E83,
00000914,
0000FBD3,
00000014,
00001385,
000029BE,
000034C9,
00002EB6,
00001DAC,
00000FA7,
000010D1,
00002323,
00003CF7,
00004FA5,
00005189,
00004494,
000034EC,
00003085,
00003D7E,
000055DB,
00006B9B,
0000724A,
00006785,
00005495,
00004805,
00004B9B,
00005D9A,
000071F0,
00007A7E,
000070CF,
00005A81,
00004574,
00003E3D,
00004788,
00005848,
000061F9,
00005AA0,
000043B6,
0000292B,
00001942,
00001ACE,
0000288F,
000034D9,
0000330A,
00002044,
00000573,
0000F135,
0000EDDC,
0000FA5E,
00000B16,
000011CD,
00000785,
0000F14C,
0000DCC6,
0000D6D2,
0000E2AB,
0000F7B5,
0000075D,
00000723,
0000F7C3,
0000E4AF,
0000DC2A,
0000E571,
0000FBB3,
00001158,
0000194E,
00000FF5,
0000FD93,
0000F096,
0000F39E,
00000621,
00001CC3,
00002914,
00002379,
00001058,
0000FD11,
0000F6C0,
0000013B,
0000146A,
000021D7,
00001E9B,
00000AE6,
0000F1DA,
0000E1EC,
0000E2FD,
0000F0F5,
0000FE9A,
0000FEB9,
0000ED3C,
0000D20A,
0000BBA3,
0000B536,
0000BEFF,
0000CE2A,
0000D451,
0000C971,
0000B173,
0000998B,
00008F2E,
000096DA,
0000A909,
0000B762,
0000B69D,
0000A643,
00009106,
00008566,
00008BB7,
0000A065,
0000B666,
0000C02A,
0000B8E3,
0000A7D0,
00009B32,
00009E76,
0000B254,
0000CC3D,
0000DD95,
0000DDAF,
0000CFB7,
0000C077,
0000BD80,
0000CBCB,
0000E444,
0000F89B,
0000FD15,
0000F08F,
0000DD46,
0000D1C3,
0000D6DD,
0000E9A1,
0000FD5D,
00000455,
0000F93F,
0000E2E0,
0000CF73,
0000CAE5,
0000D6AC,
0000E8CD,
0000F2C7,
0000EB93,
0000D5E7,
0000BE64,
0000B2F4,
0000B94A,
0000CAFD,
0000DA05,
0000DA62,
0000CA6F,
0000B406,
0000A5C9,
0000A916,
0000BBA1,
0000D10B,
0000DB64,
0000D4C5,
0000C35C,
0000B52B,
0000B664,
0000C904,
0000E36C,
0000F6F7,
0000FA04,
0000EE88,
0000E0A9,
0000DE5D,
0000EDC1,
000008D8,
000021A0,
00002B9F,
0000246F,
00001554,
00000CD1,
000014A7,
00002B11,
000043F5,
0000512C,
00004C38,
00003AAF,
00002A67,
000027ED,
000035E5,
00004B3B,
00005961,
00005657,
0000438E,
00002CF2,
000020C1,
000025CA,
000036CA,
00004614,
00004705,
000036BE,
00001E2C,
00000BF1,
00000A61,
00001876,
00002A91,
0000327F,
00002947,
000013FE,
00000052,
0000FB26,
000007BC,
00001D81,
00002DEA,
00002E7C,
00001FF9,
00000DDC,
0000066C,
000010EB,
0000288C,
00003FBD,
0000496A,
000041F8,
000031AB,
000026F2,
00002C6D,
0000418E,
00005AF6,
00006A30,
0000679C,
0000579C,
00004787,
00004475,
00005232,
0000689F,
0000793C,
0000791D,
00006866,
00005233,
000044F2,
0000487A,
000058AD,
0000684C,
00006A1C,
00005A04,
00003FE5,
00002A3C,
00002437,
00002E10,
00003CF3,
0000427B,
000036A6,
00001D61,
000003E3,
0000F7A7,
0000FD2F,
00000CFB,
000018BA,
0000152A,
000001DE,
0000E990,
0000DAC6,
0000DDDD,
0000EF4A,
0000020A,
00000895,
0000FE28,
0000EA03,
0000DA6F,
0000DAE1,
0000EC12,
00000378,
0000127A,
0000106D,
0000007D,
0000EF76,
0000EAE5,
0000F7C1,
00000EF3,
00002229,
000025A1,
00001836,
0000041B,
0000F7D5,
0000FC32,
00000E3A,
00002133,
0000275A,
00001B5B,
000003F8,
0000EF64,
0000E984,
0000F3CA,
00000435,
00000C41,
000002E4,
0000EAD1,
0000D0A6,
0000C24E,
0000C57B,
0000D3C9,
0000DF2D,
0000DBAF,
0000C7AC,
0000AD04,
00009A5F,
00009922,
0000A708,
0000B7B8,
0000BD4E,
0000B1E9,
00009BC0,
000088DF,
0000857F,
000093A7,
0000A9BE,
0000B928,
0000B84C,
0000A922,
000097DA,
0000926C,
00009EF9,
0000B789,
0000CE18,
0000D630,
0000CD6A,
0000BD08,
0000B38D,
0000BAB5,
0000D0B8,
0000E977,
0000F6C6,
0000F21E,
0000E112,
0000D16F,
0000CFBB,
0000DE92,
0000F4D7,
000003F6,
000001E8,
0000F016,
0000DA65,
0000CF0C,
0000D4D6,
0000E67A,
0000F646,
0000F796,
0000E787,
0000CF06,
0000BCB3,
0000BAE3,
0000C893,
0000DA25,
0000E169,
0000D76C,
0000C147,
0000ACAE,
0000A689,
0000B224,
0000C6F1,
0000D66D,
0000D624,
0000C6E1,
0000B425,
0000AC41,
0000B67C,
0000CE11,
0000E572,
0000EF93,
0000E8DB,
0000D995,
0000D031,
0000D750,
0000EE68,
00000A15,
00001BE6,
00001C37,
00000F67,
000002C8,
0000036E,
00001520,
00002FB7,
000044AC,
0000490C,
00003CF3,
00002B74,
000022F4,
00002B43,
00004038,
0000548C,
00005AFE,
00004F6A,
000039AC,
0000283A,
0000263B,
000033E6,
00004661,
00004F44,
0000468C,
00003023,
00001942,
00000F61,
00001708,
000028B7,
00003622,
0000340A,
00002207,
00000AD9,
0000FD0F,
00000108,
00001344,
000026C6,
00002E0D,
0000245C,
000010FC,
0000023E,
0000039B,
000015D2,
00002E60,
00003EB0,
00003E19,
00002FCC,
00002095,
00001E04,
00002D10,
000046A0,
00005C61,
0000628D,
000057FB,
000046DA,
00003DAA,
00004533,
00005A75,
000070AF,
00007A17,
0000714F,
00005D12,
00004B8B,
00004897,
0000559E,
0000689B,
000072FF,
00006BBA,
00005579,
00003CD6,
00002FB6,
000033C8,
000042A5,
00004E42,
00004AA4,
00003628,
00001AB3,
000006EB,
0000043C,
00001063,
00001F0E,
0000225C,
00001476,
0000FB99,
0000E5D6,
0000DF72,
0000EA79,
0000FD5C,
00000987,
00000569,
0000F304,
0000DE8B,
0000D601,
0000DF8B,
0000F538,
00000908,
00000E8A,
00000359,
0000F0BC,
0000E534,
0000EA7E,
0000FED2,
0000160D,
00002204,
00001C2B,
00000A10,
0000F97C,
0000F6EE,
000004FA,
00001A81,
000028E6,
00002618,
0000137B,
0000FCEE,
0000F09F,
0000F552,
000005B7,
00001419,
000013CB,
000001E9,
0000E75B,
0000D2BD,
0000CE63,
0000D948,
0000E7CE,
0000EBC8,
0000DE42,
0000C45C,
0000ABC9,
0000A17A,
0000A8C0,
0000B910,
0000C3F2,
0000BEF9,
0000AAF6,
00009375,
000086CD,
00008C4F,
00009F3F,
0000B218,
0000B7D6,
0000ACE7,
0000999D,
00008C70,
00009006,
0000A3DA,
0000BC8F,
0000CBB4,
0000C9A8,
0000BACB,
0000AC72,
0000ABAD,
0000BC43,
0000D60B,
0000EA7A,
0000EE97,
0000E27B,
0000D131,
0000C919,
0000D1FB,
0000E7A8,
0000FCD1,
0000042A,
0000F98D,
0000E4CB,
0000D453,
0000D345,
0000E1D1,
0000F518,
0000FEAD,
0000F687,
0000E08E,
0000C9F6,
0000C039,
0000C7DA,
0000D95C,
0000E672,
0000E3E0,
0000D142,
0000B95B,
0000AABE,
0000ADD2,
0000BF19,
0000D1A0,
0000D7ED,
0000CD48,
0000B905,
0000A979,
0000AA27,
0000BBD7,
0000D40A,
0000E433,
0000E3B0,
0000D5B8,
0000C71B,
0000C56D,
0000D5AA,
0000F0BB,
0000084B,
00001099,
0000087A,
0000FA1C,
0000F3FA,
0000FED9,
000017B6,
000031C9,
00003F43,
00003AC1,
00002AF2,
00001DFB,
00001FB2,
00003176,
00004938,
00005861,
000055D8,
00004443,
00003032,
00002784,
00002FE1,
000042DB,
00005262,
00005277,
00004173,
00002937,
00001869,
00001873,
00002713,
000037F8,
00003D45,
00003122,
000019D3,
0000056E,
0000003D,
00000C51,
00002023,
00002D26,
000029CE,
00001826,
00000469,
0000FCA0,
000006F6,
00001D83,
0000324D,
000038E8,
00002EF3,
00001DB8,
000013BE,
00001AC4,
00003102,
00004A59,
00005899,
00005536,
000045BC,
000037F0,
0000384E,
00004966,
0000620F,
000073A8,
00007419,
000064BE,
0000516C,
0000484D,
00005019,
0000637B,
000074B3,
0000770D,
0000679E,
00004F44,
00003C99,
000039E9,
0000462C,
000055BD,
00005A6E,
00004D48,
0000336A,
00001A87,
00000F91,
000015DA,
000024DD,
00002E22,
00002742,
00001115,
0000F72D,
0000E7E6,
0000EA9B,
0000FA95,
00000A58,
00000CEA,
0000FEC1,
0000E835,
0000D7C8,
0000D828,
0000E8D6,
0000FE7B,
00000AAD,
000005D2,
0000F44D,
0000E376,
0000E05F,
0000EED3,
000006A6,
00001951,
00001BD8,
00000E51,
0000FBC5,
0000F28F,
0000FA73,
00000F3A,
00002393,
00002A2B,
00001ED1,
00000952,
0000F817,
0000F636,
000003D7,
00001616,
00001E80,
00001504,
0000FD87,
0000E535,
0000D984,
0000DEF6,
0000EE0B,
0000F873,
0000F2F4,
0000DD28,
0000C1D4,
0000AF8E,
0000AEC2,
0000BBF5,
0000CA3A,
0000CC1A,
0000BCE8,
0000A3FE,
00008FB8,
00008BA2,
0000988C,
0000AC00,
0000B77B,
0000B262,
00009FF5,
00008D0B,
00008741,
00009399,
0000AB03,
0000BF31,
0000C464,
0000B974,
0000A895,
0000A041,
0000A941,
0000C090,
0000D964,
0000E5ED,
0000E0C3,
0000D093,
0000C37D,
0000C551,
0000D766,
0000EFA8,
0000FF7A,
0000FDB9,
0000ED04,
0000D9E4,
0000D231,
0000DB8A,
0000EF79,
0000FFE9,
000000D3,
0000F08F,
0000D8F3,
0000C8A5,
0000C90B,
0000D7E0,
0000E8D2,
0000EE02,
0000E19D,
0000C9E5,
0000B4F4,
0000AF16,
0000BA63,
0000CD57,
0000D96C,
0000D51B,
0000C277,
0000ADC2,
0000A50D,
0000AE8B,
0000C45B,
0000D88A,
0000DEB4,
0000D480,
0000C33E,
0000B97B,
0000C0FB,
0000D7FB,
0000F25F,
000001F9,
00000043,
0000F2C7,
0000E74A,
0000EA45,
0000FE49,
00001A28,
00002F3D,
0000336C,
0000280A,
000018E7,
00001424,
00002073,
00003875,
00004E62,
0000557E,
00004AD5,
0000373D,
00002946,
00002B35,
00003BF9,
00004FE8,
000058CB,
00004FA8,
00003995,
00002446,
00001CA6,
00002606,
000037DF,
000043BA,
00003F31,
00002B1D,
00001312,
00000572,
00000999,
00001ADA,
00002BBB,
00002F48,
000021FF,
00000C41,
0000FC96,
0000FDB1,
00000F1B,
00002587,
00003291,
00002EA3,
00001E27,
00000E7A,
00000CB4,
00001CA2,
0000361E,
00004A9E,
00004F29,
000043D5,
000033AB,
00002D03,
0000379E,
00004F44,
0000669A,
0000704A,
0000681D,
000055D9,
000047DE,
0000493D,
00005A15,
00006F79,
00007AED,
0000745A,
00005F99,
000049D3,
00004075,
000047F8,
000058D9,
000064C2,
00006074,
00004B85,
000030B9,
00001EA3,
00001DAF,
00002A63,
000037D1,
00003888,
000027DD,
00000D2D,
0000F6DC,
0000F07A,
0000FADD,
00000B97,
0000142C,
00000C0C,
0000F67D,
0000E05E,
0000D755,
0000E06C,
0000F49A,
00000598,
000007B0,
0000F9C2,
0000E602,
0000DAF4,
0000E161,
0000F64A,
00000CE6,
00001765,
00001062,
0000FE88,
0000EFF4,
0000F073,
00000159,
0000188F,
00002771,
000024D8,
0000135B,
0000FF7E,
0000F710,
0000FFA8,
000012CB,
0000225C,
0000224E,
000010EE,
0000F812,
0000E655,
0000E519,
0000F216,
000000F3,
000003D3,
0000F4DE,
0000DA55,
0000C253,
0000B925,
0000C0E5,
0000D011,
0000D828,
0000CFAA,
0000B8AB,
00009F78,
00009226,
000096F2,
0000A801,
0000B76B,
0000B8D2,
0000A9E7,
00009402,
000085BA,
000088DA,
00009BA7,
0000B20C,
0000BDE4,
0000B8AB,
0000A7F1,
00009981,
000099D7,
0000AB85,
0000C560,
0000D8C2,
0000DB8E,
0000CF18,
0000BF2D,
0000B9E9,
0000C5FB,
0000DDFF,
0000F427,
0000FBAF,
0000F19D,
0000DEBF,
0000D19F,
0000D479,
0000E633,
0000FB1E,
000004FA,
0000FCC7,
0000E794,
0000D30E,
0000CC1D,
0000D60D,
0000E852,
0000F474,
0000F009,
0000DBEC,
0000C3B0,
0000B5B8,
0000B963,
0000CA05,
0000DA2B,
0000DCE4,
0000CEB3,
0000B800,
0000A759,
0000A779,
0000B7F2,
0000CD7C,
0000D9BB,
0000D521,
0000C421,
0000B41D,
0000B237,
0000C23E,
0000DC14,
0000F135,
0000F6AB,
0000EC8F,
0000DDEC,
0000D91D,
0000E5E1,
00000000,
00001A1F,
000026E3,
00002214,
00001371,
00000955,
00000ECB,
000023EC,
00003DC2,
00004DC9,
00004BE3,
00003BDF,
00002ADF,
00002645,
00003284,
0000480E,
00005887,
000058A7,
00004800,
0000314D,
0000231C,
000025D5,
000035FB,
0000469D,
00004A48,
00003C50,
00002414,
00000FF7,
00000B8C,
000017AE,
000029F3,
000033E3,
00002CF2,
0000186C,
00000339,
0000FB06,
000004E2,
000019CD,
00002B87,
00002E61,
00002141,
00000E63,
00000451,
00000BD9,
00002201,
00003A05,
00004617,
000040D3,
000030E8,
00002472,
0000273E,
00003AA0,
0000547B,
00006629,
0000667F,
0000580F,
00004755,
0000421C,
00004DF4,
00006459,
00007726,
00007A46,
00006BFE,
00005619,
0000472E,
00004895,
000057FF,
0000690E,
00006DDA,
00006088,
00004755,
00003056,
000027D8,
00002FEF,
00003F1B,
000046DB,
00003DAD,
000025AB,
00000B22,
0000FC2D,
0000FF0D,
00000DEA,
00001AE7,
000019AB,
000007EE,
0000EF12,
0000DDB2,
0000DDA4,
0000ED35,
00000058,
000008F0,
00000082,
0000ECA5,
0000DB28,
0000D88F,
0000E771,
0000FEA7,
00000F8D,
0000100C,
00000178,
0000EF9E,
0000E89B,
0000F31A,
000009B6,
00001E9F,
0000250C,
000019FE,
0000063E,
0000F850,
0000FA68,
00000B66,
00001F94,
000028AB,
00001FA2,
00000983,
0000F3F4,
0000EBD4,
0000F469,
00000523,
00000F86,
00000924,
0000F2D3,
0000D823,
0000C778,
0000C82F,
0000D59D,
0000E251,
0000E15D,
0000CF47,
0000B47B,
00009F8C,
00009B3E,
0000A727,
0000B808,
0000BF8B,
0000B62D,
0000A067,
00008BA6,
00008513,
00009087,
0000A5EB,
0000B6C3,
0000B822,
0000AA27,
000097E3,
00008FB6,
00009966,
0000B0BC,
0000C862,
0000D2FD,
0000CC55,
0000BC2B,
0000B0D7,
0000B562,
0000C9E2,
0000E35E,
0000F34C,
0000F186,
0000E1D9,
0000D15D,
0000CD6F,
0000DA79,
0000F0E5,
0000024F,
0000036A,
0000F3BF,
0000DE01,
0000D0B8,
0000D445,
0000E526,
0000F667,
0000FA8E,
0000ECEE,
0000D4E3,
0000C0CF,
0000BC46,
0000C821,
0000D9FA,
0000E35A,
0000DBBA,
0000C66B,
0000B058,
0000A735,
0000B018,
0000C407,
0000D4CB,
0000D6BA,
0000C8C3,
0000B52B,
0000AA82,
0000B19E,
0000C78B,
0000DF8D,
0000EBDC,
0000E719,
0000D7F6,
0000CC94,
0000D0C3,
0000E5D8,
000001B7,
000015BB,
000018B6,
00000D39,
0000FFBD,
0000FE07,
00000DA1,
00002805,
00003F05,
00004685,
00003CC2,
00002B80,
0000214C,
00002776,
00003BA5,
00005175,
00005AF3,
0000523E,
00003D89,
00002AE5,
00002694,
000032A9,
0000459D,
000050EA,
00004B0C,
0000361B,
00001E63,
000011FE,
0000172E,
00002820,
000036F5,
0000375B,
0000270D,
00000F71,
0000FF2D,
00000017,
00001087,
00002476,
00002DCF,
0000261C,
000012FC,
00000247,
00000086,
00001058,
0000289A,
00003AAF,
00003C83,
00002F6D,
00001F3D,
00001A13,
0000269C,
00003F70,
000056BF,
00005FBF,
0000576B,
0000468C,
00003B9C,
000040CF,
000054FD,
00006C67,
000078BF,
000072F5,
0000600B,
00004D9E,
00004885,
00005400,
00006774,
0000745E,
00007048,
00005C02,
00004318,
000033E6,
000035C6,
0000440B,
0000513E,
00005072,
00003E2C,
000022D8,
00000D0C,
0000078D,
000011F5,
0000210A,
0000267C,
00001ACB,
00000279,
0000EAFC,
0000E180,
0000E9EA,
0000FC29,
000009CA,
000007E9,
0000F6AE,
0000E12F,
0000D5D5,
0000DC6D,
0000F0C6,
0000058D,
00000D71,
0000043B,
0000F1AF,
0000E428,
0000E6AF,
0000F95A,
0000112D,
00001FA1,
00001C8A,
00000BB3,
0000FA2E,
0000F553,
00000185,
0000172A,
000027D8,
00002838,
000017CB,
0000013F,
0000F316,
0000F5A8,
0000056B,
00001565,
0000181A,
000008D3,
0000EEEB,
0000D8BE,
0000D1DE,
0000DB23,
0000EA26,
0000F06F,
0000E579,
0000CC96,
0000B2B8,
0000A592,
0000AA43,
0000B9D4,
0000C617,
0000C367,
0000B0BC,
00009862,
000088F3,
00008B4D,
00009C85,
0000AFE7,
0000B7B3,
0000AE94,
00009B42,
00008BE7,
00008C58,
00009DF1,
0000B69A,
0000C7B2,
0000C810,
0000BA44,
0000AACA,
0000A767,
0000B5A7,
0000CEFE,
0000E53C,
0000EC42,
0000E248,
0000D10D,
0000C718,
0000CDB3,
0000E27D,
0000F90A,
00000360,
0000FB97,
0000E7DA,
0000D632,
0000D2DA,
0000DFDD,
0000F3AF,
0000FFC3,
0000FA92,
0000E62D,
0000CEDE,
0000C2BB,
0000C808,
0000D8ED,
0000E78D,
0000E797,
0000D6C9,
0000BE8D,
0000AD89,
0000AD9E,
0000BD25,
0000D01F,
0000D87C,
0000CFCE,
0000BBBD,
0000AA28,
0000A79F,
0000B6C8,
0000CE8A,
0000E04E,
0000E205,
0000D50E,
0000C53F,
0000C0BD,
0000CE37,
0000E84A,
00000127,
00000C06,
000005E4,
0000F786,
0000EF67,
0000F7B5,
00000F45,
00002A56,
00003A93,
000038E5,
00002A48,
00001C50,
00001BCD,
00002BF6,
00004429,
000055D9,
00005687,
000046FB,
000032B8,
00002813,
00002E60,
000040E7,
0000522E,
00005542,
000046A5,
00002EBE,
00001C20,
0000198E,
000026A4,
00003826,
00003FC7,
0000360A,
00001F72,
00000979,
00000153,
00000AE8,
00001E2F,
00002CBB,
00002BAD,
00001B35,
00000673,
0000FBD6,
0000032F,
00001858,
00002E05,
000036E7,
00002ECF,
00001D85,
00001169,
00001586,
000029F5,
000043BD,
00005453,
0000538E,
00004535,
00003658,
0000344C,
00004371,
00005C26,
00006FFA,
00007390,
00006663,
00005319,
0000482A,
00004DE8,
000060C1,
000073B1,
00007933,
00006C8B,
0000550A,
00004107,
00003C0E,
000046F0,
00005740,
00005E86,
00005437,
00003BA4,
000021BE,
00001438,
00001832,
000026B8,
0000319D,
00002D43,
000018A5,
0000FE17,
0000EC35,
0000EBE7,
0000FA49,
00000AAE,
00000F61,
00000312,
0000EC85,
0000D9E8,
0000D71A,
0000E57F,
0000FB06,
00000912,
00000684,
0000F5F0,
0000E3D5,
0000DDFC,
0000E9F3,
0000012E,
00001582,
00001ACC,
00000F44,
0000FCA7,
0000F176,
0000F6F8,
00000AC8,
00002075,
000029FF,
00002175,
00000CFC,
0000FA97,
0000F679,
000002A4,
00001587,
0000208E,
00001A2A,
00000467,
0000EB8A,
0000DDA4,
0000E0F2,
0000EF9D,
0000FBC4,
0000F915,
0000E54D,
0000C9D8,
0000B55C,
0000B1BE,
0000BD5B,
0000CC38,
0000D04A,
0000C32A,
0000AA87,
00009446,
00008D01,
00009765,
0000AA62,
0000B769,
0000B475,
0000A2EE,
00008EB1,
000085E9,
00008F51,
0000A58B,
0000BACD,
0000C256,
0000B926,
0000A805,
00009D73,
0000A39F,
0000B960,
0000D2F0,
0000E1FC,
0000DF6B,
0000D034,
0000C1E7,
0000C150,
0000D1A0,
0000EA2E,
0000FC65,
0000FDC2,
0000EF04,
0000DBA4,
0000D1F3,
0000D93A,
0000ECBC,
0000FEF8,
000002F1,
0000F527,
0000DDF9,
0000CBF6,
0000C9DE,
0000D749,
0000E8F8,
0000F09F,
0000E6BE,
0000CFDD,
0000B974,
0000B0BC,
0000B99F,
0000CC1A,
0000D9C5,
0000D7C6,
0000C654,
0000B096,
0000A502,
0000AB74,
0000BFC8,
0000D4BD,
0000DD0C,
0000D48C,
0000C30D,
0000B6F4,
0000BB54,
0000D049,
0000EAE0,
0000FC92,
0000FD38,
0000F099,
0000E3C9,
0000E41A,
0000F5EB,
00001198,
000028B0,
00002FCF,
0000266B,
00001725,
0000106D,
00001A8E,
000031EF,
00004984,
000053BF,
00004BDB,
0000391F,
000029DC,
00002993,
0000390F,
00004DDC,
00005977,
00005352,
00003EB9,
00002894,
00001E97,
000025DB,
0000376D,
0000451D,
0000434D,
000030FA,
00001879,
0000086A,
000009BA,
00001986,
00002B2A,
000030F4,
0000259B,
00000FEA,
0000FE18,
0000FC0A,
00000B29,
0000216E,
00003045,
00002E91,
00001EEE,
00000DE2,
0000093A,
00001689,
00002F48,
0000454B,
00004C73,
000042F8,
00003296,
000029D0,
000031E8,
00004877,
00006107,
00006D94,
00006826,
000056DE,
000047B4,
000046D8,
00005642,
00006C59,
00007A81,
00007721,
00006440,
00004E17,
000042B2,
00004848,
000058F8,
000066DE,
000065A1,
000052FC,
00003854,
00002451,
000020D3,
00002C37,
00003A85,
00003DB2,
00002F5A,
0000152F,
0000FD1C,
0000F3BF,
0000FBCB,
00000C36,
0000167C,
0000109C,
0000FC08,
0000E4A5,
0000D8A6,
0000DECD,
0000F1C6,
000003CE,
0000082B,
0000FBE5,
0000E7CA,
0000DA5F,
0000DDD7,
0000F10D,
0000083F,
0000151B,
0000108A,
0000FF83,
0000EF93,
0000ED86,
0000FC88,
000013EE,
0000251F,
00002591,
000015FD,
000001D8,
0000F76B,
0000FDF6,
000010B6,
00002223,
0000253A,
00001670,
0000FE22,
0000EAD6,
0000E746,
0000F305,
000002D1,
00000859,
0000FC1D,
0000E29F,
0000C95A,
0000BD85,
0000C30D,
0000D1F0,
0000DBC9,
0000D5C4,
0000C01B,
0000A5FC,
000095E4,
000097B4,
0000A753,
0000B786,
0000BB0E,
0000ADCD,
0000979A,
000086E3,
000086C4,
00009761,
0000ADCE,
0000BB8B,
0000B879,
0000A864,
00009864,
000095D0,
0000A50A,
0000BE72,
0000D393,
0000D90E,
0000CE55,
0000BE08,
0000B696,
0000C043,
0000D774,
0000EF15,
0000F994,
0000F224,
0000E007,
0000D184,
0000D216,
0000E27F,
0000F844,
000004DA,
0000FFAE,
0000EC02,
0000D6B9,
0000CD81,
0000D56F,
0000E78A,
0000F59F,
0000F40F,
0000E1D4,
0000C942,
0000B8FB,
0000B9EC,
0000C936,
0000DA36,
0000DF3F,
0000D30E,
0000BC72,
0000A9A9,
0000A69F,
0000B4C5,
0000CA1B,
0000D813,
0000D599,
0000C551,
0000B3C8,
0000AED4,
0000BC0B,
0000D4EF,
0000EB59,
0000F32F,
0000EAAC,
0000DB91,
0000D461,
0000DE60,
0000F728,
0000123F,
000021A3,
00001F57,
00001178,
000005FC,
00000909,
00001C94,
000036FC,
0000499C,
00004AD5,
00003CA4,
00002B3B,
0000249C,
00002EF5,
0000445F,
000056EA,
00005A37,
00004BFA,
00003591,
0000259E,
000025FB,
00003503,
000046B6,
00004D0C,
0000419C,
00002A19,
0000146D,
00000D39,
00001733,
00002954,
0000351B,
0000308D,
00001D20,
000006C1,
0000FBAB,
000002A3,
0000165F,
00002923,
00002E3D,
000022BA,
00000F71,
000002EB,
00000765,
00001BBC,
00003435,
00004280,
00003F89,
00003049,
00002251,
0000226B,
000033C3,
00004DAC,
0000618A,
000064CE,
00005830,
0000471D,
00003FD6,
0000499A,
00005F9B,
00007449,
00007A9A,
00006EFA,
000059BD,
00004963,
0000489E,
000056F7,
00006926,
000070D2,
00006675,
00004E8D,
0000368F,
00002BAF,
000031D6,
00004101,
00004ACA,
0000445D,
00002DF6,
000012C4,
00000147,
00000166,
00000F0B,
00001D03,
00001E14,
00000E26,
0000F51A,
0000E165,
0000DE29,
0000EB96,
0000FEC5,
00000940,
000002EF,
0000EFA8,
0000DC87,
0000D6EC,
0000E33D,
0000F9DF,
00000C62,
00000F6A,
0000026D,
0000F00B,
0000E6B2,
0000EEA8,
0000044D,
00001A8F,
000023D6,
00001B51,
0000083D,
0000F8DD,
0000F8A3,
0000084B,
00001D55,
0000292E,
0000233A,
00000EB4,
0000F87B,
0000EE33,
0000F4EA,
000005A2,
00001224,
00000ECB,
0000FA8D,
0000DFBC,
0000CCF6,
0000CB27,
0000D771,
0000E532,
0000E6BE,
0000D6D5,
0000BC4A,
0000A560,
00009E07,
0000A7B8,
0000B878,
0000C1C3,
0000BA8C,
0000A57F,
00008F31,
00008582,
00008E10,
0000A266,
0000B465,
0000B7FB,
0000AB6B,
0000987B,
00008DB6,
00009465,
0000AA25,
0000C282,
0000CF7B,
0000CB14,
0000BB6C,
0000AE77,
0000B05B,
0000C309,
0000DCDD,
0000EF2F,
0000F059,
0000E254,
0000D14A,
0000CB37,
0000D642,
0000EC7B,
0000FFEC,
0000042D,
0000F6EC,
0000E17D,
0000D27D,
0000D3BF,
0000E397,
0000F601,
0000FCEF,
0000F1F5,
0000DAC3,
0000C541,
0000BE0F,
0000C7E3,
0000D9B6,
0000E50A,
0000DFE7,
0000CBC6,
0000B498,
0000A89E,
0000AEA5,
0000C167,
0000D330,
0000D755,
0000CAEA,
0000B6CF,
0000A995,
0000AD7F,
0000C172,
0000D9BB,
0000E80F,
0000E561,
0000D6AE,
0000C98C,
0000CAC8,
0000DD92,
0000F93C,
00000F2D,
000014D6,
00000AEB,
0000FCD9,
0000F8DC,
0000062E,
00001FFD,
000038B4,
00004341,
00003C08,
00002B57,
00001FA4,
00002398,
000036B5,
00004DAA,
00005A15,
00005467,
00004117,
00002D91,
00002703,
00003150,
0000446F,
000051F5,
00004F0A,
00003BE8,
000023BC,
00001504,
000017A8,
00002793,
00003793,
00003A72,
00002C1D,
00001476,
000001FA,
0000FFD4,
00000E33,
0000223D,
00002D82,
000027F0,
00001563,
00000302,
0000FE32,
00000B5E,
000022F4,
0000368B,
00003AC7,
00002F26,
00001E4A,
000016A4,
0000207C,
00003833,
000050B6,
00005C6B,
00005680,
0000462E,
000039B3,
00003C7E,
00004F46,
00006781,
00007698,
000073E5,
0000629E,
00004F96,
0000486C,
00005225,
000065BB,
000074EE,
00007412,
00006215,
00004943,
00003835,
000037D1,
00004536,
000053BD,
000055B9,
000045E8,
00002B1D,
0000139B,
00000B56,
000013C7,
000022F9,
00002A6A,
00002114,
000009AA,
0000F0C9,
0000E453,
0000E9F3,
0000FB39,
00000A0E,
00000A6B,
0000FA9B,
0000E46A,
0000D66C,
0000D9F2,
0000EC9E,
00000203,
00000C25,
0000050E,
0000F2E1,
0000E392,
0000E34A,
0000F3FD,
00000C03,
00001CB6,
00001C6E,
00000D1F,
0000FAF2,
0000F3DB,
0000FDFD,
00001362,
0000260E,
00002994,
00001B96,
00000565,
0000F595,
0000F5F2,
000004C7,
0000160D,
00001BAD,
00000F37,
0000F656,
0000DEEC,
0000D596,
0000DD07,
0000EC39,
0000F4AA,
0000EC65,
0000D4E3,
0000BA18,
0000AA47,
0000AC43,
0000BACA,
0000C82F,
0000C7CB,
0000B6BD,
00009DEB,
00008BEE,
00008B12,
00009A45,
0000ADDB,
0000B794,
0000B06A,
00009D62,
00008C1B,
00008968,
0000987F,
0000B0BA,
0000C382,
0000C64D,
0000B9D2,
0000A980,
0000A395,
0000AF4A,
0000C7CD,
0000DF84,
0000E95C,
0000E1B6,
0000D0DA,
0000C539,
0000C975,
0000DD0C,
0000F4A2,
000001CE,
0000FCFE,
0000EA9D,
0000D810,
0000D27E,
0000DDC3,
0000F1CD,
0000002C,
0000FE06,
0000EB8A,
0000D3E3,
0000C58E,
0000C86D,
0000D86D,
0000E858,
0000EAFC,
0000DC44,
0000C418,
0000B0F6,
0000AE0B,
0000BB91,
0000CEB0,
0000D8FD,
0000D26F,
0000BEE9,
0000AB99,
0000A5EB,
0000B256,
0000C94B,
0000DC68,
0000E05C,
0000D4A9,
0000C3F8,
0000BCBF,
0000C74C,
0000E003,
0000F9D2,
00000724,
00000327,
0000F515,
0000EB2A,
0000F0D3,
000006C4,
0000226E,
00003538,
00003674,
00002952,
00001A9F,
000017F1,
00002645,
00003E8E,
00005281,
0000566B,
00004931,
00003516,
000028AB,
00002CD0,
00003E99,
0000515B,
00005762,
00004B68,
0000343A,
00002019,
00001AF6,
0000264A,
0000381D,
000041F1,
00003ABF,
0000253D,
00000E0B,
00000311,
000009FF,
00001C69,
00002C41,
00002D83,
00001E83,
00000914,
0000FBD3,
00000014,
00001385,
000029BE,
000034C9,
00002EB6,
00001DAC,
00000FA7,
000010D1,
00002323,
00003CF7,
00004FA5,
00005189,
00004494,
000034EC,
00003085,
00003D7E,
000055DB,
00006B9B,
0000724A,
00006785,
00005495,
00004805,
00004B9B,
00005D9A,
000071F0,
00007A7E,
000070CF,
00005A81,
00004574,
00003E3D,
00004788,
00005848,
000061F9,
00005AA0,
000043B6,
0000292B,
00001942,
00001ACE,
0000288F,
000034D9,
0000330A,
00002044,
00000573,
0000F135,
0000EDDC,
0000FA5E,
00000B16,
000011CD,
00000785,
0000F14C,
0000DCC6,
0000D6D2,
0000E2AB,
0000F7B5,
0000075D,
00000723,
0000F7C3,
0000E4AF,
0000DC2A,
0000E571,
0000FBB3,
00001158,
0000194E,
00000FF5,
0000FD93,
0000F096,
0000F39E,
00000621,
00001CC3,
00002914,
00002379,
00001058,
0000FD11,
0000F6C0,
0000013B,
0000146A,
000021D7,
00001E9B,
00000AE6,
0000F1DA,
0000E1EC,
0000E2FD,
0000F0F5,
0000FE9A,
0000FEB9,
0000ED3C,
0000D20A,
0000BBA3,
0000B536,
0000BEFF,
0000CE2A,
0000D451,
0000C971,
0000B173,
0000998B,
00008F2E,
000096DA,
0000A909,
0000B762,
0000B69D,
0000A643,
00009106,
00008566,
00008BB7,
0000A065,
0000B666,
0000C02A,
0000B8E3,
0000A7D0,
00009B32,
00009E76,
0000B254,
0000CC3D,
0000DD95,
0000DDAF,
0000CFB7,
0000C077,
0000BD80,
0000CBCB,
0000E444,
0000F89B,
0000FD15,
0000F08F,
0000DD46,
0000D1C3,
0000D6DD,
0000E9A1,
0000FD5D,
00000455,
0000F93F,
0000E2E0,
0000CF73,
0000CAE5,
0000D6AC,
0000E8CD,
0000F2C7,
0000EB93,
0000D5E7,
0000BE64,
0000B2F4,
0000B94A,
0000CAFD,
0000DA05,
0000DA62,
0000CA6F,
0000B406,
0000A5C9,
0000A916,
0000BBA1,
0000D10B,
0000DB64,
0000D4C5,
0000C35C,
0000B52B,
0000B664,
0000C904,
0000E36C,
0000F6F7,
0000FA04,
0000EE88,
0000E0A9,
0000DE5D,
0000EDC1,
000008D8,
000021A0,
00002B9F,
0000246F,
00001554,
00000CD1,
000014A7,
00002B11,
000043F5,
0000512C,
00004C38,
00003AAF,
00002A67,
000027ED,
000035E5,
00004B3B,
00005961,
00005657,
0000438E,
00002CF2,
000020C1,
000025CA,
000036CA,
00004614,
00004705,
000036BE,
00001E2C,
00000BF1,
00000A61,
00001876,
00002A91,
0000327F,
00002947,
000013FE,
00000052,
0000FB26,
000007BC,
00001D81,
00002DEA,
00002E7C,
00001FF9,
00000DDC,
0000066C,
000010EB,
0000288C,
00003FBD,
0000496A,
000041F8,
000031AB,
000026F2,
00002C6D,
0000418E,
00005AF6,
00006A30,
0000679C,
0000579C,
00004787,
00004475,
00005232,
0000689F,
0000793C,
0000791D,
00006866,
00005233,
000044F2,
0000487A,
000058AD,
0000684C,
00006A1C,
00005A04,
00003FE5,
00002A3C,
00002437,
00002E10,
00003CF3,
0000427B,
000036A6,
00001D61,
000003E3,
0000F7A7,
0000FD2F,
00000CFB,
000018BA,
0000152A,
000001DE,
0000E990,
0000DAC6,
0000DDDD,
0000EF4A,
0000020A,
00000895,
0000FE28,
0000EA03,
0000DA6F,
0000DAE1,
0000EC12,
00000378,
0000127A,
0000106D,
0000007D,
0000EF76,
0000EAE5,
0000F7C1,
00000EF3,
00002229,
000025A1,
00001836,
0000041B,
0000F7D5,
0000FC32,
00000E3A,
00002133,
0000275A,
00001B5B,
000003F8,
0000EF64,
0000E984,
0000F3CA,
00000435,
00000C41,
000002E4,
0000EAD1,
0000D0A6,
0000C24E,
0000C57B,
0000D3C9,
0000DF2D,
0000DBAF,
0000C7AC,
0000AD04,
00009A5F,
00009922,
0000A708,
0000B7B8,
0000BD4E,
0000B1E9,
00009BC0,
000088DF,
0000857F,
000093A7,
0000A9BE,
0000B928,
0000B84C,
0000A922,
000097DA,
0000926C,
00009EF9,
0000B789,
0000CE18,
0000D630,
0000CD6A,
0000BD08,
0000B38D,
0000BAB5,
0000D0B8,
0000E977,
0000F6C6,
0000F21E,
0000E112,
0000D16F,
0000CFBB,
0000DE92,
0000F4D7,
000003F6,
000001E8,
0000F016,
0000DA65,
0000CF0C,
0000D4D6,
0000E67A,
0000F646,
0000F796,
0000E787,
0000CF06,
0000BCB3,
0000BAE3,
0000C893,
0000DA25,
0000E169,
0000D76C,
0000C147,
0000ACAE,
0000A689,
0000B224,
0000C6F1,
0000D66D,
0000D624,
0000C6E1,
0000B425,
0000AC41,
0000B67C,
0000CE11,
0000E572,
0000EF93,
0000E8DB,
0000D995,
0000D031,
0000D750,
0000EE68,
00000A15,
00001BE6,
00001C37,
00000F67,
000002C8,
0000036E,
00001520,
00002FB7,
000044AC,
0000490C,
00003CF3,
00002B74,
000022F4,
00002B43,
00004038,
0000548C,
00005AFE,
00004F6A,
000039AC,
0000283A,
0000263B,
000033E6,
00004661,
00004F44,
0000468C,
00003023,
00001942,
00000F61,
00001708,
000028B7,
00003622,
0000340A,
00002207,
00000AD9,
0000FD0F,
00000108,
00001344,
000026C6,
00002E0D,
0000245C,
000010FC,
0000023E,
0000039B,
000015D2,
00002E60,
00003EB0,
00003E19,
00002FCC,
00002095,
00001E04,
00002D10,
000046A0,
00005C61,
0000628D,
000057FB,
000046DA,
00003DAA,
00004533,
00005A75,
000070AF,
00007A17,
0000714F,
00005D12,
00004B8B,
00004897,
0000559E,
0000689B,
000072FF,
00006BBA,
00005579,
00003CD6,
00002FB6,
000033C8,
000042A5,
00004E42,
00004AA4,
00003628,
00001AB3,
000006EB,
0000043C,
00001063,
00001F0E,
0000225C,
00001476,
0000FB99,
0000E5D6,
0000DF72,
0000EA79,
0000FD5C,
00000987,
00000569,
0000F304,
0000DE8B,
0000D601,
0000DF8B,
0000F538,
00000908,
00000E8A,
00000359,
0000F0BC,
0000E534,
0000EA7E,
0000FED2,
0000160D,
00002204,
00001C2B,
00000A10,
0000F97C,
0000F6EE,
000004FA,
00001A81,
000028E6,
00002618,
0000137B,
0000FCEE,
0000F09F,
0000F552,
000005B7,
00001419,
000013CB,
000001E9,
0000E75B,
0000D2BD,
0000CE63,
0000D948,
0000E7CE,
0000EBC8,
0000DE42,
0000C45C,
0000ABC9,
0000A17A,
0000A8C0,
0000B910,
0000C3F2,
0000BEF9,
0000AAF6,
00009375,
000086CD,
00008C4F,
00009F3F,
0000B218,
0000B7D6,
0000ACE7,
0000999D,
00008C70,
00009006,
0000A3DA,
0000BC8F,
0000CBB4,
0000C9A8,
0000BACB,
0000AC72,
0000ABAD,
0000BC43,
0000D60B,
0000EA7A,
0000EE97,
0000E27B,
0000D131,
0000C919,
0000D1FB,
0000E7A8,
0000FCD1,
0000042A,
0000F98D,
0000E4CB,
0000D453,
0000D345,
0000E1D1,
0000F518,
0000FEAD,
0000F687,
0000E08E,
0000C9F6,
0000C039,
0000C7DA,
0000D95C,
0000E672,
0000E3E0,
0000D142,
0000B95B,
0000AABE,
0000ADD2,
0000BF19,
0000D1A0,
0000D7ED,
0000CD48,
0000B905,
0000A979,
0000AA27,
0000BBD7,
0000D40A,
0000E433,
0000E3B0,
0000D5B8,
0000C71B,
0000C56D,
0000D5AA,
0000F0BB,
0000084B,
00001099,
0000087A,
0000FA1C,
0000F3FA,
0000FED9,
000017B6,
000031C9,
00003F43,
00003AC1,
00002AF2,
00001DFB,
00001FB2,
00003176,
00004938,
00005861,
000055D8,
00004443,
00003032,
00002784,
00002FE1,
000042DB,
00005262,
00005277,
00004173,
00002937,
00001869,
00001873,
00002713,
000037F8,
00003D45,
00003122,
000019D3,
0000056E,
0000003D,
00000C51,
00002023,
00002D26,
000029CE,
00001826,
00000469,
0000FCA0,
000006F6,
00001D83,
0000324D,
000038E8,
00002EF3,
00001DB8,
000013BE,
00001AC4,
00003102,
00004A59,
00005899,
00005536,
000045BC,
000037F0,
0000384E,
00004966,
0000620F,
000073A8,
00007419,
000064BE,
0000516C,
0000484D,
00005019,
0000637B,
000074B3,
0000770D,
0000679E,
00004F44,
00003C99,
000039E9,
0000462C,
000055BD,
00005A6E,
00004D48,
0000336A,
00001A87,
00000F91,
000015DA,
000024DD,
00002E22,
00002742,
00001115,
0000F72D,
0000E7E6,
0000EA9B,
0000FA95,
00000A58,
00000CEA,
0000FEC1,
0000E835,
0000D7C8,
0000D828,
0000E8D6,
0000FE7B,
00000AAD,
000005D2,
0000F44D,
0000E376,
0000E05F,
0000EED3,
000006A6,
00001951,
00001BD8,
00000E51,
0000FBC5,
0000F28F,
0000FA73,
00000F3A,
00002393,
00002A2B,
00001ED1,
00000952,
0000F817,
0000F636,
000003D7,
00001616,
00001E80,
00001504,
0000FD87,
0000E535,
0000D984,
0000DEF6,
0000EE0B,
0000F873,
0000F2F4,
0000DD28,
0000C1D4,
0000AF8E,
0000AEC2,
0000BBF5,
0000CA3A,
0000CC1A,
0000BCE8,
0000A3FE,
00008FB8,
00008BA2,
0000988C,
0000AC00,
0000B77B,
0000B262,
00009FF5,
00008D0B,
00008741,
00009399,
0000AB03,
0000BF31,
0000C464,
0000B974,
0000A895,
0000A041,
0000A941,
0000C090,
0000D964,
0000E5ED,
0000E0C3,
0000D093,
0000C37D,
0000C551,
0000D766,
0000EFA8,
0000FF7A,
0000FDB9,
0000ED04,
0000D9E4,
0000D231,
0000DB8A,
0000EF79,
0000FFE9,
000000D3,
0000F08F,
0000D8F3,
0000C8A5,
0000C90B,
0000D7E0,
0000E8D2,
0000EE02,
0000E19D,
0000C9E5,
0000B4F4,
0000AF16,
0000BA63,
0000CD57,
0000D96C,
0000D51B,
0000C277,
0000ADC2,
0000A50D,
0000AE8B,
0000C45B,
0000D88A,
0000DEB4,
0000D480,
0000C33E,
0000B97B,
0000C0FB,
0000D7FB,
0000F25F,
000001F9,
00000043,
0000F2C7,
0000E74A,
0000EA45,
0000FE49,
00001A28,
00002F3D,
0000336C,
0000280A,
000018E7,
00001424,
00002073,
00003875,
00004E62,
0000557E,
00004AD5,
0000373D,
00002946,
00002B35,
00003BF9,
00004FE8,
000058CB,
00004FA8,
00003995,
00002446,
00001CA6,
00002606,
000037DF,
000043BA,
00003F31,
00002B1D,
00001312,
00000572,
00000999,
00001ADA,
00002BBB,
00002F48,
000021FF,
00000C41,
0000FC96,
0000FDB1,
00000F1B,
00002587,
00003291,
00002EA3,
00001E27,
00000E7A,
00000CB4,
00001CA2,
0000361E,
00004A9E,
00004F29,
000043D5,
000033AB,
00002D03,
0000379E,
00004F44,
0000669A,
0000704A,
0000681D,
000055D9,
000047DE,
0000493D,
00005A15,
00006F79,
00007AED,
0000745A,
00005F99,
000049D3,
00004075,
000047F8,
000058D9,
000064C2,
00006074,
00004B85,
000030B9,
00001EA3,
00001DAF,
00002A63,
000037D1,
00003888,
000027DD,
00000D2D,
0000F6DC,
0000F07A,
0000FADD,
00000B97,
0000142C,
00000C0C,
0000F67D,
0000E05E,
0000D755,
0000E06C,
0000F49A,
00000598,
000007B0,
0000F9C2,
0000E602,
0000DAF4,
0000E161,
0000F64A,
00000CE6,
00001765,
00001062,
0000FE88,
0000EFF4,
0000F073,
00000159,
0000188F,
00002771,
000024D8,
0000135B,
0000FF7E,
0000F710,
0000FFA8,
000012CB,
0000225C,
0000224E,
000010EE,
0000F812,
0000E655,
0000E519,
0000F216,
000000F3,
000003D3,
0000F4DE,
0000DA55,
0000C253,
0000B925,
0000C0E5,
0000D011,
0000D828,
0000CFAA,
0000B8AB,
00009F78,
00009226,
000096F2,
0000A801,
0000B76B,
0000B8D2,
0000A9E7,
00009402,
000085BA,
000088DA,
00009BA7,
0000B20C,
0000BDE4,
0000B8AB,
0000A7F1,
00009981,
000099D7,
0000AB85,
0000C560,
0000D8C2,
0000DB8E,
0000CF18,
0000BF2D,
0000B9E9,
0000C5FB,
0000DDFF,
0000F427,
0000FBAF,
0000F19D,
0000DEBF,
0000D19F,
0000D479,
0000E633,
0000FB1E,
000004FA,
0000FCC7,
0000E794,
0000D30E,
0000CC1D,
0000D60D,
0000E852,
0000F474,
0000F009,
0000DBEC,
0000C3B0,
0000B5B8,
0000B963,
0000CA05,
0000DA2B,
0000DCE4,
0000CEB3,
0000B800,
0000A759,
0000A779,
0000B7F2,
0000CD7C,
0000D9BB,
0000D521,
0000C421,
0000B41D,
0000B237,
0000C23E,
0000DC14,
0000F135,
0000F6AB,
0000EC8F,
0000DDEC,
0000D91D,
0000E5E1,
00000000,
00001A1F,
000026E3,
00002214,
00001371,
00000955,
00000ECB,
000023EC,
00003DC2,
00004DC9,
00004BE3,
00003BDF,
00002ADF,
00002645,
00003284,
0000480E,
00005887,
000058A7,
00004800,
0000314D,
0000231C,
000025D5,
000035FB,
0000469D,
00004A48,
00003C50,
00002414,
00000FF7,
00000B8C,
000017AE,
000029F3,
000033E3,
00002CF2,
0000186C,
00000339,
0000FB06,
000004E2,
000019CD,
00002B87,
00002E61,
00002141,
00000E63,
00000451,
00000BD9,
00002201,
00003A05,
00004617,
000040D3,
000030E8,
00002472,
0000273E,
00003AA0,
0000547B,
00006629,
0000667F,
0000580F,
00004755,
0000421C,
00004DF4,
00006459,
00007726,
00007A46,
00006BFE,
00005619,
0000472E,
00004895,
000057FF,
0000690E,
00006DDA,
00006088,
00004755,
00003056,
000027D8,
00002FEF,
00003F1B,
000046DB,
00003DAD,
000025AB,
00000B22,
0000FC2D,
0000FF0D,
00000DEA,
00001AE7,
000019AB,
000007EE,
0000EF12,
0000DDB2,
0000DDA4,
0000ED35,
00000058,
000008F0,
00000082,
0000ECA5,
0000DB28,
0000D88F,
0000E771,
0000FEA7,
00000F8D,
0000100C,
00000178,
0000EF9E,
0000E89B,
0000F31A,
000009B6,
00001E9F,
0000250C,
000019FE,
0000063E,
0000F850,
0000FA68,
00000B66,
00001F94,
000028AB,
00001FA2,
00000983,
0000F3F4,
0000EBD4,
0000F469,
00000523,
00000F86,
00000924,
0000F2D3,
0000D823,
0000C778,
0000C82F,
0000D59D,
0000E251,
0000E15D,
0000CF47,
0000B47B,
00009F8C,
00009B3E,
0000A727,
0000B808,
0000BF8B,
0000B62D,
0000A067,
00008BA6,
00008513,
00009087,
0000A5EB,
0000B6C3,
0000B822,
0000AA27,
000097E3,
00008FB6,
00009966,
0000B0BC,
0000C862,
0000D2FD,
0000CC55,
0000BC2B,
0000B0D7,
0000B562,
0000C9E2,
0000E35E,
0000F34C,
0000F186,
0000E1D9,
0000D15D,
0000CD6F,
0000DA79,
0000F0E5,
0000024F,
0000036A,
0000F3BF,
0000DE01,
0000D0B8,
0000D445,
0000E526,
0000F667,
0000FA8E,
0000ECEE,
0000D4E3,
0000C0CF,
0000BC46,
0000C821,
0000D9FA,
0000E35A,
0000DBBA,
0000C66B,
0000B058,
0000A735,
0000B018,
0000C407,
0000D4CB,
0000D6BA,
0000C8C3,
0000B52B,
0000AA82,
0000B19E,
0000C78B,
0000DF8D,
0000EBDC,
0000E719,
0000D7F6,
0000CC94,
0000D0C3,
0000E5D8,
000001B7,
000015BB,
000018B6,
00000D39,
0000FFBD,
0000FE07,
00000DA1,
00002805,
00003F05,
00004685,
00003CC2,
00002B80,
0000214C,
00002776,
00003BA5,
00005175,
00005AF3,
0000523E,
00003D89,
00002AE5,
00002694,
000032A9,
0000459D,
000050EA,
00004B0C,
0000361B,
00001E63,
000011FE,
0000172E,
00002820,
000036F5,
0000375B,
0000270D,
00000F71,
0000FF2D,
00000017,
00001087,
00002476,
00002DCF,
0000261C,
000012FC,
00000247,
00000086,
00001058,
0000289A,
00003AAF,
00003C83,
00002F6D,
00001F3D,
00001A13,
0000269C,
00003F70,
000056BF,
00005FBF,
0000576B,
0000468C,
00003B9C,
000040CF,
000054FD,
00006C67,
000078BF,
000072F5,
0000600B,
00004D9E,
00004885,
00005400,
00006774,
0000745E,
00007048,
00005C02,
00004318,
000033E6,
000035C6,
0000440B,
0000513E,
00005072,
00003E2C,
000022D8,
00000D0C,
0000078D,
000011F5,
0000210A,
0000267C,
00001ACB,
00000279,
0000EAFC,
0000E180,
0000E9EA,
0000FC29,
000009CA,
000007E9,
0000F6AE,
0000E12F,
0000D5D5,
0000DC6D,
0000F0C6,
0000058D,
00000D71,
0000043B,
0000F1AF,
0000E428,
0000E6AF,
0000F95A,
0000112D,
00001FA1,
00001C8A,
00000BB3,
0000FA2E,
0000F553,
00000185,
0000172A,
000027D8,
00002838,
000017CB,
0000013F,
0000F316,
0000F5A8,
0000056B,
00001565,
0000181A,
000008D3,
0000EEEB,
0000D8BE,
0000D1DE,
0000DB23,
0000EA26,
0000F06F,
0000E579,
0000CC96,
0000B2B8,
0000A592,
0000AA43,
0000B9D4,
0000C617,
0000C367,
0000B0BC,
00009862,
000088F3,
00008B4D,
00009C85,
0000AFE7,
0000B7B3,
0000AE94,
00009B42,
00008BE7,
00008C58,
00009DF1,
0000B69A,
0000C7B2,
0000C810,
0000BA44,
0000AACA,
0000A767,
0000B5A7,
0000CEFE,
0000E53C,
0000EC42,
0000E248,
0000D10D,
0000C718,
0000CDB3,
0000E27D,
0000F90A,
00000360,
0000FB97,
0000E7DA,
0000D632,
0000D2DA,
0000DFDD,
0000F3AF,
0000FFC3,
0000FA92,
0000E62D,
0000CEDE,
0000C2BB,
0000C808,
0000D8ED,
0000E78D,
0000E797,
0000D6C9,
0000BE8D,
0000AD89,
0000AD9E,
0000BD25,
0000D01F,
0000D87C,
0000CFCE,
0000BBBD,
0000AA28,
0000A79F,
0000B6C8,
0000CE8A,
0000E04E,
0000E205,
0000D50E,
0000C53F,
0000C0BD,
0000CE37,
0000E84A,
00000127,
00000C06,
000005E4,
0000F786,
0000EF67,
0000F7B5,
00000F45,
00002A56,
00003A93,
000038E5,
00002A48,
00001C50,
00001BCD,
00002BF6,
00004429,
000055D9,
00005687,
000046FB,
000032B8,
00002813,
00002E60,
000040E7,
0000522E,
00005542,
000046A5,
00002EBE,
00001C20,
0000198E,
000026A4,
00003826,
00003FC7,
0000360A,
00001F72,
00000979,
00000153,
00000AE8,
00001E2F,
00002CBB,
00002BAD,
00001B35,
00000673,
0000FBD6,
0000032F,
00001858,
00002E05,
000036E7,
00002ECF,
00001D85,
00001169,
00001586,
000029F5,
000043BD,
00005453,
0000538E,
00004535,
00003658,
0000344C,
00004371,
00005C26,
00006FFA,
00007390,
00006663,
00005319,
0000482A,
00004DE8,
000060C1,
000073B1,
00007933,
00006C8B,
0000550A,
00004107,
00003C0E,
000046F0,
00005740,
00005E86,
00005437,
00003BA4,
000021BE,
00001438,
00001832,
000026B8,
0000319D,
00002D43,
000018A5,
0000FE17,
0000EC35,
0000EBE7,
0000FA49,
00000AAE,
00000F61,
00000312,
0000EC85,
0000D9E8,
0000D71A,
0000E57F,
0000FB06,
00000912,
00000684,
0000F5F0,
0000E3D5,
0000DDFC,
0000E9F3,
0000012E,
00001582,
00001ACC,
00000F44,
0000FCA7,
0000F176,
0000F6F8,
00000AC8,
00002075,
000029FF,
00002175,
00000CFC,
0000FA97,
0000F679,
000002A4,
00001587,
0000208E,
00001A2A,
00000467,
0000EB8A,
0000DDA4,
0000E0F2,
0000EF9D,
0000FBC4,
0000F915,
0000E54D,
0000C9D8,
0000B55C,
0000B1BE,
0000BD5B,
0000CC38,
0000D04A,
0000C32A,
0000AA87,
00009446,
00008D01,
00009765,
0000AA62,
0000B769,
0000B475,
0000A2EE,
00008EB1,
000085E9,
00008F51,
0000A58B,
0000BACD,
0000C256,
0000B926,
0000A805,
00009D73,
0000A39F,
0000B960,
0000D2F0,
0000E1FC,
0000DF6B,
0000D034,
0000C1E7,
0000C150,
0000D1A0,
0000EA2E,
0000FC65,
0000FDC2,
0000EF04,
0000DBA4,
0000D1F3,
0000D93A,
0000ECBC,
0000FEF8,
000002F1,
0000F527,
0000DDF9,
0000CBF6,
0000C9DE,
0000D749,
0000E8F8,
0000F09F,
0000E6BE,
0000CFDD,
0000B974,
0000B0BC,
0000B99F,
0000CC1A,
0000D9C5,
0000D7C6,
0000C654,
0000B096,
0000A502,
0000AB74,
0000BFC8,
0000D4BD,
0000DD0C,
0000D48C,
0000C30D,
0000B6F4,
0000BB54,
0000D049,
0000EAE0,
0000FC92,
0000FD38,
0000F099,
0000E3C9,
0000E41A,
0000F5EB,
00001198,
000028B0,
00002FCF,
0000266B,
00001725,
0000106D,
00001A8E,
000031EF,
00004984,
000053BF,
00004BDB,
0000391F,
000029DC,
00002993,
0000390F,
00004DDC,
00005977,
00005352,
00003EB9,
00002894,
00001E97,
000025DB,
0000376D,
0000451D,
0000434D,
000030FA,
00001879,
0000086A,
000009BA,
00001986,
00002B2A,
000030F4,
0000259B,
00000FEA,
0000FE18,
0000FC0A,
00000B29,
0000216E,
00003045,
00002E91,
00001EEE,
00000DE2,
0000093A,
00001689,
00002F48,
0000454B,
00004C73,
000042F8,
00003296,
000029D0,
000031E8,
00004877,
00006107,
00006D94,
00006826,
000056DE,
000047B4,
000046D8,
00005642,
00006C59,
00007A81,
00007721,
00006440,
00004E17,
000042B2,
00004848,
000058F8,
000066DE,
000065A1,
000052FC,
00003854,
00002451,
000020D3,
00002C37,
00003A85,
00003DB2,
00002F5A,
0000152F,
0000FD1C,
0000F3BF,
0000FBCB,
00000C36,
0000167C,
0000109C,
0000FC08,
0000E4A5,
0000D8A6,
0000DECD,
0000F1C6,
000003CE,
0000082B,
0000FBE5,
0000E7CA,
0000DA5F,
0000DDD7,
0000F10D,
0000083F,
0000151B,
0000108A,
0000FF83,
0000EF93,
0000ED86,
0000FC88,
000013EE,
0000251F,
00002591,
000015FD,
000001D8,
0000F76B,
0000FDF6,
000010B6,
00002223,
0000253A,
00001670,
0000FE22,
0000EAD6,
0000E746,
0000F305,
000002D1,
00000859,
0000FC1D,
0000E29F,
0000C95A,
0000BD85,
0000C30D,
0000D1F0,
0000DBC9,
0000D5C4,
0000C01B,
0000A5FC,
000095E4,
000097B4,
0000A753,
0000B786,
0000BB0E,
0000ADCD,
0000979A,
000086E3,
000086C4,
00009761,
0000ADCE,
0000BB8B,
0000B879,
0000A864,
00009864,
000095D0,
0000A50A,
0000BE72,
0000D393,
0000D90E,
0000CE55,
0000BE08,
0000B696,
0000C043,
0000D774,
0000EF15,
0000F994,
0000F224,
0000E007,
0000D184,
0000D216,
0000E27F,
0000F844,
000004DA,
0000FFAE,
0000EC02,
0000D6B9,
0000CD81,
0000D56F,
0000E78A,
0000F59F,
0000F40F,
0000E1D4,
0000C942,
0000B8FB,
0000B9EC,
0000C936,
0000DA36,
0000DF3F,
0000D30E,
0000BC72,
0000A9A9,
0000A69F,
0000B4C5,
0000CA1B,
0000D813,
0000D599,
0000C551,
0000B3C8,
0000AED4,
0000BC0B,
0000D4EF,
0000EB59,
0000F32F,
0000EAAC,
0000DB91,
0000D461,
0000DE60,
0000F728,
0000123F,
000021A3,
00001F57,
00001178,
000005FC,
00000909,
00001C94,
000036FC,
0000499C,
00004AD5,
00003CA4,
00002B3B,
0000249C,
00002EF5,
0000445F,
000056EA,
00005A37,
00004BFA,
00003591,
0000259E,
000025FB,
00003503,
000046B6,
00004D0C,
0000419C,
00002A19,
0000146D,
00000D39,
00001733,
00002954,
0000351B,
0000308D,
00001D20,
000006C1,
0000FBAB,
000002A3,
0000165F,
00002923,
00002E3D,
000022BA,
00000F71,
000002EB,
00000765,
00001BBC,
00003435,
00004280,
00003F89,
00003049,
00002251,
0000226B,
000033C3,
00004DAC,
0000618A,
000064CE,
00005830,
0000471D,
00003FD6,
0000499A,
00005F9B,
00007449,
00007A9A,
00006EFA,
000059BD,
00004963,
0000489E,
000056F7,
00006926,
000070D2,
00006675,
00004E8D,
0000368F,
00002BAF,
000031D6,
00004101,
00004ACA,
0000445D,
00002DF6,
000012C4,
00000147,
00000166,
00000F0B,
00001D03,
00001E14,
00000E26,
0000F51A,
0000E165,
0000DE29,
0000EB96,
0000FEC5,
00000940,
000002EF,
0000EFA8,
0000DC87,
0000D6EC,
0000E33D,
0000F9DF,
00000C62,
00000F6A,
0000026D,
0000F00B,
0000E6B2,
0000EEA8,
0000044D,
00001A8F,
000023D6,
00001B51,
0000083D,
0000F8DD,
0000F8A3,
0000084B,
00001D55,
0000292E,
0000233A,
00000EB4,
0000F87B,
0000EE33,
0000F4EA,
000005A2,
00001224,
00000ECB,
0000FA8D,
0000DFBC,
0000CCF6,
0000CB27,
0000D771,
0000E532,
0000E6BE,
0000D6D5,
0000BC4A,
0000A560,
00009E07,
0000A7B8,
0000B878,
0000C1C3,
0000BA8C,
0000A57F,
00008F31,
00008582,
00008E10,
0000A266,
0000B465,
0000B7FB,
0000AB6B,
0000987B,
00008DB6,
00009465,
0000AA25,
0000C282,
0000CF7B,
0000CB14,
0000BB6C,
0000AE77,
0000B05B,
0000C309,
0000DCDD,
0000EF2F,
0000F059,
0000E254,
0000D14A,
0000CB37,
0000D642,
0000EC7B,
0000FFEC,
0000042D,
0000F6EC,
0000E17D,
0000D27D,
0000D3BF,
0000E397,
0000F601,
0000FCEF,
0000F1F5,
0000DAC3,
0000C541,
0000BE0F,
0000C7E3,
0000D9B6,
0000E50A,
0000DFE7,
0000CBC6,
0000B498,
0000A89E,
0000AEA5,
0000C167,
0000D330,
0000D755,
0000CAEA,
0000B6CF,
0000A995,
0000AD7F,
0000C172,
0000D9BB,
0000E80F,
0000E561,
0000D6AE,
0000C98C,
0000CAC8,
0000DD92,
0000F93C,
00000F2D,
000014D6,
00000AEB,
0000FCD9,
0000F8DC,
0000062E,
00001FFD,
000038B4,
00004341,
00003C08,
00002B57,
00001FA4,
00002398,
000036B5,
00004DAA,
00005A15,
00005467,
00004117,
00002D91,
00002703,
00003150,
0000446F,
000051F5,
00004F0A,
00003BE8,
000023BC,
00001504,
000017A8,
00002793,
00003793,
00003A72,
00002C1D,
00001476,
000001FA,
0000FFD4,
00000E33,
0000223D,
00002D82,
000027F0,
00001563,
00000302,
0000FE32,
00000B5E,
000022F4,
0000368B,
00003AC7,
00002F26,
00001E4A,
000016A4,
0000207C,
00003833,
000050B6,
00005C6B,
00005680,
0000462E,
000039B3,
00003C7E,
00004F46,
00006781,
00007698,
000073E5,
0000629E,
00004F96,
0000486C,
00005225,
000065BB,
000074EE,
00007412,
00006215,
00004943,
00003835,
000037D1,
00004536,
000053BD,
000055B9,
000045E8,
00002B1D,
0000139B,
00000B56,
000013C7,
000022F9,
00002A6A,
00002114,
000009AA,
0000F0C9,
0000E453,
0000E9F3,
0000FB39,
00000A0E,
00000A6B,
0000FA9B,
0000E46A,
0000D66C,
0000D9F2,
0000EC9E,
00000203,
00000C25,
0000050E,
0000F2E1,
0000E392,
0000E34A,
0000F3FD,
00000C03,
00001CB6,
00001C6E,
00000D1F,
0000FAF2,
0000F3DB,
0000FDFD,
00001362,
0000260E,
00002994,
00001B96,
00000565,
0000F595,
0000F5F2,
000004C7,
0000160D,
00001BAD,
00000F37,
0000F656,
0000DEEC,
0000D596,
0000DD07,
0000EC39,
0000F4AA,
0000EC65,
0000D4E3,
0000BA18,
0000AA47,
0000AC43,
0000BACA,
0000C82F,
0000C7CB,
0000B6BD,
00009DEB,
00008BEE,
00008B12,
00009A45,
0000ADDB,
0000B794,
0000B06A,
00009D62,
00008C1B,
00008968,
0000987F,
0000B0BA,
0000C382,
0000C64D,
0000B9D2,
0000A980,
0000A395,
0000AF4A,
0000C7CD,
0000DF84,
0000E95C,
0000E1B6,
0000D0DA,
0000C539,
0000C975,
0000DD0C,
0000F4A2,
000001CE,
0000FCFE,
0000EA9D,
0000D810,
0000D27E,
0000DDC3,
0000F1CD,
0000002C,
0000FE06,
0000EB8A,
0000D3E3,
0000C58E,
0000C86D,
0000D86D,
0000E858,
0000EAFC,
0000DC44,
0000C418,
0000B0F6,
0000AE0B,
0000BB91,
0000CEB0,
0000D8FD,
0000D26F,
0000BEE9,
0000AB99,
0000A5EB,
0000B256,
0000C94B,
0000DC68,
0000E05C,
0000D4A9,
0000C3F8,
0000BCBF,
0000C74C,
0000E003,
0000F9D2,
00000724,
00000327,
0000F515,
0000EB2A,
0000F0D3,
000006C4,
0000226E,
00003538,
00003674,
00002952,
00001A9F,
000017F1,
00002645,
00003E8E,
00005281,
0000566B,
00004931,
00003516,
000028AB,
00002CD0,
00003E99,
0000515B,
00005762,
00004B68,
0000343A,
00002019,
00001AF6,
0000264A,
0000381D,
000041F1,
00003ABF,
0000253D,
00000E0B,
00000311,
000009FF,
00001C69,
00002C41,
00002D83,
00001E83,
00000914,
0000FBD3,
00000014,
00001385,
000029BE,
000034C9,
00002EB6,
00001DAC,
00000FA7,
000010D1,
00002323,
00003CF7,
00004FA5,
00005189,
00004494,
000034EC,
00003085,
00003D7E,
000055DB,
00006B9B,
0000724A,
00006785,
00005495,
00004805,
00004B9B,
00005D9A,
000071F0,
00007A7E,
000070CF,
00005A81,
00004574,
00003E3D,
00004788,
00005848,
000061F9,
00005AA0,
000043B6,
0000292B,
00001942,
00001ACE,
0000288F,
000034D9,
0000330A,
00002044,
00000573,
0000F135,
0000EDDC,
0000FA5E,
00000B16,
000011CD,
00000785,
0000F14C,
0000DCC6,
0000D6D2,
0000E2AB,
0000F7B5,
0000075D,
00000723,
0000F7C3,
0000E4AF,
0000DC2A,
0000E571,
0000FBB3,
00001158,
0000194E,
00000FF5,
0000FD93,
0000F096,
0000F39E,
00000621,
00001CC3,
00002914,
00002379,
00001058,
0000FD11,
0000F6C0,
0000013B,
0000146A,
000021D7,
00001E9B,
00000AE6,
0000F1DA,
0000E1EC,
0000E2FD,
0000F0F5,
0000FE9A,
0000FEB9,
0000ED3C,
0000D20A,
0000BBA3,
0000B536,
0000BEFF,
0000CE2A,
0000D451,
0000C971,
0000B173,
0000998B,
00008F2E,
000096DA,
0000A909,
0000B762,
0000B69D,
0000A643,
00009106,
00008566,
00008BB7,
0000A065,
0000B666,
0000C02A,
0000B8E3,
0000A7D0,
00009B32,
00009E76,
0000B254,
0000CC3D,
0000DD95,
0000DDAF,
0000CFB7,
0000C077,
0000BD80,
0000CBCB,
0000E444,
0000F89B,
0000FD15,
0000F08F,
0000DD46,
0000D1C3,
0000D6DD,
0000E9A1,
0000FD5D,
00000455,
0000F93F,
0000E2E0,
0000CF73,
0000CAE5,
0000D6AC,
0000E8CD,
0000F2C7,
0000EB93,
0000D5E7,
0000BE64,
0000B2F4,
0000B94A,
0000CAFD,
0000DA05,
0000DA62,
0000CA6F,
0000B406,
0000A5C9,
0000A916,
0000BBA1,
0000D10B,
0000DB64,
0000D4C5,
0000C35C,
0000B52B,
0000B664,
0000C904,
0000E36C,
0000F6F7,
0000FA04,
0000EE88,
0000E0A9,
0000DE5D,
0000EDC1,
000008D8,
000021A0,
00002B9F,
0000246F,
00001554,
00000CD1,
000014A7,
00002B11,
000043F5,
0000512C,
00004C38,
00003AAF,
00002A67,
000027ED,
000035E5,
00004B3B,
00005961,
00005657,
0000438E,
00002CF2,
000020C1,
000025CA,
000036CA,
00004614,
00004705,
000036BE,
00001E2C,
00000BF1,
00000A61,
00001876,
00002A91,
0000327F,
00002947,
000013FE,
00000052,
0000FB26,
000007BC,
00001D81,
00002DEA,
00002E7C,
00001FF9,
00000DDC,
0000066C,
000010EB,
0000288C,
00003FBD,
0000496A,
000041F8,
000031AB,
000026F2,
00002C6D,
0000418E,
00005AF6,
00006A30,
0000679C,
0000579C,
00004787,
00004475,
00005232,
0000689F,
0000793C,
0000791D,
00006866,
00005233,
000044F2,
0000487A,
000058AD,
0000684C,
00006A1C,
00005A04,
00003FE5,
00002A3C,
00002437,
00002E10,
00003CF3,
0000427B,
000036A6,
00001D61,
000003E3,
0000F7A7,
0000FD2F,
00000CFB,
000018BA,
0000152A,
000001DE,
0000E990,
0000DAC6,
0000DDDD,
0000EF4A,
0000020A,
00000895,
0000FE28,
0000EA03,
0000DA6F,
0000DAE1,
0000EC12,
00000378,
0000127A,
0000106D,
0000007D,
0000EF76,
0000EAE5,
0000F7C1,
00000EF3,
00002229,
000025A1,
00001836,
0000041B,
0000F7D5,
0000FC32,
00000E3A,
00002133,
0000275A,
00001B5B,
000003F8,
0000EF64,
0000E984,
0000F3CA,
00000435,
00000C41,
000002E4,
0000EAD1,
0000D0A6,
0000C24E,
0000C57B,
0000D3C9,
0000DF2D,
0000DBAF,
0000C7AC,
0000AD04,
00009A5F,
00009922,
0000A708,
0000B7B8,
0000BD4E,
0000B1E9,
00009BC0,
000088DF,
0000857F,
000093A7,
0000A9BE,
0000B928,
0000B84C,
0000A922,
000097DA,
0000926C,
00009EF9,
0000B789,
0000CE18,
0000D630,
0000CD6A,
0000BD08,
0000B38D,
0000BAB5,
0000D0B8,
0000E977,
0000F6C6,
0000F21E,
0000E112,
0000D16F,
0000CFBB,
0000DE92,
0000F4D7,
000003F6,
000001E8,
0000F016,
0000DA65,
0000CF0C,
0000D4D6,
0000E67A,
0000F646,
0000F796,
0000E787,
0000CF06,
0000BCB3,
0000BAE3,
0000C893,
0000DA25,
0000E169,
0000D76C,
0000C147,
0000ACAE,
0000A689,
0000B224,
0000C6F1,
0000D66D,
0000D624,
0000C6E1,
0000B425,
0000AC41,
0000B67C,
0000CE11,
0000E572,
0000EF93,
0000E8DB,
0000D995,
0000D031,
0000D750,
0000EE68,
00000A15,
00001BE6,
00001C37,
00000F67,
000002C8,
0000036E,
00001520,
00002FB7,
000044AC,
0000490C,
00003CF3,
00002B74,
000022F4,
00002B43,
00004038,
0000548C,
00005AFE,
00004F6A,
000039AC,
0000283A,
0000263B,
000033E6,
00004661,
00004F44,
0000468C,
00003023,
00001942,
00000F61,
00001708,
000028B7,
00003622,
0000340A,
00002207,
00000AD9,
0000FD0F,
00000108,
00001344,
000026C6,
00002E0D,
0000245C,
000010FC,
0000023E,
0000039B,
000015D2,
00002E60,
00003EB0,
00003E19,
00002FCC,
00002095,
00001E04,
00002D10,
000046A0,
00005C61,
0000628D,
000057FB,
000046DA,
00003DAA,
00004533,
00005A75,
000070AF,
00007A17,
0000714F,
00005D12,
00004B8B,
00004897,
0000559E,
0000689B,
000072FF,
00006BBA,
00005579,
00003CD6,
00002FB6,
000033C8,
000042A5,
00004E42,
00004AA4,
00003628,
00001AB3,
000006EB,
0000043C,
00001063,
00001F0E,
0000225C,
00001476,
0000FB99,
0000E5D6,
0000DF72,
0000EA79,
0000FD5C,
00000987,
00000569,
0000F304,
0000DE8B,
0000D601,
0000DF8B,
0000F538,
00000908,
00000E8A,
00000359,
0000F0BC,
0000E534,
0000EA7E,
0000FED2,
0000160D,
00002204,
00001C2B,
00000A10,
0000F97C,
0000F6EE,
000004FA,
00001A81,
000028E6,
00002618,
0000137B,
0000FCEE,
0000F09F,
0000F552,
000005B7,
00001419,
000013CB,
000001E9,
0000E75B,
0000D2BD,
0000CE63,
0000D948,
0000E7CE,
0000EBC8,
0000DE42,
0000C45C,
0000ABC9,
0000A17A,
0000A8C0,
0000B910,
0000C3F2,
0000BEF9,
0000AAF6,
00009375,
000086CD,
00008C4F,
00009F3F,
0000B218,
0000B7D6,
0000ACE7,
0000999D,
00008C70,
00009006,
0000A3DA,
0000BC8F,
0000CBB4,
0000C9A8,
0000BACB,
0000AC72,
0000ABAD,
0000BC43,
0000D60B,
0000EA7A,
0000EE97,
0000E27B,
0000D131,
0000C919,
0000D1FB,
0000E7A8,
0000FCD1,
0000042A,
0000F98D,
0000E4CB,
0000D453,
0000D345,
0000E1D1,
0000F518,
0000FEAD,
0000F687,
0000E08E,
0000C9F6,
0000C039,
0000C7DA,
0000D95C,
0000E672,
0000E3E0,
0000D142,
0000B95B,
0000AABE,
0000ADD2,
0000BF19,
0000D1A0,
0000D7ED,
0000CD48,
0000B905,
0000A979,
0000AA27,
0000BBD7,
0000D40A,
0000E433,
0000E3B0,
0000D5B8,
0000C71B,
0000C56D,
0000D5AA,
0000F0BB,
0000084B,
00001099,
0000087A,
0000FA1C,
0000F3FA,
0000FED9,
000017B6,
000031C9,
00003F43,
00003AC1,
00002AF2,
00001DFB,
00001FB2,
00003176,
00004938,
00005861,
000055D8,
00004443,
00003032,
00002784,
00002FE1,
000042DB,
00005262,
00005277,
00004173,
00002937,
00001869,
00001873,
00002713,
000037F8,
00003D45,
00003122,
000019D3,
0000056E,
0000003D,
00000C51,
00002023,
00002D26,
000029CE,
00001826,
00000469,
0000FCA0,
000006F6,
00001D83,
0000324D,
000038E8,
00002EF3,
00001DB8,
000013BE,
00001AC4,
00003102,
00004A59,
00005899,
00005536,
000045BC,
000037F0,
0000384E,
00004966,
0000620F,
000073A8,
00007419,
000064BE,
0000516C,
0000484D,
00005019,
0000637B,
000074B3,
0000770D,
0000679E,
00004F44,
00003C99,
000039E9,
0000462C,
000055BD,
00005A6E,
00004D48,
0000336A,
00001A87,
00000F91,
000015DA,
000024DD,
00002E22,
00002742,
00001115,
0000F72D,
0000E7E6,
0000EA9B,
0000FA95,
00000A58,
00000CEA,
0000FEC1,
0000E835,
0000D7C8,
0000D828,
0000E8D6,
0000FE7B,
00000AAD,
000005D2,
0000F44D,
0000E376,
0000E05F,
0000EED3,
000006A6,
00001951,
00001BD8,
00000E51,
0000FBC5,
0000F28F,
0000FA73,
00000F3A,
00002393,
00002A2B,
00001ED1,
00000952,
0000F817,
0000F636,
000003D7,
00001616,
00001E80,
00001504,
0000FD87,
0000E535,
0000D984,
0000DEF6,
0000EE0B,
0000F873,
0000F2F4,
0000DD28,
0000C1D4,
0000AF8E,
0000AEC2,
0000BBF5,
0000CA3A,
0000CC1A,
0000BCE8,
0000A3FE,
00008FB8,
00008BA2,
0000988C,
0000AC00,
0000B77B,
0000B262,
00009FF5,
00008D0B,
00008741,
00009399,
0000AB03,
0000BF31,
0000C464,
0000B974,
0000A895,
0000A041,
0000A941,
0000C090,
0000D964,
0000E5ED,
0000E0C3,
0000D093,
0000C37D,
0000C551,
0000D766,
0000EFA8,
0000FF7A,
0000FDB9,
0000ED04,
0000D9E4,
0000D231,
0000DB8A,
0000EF79,
0000FFE9,
000000D3,
0000F08F,
0000D8F3,
0000C8A5,
0000C90B,
0000D7E0,
0000E8D2,
0000EE02,
0000E19D,
0000C9E5,
0000B4F4,
0000AF16,
0000BA63,
0000CD57,
0000D96C,
0000D51B,
0000C277,
0000ADC2,
0000A50D,
0000AE8B,
0000C45B,
0000D88A,
0000DEB4,
0000D480,
0000C33E,
0000B97B,
0000C0FB,
0000D7FB,
0000F25F,
000001F9,
00000043,
0000F2C7,
0000E74A,
0000EA45,
0000FE49,
00001A28,
00002F3D,
0000336C,
0000280A,
000018E7,
00001424,
00002073,
00003875,
00004E62,
0000557E,
00004AD5,
0000373D,
00002946,
00002B35,
00003BF9,
00004FE8,
000058CB,
00004FA8,
00003995,
00002446,
00001CA6,
00002606,
000037DF,
000043BA,
00003F31,
00002B1D,
00001312,
00000572,
00000999,
00001ADA,
00002BBB,
00002F48,
000021FF,
00000C41,
0000FC96,
0000FDB1,
00000F1B,
00002587,
00003291,
00002EA3,
00001E27,
00000E7A,
00000CB4,
00001CA2,
0000361E,
00004A9E,
00004F29,
000043D5,
000033AB,
00002D03,
0000379E,
00004F44,
0000669A,
0000704A,
0000681D,
000055D9,
000047DE,
0000493D,
00005A15,
00006F79,
00007AED,
0000745A,
00005F99,
000049D3,
00004075,
000047F8,
000058D9,
000064C2,
00006074,
00004B85,
000030B9,
00001EA3,
00001DAF,
00002A63,
000037D1,
00003888,
000027DD,
00000D2D,
0000F6DC,
0000F07A,
0000FADD,
00000B97,
0000142C,
00000C0C,
0000F67D,
0000E05E,
0000D755,
0000E06C,
0000F49A,
00000598,
000007B0,
0000F9C2,
0000E602,
0000DAF4,
0000E161,
0000F64A,
00000CE6,
00001765,
00001062,
0000FE88,
0000EFF4,
0000F073,
00000159,
0000188F,
00002771,
000024D8,
0000135B,
0000FF7E,
0000F710,
0000FFA8,
000012CB,
0000225C,
0000224E,
000010EE,
0000F812,
0000E655,
0000E519,
0000F216,
000000F3,
000003D3,
0000F4DE,
0000DA55,
0000C253,
0000B925,
0000C0E5,
0000D011,
0000D828,
0000CFAA,
0000B8AB,
00009F78,
00009226,
000096F2,
0000A801,
0000B76B,
0000B8D2,
0000A9E7,
00009402,
000085BA,
000088DA,
00009BA7,
0000B20C,
0000BDE4,
0000B8AB,
0000A7F1,
00009981,
000099D7,
0000AB85,
0000C560,
0000D8C2,
0000DB8E,
0000CF18,
0000BF2D,
0000B9E9,
0000C5FB,
0000DDFF,
0000F427,
0000FBAF,
0000F19D,
0000DEBF,
0000D19F,
0000D479,
0000E633,
0000FB1E,
000004FA,
0000FCC7,
0000E794,
0000D30E,
0000CC1D,
0000D60D,
0000E852,
0000F474,
0000F009,
0000DBEC,
0000C3B0,
0000B5B8,
0000B963,
0000CA05,
0000DA2B,
0000DCE4,
0000CEB3,
0000B800,
0000A759,
0000A779,
0000B7F2,
0000CD7C,
0000D9BB,
0000D521,
0000C421,
0000B41D,
0000B237,
0000C23E,
0000DC14,
0000F135,
0000F6AB,
0000EC8F,
0000DDEC,
0000D91D,
0000E5E1,
00000000,
00001A1F,
000026E3,
00002214,
00001371,
00000955,
00000ECB,
000023EC,
00003DC2,
00004DC9,
00004BE3,
00003BDF,
00002ADF,
00002645,
00003284,
0000480E,
00005887,
000058A7,
00004800,
0000314D,
0000231C,
000025D5,
000035FB,
0000469D,
00004A48,
00003C50,
00002414,
00000FF7,
00000B8C,
000017AE,
000029F3,
000033E3,
00002CF2,
0000186C,
00000339,
0000FB06,
000004E2,
000019CD,
00002B87,
00002E61,
00002141,
00000E63,
00000451,
00000BD9,
00002201,
00003A05,
00004617,
000040D3,
000030E8,
00002472,
0000273E,
00003AA0,
0000547B,
00006629,
0000667F,
0000580F,
00004755,
0000421C,
00004DF4,
00006459,
00007726,
00007A46,
00006BFE,
00005619,
0000472E,
00004895,
000057FF,
0000690E,
00006DDA,
00006088,
00004755,
00003056,
000027D8,
00002FEF,
00003F1B,
000046DB,
00003DAD,
000025AB,
00000B22,
0000FC2D,
0000FF0D,
00000DEA,
00001AE7,
000019AB,
000007EE,
0000EF12,
0000DDB2,
0000DDA4,
0000ED35,
00000058,
000008F0,
00000082,
0000ECA5,
0000DB28,
0000D88F,
0000E771,
0000FEA7,
00000F8D,
0000100C,
00000178,
0000EF9E,
0000E89B,
0000F31A,
000009B6,
00001E9F,
0000250C,
000019FE,
0000063E,
0000F850,
0000FA68,
00000B66,
00001F94,
000028AB,
00001FA2,
00000983,
0000F3F4,
0000EBD4,
0000F469,
00000523,
00000F86,
00000924,
0000F2D3,
0000D823,
0000C778,
0000C82F,
0000D59D,
0000E251,
0000E15D,
0000CF47,
0000B47B,
00009F8C,
00009B3E,
0000A727,
0000B808,
0000BF8B,
0000B62D,
0000A067,
00008BA6,
00008513,
00009087,
0000A5EB,
0000B6C3,
0000B822,
0000AA27,
000097E3,
00008FB6,
00009966,
0000B0BC,
0000C862,
0000D2FD,
0000CC55,
0000BC2B,
0000B0D7,
0000B562,
0000C9E2,
0000E35E,
0000F34C,
0000F186,
0000E1D9,
0000D15D,
0000CD6F,
0000DA79,
0000F0E5,
0000024F,
0000036A,
0000F3BF,
0000DE01,
0000D0B8,
0000D445,
0000E526,
0000F667,
0000FA8E,
0000ECEE,
0000D4E3,
0000C0CF,
0000BC46,
0000C821,
0000D9FA,
0000E35A,
0000DBBA,
0000C66B,
0000B058,
0000A735,
0000B018,
0000C407,
0000D4CB,
0000D6BA,
0000C8C3,
0000B52B,
0000AA82,
0000B19E,
0000C78B,
0000DF8D,
0000EBDC,
0000E719,
0000D7F6,
0000CC94,
0000D0C3,
0000E5D8,
000001B7,
000015BB,
000018B6,
00000D39,
0000FFBD,
0000FE07,
00000DA1,
00002805,
00003F05,
00004685,
00003CC2,
00002B80,
0000214C,
00002776,
00003BA5,
00005175,
00005AF3,
0000523E,
00003D89,
00002AE5,
00002694,
000032A9,
0000459D,
000050EA,
00004B0C,
0000361B,
00001E63,
000011FE,
0000172E,
00002820,
000036F5,
0000375B,
0000270D,
00000F71,
0000FF2D,
00000017,
00001087,
00002476,
00002DCF,
0000261C,
000012FC,
00000247,
00000086,
00001058,
0000289A,
00003AAF,
00003C83,
00002F6D,
00001F3D,
00001A13,
0000269C,
00003F70,
000056BF,
00005FBF,
0000576B,
0000468C,
00003B9C,
000040CF,
000054FD,
00006C67,
000078BF,
000072F5,
0000600B,
00004D9E,
00004885,
00005400,
00006774,
0000745E,
00007048,
00005C02,
00004318,
000033E6,
000035C6,
0000440B,
0000513E,
00005072,
00003E2C,
000022D8,
00000D0C,
0000078D,
000011F5,
0000210A,
0000267C,
00001ACB,
00000279,
0000EAFC,
0000E180,
0000E9EA,
0000FC29,
000009CA,
000007E9,
0000F6AE,
0000E12F,
0000D5D5,
0000DC6D,
0000F0C6,
0000058D,
00000D71,
0000043B,
0000F1AF,
0000E428,
0000E6AF,
0000F95A,
0000112D,
00001FA1,
00001C8A,
00000BB3,
0000FA2E,
0000F553,
00000185,
0000172A,
000027D8,
00002838,
000017CB,
0000013F,
0000F316,
0000F5A8,
0000056B,
00001565,
0000181A,
000008D3,
0000EEEB,
0000D8BE,
0000D1DE,
0000DB23,
0000EA26,
0000F06F,
0000E579,
0000CC96,
0000B2B8,
0000A592,
0000AA43,
0000B9D4,
0000C617,
0000C367,
0000B0BC,
00009862,
000088F3,
00008B4D,
00009C85,
0000AFE7,
0000B7B3,
0000AE94,
00009B42,
00008BE7,
00008C58,
00009DF1,
0000B69A,
0000C7B2,
0000C810,
0000BA44,
0000AACA,
0000A767,
0000B5A7,
0000CEFE,
0000E53C,
0000EC42,
0000E248,
0000D10D,
0000C718,
0000CDB3,
0000E27D,
0000F90A,
00000360,
0000FB97,
0000E7DA,
0000D632,
0000D2DA,
0000DFDD,
0000F3AF,
0000FFC3,
0000FA92,
0000E62D,
0000CEDE,
0000C2BB,
0000C808,
0000D8ED,
0000E78D,
0000E797,
0000D6C9,
0000BE8D,
0000AD89,
0000AD9E,
0000BD25,
0000D01F,
0000D87C,
0000CFCE,
0000BBBD,
0000AA28,
0000A79F,
0000B6C8,
0000CE8A,
0000E04E,
0000E205,
0000D50E,
0000C53F,
0000C0BD,
0000CE37,
0000E84A,
00000127,
00000C06,
000005E4,
0000F786,
0000EF67,
0000F7B5,
00000F45,
00002A56,
00003A93,
000038E5,
00002A48,
00001C50,
00001BCD,
00002BF6,
00004429,
000055D9,
00005687,
000046FB,
000032B8,
00002813,
00002E60,
000040E7,
0000522E,
00005542,
000046A5,
00002EBE,
00001C20,
0000198E,
000026A4,
00003826,
00003FC7,
0000360A,
00001F72,
00000979,
00000153,
00000AE8,
00001E2F,
00002CBB,
00002BAD,
00001B35,
00000673,
0000FBD6,
0000032F,
00001858,
00002E05,
000036E7,
00002ECF,
00001D85,
00001169,
00001586,
000029F5,
000043BD,
00005453,
0000538E,
00004535,
00003658,
0000344C,
00004371,
00005C26,
00006FFA,
00007390,
00006663,
00005319,
0000482A,
00004DE8,
000060C1,
000073B1,
00007933,
00006C8B,
0000550A,
00004107,
00003C0E,
000046F0,
00005740,
00005E86,
00005437,
00003BA4,
000021BE,
00001438,
00001832,
000026B8,
0000319D,
00002D43,
000018A5,
0000FE17,
0000EC35,
0000EBE7,
0000FA49,
00000AAE,
00000F61,
00000312,
0000EC85,
0000D9E8,
0000D71A,
0000E57F,
0000FB06,
00000912,
00000684,
0000F5F0,
0000E3D5,
0000DDFC,
0000E9F3,
0000012E,
00001582,
00001ACC,
00000F44,
0000FCA7,
0000F176,
0000F6F8,
00000AC8,
00002075,
000029FF,
00002175,
00000CFC,
0000FA97,
0000F679,
000002A4,
00001587,
0000208E,
00001A2A,
00000467,
0000EB8A,
0000DDA4,
0000E0F2,
0000EF9D,
0000FBC4,
0000F915,
0000E54D,
0000C9D8,
0000B55C,
0000B1BE,
0000BD5B,
0000CC38,
0000D04A,
0000C32A,
0000AA87,
00009446,
00008D01,
00009765,
0000AA62,
0000B769,
0000B475,
0000A2EE,
00008EB1,
000085E9,
00008F51,
0000A58B,
0000BACD,
0000C256,
0000B926,
0000A805,
00009D73,
0000A39F,
0000B960,
0000D2F0,
0000E1FC,
0000DF6B,
0000D034,
0000C1E7,
0000C150,
0000D1A0,
0000EA2E,
0000FC65,
0000FDC2,
0000EF04,
0000DBA4,
0000D1F3,
0000D93A,
0000ECBC,
0000FEF8,
000002F1,
0000F527,
0000DDF9,
0000CBF6,
0000C9DE,
0000D749,
0000E8F8,
0000F09F,
0000E6BE,
0000CFDD,
0000B974,
0000B0BC,
0000B99F,
0000CC1A,
0000D9C5,
0000D7C6,
0000C654,
0000B096,
0000A502,
0000AB74,
0000BFC8,
0000D4BD,
0000DD0C,
0000D48C,
0000C30D,
0000B6F4,
0000BB54,
0000D049,
0000EAE0,
0000FC92,
0000FD38,
0000F099,
0000E3C9,
0000E41A,
0000F5EB,
00001198,
000028B0,
00002FCF,
0000266B,
00001725,
0000106D,
00001A8E,
000031EF,
00004984,
000053BF,
00004BDB,
0000391F,
000029DC,
00002993,
0000390F,
00004DDC,
00005977,
00005352,
00003EB9,
00002894,
00001E97,
000025DB,
0000376D,
0000451D,
0000434D,
000030FA,
00001879,
0000086A,
000009BA,
00001986,
00002B2A,
000030F4,
0000259B,
00000FEA,
0000FE18,
0000FC0A,
00000B29,
0000216E,
00003045,
00002E91,
00001EEE,
00000DE2,
0000093A,
00001689,
00002F48,
0000454B,
00004C73,
000042F8,
00003296,
000029D0,
000031E8,
00004877,
00006107,
00006D94,
00006826,
000056DE,
000047B4,
000046D8,
00005642,
00006C59,
00007A81,
00007721,
00006440,
00004E17,
000042B2,
00004848,
000058F8,
000066DE,
000065A1,
000052FC,
00003854,
00002451,
000020D3,
00002C37,
00003A85,
00003DB2,
00002F5A,
0000152F,
0000FD1C,
0000F3BF,
0000FBCB,
00000C36,
0000167C,
0000109C,
0000FC08,
0000E4A5,
0000D8A6,
0000DECD,
0000F1C6,
000003CE,
0000082B,
0000FBE5,
0000E7CA,
0000DA5F,
0000DDD7,
0000F10D,
0000083F,
0000151B,
0000108A,
0000FF83,
0000EF93,
0000ED86,
0000FC88,
000013EE,
0000251F,
00002591,
000015FD,
000001D8,
0000F76B,
0000FDF6,
000010B6,
00002223,
0000253A,
00001670,
0000FE22,
0000EAD6,
0000E746,
0000F305,
000002D1,
00000859,
0000FC1D,
0000E29F,
0000C95A,
0000BD85,
0000C30D,
0000D1F0,
0000DBC9,
0000D5C4,
0000C01B,
0000A5FC,
000095E4,
000097B4,
0000A753,
0000B786,
0000BB0E,
0000ADCD,
0000979A,
000086E3,
000086C4,
00009761,
0000ADCE,
0000BB8B,
0000B879,
0000A864,
00009864,
000095D0,
0000A50A,
0000BE72,
0000D393,
0000D90E,
0000CE55,
0000BE08,
0000B696,
0000C043,
0000D774,
0000EF15,
0000F994,
0000F224,
0000E007,
0000D184,
0000D216,
0000E27F,
0000F844,
000004DA,
0000FFAE,
0000EC02,
0000D6B9,
0000CD81,
0000D56F,
0000E78A,
0000F59F,
0000F40F,
0000E1D4,
0000C942,
0000B8FB,
0000B9EC,
0000C936,
0000DA36,
0000DF3F,
0000D30E,
0000BC72,
0000A9A9,
0000A69F,
0000B4C5,
0000CA1B,
0000D813,
0000D599,
0000C551,
0000B3C8,
0000AED4,
0000BC0B,
0000D4EF,
0000EB59,
0000F32F,
0000EAAC,
0000DB91,
0000D461,
0000DE60,
0000F728,
0000123F,
000021A3,
00001F57,
00001178,
000005FC,
00000909,
00001C94,
000036FC,
0000499C,
00004AD5,
00003CA4,
00002B3B,
0000249C,
00002EF5,
0000445F,
000056EA,
00005A37,
00004BFA,
00003591,
0000259E,
000025FB,
00003503,
000046B6,
00004D0C,
0000419C,
00002A19,
0000146D,
00000D39,
00001733,
00002954,
0000351B,
0000308D,
00001D20,
000006C1,
0000FBAB,
000002A3,
0000165F,
00002923,
00002E3D,
000022BA,
00000F71,
000002EB,
00000765,
00001BBC,
00003435,
00004280,
00003F89,
00003049,
00002251,
0000226B,
000033C3,
00004DAC,
0000618A,
000064CE,
00005830,
0000471D,
00003FD6,
0000499A,
00005F9B,
00007449,
00007A9A,
00006EFA,
000059BD,
00004963,
0000489E,
000056F7,
00006926,
000070D2,
00006675,
00004E8D,
0000368F,
00002BAF,
000031D6,
00004101,
00004ACA,
0000445D,
00002DF6,
000012C4,
00000147,
00000166,
00000F0B,
00001D03,
00001E14,
00000E26,
0000F51A,
0000E165,
0000DE29,
0000EB96,
0000FEC5,
00000940,
000002EF,
0000EFA8,
0000DC87,
0000D6EC,
0000E33D,
0000F9DF,
00000C62,
00000F6A,
0000026D,
0000F00B,
0000E6B2,
0000EEA8,
0000044D,
00001A8F,
000023D6,
00001B51,
0000083D,
0000F8DD,
0000F8A3,
0000084B,
00001D55,
0000292E,
0000233A,
00000EB4,
0000F87B,
0000EE33,
0000F4EA,
000005A2,
00001224,
00000ECB,
0000FA8D,
0000DFBC,
0000CCF6,
0000CB27,
0000D771,
0000E532,
0000E6BE,
0000D6D5,
0000BC4A,
0000A560,
00009E07,
0000A7B8,
0000B878,
0000C1C3,
0000BA8C,
0000A57F,
00008F31,
00008582,
00008E10,
0000A266,
0000B465,
0000B7FB,
0000AB6B,
0000987B,
00008DB6,
00009465,
0000AA25,
0000C282,
0000CF7B,
0000CB14,
0000BB6C,
0000AE77,
0000B05B,
0000C309,
0000DCDD,
0000EF2F,
0000F059,
0000E254,
0000D14A,
0000CB37,
0000D642,
0000EC7B,
0000FFEC,
0000042D,
0000F6EC,
0000E17D,
0000D27D,
0000D3BF,
0000E397,
0000F601,
0000FCEF,
0000F1F5,
0000DAC3,
0000C541,
0000BE0F,
0000C7E3,
0000D9B6,
0000E50A,
0000DFE7,
0000CBC6,
0000B498,
0000A89E,
0000AEA5,
0000C167,
0000D330,
0000D755,
0000CAEA,
0000B6CF,
0000A995,
0000AD7F,
0000C172,
0000D9BB,
0000E80F,
0000E561,
0000D6AE,
0000C98C,
0000CAC8,
0000DD92,
0000F93C,
00000F2D,
000014D6,
00000AEB,
0000FCD9,
0000F8DC,
0000062E,
00001FFD,
000038B4,
00004341,
00003C08,
00002B57,
00001FA4,
00002398,
000036B5,
00004DAA,
00005A15,
00005467,
00004117,
00002D91,
00002703,
00003150,
0000446F,
000051F5,
00004F0A,
00003BE8,
000023BC,
00001504,
000017A8,
00002793,
00003793,
00003A72,
00002C1D,
00001476,
000001FA,
0000FFD4,
00000E33,
0000223D,
00002D82,
000027F0,
00001563,
00000302,
0000FE32,
00000B5E,
000022F4,
0000368B,
00003AC7,
00002F26,
00001E4A,
000016A4,
0000207C,
00003833,
000050B6,
00005C6B,
00005680,
0000462E,
000039B3,
00003C7E,
00004F46,
00006781,
00007698,
000073E5,
0000629E,
00004F96,
0000486C,
00005225,
000065BB,
000074EE,
00007412,
00006215,
00004943,
00003835,
000037D1,
00004536,
000053BD,
000055B9,
000045E8,
00002B1D,
0000139B,
00000B56,
000013C7,
000022F9,
00002A6A,
00002114,
000009AA,
0000F0C9,
0000E453,
0000E9F3,
0000FB39,
00000A0E,
00000A6B,
0000FA9B,
0000E46A,
0000D66C,
0000D9F2,
0000EC9E,
00000203,
00000C25,
0000050E,
0000F2E1,
0000E392,
0000E34A,
0000F3FD,
00000C03,
00001CB6,
00001C6E,
00000D1F,
0000FAF2,
0000F3DB,
0000FDFD,
00001362,
0000260E,
00002994,
00001B96,
00000565,
0000F595,
0000F5F2,
000004C7,
0000160D,
00001BAD,
00000F37,
0000F656,
0000DEEC,
0000D596,
0000DD07,
0000EC39,
0000F4AA,
0000EC65,
0000D4E3,
0000BA18,
0000AA47,
0000AC43,
0000BACA,
0000C82F,
0000C7CB,
0000B6BD,
00009DEB,
00008BEE,
00008B12,
00009A45,
0000ADDB,
0000B794,
0000B06A,
00009D62,
00008C1B,
00008968,
0000987F,
0000B0BA,
0000C382,
0000C64D,
0000B9D2,
0000A980,
0000A395,
0000AF4A,
0000C7CD,
0000DF84,
0000E95C,
0000E1B6,
0000D0DA,
0000C539,
0000C975,
0000DD0C,
0000F4A2,
000001CE,
0000FCFE,
0000EA9D,
0000D810,
0000D27E,
0000DDC3,
0000F1CD,
0000002C,
0000FE06,
0000EB8A,
0000D3E3,
0000C58E,
0000C86D,
0000D86D,
0000E858,
0000EAFC,
0000DC44,
0000C418,
0000B0F6,
0000AE0B,
0000BB91,
0000CEB0,
0000D8FD,
0000D26F,
0000BEE9,
0000AB99,
0000A5EB,
0000B256,
0000C94B,
0000DC68,
0000E05C,
0000D4A9,
0000C3F8,
0000BCBF,
0000C74C,
0000E003,
0000F9D2,
00000724,
00000327,
0000F515,
0000EB2A,
0000F0D3,
000006C4,
0000226E,
00003538,
00003674,
00002952,
00001A9F,
000017F1,
00002645,
00003E8E,
00005281,
0000566B,
00004931,
00003516,
000028AB,
00002CD0,
00003E99,
0000515B,
00005762,
00004B68,
0000343A,
00002019,
00001AF6,
0000264A,
0000381D,
000041F1,
00003ABF,
0000253D,
00000E0B,
00000311,
000009FF,
00001C69,
00002C41,
00002D83,
00001E83,
00000914,
0000FBD3,
00000014,
00001385,
000029BE,
000034C9,
00002EB6,
00001DAC,
00000FA7,
000010D1,
00002323,
00003CF7,
00004FA5,
00005189,
00004494,
000034EC,
00003085,
00003D7E,
000055DB,
00006B9B,
0000724A,
00006785,
00005495,
00004805,
00004B9B,
00005D9A,
000071F0,
00007A7E,
000070CF,
00005A81,
00004574,
00003E3D,
00004788,
00005848,
000061F9,
00005AA0,
000043B6,
0000292B,
00001942,
00001ACE,
0000288F,
000034D9,
0000330A,
00002044,
00000573,
0000F135,
0000EDDC,
0000FA5E,
00000B16,
000011CD,
00000785,
0000F14C,
0000DCC6,
0000D6D2,
0000E2AB,
0000F7B5,
0000075D,
00000723,
0000F7C3,
0000E4AF,
0000DC2A,
0000E571,
0000FBB3,
00001158,
0000194E,
00000FF5,
0000FD93,
0000F096,
0000F39E,
00000621,
00001CC3,
00002914,
00002379,
00001058,
0000FD11,
0000F6C0,
0000013B,
0000146A,
000021D7,
00001E9B,
00000AE6,
0000F1DA,
0000E1EC,
0000E2FD,
0000F0F5,
0000FE9A,
0000FEB9,
0000ED3C,
0000D20A,
0000BBA3,
0000B536,
0000BEFF,
0000CE2A,
0000D451,
0000C971,
0000B173,
0000998B,
00008F2E,
000096DA,
0000A909,
0000B762,
0000B69D,
0000A643,
00009106,
00008566,
00008BB7,
0000A065,
0000B666,
0000C02A,
0000B8E3,
0000A7D0,
00009B32,
00009E76,
0000B254,
0000CC3D,
0000DD95,
0000DDAF,
0000CFB7,
0000C077,
0000BD80,
0000CBCB,
0000E444,
0000F89B,
0000FD15,
0000F08F,
0000DD46,
0000D1C3,
0000D6DD,
0000E9A1,
0000FD5D,
00000455,
0000F93F,
0000E2E0,
0000CF73,
0000CAE5,
0000D6AC,
0000E8CD,
0000F2C7,
0000EB93,
0000D5E7,
0000BE64,
0000B2F4,
0000B94A,
0000CAFD,
0000DA05,
0000DA62,
0000CA6F,
0000B406,
0000A5C9,
0000A916,
0000BBA1,
0000D10B,
0000DB64,
0000D4C5,
0000C35C,
0000B52B,
0000B664,
0000C904,
0000E36C,
0000F6F7,
0000FA04,
0000EE88,
0000E0A9,
0000DE5D,
0000EDC1,
000008D8,
000021A0,
00002B9F,
0000246F,
00001554,
00000CD1,
000014A7,
00002B11,
000043F5,
0000512C,
00004C38,
00003AAF,
00002A67,
000027ED,
000035E5,
00004B3B,
00005961,
00005657,
0000438E,
00002CF2,
000020C1,
000025CA,
000036CA,
00004614,
00004705,
000036BE,
00001E2C,
00000BF1,
00000A61,
00001876,
00002A91,
0000327F,
00002947,
000013FE,
00000052,
0000FB26,
000007BC,
00001D81,
00002DEA,
00002E7C,
00001FF9,
00000DDC,
0000066C,
000010EB,
0000288C,
00003FBD,
0000496A,
000041F8,
000031AB,
000026F2,
00002C6D,
0000418E,
00005AF6,
00006A30,
0000679C,
0000579C,
00004787,
00004475,
00005232,
0000689F,
0000793C,
0000791D,
00006866,
00005233,
000044F2,
0000487A,
000058AD,
0000684C,
00006A1C,
00005A04,
00003FE5,
00002A3C,
00002437,
00002E10,
00003CF3,
0000427B,
000036A6,
00001D61,
000003E3,
0000F7A7,
0000FD2F,
00000CFB,
000018BA,
0000152A,
000001DE,
0000E990,
0000DAC6,
0000DDDD,
0000EF4A,
0000020A,
00000895,
0000FE28,
0000EA03,
0000DA6F,
0000DAE1,
0000EC12,
00000378,
0000127A,
0000106D,
0000007D,
0000EF76,
0000EAE5,
0000F7C1,
00000EF3,
00002229,
000025A1,
00001836,
0000041B,
0000F7D5,
0000FC32,
00000E3A,
00002133,
0000275A,
00001B5B,
000003F8,
0000EF64,
0000E984,
0000F3CA,
00000435,
00000C41,
000002E4,
0000EAD1,
0000D0A6,
0000C24E,
0000C57B,
0000D3C9,
0000DF2D,
0000DBAF,
0000C7AC,
0000AD04,
00009A5F,
00009922,
0000A708,
0000B7B8,
0000BD4E,
0000B1E9,
00009BC0,
000088DF,
0000857F,
000093A7,
0000A9BE,
0000B928,
0000B84C,
0000A922,
000097DA,
0000926C,
00009EF9,
0000B789,
0000CE18,
0000D630,
0000CD6A,
0000BD08,
0000B38D,
0000BAB5,
0000D0B8,
0000E977,
0000F6C6,
0000F21E,
0000E112,
0000D16F,
0000CFBB,
0000DE92,
0000F4D7,
000003F6,
000001E8,
0000F016,
0000DA65,
0000CF0C,
0000D4D6,
0000E67A,
0000F646,
0000F796,
0000E787,
0000CF06,
0000BCB3,
0000BAE3,
0000C893,
0000DA25,
0000E169,
0000D76C,
0000C147,
0000ACAE,
0000A689,
0000B224,
0000C6F1,
0000D66D,
0000D624,
0000C6E1,
0000B425,
0000AC41,
0000B67C,
0000CE11,
0000E572,
0000EF93,
0000E8DB,
0000D995,
0000D031,
0000D750,
0000EE68,
00000A15,
00001BE6,
00001C37,
00000F67,
000002C8,
0000036E,
00001520,
00002FB7,
000044AC,
0000490C,
00003CF3,
00002B74,
000022F4,
00002B43,
00004038,
0000548C,
00005AFE,
00004F6A,
000039AC,
0000283A,
0000263B,
000033E6,
00004661,
00004F44,
0000468C,
00003023,
00001942,
00000F61,
00001708,
000028B7,
00003622,
0000340A,
00002207,
00000AD9,
0000FD0F,
00000108,
00001344,
000026C6,
00002E0D,
0000245C,
000010FC,
0000023E,
0000039B,
000015D2,
00002E60,
00003EB0,
00003E19,
00002FCC,
00002095,
00001E04,
00002D10,
000046A0,
00005C61,
0000628D,
000057FB,
000046DA,
00003DAA,
00004533,
00005A75,
000070AF,
00007A17,
0000714F,
00005D12,
00004B8B,
00004897,
0000559E,
0000689B,
000072FF,
00006BBA,
00005579,
00003CD6,
00002FB6,
000033C8,
000042A5,
00004E42,
00004AA4,
00003628,
00001AB3,
000006EB,
0000043C,
00001063,
00001F0E,
0000225C,
00001476,
0000FB99,
0000E5D6,
0000DF72,
0000EA79,
0000FD5C,
00000987,
00000569,
0000F304,
0000DE8B,
0000D601,
0000DF8B,
0000F538,
00000908,
00000E8A,
00000359,
0000F0BC,
0000E534,
0000EA7E,
0000FED2,
0000160D,
00002204,
00001C2B,
00000A10,
0000F97C,
0000F6EE,
000004FA,
00001A81,
000028E6,
00002618,
0000137B,
0000FCEE,
0000F09F,
0000F552,
000005B7,
00001419,
000013CB,
000001E9,
0000E75B,
0000D2BD,
0000CE63,
0000D948,
0000E7CE,
0000EBC8,
0000DE42,
0000C45C,
0000ABC9,
0000A17A,
0000A8C0,
0000B910,
0000C3F2,
0000BEF9,
0000AAF6,
00009375,
000086CD,
00008C4F,
00009F3F,
0000B218,
0000B7D6,
0000ACE7,
0000999D,
00008C70,
00009006,
0000A3DA,
0000BC8F,
0000CBB4,
0000C9A8,
0000BACB,
0000AC72,
0000ABAD,
0000BC43,
0000D60B,
0000EA7A,
0000EE97,
0000E27B,
0000D131,
0000C919,
0000D1FB,
0000E7A8,
0000FCD1,
0000042A,
0000F98D,
0000E4CB,
0000D453,
0000D345,
0000E1D1,
0000F518,
0000FEAD,
0000F687,
0000E08E,
0000C9F6,
0000C039,
0000C7DA,
0000D95C,
0000E672,
0000E3E0,
0000D142,
0000B95B,
0000AABE,
0000ADD2,
0000BF19,
0000D1A0,
0000D7ED,
0000CD48,
0000B905,
0000A979,
0000AA27,
0000BBD7,
0000D40A,
0000E433,
0000E3B0,
0000D5B8,
0000C71B,
0000C56D,
0000D5AA,
0000F0BB,
0000084B,
00001099,
0000087A,
0000FA1C,
0000F3FA,
0000FED9,
000017B6,
000031C9,
00003F43,
00003AC1,
00002AF2,
00001DFB,
00001FB2,
00003176,
00004938,
00005861,
000055D8,
00004443,
00003032,
00002784,
00002FE1,
000042DB,
00005262,
00005277,
00004173,
00002937,
00001869,
00001873,
00002713,
000037F8,
00003D45,
00003122,
000019D3,
0000056E,
0000003D,
00000C51,
00002023,
00002D26,
000029CE,
00001826,
00000469,
0000FCA0,
000006F6,
00001D83,
0000324D,
000038E8,
00002EF3,
00001DB8,
000013BE,
00001AC4,
00003102,
00004A59,
00005899,
00005536,
000045BC,
000037F0,
0000384E,
00004966,
0000620F,
000073A8,
00007419,
000064BE,
0000516C,
0000484D,
00005019,
0000637B,
000074B3,
0000770D,
0000679E,
00004F44,
00003C99,
000039E9,
0000462C,
000055BD,
00005A6E,
00004D48,
0000336A,
00001A87,
00000F91,
000015DA,
000024DD,
00002E22,
00002742,
00001115,
0000F72D,
0000E7E6,
0000EA9B,
0000FA95,
00000A58,
00000CEA,
0000FEC1,
0000E835,
0000D7C8,
0000D828,
0000E8D6,
0000FE7B,
00000AAD,
000005D2,
0000F44D,
0000E376,
0000E05F,
0000EED3,
000006A6,
00001951,
00001BD8,
00000E51,
0000FBC5,
0000F28F,
0000FA73,
00000F3A,
00002393,
00002A2B,
00001ED1,
00000952,
0000F817,
0000F636,
000003D7,
00001616,
00001E80,
00001504,
0000FD87,
0000E535,
0000D984,
0000DEF6,
0000EE0B,
0000F873,
0000F2F4,
0000DD28,
0000C1D4,
0000AF8E,
0000AEC2,
0000BBF5,
0000CA3A,
0000CC1A,
0000BCE8,
0000A3FE,
00008FB8,
00008BA2,
0000988C,
0000AC00,
0000B77B,
0000B262,
00009FF5,
00008D0B,
00008741,
00009399,
0000AB03,
0000BF31,
0000C464,
0000B974,
0000A895,
0000A041,
0000A941,
0000C090,
0000D964,
0000E5ED,
0000E0C3,
0000D093,
0000C37D,
0000C551,
0000D766,
0000EFA8,
0000FF7A,
0000FDB9,
0000ED04,
0000D9E4,
0000D231,
0000DB8A,
0000EF79,
0000FFE9,
000000D3,
0000F08F,
0000D8F3,
0000C8A5,
0000C90B,
0000D7E0,
0000E8D2,
0000EE02,
0000E19D,
0000C9E5,
0000B4F4,
0000AF16,
0000BA63,
0000CD57,
0000D96C,
0000D51B,
0000C277,
0000ADC2,
0000A50D,
0000AE8B,
0000C45B,
0000D88A,
0000DEB4,
0000D480,
0000C33E,
0000B97B,
0000C0FB,
0000D7FB,
0000F25F,
000001F9,
00000043,
0000F2C7,
0000E74A,
0000EA45,
0000FE49,
00001A28,
00002F3D,
0000336C,
0000280A,
000018E7,
00001424,
00002073,
00003875,
00004E62,
0000557E,
00004AD5,
0000373D,
00002946,
00002B35,
00003BF9,
00004FE8,
000058CB,
00004FA8,
00003995,
00002446,
00001CA6,
00002606,
000037DF,
000043BA,
00003F31,
00002B1D,
00001312,
00000572,
00000999,
00001ADA,
00002BBB,
00002F48,
000021FF,
00000C41,
0000FC96,
0000FDB1,
00000F1B,
00002587,
00003291,
00002EA3,
00001E27,
00000E7A,
00000CB4,
00001CA2,
0000361E,
00004A9E,
00004F29,
000043D5,
000033AB,
00002D03,
0000379E,
00004F44,
0000669A,
0000704A,
0000681D,
000055D9,
000047DE,
0000493D,
00005A15,
00006F79,
00007AED,
0000745A,
00005F99,
000049D3,
00004075,
000047F8,
000058D9,
000064C2,
00006074,
00004B85,
000030B9,
00001EA3,
00001DAF,
00002A63,
000037D1,
00003888,
000027DD,
00000D2D,
0000F6DC,
0000F07A,
0000FADD,
00000B97,
0000142C,
00000C0C,
0000F67D,
0000E05E,
0000D755,
0000E06C,
0000F49A,
00000598,
000007B0,
0000F9C2,
0000E602,
0000DAF4,
0000E161,
0000F64A,
00000CE6,
00001765,
00001062,
0000FE88,
0000EFF4,
0000F073,
00000159,
0000188F,
00002771,
000024D8,
0000135B,
0000FF7E,
0000F710,
0000FFA8,
000012CB,
0000225C,
0000224E,
000010EE,
0000F812,
0000E655,
0000E519,
0000F216,
000000F3,
000003D3,
0000F4DE,
0000DA55,
0000C253,
0000B925,
0000C0E5,
0000D011,
0000D828,
0000CFAA,
0000B8AB,
00009F78,
00009226,
000096F2,
0000A801,
0000B76B,
0000B8D2,
0000A9E7,
00009402,
000085BA,
000088DA,
00009BA7,
0000B20C,
0000BDE4,
0000B8AB,
0000A7F1,
00009981,
000099D7,
0000AB85,
0000C560,
0000D8C2,
0000DB8E,
0000CF18,
0000BF2D,
0000B9E9,
0000C5FB,
0000DDFF,
0000F427,
0000FBAF,
0000F19D,
0000DEBF,
0000D19F,
0000D479,
0000E633,
0000FB1E,
000004FA,
0000FCC7,
0000E794,
0000D30E,
0000CC1D,
0000D60D,
0000E852,
0000F474,
0000F009,
0000DBEC,
0000C3B0,
0000B5B8,
0000B963,
0000CA05,
0000DA2B,
0000DCE4,
0000CEB3,
0000B800,
0000A759,
0000A779,
0000B7F2,
0000CD7C,
0000D9BB,
0000D521,
0000C421,
0000B41D,
0000B237,
0000C23E,
0000DC14,
0000F135,
0000F6AB,
0000EC8F,
0000DDEC,
0000D91D,
0000E5E1,
00000000,
00001A1F,
000026E3,
00002214,
00001371,
00000955,
00000ECB,
000023EC,
00003DC2,
00004DC9,
00004BE3,
00003BDF,
00002ADF,
00002645,
00003284,
0000480E,
00005887,
000058A7,
00004800,
0000314D,
0000231C,
000025D5,
000035FB,
0000469D,
00004A48,
00003C50,
00002414,
00000FF7,
00000B8C,
000017AE,
000029F3,
000033E3,
00002CF2,
0000186C,
00000339,
0000FB06,
000004E2,
000019CD,
00002B87,
00002E61,
00002141,
00000E63,
00000451,
00000BD9,
00002201,
00003A05,
00004617,
000040D3,
000030E8,
00002472,
0000273E,
00003AA0,
0000547B,
00006629,
0000667F,
0000580F,
00004755,
0000421C,
00004DF4,
00006459,
00007726,
00007A46,
00006BFE,
00005619,
0000472E,
00004895,
000057FF,
0000690E,
00006DDA,
00006088,
00004755,
00003056,
000027D8,
00002FEF,
00003F1B,
000046DB,
00003DAD,
000025AB,
00000B22,
0000FC2D,
0000FF0D,
00000DEA,
00001AE7,
000019AB,
000007EE,
0000EF12,
0000DDB2,
0000DDA4,
0000ED35,
00000058,
000008F0,
00000082,
0000ECA5,
0000DB28,
0000D88F,
0000E771,
0000FEA7,
00000F8D,
0000100C,
00000178,
0000EF9E,
0000E89B,
0000F31A,
000009B6,
00001E9F,
0000250C,
000019FE,
0000063E,
0000F850,
0000FA68,
00000B66,
00001F94,
000028AB,
00001FA2,
00000983,
0000F3F4,
0000EBD4,
0000F469,
00000523,
00000F86,
00000924,
0000F2D3,
0000D823,
0000C778,
0000C82F,
0000D59D,
0000E251,
0000E15D,
0000CF47,
0000B47B,
00009F8C,
00009B3E,
0000A727,
0000B808,
0000BF8B,
0000B62D,
0000A067,
00008BA6,
00008513,
00009087,
0000A5EB,
0000B6C3,
0000B822,
0000AA27,
000097E3,
00008FB6,
00009966,
0000B0BC,
0000C862,
0000D2FD,
0000CC55,
0000BC2B,
0000B0D7,
0000B562,
0000C9E2,
0000E35E,
0000F34C,
0000F186,
0000E1D9,
0000D15D,
0000CD6F,
0000DA79,
0000F0E5,
0000024F,
0000036A,
0000F3BF,
0000DE01,
0000D0B8,
0000D445,
0000E526,
0000F667,
0000FA8E,
0000ECEE,
0000D4E3,
0000C0CF,
0000BC46,
0000C821,
0000D9FA,
0000E35A,
0000DBBA,
0000C66B,
0000B058,
0000A735,
0000B018,
0000C407,
0000D4CB,
0000D6BA,
0000C8C3,
0000B52B,
0000AA82,
0000B19E,
0000C78B,
0000DF8D,
0000EBDC,
0000E719,
0000D7F6,
0000CC94,
0000D0C3,
0000E5D8,
000001B7,
000015BB,
000018B6,
00000D39,
0000FFBD,
0000FE07,
00000DA1,
00002805,
00003F05,
00004685,
00003CC2,
00002B80,
0000214C,
00002776,
00003BA5,
00005175,
00005AF3,
0000523E,
00003D89,
00002AE5,
00002694,
000032A9,
0000459D,
000050EA,
00004B0C,
0000361B,
00001E63,
000011FE,
0000172E,
00002820,
000036F5,
0000375B,
0000270D,
00000F71,
0000FF2D,
00000017,
00001087,
00002476,
00002DCF,
0000261C,
000012FC,
00000247,
00000086,
00001058,
0000289A,
00003AAF,
00003C83,
00002F6D,
00001F3D,
00001A13,
0000269C,
00003F70,
000056BF,
00005FBF,
0000576B,
0000468C,
00003B9C,
000040CF,
000054FD,
00006C67,
000078BF,
000072F5,
0000600B,
00004D9E,
00004885,
00005400,
00006774,
0000745E,
00007048,
00005C02,
00004318,
000033E6,
000035C6,
0000440B,
0000513E,
00005072,
00003E2C,
000022D8,
00000D0C,
0000078D,
000011F5,
0000210A,
0000267C,
00001ACB,
00000279,
0000EAFC,
0000E180,
0000E9EA,
0000FC29,
000009CA,
000007E9,
0000F6AE,
0000E12F,
0000D5D5,
0000DC6D,
0000F0C6,
0000058D,
00000D71,
0000043B,
0000F1AF,
0000E428,
0000E6AF,
0000F95A,
0000112D,
00001FA1,
00001C8A,
00000BB3,
0000FA2E,
0000F553,
00000185,
0000172A,
000027D8,
00002838,
000017CB,
0000013F,
0000F316,
0000F5A8,
0000056B,
00001565,
0000181A,
000008D3,
0000EEEB,
0000D8BE,
0000D1DE,
0000DB23,
0000EA26,
0000F06F,
0000E579,
0000CC96,
0000B2B8,
0000A592,
0000AA43,
0000B9D4,
0000C617,
0000C367,
0000B0BC,
00009862,
000088F3,
00008B4D,
00009C85,
0000AFE7,
0000B7B3,
0000AE94,
00009B42,
00008BE7,
00008C58,
00009DF1,
0000B69A,
0000C7B2,
0000C810,
0000BA44,
0000AACA,
0000A767,
0000B5A7,
0000CEFE,
0000E53C,
0000EC42,
0000E248,
0000D10D,
0000C718,
0000CDB3,
0000E27D,
0000F90A,
00000360,
0000FB97,
0000E7DA,
0000D632,
0000D2DA,
0000DFDD,
0000F3AF,
0000FFC3,
0000FA92,
0000E62D,
0000CEDE,
0000C2BB,
0000C808,
0000D8ED,
0000E78D,
0000E797,
0000D6C9,
0000BE8D,
0000AD89,
0000AD9E,
0000BD25,
0000D01F,
0000D87C,
0000CFCE,
0000BBBD,
0000AA28,
0000A79F,
0000B6C8,
0000CE8A,
0000E04E,
0000E205,
0000D50E,
0000C53F,
0000C0BD,
0000CE37,
0000E84A,
00000127,
00000C06,
000005E4,
0000F786,
0000EF67,
0000F7B5,
00000F45,
00002A56,
00003A93,
000038E5,
00002A48,
00001C50,
00001BCD,
00002BF6,
00004429,
000055D9,
00005687,
000046FB,
000032B8,
00002813,
00002E60,
000040E7,
0000522E,
00005542,
000046A5,
00002EBE,
00001C20,
0000198E,
000026A4,
00003826,
00003FC7,
0000360A,
00001F72,
00000979,
00000153,
00000AE8,
00001E2F,
00002CBB,
00002BAD,
00001B35,
00000673,
0000FBD6,
0000032F,
00001858,
00002E05,
000036E7,
00002ECF,
00001D85,
00001169,
00001586,
000029F5,
000043BD,
00005453,
0000538E,
00004535,
00003658,
0000344C,
00004371,
00005C26,
00006FFA,
00007390,
00006663,
00005319,
0000482A,
00004DE8,
000060C1,
000073B1,
00007933,
00006C8B,
0000550A,
00004107,
00003C0E,
000046F0,
00005740,
00005E86,
00005437,
00003BA4,
000021BE,
00001438,
00001832,
000026B8,
0000319D,
00002D43,
000018A5,
0000FE17,
0000EC35,
0000EBE7,
0000FA49,
00000AAE,
00000F61,
00000312,
0000EC85,
0000D9E8,
0000D71A,
0000E57F,
0000FB06,
00000912,
00000684,
0000F5F0,
0000E3D5,
0000DDFC,
0000E9F3,
0000012E,
00001582,
00001ACC,
00000F44,
0000FCA7,
0000F176,
0000F6F8,
00000AC8,
00002075,
000029FF,
00002175,
00000CFC,
0000FA97,
0000F679,
000002A4,
00001587,
0000208E,
00001A2A,
00000467,
0000EB8A,
0000DDA4,
0000E0F2,
0000EF9D,
0000FBC4,
0000F915,
0000E54D,
0000C9D8,
0000B55C,
0000B1BE,
0000BD5B,
0000CC38,
0000D04A,
0000C32A,
0000AA87,
00009446,
00008D01,
00009765,
0000AA62,
0000B769,
0000B475,
0000A2EE,
00008EB1,
000085E9,
00008F51,
0000A58B,
0000BACD,
0000C256,
0000B926,
0000A805,
00009D73,
0000A39F,
0000B960,
0000D2F0,
0000E1FC,
0000DF6B,
0000D034,
0000C1E7,
0000C150,
0000D1A0,
0000EA2E,
0000FC65,
0000FDC2,
0000EF04,
0000DBA4,
0000D1F3,
0000D93A,
0000ECBC,
0000FEF8,
000002F1,
0000F527,
0000DDF9,
0000CBF6,
0000C9DE,
0000D749,
0000E8F8,
0000F09F,
0000E6BE,
0000CFDD,
0000B974,
0000B0BC,
0000B99F,
0000CC1A,
0000D9C5,
0000D7C6,
0000C654,
0000B096,
0000A502,
0000AB74,
0000BFC8,
0000D4BD,
0000DD0C,
0000D48C,
0000C30D,
0000B6F4,
0000BB54,
0000D049,
0000EAE0,
0000FC92,
0000FD38,
0000F099,
0000E3C9,
0000E41A,
0000F5EB,
00001198,
000028B0,
00002FCF,
0000266B,
00001725,
0000106D,
00001A8E,
000031EF,
00004984,
000053BF,
00004BDB,
0000391F,
000029DC,
00002993,
0000390F,
00004DDC,
00005977,
00005352,
00003EB9,
00002894,
00001E97,
000025DB,
0000376D,
0000451D,
0000434D,
000030FA,
00001879,
0000086A,
000009BA,
00001986,
00002B2A,
000030F4,
0000259B,
00000FEA,
0000FE18,
0000FC0A,
00000B29,
0000216E,
00003045,
00002E91,
00001EEE,
00000DE2,
0000093A,
00001689,
00002F48,
0000454B,
00004C73,
000042F8,
00003296,
000029D0,
000031E8,
00004877,
00006107,
00006D94,
00006826,
000056DE,
000047B4,
000046D8,
00005642,
00006C59,
00007A81,
00007721,
00006440,
00004E17,
000042B2,
00004848,
000058F8,
000066DE,
000065A1,
000052FC,
00003854,
00002451,
000020D3,
00002C37,
00003A85,
00003DB2,
00002F5A,
0000152F,
0000FD1C,
0000F3BF,
0000FBCB,
00000C36,
0000167C,
0000109C,
0000FC08,
0000E4A5,
0000D8A6,
0000DECD,
0000F1C6,
000003CE,
0000082B,
0000FBE5,
0000E7CA,
0000DA5F,
0000DDD7,
0000F10D,
0000083F,
0000151B,
0000108A,
0000FF83,
0000EF93,
0000ED86,
0000FC88,
000013EE,
0000251F,
00002591,
000015FD,
000001D8,
0000F76B,
0000FDF6,
000010B6,
00002223,
0000253A,
00001670,
0000FE22,
0000EAD6,
0000E746,
0000F305,
000002D1,
00000859,
0000FC1D,
0000E29F,
0000C95A,
0000BD85,
0000C30D,
0000D1F0,
0000DBC9,
0000D5C4,
0000C01B,
0000A5FC,
000095E4,
000097B4,
0000A753,
0000B786,
0000BB0E,
0000ADCD,
0000979A,
000086E3,
000086C4,
00009761,
0000ADCE,
0000BB8B,
0000B879,
0000A864,
00009864,
000095D0,
0000A50A,
0000BE72,
0000D393,
0000D90E,
0000CE55,
0000BE08,
0000B696,
0000C043,
0000D774,
0000EF15,
0000F994,
0000F224,
0000E007,
0000D184,
0000D216,
0000E27F,
0000F844,
000004DA,
0000FFAE,
0000EC02,
0000D6B9,
0000CD81,
0000D56F,
0000E78A,
0000F59F,
0000F40F,
0000E1D4,
0000C942,
0000B8FB,
0000B9EC,
0000C936,
0000DA36,
0000DF3F,
0000D30E,
0000BC72,
0000A9A9,
0000A69F,
0000B4C5,
0000CA1B,
0000D813,
0000D599,
0000C551,
0000B3C8,
0000AED4,
0000BC0B,
0000D4EF,
0000EB59,
0000F32F,
0000EAAC,
0000DB91,
0000D461,
0000DE60,
0000F728,
0000123F,
000021A3,
00001F57,
00001178,
000005FC,
00000909,
00001C94,
000036FC,
0000499C,
00004AD5,
00003CA4,
00002B3B,
0000249C,
00002EF5,
0000445F,
000056EA,
00005A37,
00004BFA,
00003591,
0000259E,
000025FB,
00003503,
000046B6,
00004D0C,
0000419C,
00002A19,
0000146D,
00000D39,
00001733,
00002954,
0000351B,
0000308D,
00001D20,
000006C1,
0000FBAB,
000002A3,
0000165F,
00002923,
00002E3D,
000022BA,
00000F71,
000002EB,
00000765,
00001BBC,
00003435,
00004280,
00003F89,
00003049,
00002251,
0000226B,
000033C3,
00004DAC,
0000618A,
000064CE,
00005830,
0000471D,
00003FD6,
0000499A,
00005F9B,
00007449,
00007A9A,
00006EFA,
000059BD,
00004963,
0000489E,
000056F7,
00006926,
000070D2,
00006675,
00004E8D,
0000368F,
00002BAF,
000031D6,
00004101,
00004ACA,
0000445D,
00002DF6,
000012C4,
00000147,
00000166,
00000F0B,
00001D03,
00001E14,
00000E26,
0000F51A,
0000E165,
0000DE29,
0000EB96,
0000FEC5,
00000940,
000002EF,
0000EFA8,
0000DC87,
0000D6EC,
0000E33D,
0000F9DF,
00000C62,
00000F6A,
0000026D,
0000F00B,
0000E6B2,
0000EEA8,
0000044D,
00001A8F,
000023D6,
00001B51,
0000083D,
0000F8DD,
0000F8A3,
0000084B,
00001D55,
0000292E,
0000233A,
00000EB4,
0000F87B,
0000EE33,
0000F4EA,
000005A2,
00001224,
00000ECB,
0000FA8D,
0000DFBC,
0000CCF6,
0000CB27,
0000D771,
0000E532,
0000E6BE,
0000D6D5,
0000BC4A,
0000A560,
00009E07,
0000A7B8,
0000B878,
0000C1C3,
0000BA8C,
0000A57F,
00008F31,
00008582,
00008E10,
0000A266,
0000B465,
0000B7FB,
0000AB6B,
0000987B,
00008DB6,
00009465,
0000AA25,
0000C282,
0000CF7B,
0000CB14,
0000BB6C,
0000AE77,
0000B05B,
0000C309,
0000DCDD,
0000EF2F,
0000F059,
0000E254,
0000D14A,
0000CB37,
0000D642,
0000EC7B,
0000FFEC,
0000042D,
0000F6EC,
0000E17D,
0000D27D,
0000D3BF,
0000E397,
0000F601,
0000FCEF,
0000F1F5,
0000DAC3,
0000C541,
0000BE0F,
0000C7E3,
0000D9B6,
0000E50A,
0000DFE7,
0000CBC6,
0000B498,
0000A89E,
0000AEA5,
0000C167,
0000D330,
0000D755,
0000CAEA,
0000B6CF,
0000A995,
0000AD7F,
0000C172,
0000D9BB,
0000E80F,
0000E561,
0000D6AE,
0000C98C,
0000CAC8,
0000DD92,
0000F93C,
00000F2D,
000014D6,
00000AEB,
0000FCD9,
0000F8DC,
0000062E,
00001FFD,
000038B4,
00004341,
00003C08,
00002B57,
00001FA4,
00002398,
000036B5,
00004DAA,
00005A15,
00005467,
00004117,
00002D91,
00002703,
00003150,
0000446F,
000051F5,
00004F0A,
00003BE8,
000023BC,
00001504,
000017A8,
00002793,
00003793,
00003A72,
00002C1D,
00001476,
000001FA,
0000FFD4,
00000E33,
0000223D,
00002D82,
000027F0,
00001563,
00000302,
0000FE32,
00000B5E,
000022F4,
0000368B,
00003AC7,
00002F26,
00001E4A,
000016A4,
0000207C,
00003833,
000050B6,
00005C6B,
00005680,
0000462E,
000039B3,
00003C7E,
00004F46,
00006781,
00007698,
000073E5,
0000629E,
00004F96,
0000486C,
00005225,
000065BB,
000074EE,
00007412,
00006215,
00004943,
00003835,
000037D1,
00004536,
000053BD,
000055B9,
000045E8,
00002B1D,
0000139B,
00000B56,
000013C7,
000022F9,
00002A6A,
00002114,
000009AA,
0000F0C9,
0000E453,
0000E9F3,
0000FB39,
00000A0E,
00000A6B,
0000FA9B,
0000E46A,
0000D66C,
0000D9F2,
0000EC9E,
00000203,
00000C25,
0000050E,
0000F2E1,
0000E392,
0000E34A,
0000F3FD,
00000C03,
00001CB6,
00001C6E,
00000D1F,
0000FAF2,
0000F3DB,
0000FDFD,
00001362,
0000260E,
00002994,
00001B96,
00000565,
0000F595,
0000F5F2,
000004C7,
0000160D,
00001BAD,
00000F37,
0000F656,
0000DEEC,
0000D596,
0000DD07,
0000EC39,
0000F4AA,
0000EC65,
0000D4E3,
0000BA18,
0000AA47,
0000AC43,
0000BACA,
0000C82F,
0000C7CB,
0000B6BD,
00009DEB,
00008BEE,
00008B12,
00009A45,
0000ADDB,
0000B794,
0000B06A,
00009D62,
00008C1B,
00008968,
0000987F,
0000B0BA,
0000C382,
0000C64D,
0000B9D2,
0000A980,
0000A395,
0000AF4A,
0000C7CD,
0000DF84,
0000E95C,
0000E1B6,
0000D0DA,
0000C539,
0000C975,
0000DD0C,
0000F4A2,
000001CE,
0000FCFE,
0000EA9D,
0000D810,
0000D27E,
0000DDC3,
0000F1CD,
0000002C,
0000FE06,
0000EB8A,
0000D3E3,
0000C58E,
0000C86D,
0000D86D,
0000E858,
0000EAFC,
0000DC44,
0000C418,
0000B0F6,
0000AE0B,
0000BB91,
0000CEB0,
0000D8FD,
0000D26F,
0000BEE9,
0000AB99,
0000A5EB,
0000B256,
0000C94B,
0000DC68,
0000E05C,
0000D4A9,
0000C3F8,
0000BCBF,
0000C74C,
0000E003,
0000F9D2,
00000724,
00000327,
0000F515,
0000EB2A,
0000F0D3,
000006C4,
0000226E,
00003538,
00003674,
00002952,
00001A9F,
000017F1,
00002645,
00003E8E,
00005281,
0000566B,
00004931,
00003516,
000028AB,
00002CD0,
00003E99,
0000515B,
00005762,
00004B68,
0000343A,
00002019,
00001AF6,
0000264A,
0000381D,
000041F1,
00003ABF,
0000253D,
00000E0B,
00000311,
000009FF,
00001C69,
00002C41,
00002D83,
00001E83,
00000914,
0000FBD3,
00000014,
00001385,
000029BE,
000034C9,
00002EB6,
00001DAC,
00000FA7,
000010D1,
00002323,
00003CF7,
00004FA5,
00005189,
00004494,
000034EC,
00003085,
00003D7E,
000055DB,
00006B9B,
0000724A,
00006785,
00005495,
00004805,
00004B9B,
00005D9A,
000071F0,
00007A7E,
000070CF,
00005A81,
00004574,
00003E3D,
00004788,
00005848,
000061F9,
00005AA0,
000043B6,
0000292B,
00001942,
00001ACE,
0000288F,
000034D9,
0000330A,
00002044,
00000573,
0000F135,
0000EDDC,
0000FA5E,
00000B16,
000011CD,
00000785,
0000F14C,
0000DCC6,
0000D6D2,
0000E2AB,
0000F7B5,
0000075D,
00000723,
0000F7C3,
0000E4AF,
0000DC2A,
0000E571,
0000FBB3,
00001158,
0000194E,
00000FF5,
0000FD93,
0000F096,
0000F39E,
00000621,
00001CC3,
00002914,
00002379,
00001058,
0000FD11,
0000F6C0,
0000013B,
0000146A,
000021D7,
00001E9B,
00000AE6,
0000F1DA,
0000E1EC,
0000E2FD,
0000F0F5,
0000FE9A,
0000FEB9,
0000ED3C,
0000D20A,
0000BBA3,
0000B536,
0000BEFF,
0000CE2A,
0000D451,
0000C971,
0000B173,
0000998B,
00008F2E,
000096DA,
0000A909,
0000B762,
0000B69D,
0000A643,
00009106,
00008566,
00008BB7,
0000A065,
0000B666,
0000C02A,
0000B8E3,
0000A7D0,
00009B32,
00009E76,
0000B254,
0000CC3D,
0000DD95,
0000DDAF,
0000CFB7,
0000C077,
0000BD80,
0000CBCB,
0000E444,
0000F89B,
0000FD15,
0000F08F,
0000DD46,
0000D1C3,
0000D6DD,
0000E9A1,
0000FD5D,
00000455,
0000F93F,
0000E2E0,
0000CF73,
0000CAE5,
0000D6AC,
0000E8CD,
0000F2C7,
0000EB93,
0000D5E7,
0000BE64,
0000B2F4,
0000B94A,
0000CAFD,
0000DA05,
0000DA62,
0000CA6F,
0000B406,
0000A5C9,
0000A916,
0000BBA1,
0000D10B,
0000DB64,
0000D4C5,
0000C35C,
0000B52B,
0000B664,
0000C904,
0000E36C,
0000F6F7,
0000FA04,
0000EE88,
0000E0A9,
0000DE5D,
0000EDC1,
000008D8,
000021A0,
00002B9F,
0000246F,
00001554,
00000CD1,
000014A7,
00002B11,
000043F5,
0000512C,
00004C38,
00003AAF,
00002A67,
000027ED,
000035E5,
00004B3B,
00005961,
00005657,
0000438E,
00002CF2,
000020C1,
000025CA,
000036CA,
00004614,
00004705,
000036BE,
00001E2C,
00000BF1,
00000A61,
00001876,
00002A91,
0000327F,
00002947,
000013FE,
00000052,
0000FB26,
000007BC,
00001D81,
00002DEA,
00002E7C,
00001FF9,
00000DDC,
0000066C,
000010EB,
0000288C,
00003FBD,
0000496A,
000041F8,
000031AB,
000026F2,
00002C6D,
0000418E,
00005AF6,
00006A30,
0000679C,
0000579C,
00004787,
00004475,
00005232,
0000689F,
0000793C,
0000791D,
00006866,
00005233,
000044F2,
0000487A,
000058AD,
0000684C,
00006A1C,
00005A04,
00003FE5,
00002A3C,
00002437,
00002E10,
00003CF3,
0000427B,
000036A6,
00001D61,
000003E3,
0000F7A7,
0000FD2F,
00000CFB,
000018BA,
0000152A,
000001DE,
0000E990,
0000DAC6,
0000DDDD,
0000EF4A,
0000020A,
00000895,
0000FE28,
0000EA03,
0000DA6F,
0000DAE1,
0000EC12,
00000378,
0000127A,
0000106D,
0000007D,
0000EF76,
0000EAE5,
0000F7C1,
00000EF3,
00002229,
000025A1,
00001836,
0000041B,
0000F7D5,
0000FC32,
00000E3A,
00002133,
0000275A,
00001B5B,
000003F8,
0000EF64,
0000E984,
0000F3CA,
00000435,
00000C41,
000002E4,
0000EAD1,
0000D0A6,
0000C24E,
0000C57B,
0000D3C9,
0000DF2D,
0000DBAF,
0000C7AC,
0000AD04,
00009A5F,
00009922,
0000A708,
0000B7B8,
0000BD4E,
0000B1E9,
00009BC0,
000088DF,
0000857F,
000093A7,
0000A9BE,
0000B928,
0000B84C,
0000A922,
000097DA,
0000926C,
00009EF9,
0000B789,
0000CE18,
0000D630,
0000CD6A,
0000BD08,
0000B38D,
0000BAB5,
0000D0B8,
0000E977,
0000F6C6,
0000F21E,
0000E112,
0000D16F,
0000CFBB,
0000DE92,
0000F4D7,
000003F6,
000001E8,
0000F016,
0000DA65,
0000CF0C,
0000D4D6,
0000E67A,
0000F646,
0000F796,
0000E787,
0000CF06,
0000BCB3,
0000BAE3,
0000C893,
0000DA25,
0000E169,
0000D76C,
0000C147,
0000ACAE,
0000A689,
0000B224,
0000C6F1,
0000D66D,
0000D624,
0000C6E1,
0000B425,
0000AC41,
0000B67C,
0000CE11,
0000E572,
0000EF93,
0000E8DB,
0000D995,
0000D031,
0000D750,
0000EE68,
00000A15,
00001BE6,
00001C37,
00000F67,
000002C8,
0000036E,
00001520,
00002FB7,
000044AC,
0000490C,
00003CF3,
00002B74,
000022F4,
00002B43,
00004038,
0000548C,
00005AFE,
00004F6A,
000039AC,
0000283A,
0000263B,
000033E6,
00004661,
00004F44,
0000468C,
00003023,
00001942,
00000F61,
00001708,
000028B7,
00003622,
0000340A,
00002207,
00000AD9,
0000FD0F,
00000108,
00001344,
000026C6,
00002E0D,
0000245C,
000010FC,
0000023E,
0000039B,
000015D2,
00002E60,
00003EB0,
00003E19,
00002FCC,
00002095,
00001E04,
00002D10,
000046A0,
00005C61,
0000628D,
000057FB,
000046DA,
00003DAA,
00004533,
00005A75,
000070AF,
00007A17,
0000714F,
00005D12,
00004B8B,
00004897,
0000559E,
0000689B,
000072FF,
00006BBA,
00005579,
00003CD6,
00002FB6,
000033C8,
000042A5,
00004E42,
00004AA4,
00003628,
00001AB3,
000006EB,
0000043C,
00001063,
00001F0E,
0000225C,
00001476,
0000FB99,
0000E5D6,
0000DF72,
0000EA79,
0000FD5C,
00000987,
00000569,
0000F304,
0000DE8B,
0000D601,
0000DF8B,
0000F538,
00000908,
00000E8A,
00000359,
0000F0BC,
0000E534,
0000EA7E,
0000FED2,
0000160D,
00002204,
00001C2B,
00000A10,
0000F97C,
0000F6EE,
000004FA,
00001A81,
000028E6,
00002618,
0000137B,
0000FCEE,
0000F09F,
0000F552,
000005B7,
00001419,
000013CB,
000001E9,
0000E75B,
0000D2BD,
0000CE63,
0000D948,
0000E7CE,
0000EBC8,
0000DE42,
0000C45C,
0000ABC9,
0000A17A,
0000A8C0,
0000B910,
0000C3F2,
0000BEF9,
0000AAF6,
00009375,
000086CD,
00008C4F,
00009F3F,
0000B218,
0000B7D6,
0000ACE7,
0000999D,
00008C70,
00009006,
0000A3DA,
0000BC8F,
0000CBB4,
0000C9A8,
0000BACB,
0000AC72,
0000ABAD,
0000BC43,
0000D60B,
0000EA7A,
0000EE97,
0000E27B,
0000D131,
0000C919,
0000D1FB,
0000E7A8,
0000FCD1,
0000042A,
0000F98D,
0000E4CB,
0000D453,
0000D345,
0000E1D1,
0000F518,
0000FEAD,
0000F687,
0000E08E,
0000C9F6,
0000C039,
0000C7DA,
0000D95C,
0000E672,
0000E3E0,
0000D142,
0000B95B,
0000AABE,
0000ADD2,
0000BF19,
0000D1A0,
0000D7ED,
0000CD48,
0000B905,
0000A979,
0000AA27,
0000BBD7,
0000D40A,
0000E433,
0000E3B0,
0000D5B8,
0000C71B,
0000C56D,
0000D5AA,
0000F0BB,
0000084B,
00001099,
0000087A,
0000FA1C,
0000F3FA,
0000FED9,
000017B6,
000031C9,
00003F43,
00003AC1,
00002AF2,
00001DFB,
00001FB2,
00003176,
00004938,
00005861,
000055D8,
00004443,
00003032,
00002784,
00002FE1,
000042DB,
00005262,
00005277,
00004173,
00002937,
00001869,
00001873,
00002713,
000037F8,
00003D45,
00003122,
000019D3,
0000056E,
0000003D,
00000C51,
00002023,
00002D26,
000029CE,
00001826,
00000469,
0000FCA0,
000006F6,
00001D83,
0000324D,
000038E8,
00002EF3,
00001DB8,
000013BE,
00001AC4,
00003102,
00004A59,
00005899,
00005536,
000045BC,
000037F0,
0000384E,
00004966,
0000620F,
000073A8,
00007419,
000064BE,
0000516C,
0000484D,
00005019,
0000637B,
000074B3,
0000770D,
0000679E,
00004F44,
00003C99,
000039E9,
0000462C,
000055BD,
00005A6E,
00004D48,
0000336A,
00001A87,
00000F91,
000015DA,
000024DD,
00002E22,
00002742,
00001115,
0000F72D,
0000E7E6,
0000EA9B,
0000FA95,
00000A58,
00000CEA,
0000FEC1,
0000E835,
0000D7C8,
0000D828,
0000E8D6,
0000FE7B,
00000AAD,
000005D2,
0000F44D,
0000E376,
0000E05F,
0000EED3,
000006A6,
00001951,
00001BD8,
00000E51,
0000FBC5,
0000F28F,
0000FA73,
00000F3A,
00002393,
00002A2B,
00001ED1,
00000952,
0000F817,
0000F636,
000003D7,
00001616,
00001E80,
00001504,
0000FD87,
0000E535,
0000D984,
0000DEF6,
0000EE0B,
0000F873,
0000F2F4,
0000DD28,
0000C1D4,
0000AF8E,
0000AEC2,
0000BBF5,
0000CA3A,
0000CC1A,
0000BCE8,
0000A3FE,
00008FB8,
00008BA2,
0000988C,
0000AC00,
0000B77B,
0000B262,
00009FF5,
00008D0B,
00008741,
00009399,
0000AB03,
0000BF31,
0000C464,
0000B974,
0000A895,
0000A041,
0000A941,
0000C090,
0000D964,
0000E5ED,
0000E0C3,
0000D093,
0000C37D,
0000C551,
0000D766,
0000EFA8,
0000FF7A,
0000FDB9,
0000ED04,
0000D9E4,
0000D231,
0000DB8A,
0000EF79,
0000FFE9,
000000D3,
0000F08F,
0000D8F3,
0000C8A5,
0000C90B,
0000D7E0,
0000E8D2,
0000EE02,
0000E19D,
0000C9E5,
0000B4F4,
0000AF16,
0000BA63,
0000CD57,
0000D96C,
0000D51B,
0000C277,
0000ADC2,
0000A50D,
0000AE8B,
0000C45B,
0000D88A,
0000DEB4,
0000D480,
0000C33E,
0000B97B,
0000C0FB,
0000D7FB,
0000F25F,
000001F9,
00000043,
0000F2C7,
0000E74A,
0000EA45,
0000FE49,
00001A28,
00002F3D,
0000336C,
0000280A,
000018E7,
00001424,
00002073,
00003875,
00004E62,
0000557E,
00004AD5,
0000373D,
00002946,
00002B35,
00003BF9,
00004FE8,
000058CB,
00004FA8,
00003995,
00002446,
00001CA6,
00002606,
000037DF,
000043BA,
00003F31,
00002B1D,
00001312,
00000572,
00000999,
00001ADA,
00002BBB,
00002F48,
000021FF,
00000C41,
0000FC96,
0000FDB1,
00000F1B,
00002587,
00003291,
00002EA3,
00001E27,
00000E7A,
00000CB4,
00001CA2,
0000361E,
00004A9E,
00004F29,
000043D5,
000033AB,
00002D03,
0000379E,
00004F44,
0000669A,
0000704A,
0000681D,
000055D9,
000047DE,
0000493D,
00005A15,
00006F79,
00007AED,
0000745A,
00005F99,
000049D3,
00004075,
000047F8,
000058D9,
000064C2,
00006074,
00004B85,
000030B9,
00001EA3,
00001DAF,
00002A63,
000037D1,
00003888,
000027DD,
00000D2D,
0000F6DC,
0000F07A,
0000FADD,
00000B97,
0000142C,
00000C0C,
0000F67D,
0000E05E,
0000D755,
0000E06C,
0000F49A,
00000598,
000007B0,
0000F9C2,
0000E602,
0000DAF4,
0000E161,
0000F64A,
00000CE6,
00001765,
00001062,
0000FE88,
0000EFF4,
0000F073,
00000159,
0000188F,
00002771,
000024D8,
0000135B,
0000FF7E,
0000F710,
0000FFA8,
000012CB,
0000225C,
0000224E,
000010EE,
0000F812,
0000E655,
0000E519,
0000F216,
000000F3,
000003D3,
0000F4DE,
0000DA55,
0000C253,
0000B925,
0000C0E5,
0000D011,
0000D828,
0000CFAA,
0000B8AB,
00009F78,
00009226,
000096F2,
0000A801,
0000B76B,
0000B8D2,
0000A9E7,
00009402,
000085BA,
000088DA,
00009BA7,
0000B20C,
0000BDE4,
0000B8AB,
0000A7F1,
00009981,
000099D7,
0000AB85,
0000C560,
0000D8C2,
0000DB8E,
0000CF18,
0000BF2D,
0000B9E9,
0000C5FB,
0000DDFF,
0000F427,
0000FBAF,
0000F19D,
0000DEBF,
0000D19F,
0000D479,
0000E633,
0000FB1E,
000004FA,
0000FCC7,
0000E794,
0000D30E,
0000CC1D,
0000D60D,
0000E852,
0000F474,
0000F009,
0000DBEC,
0000C3B0,
0000B5B8,
0000B963,
0000CA05,
0000DA2B,
0000DCE4,
0000CEB3,
0000B800,
0000A759,
0000A779,
0000B7F2,
0000CD7C,
0000D9BB,
0000D521,
0000C421,
0000B41D,
0000B237,
0000C23E,
0000DC14,
0000F135,
0000F6AB,
0000EC8F,
0000DDEC,
0000D91D,
0000E5E1,
00000000,
00001A1F,
000026E3,
00002214,
00001371,
00000955,
00000ECB,
000023EC,
00003DC2,
00004DC9,
00004BE3,
00003BDF,
00002ADF,
00002645,
00003284,
0000480E,
00005887,
000058A7,
00004800,
0000314D,
0000231C,
000025D5,
000035FB,
0000469D,
00004A48,
00003C50,
00002414,
00000FF7,
00000B8C,
000017AE,
000029F3,
000033E3,
00002CF2,
0000186C,
00000339,
0000FB06,
000004E2,
000019CD,
00002B87,
00002E61,
00002141,
00000E63,
00000451,
00000BD9,
00002201,
00003A05,
00004617,
000040D3,
000030E8,
00002472,
0000273E,
00003AA0,
0000547B,
00006629,
0000667F,
0000580F,
00004755,
0000421C,
00004DF4,
00006459,
00007726,
00007A46,
00006BFE,
00005619,
0000472E,
00004895,
000057FF,
0000690E,
00006DDA,
00006088,
00004755,
00003056,
000027D8,
00002FEF,
00003F1B,
000046DB,
00003DAD,
000025AB,
00000B22,
0000FC2D,
0000FF0D,
00000DEA,
00001AE7,
000019AB,
000007EE,
0000EF12,
0000DDB2,
0000DDA4,
0000ED35,
00000058,
000008F0,
00000082,
0000ECA5,
0000DB28,
0000D88F,
0000E771,
0000FEA7,
00000F8D,
0000100C,
00000178,
0000EF9E,
0000E89B,
0000F31A,
000009B6,
00001E9F,
0000250C,
000019FE,
0000063E,
0000F850,
0000FA68,
00000B66,
00001F94,
000028AB,
00001FA2,
00000983,
0000F3F4,
0000EBD4,
0000F469,
00000523,
00000F86,
00000924,
0000F2D3,
0000D823,
0000C778,
0000C82F,
0000D59D,
0000E251,
0000E15D,
0000CF47,
0000B47B,
00009F8C,
00009B3E,
0000A727,
0000B808,
0000BF8B,
0000B62D,
0000A067,
00008BA6,
00008513,
00009087,
0000A5EB,
0000B6C3,
0000B822,
0000AA27,
000097E3,
00008FB6,
00009966,
0000B0BC,
0000C862,
0000D2FD,
0000CC55,
0000BC2B,
0000B0D7,
0000B562,
0000C9E2,
0000E35E,
0000F34C,
0000F186,
0000E1D9,
0000D15D,
0000CD6F,
0000DA79,
0000F0E5,
0000024F,
0000036A,
0000F3BF,
0000DE01,
0000D0B8,
0000D445,
0000E526,
0000F667,
0000FA8E,
0000ECEE,
0000D4E3,
0000C0CF,
0000BC46,
0000C821,
0000D9FA,
0000E35A,
0000DBBA,
0000C66B,
0000B058,
0000A735,
0000B018,
0000C407,
0000D4CB,
0000D6BA,
0000C8C3,
0000B52B,
0000AA82,
0000B19E,
0000C78B,
0000DF8D,
0000EBDC,
0000E719,
0000D7F6,
0000CC94,
0000D0C3,
0000E5D8,
000001B7,
000015BB,
000018B6,
00000D39,
0000FFBD,
0000FE07,
00000DA1,
00002805,
00003F05,
00004685,
00003CC2,
00002B80,
0000214C,
00002776,
00003BA5,
00005175,
00005AF3,
0000523E,
00003D89,
00002AE5,
00002694,
000032A9,
0000459D,
000050EA,
00004B0C,
0000361B,
00001E63,
000011FE,
0000172E,
00002820,
000036F5,
0000375B,
0000270D,
00000F71,
0000FF2D,
00000017,
00001087,
00002476,
00002DCF,
0000261C,
000012FC,
00000247,
00000086,
00001058,
0000289A,
00003AAF,
00003C83,
00002F6D,
00001F3D,
00001A13,
0000269C,
00003F70,
000056BF,
00005FBF,
0000576B,
0000468C,
00003B9C,
000040CF,
000054FD,
00006C67,
000078BF,
000072F5,
0000600B,
00004D9E,
00004885,
00005400,
00006774,
0000745E,
00007048,
00005C02,
00004318,
000033E6,
000035C6,
0000440B,
0000513E,
00005072,
00003E2C,
000022D8,
00000D0C,
0000078D,
000011F5,
0000210A,
0000267C,
00001ACB,
00000279,
0000EAFC,
0000E180,
0000E9EA,
0000FC29,
000009CA,
000007E9,
0000F6AE,
0000E12F,
0000D5D5,
0000DC6D,
0000F0C6,
0000058D,
00000D71,
0000043B,
0000F1AF,
0000E428,
0000E6AF,
0000F95A,
0000112D,
00001FA1,
00001C8A,
00000BB3,
0000FA2E,
0000F553,
00000185,
0000172A,
000027D8,
00002838,
000017CB,
0000013F,
0000F316,
0000F5A8,
0000056B,
00001565,
0000181A,
000008D3,
0000EEEB,
0000D8BE,
0000D1DE,
0000DB23,
0000EA26,
0000F06F,
0000E579,
0000CC96,
0000B2B8,
0000A592,
0000AA43,
0000B9D4,
0000C617,
0000C367,
0000B0BC,
00009862,
000088F3,
00008B4D,
00009C85,
0000AFE7,
0000B7B3,
0000AE94,
00009B42,
00008BE7,
00008C58,
00009DF1,
0000B69A,
0000C7B2,
0000C810,
0000BA44,
0000AACA,
0000A767,
0000B5A7,
0000CEFE,
0000E53C,
0000EC42,
0000E248,
0000D10D,
0000C718,
0000CDB3,
0000E27D,
0000F90A,
00000360,
0000FB97,
0000E7DA,
0000D632,
0000D2DA,
0000DFDD,
0000F3AF,
0000FFC3,
0000FA92,
0000E62D,
0000CEDE,
0000C2BB,
0000C808,
0000D8ED,
0000E78D,
0000E797,
0000D6C9,
0000BE8D,
0000AD89,
0000AD9E,
0000BD25,
0000D01F,
0000D87C,
0000CFCE,
0000BBBD,
0000AA28,
0000A79F,
0000B6C8,
0000CE8A,
0000E04E,
0000E205,
0000D50E,
0000C53F,
0000C0BD,
0000CE37,
0000E84A,
00000127,
00000C06,
000005E4,
0000F786,
0000EF67,
0000F7B5,
00000F45,
00002A56,
00003A93,
000038E5,
00002A48,
00001C50,
00001BCD,
00002BF6,
00004429,
000055D9,
00005687,
000046FB,
000032B8,
00002813,
00002E60,
000040E7,
0000522E,
00005542,
000046A5,
00002EBE,
00001C20,
0000198E,
000026A4,
00003826,
00003FC7,
0000360A,
00001F72,
00000979,
00000153,
00000AE8,
00001E2F,
00002CBB,
00002BAD,
00001B35,
00000673,
0000FBD6,
0000032F,
00001858,
00002E05,
000036E7,
00002ECF,
00001D85,
00001169,
00001586,
000029F5,
000043BD,
00005453,
0000538E,
00004535,
00003658,
0000344C,
00004371,
00005C26,
00006FFA,
00007390,
00006663,
00005319,
0000482A,
00004DE8,
000060C1,
000073B1,
00007933,
00006C8B,
0000550A,
00004107,
00003C0E,
000046F0,
00005740,
00005E86,
00005437,
00003BA4,
000021BE,
00001438,
00001832,
000026B8,
0000319D,
00002D43,
000018A5,
0000FE17,
0000EC35,
0000EBE7,
0000FA49,
00000AAE,
00000F61,
00000312,
0000EC85,
0000D9E8,
0000D71A,
0000E57F,
0000FB06,
00000912,
00000684,
0000F5F0,
0000E3D5,
0000DDFC,
0000E9F3,
0000012E,
00001582,
00001ACC,
00000F44,
0000FCA7,
0000F176,
0000F6F8,
00000AC8,
00002075,
000029FF,
00002175,
00000CFC,
0000FA97,
0000F679,
000002A4,
00001587,
0000208E,
00001A2A,
00000467,
0000EB8A,
0000DDA4,
0000E0F2,
0000EF9D,
0000FBC4,
0000F915,
0000E54D,
0000C9D8,
0000B55C,
0000B1BE,
0000BD5B,
0000CC38,
0000D04A,
0000C32A,
0000AA87,
00009446,
00008D01,
00009765,
0000AA62,
0000B769,
0000B475,
0000A2EE,
00008EB1,
000085E9,
00008F51,
0000A58B,
0000BACD,
0000C256,
0000B926,
0000A805,
00009D73,
0000A39F,
0000B960,
0000D2F0,
0000E1FC,
0000DF6B,
0000D034,
0000C1E7,
0000C150,
0000D1A0,
0000EA2E,
0000FC65,
0000FDC2,
0000EF04,
0000DBA4,
0000D1F3,
0000D93A,
0000ECBC,
0000FEF8,
000002F1,
0000F527,
0000DDF9,
0000CBF6,
0000C9DE,
0000D749,
0000E8F8,
0000F09F,
0000E6BE,
0000CFDD,
0000B974,
0000B0BC,
0000B99F,
0000CC1A,
0000D9C5,
0000D7C6,
0000C654,
0000B096,
0000A502,
0000AB74,
0000BFC8,
0000D4BD,
0000DD0C,
0000D48C,
0000C30D,
0000B6F4,
0000BB54,
0000D049,
0000EAE0,
0000FC92,
0000FD38,
0000F099,
0000E3C9,
0000E41A,
0000F5EB,
00001198,
000028B0,
00002FCF,
0000266B,
00001725,
0000106D,
00001A8E,
000031EF,
00004984,
000053BF,
00004BDB,
0000391F,
000029DC,
00002993,
0000390F,
00004DDC,
00005977,
00005352,
00003EB9,
00002894,
00001E97,
000025DB,
0000376D,
0000451D,
0000434D,
000030FA,
00001879,
0000086A,
000009BA,
00001986,
00002B2A,
000030F4,
0000259B,
00000FEA,
0000FE18,
0000FC0A,
00000B29,
0000216E,
00003045,
00002E91,
00001EEE,
00000DE2,
0000093A,
00001689,
00002F48,
0000454B,
00004C73,
000042F8,
00003296,
000029D0,
000031E8,
00004877,
00006107,
00006D94,
00006826,
000056DE,
000047B4,
000046D8,
00005642,
00006C59,
00007A81,
00007721,
00006440,
00004E17,
000042B2,
00004848,
000058F8,
000066DE,
000065A1,
000052FC,
00003854,
00002451,
000020D3,
00002C37,
00003A85,
00003DB2,
00002F5A,
0000152F,
0000FD1C,
0000F3BF,
0000FBCB,
00000C36,
0000167C,
0000109C,
0000FC08,
0000E4A5,
0000D8A6,
0000DECD,
0000F1C6,
000003CE,
0000082B,
0000FBE5,
0000E7CA,
0000DA5F,
0000DDD7,
0000F10D,
0000083F,
0000151B,
0000108A,
0000FF83,
0000EF93,
0000ED86,
0000FC88,
000013EE,
0000251F,
00002591,
000015FD,
000001D8,
0000F76B,
0000FDF6,
000010B6,
00002223,
0000253A,
00001670,
0000FE22,
0000EAD6,
0000E746,
0000F305,
000002D1,
00000859,
0000FC1D,
0000E29F,
0000C95A,
0000BD85,
0000C30D,
0000D1F0,
0000DBC9,
0000D5C4,
0000C01B,
0000A5FC,
000095E4,
000097B4,
0000A753,
0000B786,
0000BB0E,
0000ADCD,
0000979A,
000086E3,
000086C4,
00009761,
0000ADCE,
0000BB8B,
0000B879,
0000A864,
00009864,
000095D0,
0000A50A,
0000BE72,
0000D393,
0000D90E,
0000CE55,
0000BE08,
0000B696,
0000C043,
0000D774,
0000EF15,
0000F994,
0000F224,
0000E007,
0000D184,
0000D216,
0000E27F,
0000F844,
000004DA,
0000FFAE,
0000EC02,
0000D6B9,
0000CD81,
0000D56F,
0000E78A,
0000F59F,
0000F40F,
0000E1D4,
0000C942,
0000B8FB,
0000B9EC,
0000C936,
0000DA36,
0000DF3F,
0000D30E,
0000BC72,
0000A9A9,
0000A69F,
0000B4C5,
0000CA1B,
0000D813,
0000D599,
0000C551,
0000B3C8,
0000AED4,
0000BC0B,
0000D4EF,
0000EB59,
0000F32F,
0000EAAC,
0000DB91,
0000D461,
0000DE60,
0000F728,
0000123F,
000021A3,
00001F57,
00001178,
000005FC,
00000909,
00001C94,
000036FC,
0000499C,
00004AD5,
00003CA4,
00002B3B,
0000249C,
00002EF5,
0000445F,
000056EA,
00005A37,
00004BFA,
00003591,
0000259E,
000025FB,
00003503,
000046B6,
00004D0C,
0000419C,
00002A19,
0000146D,
00000D39,
00001733,
00002954,
0000351B,
0000308D,
00001D20,
000006C1,
0000FBAB,
000002A3,
0000165F,
00002923,
00002E3D,
000022BA,
00000F71,
000002EB,
00000765,
00001BBC,
00003435,
00004280,
00003F89,
00003049,
00002251,
0000226B,
000033C3,
00004DAC,
0000618A,
000064CE,
00005830,
0000471D,
00003FD6,
0000499A,
00005F9B,
00007449,
00007A9A,
00006EFA,
000059BD,
00004963,
0000489E,
000056F7,
00006926,
000070D2,
00006675,
00004E8D,
0000368F,
00002BAF,
000031D6,
00004101,
00004ACA,
0000445D,
00002DF6,
000012C4,
00000147,
00000166,
00000F0B,
00001D03,
00001E14,
00000E26,
0000F51A,
0000E165,
0000DE29,
0000EB96,
0000FEC5,
00000940,
000002EF,
0000EFA8,
0000DC87,
0000D6EC,
0000E33D,
0000F9DF,
00000C62,
00000F6A,
0000026D,
0000F00B,
0000E6B2,
0000EEA8,
0000044D,
00001A8F,
000023D6,
00001B51,
0000083D,
0000F8DD,
0000F8A3,
0000084B,
00001D55,
0000292E,
0000233A,
00000EB4,
0000F87B,
0000EE33,
0000F4EA,
000005A2,
00001224,
00000ECB,
0000FA8D,
0000DFBC,
0000CCF6,
0000CB27,
0000D771,
0000E532,
0000E6BE,
0000D6D5,
0000BC4A,
0000A560,
00009E07,
0000A7B8,
0000B878,
0000C1C3,
0000BA8C,
0000A57F,
00008F31,
00008582,
00008E10,
0000A266,
0000B465,
0000B7FB,
0000AB6B,
0000987B,
00008DB6,
00009465,
0000AA25,
0000C282,
0000CF7B,
0000CB14,
0000BB6C,
0000AE77,
0000B05B,
0000C309,
0000DCDD,
0000EF2F,
0000F059,
0000E254,
0000D14A,
0000CB37,
0000D642,
0000EC7B,
0000FFEC,
0000042D,
0000F6EC,
0000E17D,
0000D27D,
0000D3BF,
0000E397,
0000F601,
0000FCEF,
0000F1F5,
0000DAC3,
0000C541,
0000BE0F,
0000C7E3,
0000D9B6,
0000E50A,
0000DFE7,
0000CBC6,
0000B498,
0000A89E,
0000AEA5,
0000C167,
0000D330,
0000D755,
0000CAEA,
0000B6CF,
0000A995,
0000AD7F,
0000C172,
0000D9BB,
0000E80F,
0000E561,
0000D6AE,
0000C98C,
0000CAC8,
0000DD92,
0000F93C,
00000F2D,
000014D6,
00000AEB,
0000FCD9,
0000F8DC,
0000062E,
00001FFD,
000038B4,
00004341,
00003C08,
00002B57,
00001FA4,
00002398,
000036B5,
00004DAA,
00005A15,
00005467,
00004117,
00002D91,
00002703,
00003150,
0000446F,
000051F5,
00004F0A,
00003BE8,
000023BC,
00001504,
000017A8,
00002793,
00003793,
00003A72,
00002C1D,
00001476,
000001FA,
0000FFD4,
00000E33,
0000223D,
00002D82,
000027F0,
00001563,
00000302,
0000FE32,
00000B5E,
000022F4,
0000368B,
00003AC7,
00002F26,
00001E4A,
000016A4,
0000207C,
00003833,
000050B6,
00005C6B,
00005680,
0000462E,
000039B3,
00003C7E,
00004F46,
00006781,
00007698,
000073E5,
0000629E,
00004F96,
0000486C,
00005225,
000065BB,
000074EE,
00007412,
00006215,
00004943,
00003835,
000037D1,
00004536,
000053BD,
000055B9,
000045E8,
00002B1D,
0000139B,
00000B56,
000013C7,
000022F9,
00002A6A,
00002114,
000009AA,
0000F0C9,
0000E453,
0000E9F3,
0000FB39,
00000A0E,
00000A6B,
0000FA9B,
0000E46A,
0000D66C,
0000D9F2,
0000EC9E,
00000203,
00000C25,
0000050E,
0000F2E1,
0000E392,
0000E34A,
0000F3FD,
00000C03,
00001CB6,
00001C6E,
00000D1F,
0000FAF2,
0000F3DB,
0000FDFD,
00001362,
0000260E,
00002994,
00001B96,
00000565,
0000F595,
0000F5F2,
000004C7,
0000160D,
00001BAD,
00000F37,
0000F656,
0000DEEC,
0000D596,
0000DD07,
0000EC39,
0000F4AA,
0000EC65,
0000D4E3,
0000BA18,
0000AA47,
0000AC43,
0000BACA,
0000C82F,
0000C7CB,
0000B6BD,
00009DEB,
00008BEE,
00008B12,
00009A45,
0000ADDB,
0000B794,
0000B06A,
00009D62,
00008C1B,
00008968,
0000987F,
0000B0BA,
0000C382,
0000C64D,
0000B9D2,
0000A980,
0000A395,
0000AF4A,
0000C7CD,
0000DF84,
0000E95C,
0000E1B6,
0000D0DA,
0000C539,
0000C975,
0000DD0C,
0000F4A2,
000001CE,
0000FCFE,
0000EA9D,
0000D810,
0000D27E,
0000DDC3,
0000F1CD,
0000002C,
0000FE06,
0000EB8A,
0000D3E3,
0000C58E,
0000C86D,
0000D86D,
0000E858,
0000EAFC,
0000DC44,
0000C418,
0000B0F6,
0000AE0B,
0000BB91,
0000CEB0,
0000D8FD,
0000D26F,
0000BEE9,
0000AB99,
0000A5EB,
0000B256,
0000C94B,
0000DC68,
0000E05C,
0000D4A9,
0000C3F8,
0000BCBF,
0000C74C,
0000E003,
0000F9D2,
00000724,
00000327,
0000F515,
0000EB2A,
0000F0D3,
000006C4,
0000226E,
00003538,
00003674,
00002952,
00001A9F,
000017F1,
00002645,
00003E8E,
00005281,
0000566B,
00004931,
00003516,
000028AB,
00002CD0,
00003E99,
0000515B,
00005762,
00004B68,
0000343A,
00002019,
00001AF6,
0000264A,
0000381D,
000041F1,
00003ABF,
0000253D,
00000E0B,
00000311,
000009FF,
00001C69,
00002C41,
00002D83,
00001E83,
00000914,
0000FBD3,
00000014,
00001385,
000029BE,
000034C9,
00002EB6,
00001DAC,
00000FA7,
000010D1,
00002323,
00003CF7,
00004FA5,
00005189,
00004494,
000034EC,
00003085,
00003D7E,
000055DB,
00006B9B,
0000724A,
00006785,
00005495,
00004805,
00004B9B,
00005D9A,
000071F0,
00007A7E,
000070CF,
00005A81,
00004574,
00003E3D,
00004788,
00005848,
000061F9,
00005AA0,
000043B6,
0000292B,
00001942,
00001ACE,
0000288F,
000034D9,
0000330A,
00002044,
00000573,
0000F135,
0000EDDC,
0000FA5E,
00000B16,
000011CD,
00000785,
0000F14C,
0000DCC6,
0000D6D2,
0000E2AB,
0000F7B5,
0000075D,
00000723,
0000F7C3,
0000E4AF,
0000DC2A,
0000E571,
0000FBB3,
00001158,
0000194E,
00000FF5,
0000FD93,
0000F096,
0000F39E,
00000621,
00001CC3,
00002914,
00002379,
00001058,
0000FD11,
0000F6C0,
0000013B,
0000146A,
000021D7,
00001E9B,
00000AE6,
0000F1DA,
0000E1EC,
0000E2FD,
0000F0F5,
0000FE9A,
0000FEB9,
0000ED3C,
0000D20A,
0000BBA3,
0000B536,
0000BEFF,
0000CE2A,
0000D451,
0000C971,
0000B173,
0000998B,
00008F2E,
000096DA,
0000A909,
0000B762,
0000B69D,
0000A643,
00009106,
00008566,
00008BB7,
0000A065,
0000B666,
0000C02A,
0000B8E3,
0000A7D0,
00009B32,
00009E76,
0000B254,
0000CC3D,
0000DD95,
0000DDAF,
0000CFB7,
0000C077,
0000BD80,
0000CBCB,
0000E444,
0000F89B,
0000FD15,
0000F08F,
0000DD46,
0000D1C3,
0000D6DD,
0000E9A1,
0000FD5D,
00000455,
0000F93F,
0000E2E0,
0000CF73,
0000CAE5,
0000D6AC,
0000E8CD,
0000F2C7,
0000EB93,
0000D5E7,
0000BE64,
0000B2F4,
0000B94A,
0000CAFD,
0000DA05,
0000DA62,
0000CA6F,
0000B406,
0000A5C9,
0000A916,
0000BBA1,
0000D10B,
0000DB64,
0000D4C5,
0000C35C,
0000B52B,
0000B664,
0000C904,
0000E36C,
0000F6F7,
0000FA04,
0000EE88,
0000E0A9,
0000DE5D,
0000EDC1,
000008D8,
000021A0,
00002B9F,
0000246F,
00001554,
00000CD1,
000014A7,
00002B11,
000043F5,
0000512C,
00004C38,
00003AAF,
00002A67,
000027ED,
000035E5,
00004B3B,
00005961,
00005657,
0000438E,
00002CF2,
000020C1,
000025CA,
000036CA,
00004614,
00004705,
000036BE,
00001E2C,
00000BF1,
00000A61,
00001876,
00002A91,
0000327F,
00002947,
000013FE,
00000052,
0000FB26,
000007BC,
00001D81,
00002DEA,
00002E7C,
00001FF9,
00000DDC,
0000066C,
000010EB,
0000288C,
00003FBD,
0000496A,
000041F8,
000031AB,
000026F2,
00002C6D,
0000418E,
00005AF6,
00006A30,
0000679C,
0000579C,
00004787,
00004475,
00005232,
0000689F,
0000793C,
0000791D,
00006866,
00005233,
000044F2,
0000487A,
000058AD,
0000684C,
00006A1C,
00005A04,
00003FE5,
00002A3C,
00002437,
00002E10,
00003CF3,
0000427B,
000036A6,
00001D61,
000003E3,
0000F7A7,
0000FD2F,
00000CFB,
000018BA,
0000152A,
000001DE,
0000E990,
0000DAC6,
0000DDDD,
0000EF4A,
0000020A,
00000895,
0000FE28,
0000EA03,
0000DA6F,
0000DAE1,
0000EC12,
00000378,
0000127A,
0000106D,
0000007D,
0000EF76,
0000EAE5,
0000F7C1,
00000EF3,
00002229,
000025A1,
00001836,
0000041B,
0000F7D5,
0000FC32,
00000E3A,
00002133,
0000275A,
00001B5B,
000003F8,
0000EF64,
0000E984,
0000F3CA,
00000435,
00000C41,
000002E4,
0000EAD1,
0000D0A6,
0000C24E,
0000C57B,
0000D3C9,
0000DF2D,
0000DBAF,
0000C7AC,
0000AD04,
00009A5F,
00009922,
0000A708,
0000B7B8,
0000BD4E,
0000B1E9,
00009BC0,
000088DF,
0000857F,
000093A7,
0000A9BE,
0000B928,
0000B84C,
0000A922,
000097DA,
0000926C,
00009EF9,
0000B789,
0000CE18,
0000D630,
0000CD6A,
0000BD08,
0000B38D,
0000BAB5,
0000D0B8,
0000E977,
0000F6C6,
0000F21E,
0000E112,
0000D16F,
0000CFBB,
0000DE92,
0000F4D7,
000003F6,
000001E8,
0000F016,
0000DA65,
0000CF0C,
0000D4D6,
0000E67A,
0000F646,
0000F796,
0000E787,
0000CF06,
0000BCB3,
0000BAE3,
0000C893,
0000DA25,
0000E169,
0000D76C,
0000C147,
0000ACAE,
0000A689,
0000B224,
0000C6F1,
0000D66D,
0000D624,
0000C6E1,
0000B425,
0000AC41,
0000B67C,
0000CE11,
0000E572,
0000EF93,
0000E8DB,
0000D995,
0000D031,
0000D750,
0000EE68,
00000A15,
00001BE6,
00001C37,
00000F67,
000002C8,
0000036E,
00001520,
00002FB7,
000044AC,
0000490C,
00003CF3,
00002B74,
000022F4,
00002B43,
00004038,
0000548C,
00005AFE,
00004F6A,
000039AC,
0000283A,
0000263B,
000033E6,
00004661,
00004F44,
0000468C,
00003023,
00001942,
00000F61,
00001708,
000028B7,
00003622,
0000340A,
00002207,
00000AD9,
0000FD0F,
00000108,
00001344,
000026C6,
00002E0D,
0000245C,
000010FC,
0000023E,
0000039B,
000015D2,
00002E60,
00003EB0,
00003E19,
00002FCC,
00002095,
00001E04,
00002D10,
000046A0,
00005C61,
0000628D,
000057FB,
000046DA,
00003DAA,
00004533,
00005A75,
000070AF,
00007A17,
0000714F,
00005D12,
00004B8B,
00004897,
0000559E,
0000689B,
000072FF,
00006BBA,
00005579,
00003CD6,
00002FB6,
000033C8,
000042A5,
00004E42,
00004AA4,
00003628,
00001AB3,
000006EB,
0000043C,
00001063,
00001F0E,
0000225C,
00001476,
0000FB99,
0000E5D6,
0000DF72,
0000EA79,
0000FD5C,
00000987,
00000569,
0000F304,
0000DE8B,
0000D601,
0000DF8B,
0000F538,
00000908,
00000E8A,
00000359,
0000F0BC,
0000E534,
0000EA7E,
0000FED2,
0000160D,
00002204,
00001C2B,
00000A10,
0000F97C,
0000F6EE,
000004FA,
00001A81,
000028E6,
00002618,
0000137B,
0000FCEE,
0000F09F,
0000F552,
000005B7,
00001419,
000013CB,
000001E9,
0000E75B,
0000D2BD,
0000CE63,
0000D948,
0000E7CE,
0000EBC8,
0000DE42,
0000C45C,
0000ABC9,
0000A17A,
0000A8C0,
0000B910,
0000C3F2,
0000BEF9,
0000AAF6,
00009375,
000086CD,
00008C4F,
00009F3F,
0000B218,
0000B7D6,
0000ACE7,
0000999D,
00008C70,
00009006,
0000A3DA,
0000BC8F,
0000CBB4,
0000C9A8,
0000BACB,
0000AC72,
0000ABAD,
0000BC43,
0000D60B,
0000EA7A,
0000EE97,
0000E27B,
0000D131,
0000C919,
0000D1FB,
0000E7A8,
0000FCD1,
0000042A,
0000F98D,
0000E4CB,
0000D453,
0000D345,
0000E1D1,
0000F518,
0000FEAD,
0000F687,
0000E08E,
0000C9F6,
0000C039,
0000C7DA,
0000D95C,
0000E672,
0000E3E0,
0000D142,
0000B95B,
0000AABE,
0000ADD2,
0000BF19,
0000D1A0,
0000D7ED,
0000CD48,
0000B905,
0000A979,
0000AA27,
0000BBD7,
0000D40A,
0000E433,
0000E3B0,
0000D5B8,
0000C71B,
0000C56D,
0000D5AA,
0000F0BB,
0000084B,
00001099,
0000087A,
0000FA1C,
0000F3FA,
0000FED9,
000017B6,
000031C9,
00003F43,
00003AC1,
00002AF2,
00001DFB,
00001FB2,
00003176,
00004938,
00005861,
000055D8,
00004443,
00003032,
00002784,
00002FE1,
000042DB,
00005262,
00005277,
00004173,
00002937,
00001869,
00001873,
00002713,
000037F8,
00003D45,
00003122,
000019D3,
0000056E,
0000003D,
00000C51,
00002023,
00002D26,
000029CE,
00001826,
00000469,
0000FCA0,
000006F6,
00001D83,
0000324D,
000038E8,
00002EF3,
00001DB8,
000013BE,
00001AC4,
00003102,
00004A59,
00005899,
00005536,
000045BC,
000037F0,
0000384E,
00004966,
0000620F,
000073A8,
00007419,
000064BE,
0000516C,
0000484D,
00005019,
0000637B,
000074B3,
0000770D,
0000679E,
00004F44,
00003C99,
000039E9,
0000462C,
000055BD,
00005A6E,
00004D48,
0000336A,
00001A87,
00000F91,
000015DA,
000024DD,
00002E22,
00002742,
00001115,
0000F72D,
0000E7E6,
0000EA9B,
0000FA95,
00000A58,
00000CEA,
0000FEC1,
0000E835,
0000D7C8,
0000D828,
0000E8D6,
0000FE7B,
00000AAD,
000005D2,
0000F44D,
0000E376,
0000E05F,
0000EED3,
000006A6,
00001951,
00001BD8,
00000E51,
0000FBC5,
0000F28F,
0000FA73,
00000F3A,
00002393,
00002A2B,
00001ED1,
00000952,
0000F817,
0000F636,
000003D7,
00001616,
00001E80,
00001504,
0000FD87,
0000E535,
0000D984,
0000DEF6,
0000EE0B,
0000F873,
0000F2F4,
0000DD28,
0000C1D4,
0000AF8E,
0000AEC2,
0000BBF5,
0000CA3A,
0000CC1A,
0000BCE8,
0000A3FE,
00008FB8,
00008BA2,
0000988C,
0000AC00,
0000B77B,
0000B262,
00009FF5,
00008D0B,
00008741,
00009399,
0000AB03,
0000BF31,
0000C464,
0000B974,
0000A895,
0000A041,
0000A941,
0000C090,
0000D964,
0000E5ED,
0000E0C3,
0000D093,
0000C37D,
0000C551,
0000D766,
0000EFA8,
0000FF7A,
0000FDB9,
0000ED04,
0000D9E4,
0000D231,
0000DB8A,
0000EF79,
0000FFE9,
000000D3,
0000F08F,
0000D8F3,
0000C8A5,
0000C90B,
0000D7E0,
0000E8D2,
0000EE02,
0000E19D,
0000C9E5,
0000B4F4,
0000AF16,
0000BA63,
0000CD57,
0000D96C,
0000D51B,
0000C277,
0000ADC2,
0000A50D,
0000AE8B,
0000C45B,
0000D88A,
0000DEB4,
0000D480,
0000C33E,
0000B97B,
0000C0FB,
0000D7FB,
0000F25F,
000001F9,
00000043,
0000F2C7,
0000E74A,
0000EA45,
0000FE49,
00001A28,
00002F3D,
0000336C,
0000280A,
000018E7,
00001424,
00002073,
00003875,
00004E62,
0000557E,
00004AD5,
0000373D,
00002946,
00002B35,
00003BF9,
00004FE8,
000058CB,
00004FA8,
00003995,
00002446,
00001CA6,
00002606,
000037DF,
000043BA,
00003F31,
00002B1D,
00001312,
00000572,
00000999,
00001ADA,
00002BBB,
00002F48,
000021FF,
00000C41,
0000FC96,
0000FDB1,
00000F1B,
00002587,
00003291,
00002EA3,
00001E27,
00000E7A,
00000CB4,
00001CA2,
0000361E,
00004A9E,
00004F29,
000043D5,
000033AB,
00002D03,
0000379E,
00004F44,
0000669A,
0000704A,
0000681D,
000055D9,
000047DE,
0000493D,
00005A15,
00006F79,
00007AED,
0000745A,
00005F99,
000049D3,
00004075,
000047F8,
000058D9,
000064C2,
00006074,
00004B85,
000030B9,
00001EA3,
00001DAF,
00002A63,
000037D1,
00003888,
000027DD,
00000D2D,
0000F6DC,
0000F07A,
0000FADD,
00000B97,
0000142C,
00000C0C,
0000F67D,
0000E05E,
0000D755,
0000E06C,
0000F49A,
00000598,
000007B0,
0000F9C2,
0000E602,
0000DAF4,
0000E161,
0000F64A,
00000CE6,
00001765,
00001062,
0000FE88,
0000EFF4,
0000F073,
00000159,
0000188F,
00002771,
000024D8,
0000135B,
0000FF7E,
0000F710,
0000FFA8,
000012CB,
0000225C,
0000224E,
000010EE,
0000F812,
0000E655,
0000E519,
0000F216,
000000F3,
000003D3,
0000F4DE,
0000DA55,
0000C253,
0000B925,
0000C0E5,
0000D011,
0000D828,
0000CFAA,
0000B8AB,
00009F78,
00009226,
000096F2,
0000A801,
0000B76B,
0000B8D2,
0000A9E7,
00009402,
000085BA,
000088DA,
00009BA7,
0000B20C,
0000BDE4,
0000B8AB,
0000A7F1,
00009981,
000099D7,
0000AB85,
0000C560,
0000D8C2,
0000DB8E,
0000CF18,
0000BF2D,
0000B9E9,
0000C5FB,
0000DDFF,
0000F427,
0000FBAF,
0000F19D,
0000DEBF,
0000D19F,
0000D479,
0000E633,
0000FB1E,
000004FA,
0000FCC7,
0000E794,
0000D30E,
0000CC1D,
0000D60D,
0000E852,
0000F474,
0000F009,
0000DBEC,
0000C3B0,
0000B5B8,
0000B963,
0000CA05,
0000DA2B,
0000DCE4,
0000CEB3,
0000B800,
0000A759,
0000A779,
0000B7F2,
0000CD7C,
0000D9BB,
0000D521,
0000C421,
0000B41D,
0000B237,
0000C23E,
0000DC14,
0000F135,
0000F6AB,
0000EC8F,
0000DDEC,
0000D91D,
0000E5E1,
00000000,
00001A1F,
000026E3,
00002214,
00001371,
00000955,
00000ECB,
000023EC,
00003DC2,
00004DC9,
00004BE3,
00003BDF,
00002ADF,
00002645,
00003284,
0000480E,
00005887,
000058A7,
00004800,
0000314D,
0000231C,
000025D5,
000035FB,
0000469D,
00004A48,
00003C50,
00002414,
00000FF7,
00000B8C,
000017AE,
000029F3,
000033E3,
00002CF2,
0000186C,
00000339,
0000FB06,
000004E2,
000019CD,
00002B87,
00002E61,
00002141,
00000E63,
00000451,
00000BD9,
00002201,
00003A05,
00004617,
000040D3,
000030E8,
00002472,
0000273E,
00003AA0,
0000547B,
00006629,
0000667F,
0000580F,
00004755,
0000421C,
00004DF4,
00006459,
00007726,
00007A46,
00006BFE,
00005619,
0000472E,
00004895,
000057FF,
0000690E,
00006DDA,
00006088,
00004755,
00003056,
000027D8,
00002FEF,
00003F1B,
000046DB,
00003DAD,
000025AB,
00000B22,
0000FC2D,
0000FF0D,
00000DEA,
00001AE7,
000019AB,
000007EE,
0000EF12,
0000DDB2,
0000DDA4,
0000ED35,
00000058,
000008F0,
00000082,
0000ECA5,
0000DB28,
0000D88F,
0000E771,
0000FEA7,
00000F8D,
0000100C,
00000178,
0000EF9E,
0000E89B,
0000F31A,
000009B6,
00001E9F,
0000250C,
000019FE,
0000063E,
0000F850,
0000FA68,
00000B66,
00001F94,
000028AB,
00001FA2,
00000983,
0000F3F4,
0000EBD4,
0000F469,
00000523,
00000F86,
00000924,
0000F2D3,
0000D823,
0000C778,
0000C82F,
0000D59D,
0000E251,
0000E15D,
0000CF47,
0000B47B,
00009F8C,
00009B3E,
0000A727,
0000B808,
0000BF8B,
0000B62D,
0000A067,
00008BA6,
00008513,
00009087,
0000A5EB,
0000B6C3,
0000B822,
0000AA27,
000097E3,
00008FB6,
00009966,
0000B0BC,
0000C862,
0000D2FD,
0000CC55,
0000BC2B,
0000B0D7,
0000B562,
0000C9E2,
0000E35E,
0000F34C,
0000F186,
0000E1D9,
0000D15D,
0000CD6F,
0000DA79,
0000F0E5,
0000024F,
0000036A,
0000F3BF,
0000DE01,
0000D0B8,
0000D445,
0000E526,
0000F667,
0000FA8E,
0000ECEE,
0000D4E3,
0000C0CF,
0000BC46,
0000C821,
0000D9FA,
0000E35A,
0000DBBA,
0000C66B,
0000B058,
0000A735,
0000B018,
0000C407,
0000D4CB,
0000D6BA,
0000C8C3,
0000B52B,
0000AA82,
0000B19E,
0000C78B,
0000DF8D,
0000EBDC,
0000E719,
0000D7F6,
0000CC94,
0000D0C3,
0000E5D8,
000001B7,
000015BB,
000018B6,
00000D39,
0000FFBD,
0000FE07,
00000DA1,
00002805,
00003F05,
00004685,
00003CC2,
00002B80,
0000214C,
00002776,
00003BA5,
00005175,
00005AF3,
0000523E,
00003D89,
00002AE5,
00002694,
000032A9,
0000459D,
000050EA,
00004B0C,
0000361B,
00001E63,
000011FE,
0000172E,
00002820,
000036F5,
0000375B,
0000270D,
00000F71,
0000FF2D,
00000017,
00001087,
00002476,
00002DCF,
0000261C,
000012FC,
00000247,
00000086,
00001058,
0000289A,
00003AAF,
00003C83,
00002F6D,
00001F3D,
00001A13,
0000269C,
00003F70,
000056BF,
00005FBF,
0000576B,
0000468C,
00003B9C,
000040CF,
000054FD,
00006C67,
000078BF,
000072F5,
0000600B,
00004D9E,
00004885,
00005400,
00006774,
0000745E,
00007048,
00005C02,
00004318,
000033E6,
000035C6,
0000440B,
0000513E,
00005072,
00003E2C,
000022D8,
00000D0C,
0000078D,
000011F5,
0000210A,
0000267C,
00001ACB,
00000279,
0000EAFC,
0000E180,
0000E9EA,
0000FC29,
000009CA,
000007E9,
0000F6AE,
0000E12F,
0000D5D5,
0000DC6D,
0000F0C6,
0000058D,
00000D71,
0000043B,
0000F1AF,
0000E428,
0000E6AF,
0000F95A,
0000112D,
00001FA1,
00001C8A,
00000BB3,
0000FA2E,
0000F553,
00000185,
0000172A,
000027D8,
00002838,
000017CB,
0000013F,
0000F316,
0000F5A8,
0000056B,
00001565,
0000181A,
000008D3,
0000EEEB,
0000D8BE,
0000D1DE,
0000DB23,
0000EA26,
0000F06F,
0000E579,
0000CC96,
0000B2B8,
0000A592,
0000AA43,
0000B9D4,
0000C617,
0000C367,
0000B0BC,
00009862,
000088F3,
00008B4D,
00009C85,
0000AFE7,
0000B7B3,
0000AE94,
00009B42,
00008BE7,
00008C58,
00009DF1,
0000B69A,
0000C7B2,
0000C810,
0000BA44,
0000AACA,
0000A767,
0000B5A7,
0000CEFE,
0000E53C,
0000EC42,
0000E248,
0000D10D,
0000C718,
0000CDB3,
0000E27D,
0000F90A,
00000360,
0000FB97,
0000E7DA,
0000D632,
0000D2DA,
0000DFDD,
0000F3AF,
0000FFC3,
0000FA92,
0000E62D,
0000CEDE,
0000C2BB,
0000C808,
0000D8ED,
0000E78D,
0000E797,
0000D6C9,
0000BE8D,
0000AD89,
0000AD9E,
0000BD25,
0000D01F,
0000D87C,
0000CFCE,
0000BBBD,
0000AA28,
0000A79F,
0000B6C8,
0000CE8A,
0000E04E,
0000E205,
0000D50E,
0000C53F,
0000C0BD,
0000CE37,
0000E84A,
00000127,
00000C06,
000005E4,
0000F786,
0000EF67,
0000F7B5,
00000F45,
00002A56,
00003A93,
000038E5,
00002A48,
00001C50,
00001BCD,
00002BF6,
00004429,
000055D9,
00005687,
000046FB,
000032B8,
00002813,
00002E60,
000040E7,
0000522E,
00005542,
000046A5,
00002EBE,
00001C20,
0000198E,
000026A4,
00003826,
00003FC7,
0000360A,
00001F72,
00000979,
00000153,
00000AE8,
00001E2F,
00002CBB,
00002BAD,
00001B35,
00000673,
0000FBD6,
0000032F,
00001858,
00002E05,
000036E7,
00002ECF,
00001D85,
00001169,
00001586,
000029F5,
000043BD,
00005453,
0000538E,
00004535,
00003658,
0000344C,
00004371,
00005C26,
00006FFA,
00007390,
00006663,
00005319,
0000482A,
00004DE8,
000060C1,
000073B1,
00007933,
00006C8B,
0000550A,
00004107,
00003C0E,
000046F0,
00005740,
00005E86,
00005437,
00003BA4,
000021BE,
00001438,
00001832,
000026B8,
0000319D,
00002D43,
000018A5,
0000FE17,
0000EC35,
0000EBE7,
0000FA49,
00000AAE,
00000F61,
00000312,
0000EC85,
0000D9E8,
0000D71A,
0000E57F,
0000FB06,
00000912,
00000684,
0000F5F0,
0000E3D5,
0000DDFC,
0000E9F3,
0000012E,
00001582,
00001ACC,
00000F44,
0000FCA7,
0000F176,
0000F6F8,
00000AC8,
00002075,
000029FF,
00002175,
00000CFC,
0000FA97,
0000F679,
000002A4,
00001587,
0000208E,
00001A2A,
00000467,
0000EB8A,
0000DDA4,
0000E0F2,
0000EF9D,
0000FBC4,
0000F915,
0000E54D,
0000C9D8,
0000B55C,
0000B1BE,
0000BD5B,
0000CC38,
0000D04A,
0000C32A,
0000AA87,
00009446,
00008D01,
00009765,
0000AA62,
0000B769,
0000B475,
0000A2EE,
00008EB1,
000085E9,
00008F51,
0000A58B,
0000BACD,
0000C256,
0000B926,
0000A805,
00009D73,
0000A39F,
0000B960,
0000D2F0,
0000E1FC,
0000DF6B,
0000D034,
0000C1E7,
0000C150,
0000D1A0,
0000EA2E,
0000FC65,
0000FDC2,
0000EF04,
0000DBA4,
0000D1F3,
0000D93A,
0000ECBC,
0000FEF8,
000002F1,
0000F527,
0000DDF9,
0000CBF6,
0000C9DE,
0000D749,
0000E8F8,
0000F09F,
0000E6BE,
0000CFDD,
0000B974,
0000B0BC,
0000B99F,
0000CC1A,
0000D9C5,
0000D7C6,
0000C654,
0000B096,
0000A502,
0000AB74,
0000BFC8,
0000D4BD,
0000DD0C,
0000D48C,
0000C30D,
0000B6F4,
0000BB54,
0000D049,
0000EAE0,
0000FC92,
0000FD38,
0000F099,
0000E3C9,
0000E41A,
0000F5EB,
00001198,
000028B0,
00002FCF,
0000266B,
00001725,
0000106D,
00001A8E,
000031EF,
00004984,
000053BF,
00004BDB,
0000391F,
000029DC,
00002993,
0000390F,
00004DDC,
00005977,
00005352,
00003EB9,
00002894,
00001E97,
000025DB,
0000376D,
0000451D,
0000434D,
000030FA,
00001879,
0000086A,
000009BA,
00001986,
00002B2A,
000030F4,
0000259B,
00000FEA,
0000FE18,
0000FC0A,
00000B29,
0000216E,
00003045,
00002E91,
00001EEE,
00000DE2,
0000093A,
00001689,
00002F48,
0000454B,
00004C73,
000042F8,
00003296,
000029D0,
000031E8,
00004877,
00006107,
00006D94,
00006826,
000056DE,
000047B4,
000046D8,
00005642,
00006C59,
00007A81,
00007721,
00006440,
00004E17,
000042B2,
00004848,
000058F8,
000066DE,
000065A1,
000052FC,
00003854,
00002451,
000020D3,
00002C37,
00003A85,
00003DB2,
00002F5A,
0000152F,
0000FD1C,
0000F3BF,
0000FBCB,
00000C36,
0000167C,
0000109C,
0000FC08,
0000E4A5,
0000D8A6,
0000DECD,
0000F1C6,
000003CE,
0000082B,
0000FBE5,
0000E7CA,
0000DA5F,
0000DDD7,
0000F10D,
0000083F,
0000151B,
0000108A,
0000FF83,
0000EF93,
0000ED86,
0000FC88,
000013EE,
0000251F,
00002591,
000015FD,
000001D8,
0000F76B,
0000FDF6,
000010B6,
00002223,
0000253A,
00001670,
0000FE22,
0000EAD6,
0000E746,
0000F305,
000002D1,
00000859,
0000FC1D,
0000E29F,
0000C95A,
0000BD85,
0000C30D,
0000D1F0,
0000DBC9,
0000D5C4,
0000C01B,
0000A5FC,
000095E4,
000097B4,
0000A753,
0000B786,
0000BB0E,
0000ADCD,
0000979A,
000086E3,
000086C4,
00009761,
0000ADCE,
0000BB8B,
0000B879,
0000A864,
00009864,
000095D0,
0000A50A,
0000BE72,
0000D393,
0000D90E,
0000CE55,
0000BE08,
0000B696,
0000C043,
0000D774,
0000EF15,
0000F994,
0000F224,
0000E007,
0000D184,
0000D216,
0000E27F,
0000F844,
000004DA,
0000FFAE,
0000EC02,
0000D6B9,
0000CD81,
0000D56F,
0000E78A,
0000F59F,
0000F40F,
0000E1D4,
0000C942,
0000B8FB,
0000B9EC,
0000C936,
0000DA36,
0000DF3F,
0000D30E,
0000BC72,
0000A9A9,
0000A69F,
0000B4C5,
0000CA1B,
0000D813,
0000D599,
0000C551,
0000B3C8,
0000AED4,
0000BC0B,
0000D4EF,
0000EB59,
0000F32F,
0000EAAC,
0000DB91,
0000D461,
0000DE60,
0000F728,
0000123F,
000021A3,
00001F57,
00001178,
000005FC,
00000909,
00001C94,
000036FC,
0000499C,
00004AD5,
00003CA4,
00002B3B,
0000249C,
00002EF5,
0000445F,
000056EA,
00005A37,
00004BFA,
00003591,
0000259E,
000025FB,
00003503,
000046B6,
00004D0C,
0000419C,
00002A19,
0000146D,
00000D39,
00001733,
00002954,
0000351B,
0000308D,
00001D20,
000006C1,
0000FBAB,
000002A3,
0000165F,
00002923,
00002E3D,
000022BA,
00000F71,
000002EB,
00000765,
00001BBC,
00003435,
00004280,
00003F89,
00003049,
00002251,
0000226B,
000033C3,
00004DAC,
0000618A,
000064CE,
00005830,
0000471D,
00003FD6,
0000499A,
00005F9B,
00007449,
00007A9A,
00006EFA,
000059BD,
00004963,
0000489E,
000056F7,
00006926,
000070D2,
00006675,
00004E8D,
0000368F,
00002BAF,
000031D6,
00004101,
00004ACA,
0000445D,
00002DF6,
000012C4,
00000147,
00000166,
00000F0B,
00001D03,
00001E14,
00000E26,
0000F51A,
0000E165,
0000DE29,
0000EB96,
0000FEC5,
00000940,
000002EF,
0000EFA8,
0000DC87,
0000D6EC,
0000E33D,
0000F9DF,
00000C62,
00000F6A,
0000026D,
0000F00B,
0000E6B2,
0000EEA8,
0000044D,
00001A8F,
000023D6,
00001B51,
0000083D,
0000F8DD,
0000F8A3,
0000084B,
00001D55,
0000292E,
0000233A,
00000EB4,
0000F87B,
0000EE33,
0000F4EA,
000005A2,
00001224,
00000ECB,
0000FA8D,
0000DFBC,
0000CCF6,
0000CB27,
0000D771,
0000E532,
0000E6BE,
0000D6D5,
0000BC4A,
0000A560,
00009E07,
0000A7B8,
0000B878,
0000C1C3,
0000BA8C,
0000A57F,
00008F31,
00008582,
00008E10,
0000A266,
0000B465,
0000B7FB,
0000AB6B,
0000987B,
00008DB6,
00009465,
0000AA25,
0000C282,
0000CF7B,
0000CB14,
0000BB6C,
0000AE77,
0000B05B,
0000C309,
0000DCDD,
0000EF2F,
0000F059,
0000E254,
0000D14A,
0000CB37,
0000D642,
0000EC7B,
0000FFEC,
0000042D,
0000F6EC,
0000E17D,
0000D27D,
0000D3BF,
0000E397,
0000F601,
0000FCEF,
0000F1F5,
0000DAC3,
0000C541,
0000BE0F,
0000C7E3,
0000D9B6,
0000E50A,
0000DFE7,
0000CBC6,
0000B498,
0000A89E,
0000AEA5,
0000C167,
0000D330,
0000D755,
0000CAEA,
0000B6CF,
0000A995,
0000AD7F,
0000C172,
0000D9BB,
0000E80F,
0000E561,
0000D6AE,
0000C98C,
0000CAC8,
0000DD92,
0000F93C,
00000F2D,
000014D6,
00000AEB,
0000FCD9,
0000F8DC,
0000062E,
00001FFD,
000038B4,
00004341,
00003C08,
00002B57,
00001FA4,
00002398,
000036B5,
00004DAA,
00005A15,
00005467,
00004117,
00002D91,
00002703,
00003150,
0000446F,
000051F5,
00004F0A,
00003BE8,
000023BC,
00001504,
000017A8,
00002793,
00003793,
00003A72,
00002C1D,
00001476,
000001FA,
0000FFD4,
00000E33,
0000223D,
00002D82,
000027F0,
00001563,
00000302,
0000FE32,
00000B5E,
000022F4,
0000368B,
00003AC7,
00002F26,
00001E4A,
000016A4,
0000207C,
00003833,
000050B6,
00005C6B,
00005680,
0000462E,
000039B3,
00003C7E,
00004F46,
00006781,
00007698,
000073E5,
0000629E,
00004F96,
0000486C,
00005225,
000065BB,
000074EE,
00007412,
00006215,
00004943,
00003835,
000037D1,
00004536,
000053BD,
000055B9,
000045E8,
00002B1D,
0000139B,
00000B56,
000013C7,
000022F9,
00002A6A,
00002114,
000009AA,
0000F0C9,
0000E453,
0000E9F3,
0000FB39,
00000A0E,
00000A6B,
0000FA9B,
0000E46A,
0000D66C,
0000D9F2,
0000EC9E,
00000203,
00000C25,
0000050E,
0000F2E1,
0000E392,
0000E34A,
0000F3FD,
00000C03,
00001CB6,
00001C6E,
00000D1F,
0000FAF2,
0000F3DB,
0000FDFD,
00001362,
0000260E,
00002994,
00001B96,
00000565,
0000F595,
0000F5F2,
000004C7,
0000160D,
00001BAD,
00000F37,
0000F656,
0000DEEC,
0000D596,
0000DD07,
0000EC39,
0000F4AA,
0000EC65,
0000D4E3,
0000BA18,
0000AA47,
0000AC43,
0000BACA,
0000C82F,
0000C7CB,
0000B6BD,
00009DEB,
00008BEE,
00008B12,
00009A45,
0000ADDB,
0000B794,
0000B06A,
00009D62,
00008C1B,
00008968,
0000987F,
0000B0BA,
0000C382,
0000C64D,
0000B9D2,
0000A980,
0000A395,
0000AF4A,
0000C7CD,
0000DF84,
0000E95C,
0000E1B6,
0000D0DA,
0000C539,
0000C975,
0000DD0C,
0000F4A2,
000001CE,
0000FCFE,
0000EA9D,
0000D810,
0000D27E,
0000DDC3,
0000F1CD,
0000002C,
0000FE06,
0000EB8A,
0000D3E3,
0000C58E,
0000C86D,
0000D86D,
0000E858,
0000EAFC,
0000DC44,
0000C418,
0000B0F6,
0000AE0B,
0000BB91,
0000CEB0,
0000D8FD,
0000D26F,
0000BEE9,
0000AB99,
0000A5EB,
0000B256,
0000C94B,
0000DC68,
0000E05C,
0000D4A9,
0000C3F8,
0000BCBF,
0000C74C,
0000E003,
0000F9D2,
00000724,
00000327,
0000F515,
0000EB2A,
0000F0D3,
000006C4,
0000226E,
00003538,
00003674,
00002952,
00001A9F,
000017F1,
00002645,
00003E8E,
00005281,
0000566B,
00004931,
00003516,
000028AB,
00002CD0,
00003E99,
0000515B,
00005762,
00004B68,
0000343A,
00002019,
00001AF6,
0000264A,
0000381D,
000041F1,
00003ABF,
0000253D,
00000E0B,
00000311,
000009FF,
00001C69,
00002C41,
00002D83,
00001E83,
00000914,
0000FBD3,
00000014,
00001385,
000029BE,
000034C9,
00002EB6,
00001DAC,
00000FA7,
000010D1,
00002323,
00003CF7,
00004FA5,
00005189,
00004494,
000034EC,
00003085,
00003D7E,
000055DB,
00006B9B,
0000724A,
00006785,
00005495,
00004805,
00004B9B,
00005D9A,
000071F0,
00007A7E,
000070CF,
00005A81,
00004574,
00003E3D,
00004788,
00005848,
000061F9,
00005AA0,
000043B6,
0000292B,
00001942,
00001ACE,
0000288F,
000034D9,
0000330A,
00002044,
00000573,
0000F135,
0000EDDC,
0000FA5E,
00000B16,
000011CD,
00000785,
0000F14C,
0000DCC6,
0000D6D2,
0000E2AB,
0000F7B5,
0000075D,
00000723,
0000F7C3,
0000E4AF,
0000DC2A,
0000E571,
0000FBB3,
00001158,
0000194E,
00000FF5,
0000FD93,
0000F096,
0000F39E,
00000621,
00001CC3,
00002914,
00002379,
00001058,
0000FD11,
0000F6C0,
0000013B,
0000146A,
000021D7,
00001E9B,
00000AE6,
0000F1DA,
0000E1EC,
0000E2FD,
0000F0F5,
0000FE9A,
0000FEB9,
0000ED3C,
0000D20A,
0000BBA3,
0000B536,
0000BEFF,
0000CE2A,
0000D451,
0000C971,
0000B173,
0000998B,
00008F2E,
000096DA,
0000A909,
0000B762,
0000B69D,
0000A643,
00009106,
00008566,
00008BB7,
0000A065,
0000B666,
0000C02A,
0000B8E3,
0000A7D0,
00009B32,
00009E76,
0000B254,
0000CC3D,
0000DD95,
0000DDAF,
0000CFB7,
0000C077,
0000BD80,
0000CBCB,
0000E444,
0000F89B,
0000FD15,
0000F08F,
0000DD46,
0000D1C3,
0000D6DD,
0000E9A1,
0000FD5D,
00000455,
0000F93F,
0000E2E0,
0000CF73,
0000CAE5,
0000D6AC,
0000E8CD,
0000F2C7,
0000EB93,
0000D5E7,
0000BE64,
0000B2F4,
0000B94A,
0000CAFD,
0000DA05,
0000DA62,
0000CA6F,
0000B406,
0000A5C9,
0000A916,
0000BBA1,
0000D10B,
0000DB64,
0000D4C5,
0000C35C,
0000B52B,
0000B664,
0000C904,
0000E36C,
0000F6F7,
0000FA04,
0000EE88,
0000E0A9,
0000DE5D,
0000EDC1,
000008D8,
000021A0,
00002B9F,
0000246F,
00001554,
00000CD1,
000014A7,
00002B11,
000043F5,
0000512C,
00004C38,
00003AAF,
00002A67,
000027ED,
000035E5,
00004B3B,
00005961,
00005657,
0000438E,
00002CF2,
000020C1,
000025CA,
000036CA,
00004614,
00004705,
000036BE,
00001E2C,
00000BF1,
00000A61,
00001876,
00002A91,
0000327F,
00002947,
000013FE,
00000052,
0000FB26,
000007BC,
00001D81,
00002DEA,
00002E7C,
00001FF9,
00000DDC,
0000066C,
000010EB,
0000288C,
00003FBD,
0000496A,
000041F8,
000031AB,
000026F2,
00002C6D,
0000418E,
00005AF6,
00006A30,
0000679C,
0000579C,
00004787,
00004475,
00005232,
0000689F,
0000793C,
0000791D,
00006866,
00005233,
000044F2,
0000487A,
000058AD,
0000684C,
00006A1C,
00005A04,
00003FE5,
00002A3C,
00002437,
00002E10,
00003CF3,
0000427B,
000036A6,
00001D61,
000003E3,
0000F7A7,
0000FD2F,
00000CFB,
000018BA,
0000152A,
000001DE,
0000E990,
0000DAC6,
0000DDDD,
0000EF4A,
0000020A,
00000895,
0000FE28,
0000EA03,
0000DA6F,
0000DAE1,
0000EC12,
00000378,
0000127A,
0000106D,
0000007D,
0000EF76,
0000EAE5,
0000F7C1,
00000EF3,
00002229,
000025A1,
00001836,
0000041B,
0000F7D5,
0000FC32,
00000E3A,
00002133,
0000275A,
00001B5B,
000003F8,
0000EF64,
0000E984,
0000F3CA,
00000435,
00000C41,
000002E4,
0000EAD1,
0000D0A6,
0000C24E,
0000C57B,
0000D3C9,
0000DF2D,
0000DBAF,
0000C7AC,
0000AD04,
00009A5F,
00009922,
0000A708,
0000B7B8,
0000BD4E,
0000B1E9,
00009BC0,
000088DF,
0000857F,
000093A7,
0000A9BE,
0000B928,
0000B84C,
0000A922,
000097DA,
0000926C,
00009EF9,
0000B789,
0000CE18,
0000D630,
0000CD6A,
0000BD08,
0000B38D,
0000BAB5,
0000D0B8,
0000E977,
0000F6C6,
0000F21E,
0000E112,
0000D16F,
0000CFBB,
0000DE92,
0000F4D7,
000003F6,
000001E8,
0000F016,
0000DA65,
0000CF0C,
0000D4D6,
0000E67A,
0000F646,
0000F796,
0000E787,
0000CF06,
0000BCB3,
0000BAE3,
0000C893,
0000DA25,
0000E169,
0000D76C,
0000C147,
0000ACAE,
0000A689,
0000B224,
0000C6F1,
0000D66D,
0000D624,
0000C6E1,
0000B425,
0000AC41,
0000B67C,
0000CE11,
0000E572,
0000EF93,
0000E8DB,
0000D995,
0000D031,
0000D750,
0000EE68,
00000A15,
00001BE6,
00001C37,
00000F67,
000002C8,
0000036E,
00001520,
00002FB7,
000044AC,
0000490C,
00003CF3,
00002B74,
000022F4,
00002B43,
00004038,
0000548C,
00005AFE,
00004F6A,
000039AC,
0000283A,
0000263B,
000033E6,
00004661,
00004F44,
0000468C,
00003023,
00001942,
00000F61,
00001708,
000028B7,
00003622,
0000340A,
00002207,
00000AD9,
0000FD0F,
00000108,
00001344,
000026C6,
00002E0D,
0000245C,
000010FC,
0000023E,
0000039B,
000015D2,
00002E60,
00003EB0,
00003E19,
00002FCC,
00002095,
00001E04,
00002D10,
000046A0,
00005C61,
0000628D,
000057FB,
000046DA,
00003DAA,
00004533,
00005A75,
000070AF,
00007A17,
0000714F,
00005D12,
00004B8B,
00004897,
0000559E,
0000689B,
000072FF,
00006BBA,
00005579,
00003CD6,
00002FB6,
000033C8,
000042A5,
00004E42,
00004AA4,
00003628,
00001AB3,
000006EB,
0000043C,
00001063,
00001F0E,
0000225C,
00001476,
0000FB99,
0000E5D6,
0000DF72,
0000EA79,
0000FD5C,
00000987,
00000569,
0000F304,
0000DE8B,
0000D601,
0000DF8B,
0000F538,
00000908,
00000E8A,
00000359,
0000F0BC,
0000E534,
0000EA7E,
0000FED2,
0000160D,
00002204,
00001C2B,
00000A10,
0000F97C,
0000F6EE,
000004FA,
00001A81,
000028E6,
00002618,
0000137B,
0000FCEE,
0000F09F,
0000F552,
000005B7,
00001419,
000013CB,
000001E9,
0000E75B,
0000D2BD,
0000CE63,
0000D948,
0000E7CE,
0000EBC8,
0000DE42,
0000C45C,
0000ABC9,
0000A17A,
0000A8C0,
0000B910,
0000C3F2,
0000BEF9,
0000AAF6,
00009375,
000086CD,
00008C4F,
00009F3F,
0000B218,
0000B7D6,
0000ACE7,
0000999D,
00008C70,
00009006,
0000A3DA,
0000BC8F,
0000CBB4,
0000C9A8,
0000BACB,
0000AC72,
0000ABAD,
0000BC43,
0000D60B,
0000EA7A,
0000EE97,
0000E27B,
0000D131,
0000C919,
0000D1FB,
0000E7A8,
0000FCD1,
0000042A,
0000F98D,
0000E4CB,
0000D453,
0000D345,
0000E1D1,
0000F518,
0000FEAD,
0000F687,
0000E08E,
0000C9F6,
0000C039,
0000C7DA,
0000D95C,
0000E672,
0000E3E0,
0000D142,
0000B95B,
0000AABE,
0000ADD2,
0000BF19,
0000D1A0,
0000D7ED,
0000CD48,
0000B905,
0000A979,
0000AA27,
0000BBD7,
0000D40A,
0000E433,
0000E3B0,
0000D5B8,
0000C71B,
0000C56D,
0000D5AA,
0000F0BB,
0000084B,
00001099,
0000087A,
0000FA1C,
0000F3FA,
0000FED9,
000017B6,
000031C9,
00003F43,
00003AC1,
00002AF2,
00001DFB,
00001FB2,
00003176,
00004938,
00005861,
000055D8,
00004443,
00003032,
00002784,
00002FE1,
000042DB,
00005262,
00005277,
00004173,
00002937,
00001869,
00001873,
00002713,
000037F8,
00003D45,
00003122,
000019D3,
0000056E,
0000003D,
00000C51,
00002023,
00002D26,
000029CE,
00001826,
00000469,
0000FCA0,
000006F6,
00001D83,
0000324D,
000038E8,
00002EF3,
00001DB8,
000013BE,
00001AC4,
00003102,
00004A59,
00005899,
00005536,
000045BC,
000037F0,
0000384E,
00004966,
0000620F,
000073A8,
00007419,
000064BE,
0000516C,
0000484D,
00005019,
0000637B,
000074B3,
0000770D,
0000679E,
00004F44,
00003C99,
000039E9,
0000462C,
000055BD,
00005A6E,
00004D48,
0000336A,
00001A87,
00000F91,
000015DA,
000024DD,
00002E22,
00002742,
00001115,
0000F72D,
0000E7E6,
0000EA9B,
0000FA95,
00000A58,
00000CEA,
0000FEC1,
0000E835,
0000D7C8,
0000D828,
0000E8D6,
0000FE7B,
00000AAD,
000005D2,
0000F44D,
0000E376,
0000E05F,
0000EED3,
000006A6,
00001951,
00001BD8,
00000E51,
0000FBC5,
0000F28F,
0000FA73,
00000F3A,
00002393,
00002A2B,
00001ED1,
00000952,
0000F817,
0000F636,
000003D7,
00001616,
00001E80,
00001504,
0000FD87,
0000E535,
0000D984,
0000DEF6,
0000EE0B,
0000F873,
0000F2F4,
0000DD28,
0000C1D4,
0000AF8E,
0000AEC2,
0000BBF5,
0000CA3A,
0000CC1A,
0000BCE8,
0000A3FE,
00008FB8,
00008BA2,
0000988C,
0000AC00,
0000B77B,
0000B262,
00009FF5,
00008D0B,
00008741,
00009399,
0000AB03,
0000BF31,
0000C464,
0000B974,
0000A895,
0000A041,
0000A941,
0000C090,
0000D964,
0000E5ED,
0000E0C3,
0000D093,
0000C37D,
0000C551,
0000D766,
0000EFA8,
0000FF7A,
0000FDB9,
0000ED04,
0000D9E4,
0000D231,
0000DB8A,
0000EF79,
0000FFE9,
000000D3,
0000F08F,
0000D8F3,
0000C8A5,
0000C90B,
0000D7E0,
0000E8D2,
0000EE02,
0000E19D,
0000C9E5,
0000B4F4,
0000AF16,
0000BA63,
0000CD57,
0000D96C,
0000D51B,
0000C277,
0000ADC2,
0000A50D,
0000AE8B,
0000C45B,
0000D88A,
0000DEB4,
0000D480,
0000C33E,
0000B97B,
0000C0FB,
0000D7FB,
0000F25F,
000001F9,
00000043,
0000F2C7,
0000E74A,
0000EA45,
0000FE49,
00001A28,
00002F3D,
0000336C,
0000280A,
000018E7,
00001424,
00002073,
00003875,
00004E62,
0000557E,
00004AD5,
0000373D,
00002946,
00002B35,
00003BF9,
00004FE8,
000058CB,
00004FA8,
00003995,
00002446,
00001CA6,
00002606,
000037DF,
000043BA,
00003F31,
00002B1D,
00001312,
00000572,
00000999,
00001ADA,
00002BBB,
00002F48,
000021FF,
00000C41,
0000FC96,
0000FDB1,
00000F1B,
00002587,
00003291,
00002EA3,
00001E27,
00000E7A,
00000CB4,
00001CA2,
0000361E,
00004A9E,
00004F29,
000043D5,
000033AB,
00002D03,
0000379E,
00004F44,
0000669A,
0000704A,
0000681D,
000055D9,
000047DE,
0000493D,
00005A15,
00006F79,
00007AED,
0000745A,
00005F99,
000049D3,
00004075,
000047F8,
000058D9,
000064C2,
00006074,
00004B85,
000030B9,
00001EA3,
00001DAF,
00002A63,
000037D1,
00003888,
000027DD,
00000D2D,
0000F6DC,
0000F07A,
0000FADD,
00000B97,
0000142C,
00000C0C,
0000F67D,
0000E05E,
0000D755,
0000E06C,
0000F49A,
00000598,
000007B0,
0000F9C2,
0000E602,
0000DAF4,
0000E161,
0000F64A,
00000CE6,
00001765,
00001062,
0000FE88,
0000EFF4,
0000F073,
00000159,
0000188F,
00002771,
000024D8,
0000135B,
0000FF7E,
0000F710,
0000FFA8,
000012CB,
0000225C,
0000224E,
000010EE,
0000F812,
0000E655,
0000E519,
0000F216,
000000F3,
000003D3,
0000F4DE,
0000DA55,
0000C253,
0000B925,
0000C0E5,
0000D011,
0000D828,
0000CFAA,
0000B8AB,
00009F78,
00009226,
000096F2,
0000A801,
0000B76B,
0000B8D2,
0000A9E7,
00009402,
000085BA,
000088DA,
00009BA7,
0000B20C,
0000BDE4,
0000B8AB,
0000A7F1,
00009981,
000099D7,
0000AB85,
0000C560,
0000D8C2,
0000DB8E,
0000CF18,
0000BF2D,
0000B9E9,
0000C5FB,
0000DDFF,
0000F427,
0000FBAF,
0000F19D,
0000DEBF,
0000D19F,
0000D479,
0000E633,
0000FB1E,
000004FA,
0000FCC7,
0000E794,
0000D30E,
0000CC1D,
0000D60D,
0000E852,
0000F474,
0000F009,
0000DBEC,
0000C3B0,
0000B5B8,
0000B963,
0000CA05,
0000DA2B,
0000DCE4,
0000CEB3,
0000B800,
0000A759,
0000A779,
0000B7F2,
0000CD7C,
0000D9BB,
0000D521,
0000C421,
0000B41D,
0000B237,
0000C23E,
0000DC14,
0000F135,
0000F6AB,
0000EC8F,
0000DDEC,
0000D91D,
0000E5E1,
00000000,
00001A1F,
000026E3,
00002214,
00001371,
00000955,
00000ECB,
000023EC,
00003DC2,
00004DC9,
00004BE3,
00003BDF,
00002ADF,
00002645,
00003284,
0000480E,
00005887,
000058A7,
00004800,
0000314D,
0000231C,
000025D5,
000035FB,
0000469D,
00004A48,
00003C50,
00002414,
00000FF7,
00000B8C,
000017AE,
000029F3,
000033E3,
00002CF2,
0000186C,
00000339,
0000FB06,
000004E2,
000019CD,
00002B87,
00002E61,
00002141,
00000E63,
00000451,
00000BD9,
00002201,
00003A05,
00004617,
000040D3,
000030E8,
00002472,
0000273E,
00003AA0,
0000547B,
00006629,
0000667F,
0000580F,
00004755,
0000421C,
00004DF4,
00006459,
00007726,
00007A46,
00006BFE,
00005619,
0000472E,
00004895,
000057FF,
0000690E,
00006DDA,
00006088,
00004755,
00003056,
000027D8,
00002FEF,
00003F1B,
000046DB,
00003DAD,
000025AB,
00000B22,
0000FC2D,
0000FF0D,
00000DEA,
00001AE7,
000019AB,
000007EE,
0000EF12,
0000DDB2,
0000DDA4,
0000ED35,
00000058,
000008F0,
00000082,
0000ECA5,
0000DB28,
0000D88F,
0000E771,
0000FEA7,
00000F8D,
0000100C,
00000178,
0000EF9E,
0000E89B,
0000F31A,
000009B6,
00001E9F,
0000250C,
000019FE,
0000063E,
0000F850,
0000FA68,
00000B66,
00001F94,
000028AB,
00001FA2,
00000983,
0000F3F4,
0000EBD4,
0000F469,
00000523,
00000F86,
00000924,
0000F2D3,
0000D823,
0000C778,
0000C82F,
0000D59D,
0000E251,
0000E15D,
0000CF47,
0000B47B,
00009F8C,
00009B3E,
0000A727,
0000B808,
0000BF8B,
0000B62D,
0000A067,
00008BA6,
00008513,
00009087,
0000A5EB,
0000B6C3,
0000B822,
0000AA27,
000097E3,
00008FB6,
00009966,
0000B0BC,
0000C862,
0000D2FD,
0000CC55,
0000BC2B,
0000B0D7,
0000B562,
0000C9E2,
0000E35E,
0000F34C,
0000F186,
0000E1D9,
0000D15D,
0000CD6F,
0000DA79,
0000F0E5,
0000024F,
0000036A,
0000F3BF,
0000DE01,
0000D0B8,
0000D445,
0000E526,
0000F667,
0000FA8E,
0000ECEE,
0000D4E3,
0000C0CF,
0000BC46,
0000C821,
0000D9FA,
0000E35A,
0000DBBA,
0000C66B,
0000B058,
0000A735,
0000B018,
0000C407,
0000D4CB,
0000D6BA,
0000C8C3,
0000B52B,
0000AA82,
0000B19E,
0000C78B,
0000DF8D,
0000EBDC,
0000E719,
0000D7F6,
0000CC94,
0000D0C3,
0000E5D8,
000001B7,
000015BB,
000018B6,
00000D39,
0000FFBD,
0000FE07,
00000DA1,
00002805,
00003F05,
00004685,
00003CC2,
00002B80,
0000214C,
00002776,
00003BA5,
00005175,
00005AF3,
0000523E,
00003D89,
00002AE5,
00002694,
000032A9,
0000459D,
000050EA,
00004B0C,
0000361B,
00001E63,
000011FE,
0000172E,
00002820,
000036F5,
0000375B,
0000270D,
00000F71,
0000FF2D,
00000017,
00001087,
00002476,
00002DCF,
0000261C,
000012FC,
00000247,
00000086,
00001058,
0000289A,
00003AAF,
00003C83,
00002F6D,
00001F3D,
00001A13,
0000269C,
00003F70,
000056BF,
00005FBF,
0000576B,
0000468C,
00003B9C,
000040CF,
000054FD,
00006C67,
000078BF,
000072F5,
0000600B,
00004D9E,
00004885,
00005400,
00006774,
0000745E,
00007048,
00005C02,
00004318,
000033E6,
000035C6,
0000440B,
0000513E,
00005072,
00003E2C,
000022D8,
00000D0C,
0000078D,
000011F5,
0000210A,
0000267C,
00001ACB,
00000279,
0000EAFC,
0000E180,
0000E9EA,
0000FC29,
000009CA,
000007E9,
0000F6AE,
0000E12F,
0000D5D5,
0000DC6D,
0000F0C6,
0000058D,
00000D71,
0000043B,
0000F1AF,
0000E428,
0000E6AF,
0000F95A,
0000112D,
00001FA1,
00001C8A,
00000BB3,
0000FA2E,
0000F553,
00000185,
0000172A,
000027D8,
00002838,
000017CB,
0000013F,
0000F316,
0000F5A8,
0000056B,
00001565,
0000181A,
000008D3,
0000EEEB,
0000D8BE,
0000D1DE,
0000DB23,
0000EA26,
0000F06F,
0000E579,
0000CC96,
0000B2B8,
0000A592,
0000AA43,
0000B9D4,
0000C617,
0000C367,
0000B0BC,
00009862,
000088F3,
00008B4D,
00009C85,
0000AFE7,
0000B7B3,
0000AE94,
00009B42,
00008BE7,
00008C58,
00009DF1,
0000B69A,
0000C7B2,
0000C810,
0000BA44,
0000AACA,
0000A767,
0000B5A7,
0000CEFE,
0000E53C,
0000EC42,
0000E248,
0000D10D,
0000C718,
0000CDB3,
0000E27D,
0000F90A,
00000360,
0000FB97,
0000E7DA,
0000D632,
0000D2DA,
0000DFDD,
0000F3AF,
0000FFC3,
0000FA92,
0000E62D,
0000CEDE,
0000C2BB,
0000C808,
0000D8ED,
0000E78D,
0000E797,
0000D6C9,
0000BE8D,
0000AD89,
0000AD9E,
0000BD25,
0000D01F,
0000D87C,
0000CFCE,
0000BBBD,
0000AA28,
0000A79F,
0000B6C8,
0000CE8A,
0000E04E,
0000E205,
0000D50E,
0000C53F,
0000C0BD,
0000CE37,
0000E84A,
00000127,
00000C06,
000005E4,
0000F786,
0000EF67,
0000F7B5,
00000F45,
00002A56,
00003A93,
000038E5,
00002A48,
00001C50,
00001BCD,
00002BF6,
00004429,
000055D9,
00005687,
000046FB,
000032B8,
00002813,
00002E60,
000040E7,
0000522E,
00005542,
000046A5,
00002EBE,
00001C20,
0000198E,
000026A4,
00003826,
00003FC7,
0000360A,
00001F72,
00000979,
00000153,
00000AE8,
00001E2F,
00002CBB,
00002BAD,
00001B35,
00000673,
0000FBD6,
0000032F,
00001858,
00002E05,
000036E7,
00002ECF,
00001D85,
00001169,
00001586,
000029F5,
000043BD,
00005453,
0000538E,
00004535,
00003658,
0000344C,
00004371,
00005C26,
00006FFA,
00007390,
00006663,
00005319,
0000482A,
00004DE8,
000060C1,
000073B1,
00007933,
00006C8B,
0000550A,
00004107,
00003C0E,
000046F0,
00005740,
00005E86,
00005437,
00003BA4,
000021BE,
00001438,
00001832,
000026B8,
0000319D,
00002D43,
000018A5,
0000FE17,
0000EC35,
0000EBE7,
0000FA49,
00000AAE,
00000F61,
00000312,
0000EC85,
0000D9E8,
0000D71A,
0000E57F,
0000FB06,
00000912,
00000684,
0000F5F0,
0000E3D5,
0000DDFC,
0000E9F3,
0000012E,
00001582,
00001ACC,
00000F44,
0000FCA7,
0000F176,
0000F6F8,
00000AC8,
00002075,
000029FF,
00002175,
00000CFC,
0000FA97,
0000F679,
000002A4,
00001587,
0000208E,
00001A2A,
00000467,
0000EB8A,
0000DDA4,
0000E0F2,
0000EF9D,
0000FBC4,
0000F915,
0000E54D,
0000C9D8,
0000B55C,
0000B1BE,
0000BD5B,
0000CC38,
0000D04A,
0000C32A,
0000AA87,
00009446,
00008D01,
00009765,
0000AA62,
0000B769,
0000B475,
0000A2EE,
00008EB1,
000085E9,
00008F51,
0000A58B,
0000BACD,
0000C256,
0000B926,
0000A805,
00009D73,
0000A39F,
0000B960,
0000D2F0,
0000E1FC,
0000DF6B,
0000D034,
0000C1E7,
0000C150,
0000D1A0,
0000EA2E,
0000FC65,
0000FDC2,
0000EF04,
0000DBA4,
0000D1F3,
0000D93A,
0000ECBC,
0000FEF8,
000002F1,
0000F527,
0000DDF9,
0000CBF6,
0000C9DE,
0000D749,
0000E8F8,
0000F09F,
0000E6BE,
0000CFDD,
0000B974,
0000B0BC,
0000B99F,
0000CC1A,
0000D9C5,
0000D7C6,
0000C654,
0000B096,
0000A502,
0000AB74,
0000BFC8,
0000D4BD,
0000DD0C,
0000D48C,
0000C30D,
0000B6F4,
0000BB54,
0000D049,
0000EAE0,
0000FC92,
0000FD38,
0000F099,
0000E3C9,
0000E41A,
0000F5EB,
00001198,
000028B0,
00002FCF,
0000266B,
00001725,
0000106D,
00001A8E,
000031EF,
00004984,
000053BF,
00004BDB,
0000391F,
000029DC,
00002993,
0000390F,
00004DDC,
00005977,
00005352,
00003EB9,
00002894,
00001E97,
000025DB,
0000376D,
0000451D,
0000434D,
000030FA,
00001879,
0000086A,
000009BA,
00001986,
00002B2A,
000030F4,
0000259B,
00000FEA,
0000FE18,
0000FC0A,
00000B29,
0000216E,
00003045,
00002E91,
00001EEE,
00000DE2,
0000093A,
00001689,
00002F48,
0000454B,
00004C73,
000042F8,
00003296,
000029D0,
000031E8,
00004877,
00006107,
00006D94,
00006826,
000056DE,
000047B4,
000046D8,
00005642,
00006C59,
00007A81,
00007721,
00006440,
00004E17,
000042B2,
00004848,
000058F8,
000066DE,
000065A1,
000052FC,
00003854,
00002451,
000020D3,
00002C37,
00003A85,
00003DB2,
00002F5A,
0000152F,
0000FD1C,
0000F3BF,
0000FBCB,
00000C36,
0000167C,
0000109C,
0000FC08,
0000E4A5,
0000D8A6,
0000DECD,
0000F1C6,
000003CE,
0000082B,
0000FBE5,
0000E7CA,
0000DA5F,
0000DDD7,
0000F10D,
0000083F,
0000151B,
0000108A,
0000FF83,
0000EF93,
0000ED86,
0000FC88,
000013EE,
0000251F,
00002591,
000015FD,
000001D8,
0000F76B,
0000FDF6,
000010B6,
00002223,
0000253A,
00001670,
0000FE22,
0000EAD6,
0000E746,
0000F305,
000002D1,
00000859,
0000FC1D,
0000E29F,
0000C95A,
0000BD85,
0000C30D,
0000D1F0,
0000DBC9,
0000D5C4,
0000C01B,
0000A5FC,
000095E4,
000097B4,
0000A753,
0000B786,
0000BB0E,
0000ADCD,
0000979A,
000086E3,
000086C4,
00009761,
0000ADCE,
0000BB8B,
0000B879,
0000A864,
00009864,
000095D0,
0000A50A,
0000BE72,
0000D393,
0000D90E,
0000CE55,
0000BE08,
0000B696,
0000C043,
0000D774,
0000EF15,
0000F994,
0000F224,
0000E007,
0000D184,
0000D216,
0000E27F,
0000F844,
000004DA,
0000FFAE,
0000EC02,
0000D6B9,
0000CD81,
0000D56F,
0000E78A,
0000F59F,
0000F40F,
0000E1D4,
0000C942,
0000B8FB,
0000B9EC,
0000C936,
0000DA36,
0000DF3F,
0000D30E,
0000BC72,
0000A9A9,
0000A69F,
0000B4C5,
0000CA1B,
0000D813,
0000D599,
0000C551,
0000B3C8,
0000AED4,
0000BC0B,
0000D4EF,
0000EB59,
0000F32F,
0000EAAC,
0000DB91,
0000D461,
0000DE60,
0000F728,
0000123F,
000021A3,
00001F57,
00001178,
000005FC,
00000909,
00001C94,
000036FC,
0000499C,
00004AD5,
00003CA4,
00002B3B,
0000249C,
00002EF5,
0000445F,
000056EA,
00005A37,
00004BFA,
00003591,
0000259E,
000025FB,
00003503,
000046B6,
00004D0C,
0000419C,
00002A19,
0000146D,
00000D39,
00001733,
00002954,
0000351B,
0000308D,
00001D20,
000006C1,
0000FBAB,
000002A3,
0000165F,
00002923,
00002E3D,
000022BA,
00000F71,
000002EB,
00000765,
00001BBC,
00003435,
00004280,
00003F89,
00003049,
00002251,
0000226B,
000033C3,
00004DAC,
0000618A,
000064CE,
00005830,
0000471D,
00003FD6,
0000499A,
00005F9B,
00007449,
00007A9A,
00006EFA,
000059BD,
00004963,
0000489E,
000056F7,
00006926,
000070D2,
00006675,
00004E8D,
0000368F,
00002BAF,
000031D6,
00004101,
00004ACA,
0000445D,
00002DF6,
000012C4,
00000147,
00000166,
00000F0B,
00001D03,
00001E14,
00000E26,
0000F51A,
0000E165,
0000DE29,
0000EB96,
0000FEC5,
00000940,
000002EF,
0000EFA8,
0000DC87,
0000D6EC,
0000E33D,
0000F9DF,
00000C62,
00000F6A,
0000026D,
0000F00B,
0000E6B2,
0000EEA8,
0000044D,
00001A8F,
000023D6,
00001B51,
0000083D,
0000F8DD,
0000F8A3,
0000084B,
00001D55,
0000292E,
0000233A,
00000EB4,
0000F87B,
0000EE33,
0000F4EA,
000005A2,
00001224,
00000ECB,
0000FA8D,
0000DFBC,
0000CCF6,
0000CB27,
0000D771,
0000E532,
0000E6BE,
0000D6D5,
0000BC4A,
0000A560,
00009E07,
0000A7B8,
0000B878,
0000C1C3,
0000BA8C,
0000A57F,
00008F31,
00008582,
00008E10,
0000A266,
0000B465,
0000B7FB,
0000AB6B,
0000987B,
00008DB6,
00009465,
0000AA25,
0000C282,
0000CF7B,
0000CB14,
0000BB6C,
0000AE77,
0000B05B,
0000C309,
0000DCDD,
0000EF2F,
0000F059,
0000E254,
0000D14A,
0000CB37,
0000D642,
0000EC7B,
0000FFEC,
0000042D,
0000F6EC,
0000E17D,
0000D27D,
0000D3BF,
0000E397,
0000F601,
0000FCEF,
0000F1F5,
0000DAC3,
0000C541,
0000BE0F,
0000C7E3,
0000D9B6,
0000E50A,
0000DFE7,
0000CBC6,
0000B498,
0000A89E,
0000AEA5,
0000C167,
0000D330,
0000D755,
0000CAEA,
0000B6CF,
0000A995,
0000AD7F,
0000C172,
0000D9BB,
0000E80F,
0000E561,
0000D6AE,
0000C98C,
0000CAC8,
0000DD92,
0000F93C,
00000F2D,
000014D6,
00000AEB,
0000FCD9,
0000F8DC,
0000062E,
00001FFD,
000038B4,
00004341,
00003C08,
00002B57,
00001FA4,
00002398,
000036B5,
00004DAA,
00005A15,
00005467,
00004117,
00002D91,
00002703,
00003150,
0000446F,
000051F5,
00004F0A,
00003BE8,
000023BC,
00001504,
000017A8,
00002793,
00003793,
00003A72,
00002C1D,
00001476,
000001FA,
0000FFD4,
00000E33,
0000223D,
00002D82,
000027F0,
00001563,
00000302,
0000FE32,
00000B5E,
000022F4,
0000368B,
00003AC7,
00002F26,
00001E4A,
000016A4,
0000207C,
00003833,
000050B6,
00005C6B,
00005680,
0000462E,
000039B3,
00003C7E,
00004F46,
00006781,
00007698,
000073E5,
0000629E,
00004F96,
0000486C,
00005225,
000065BB,
000074EE,
00007412,
00006215,
00004943,
00003835,
000037D1,
00004536,
000053BD,
000055B9,
000045E8,
00002B1D,
0000139B,
00000B56,
000013C7,
000022F9,
00002A6A,
00002114,
000009AA,
0000F0C9,
0000E453,
0000E9F3,
0000FB39,
00000A0E,
00000A6B,
0000FA9B,
0000E46A,
0000D66C,
0000D9F2,
0000EC9E,
00000203,
00000C25,
0000050E,
0000F2E1,
0000E392,
0000E34A,
0000F3FD,
00000C03,
00001CB6,
00001C6E,
00000D1F,
0000FAF2,
0000F3DB,
0000FDFD,
00001362,
0000260E,
00002994,
00001B96,
00000565,
0000F595,
0000F5F2,
000004C7,
0000160D,
00001BAD,
00000F37,
0000F656,
0000DEEC,
0000D596,
0000DD07,
0000EC39,
0000F4AA,
0000EC65,
0000D4E3,
0000BA18,
0000AA47,
0000AC43,
0000BACA,
0000C82F,
0000C7CB,
0000B6BD,
00009DEB,
00008BEE,
00008B12,
00009A45,
0000ADDB,
0000B794,
0000B06A,
00009D62,
00008C1B,
00008968,
0000987F,
0000B0BA,
0000C382,
0000C64D,
0000B9D2,
0000A980,
0000A395,
0000AF4A,
0000C7CD,
0000DF84,
0000E95C,
0000E1B6,
0000D0DA,
0000C539,
0000C975,
0000DD0C,
0000F4A2,
000001CE,
0000FCFE,
0000EA9D,
0000D810,
0000D27E,
0000DDC3,
0000F1CD,
0000002C,
0000FE06,
0000EB8A,
0000D3E3,
0000C58E,
0000C86D,
0000D86D,
0000E858,
0000EAFC,
0000DC44,
0000C418,
0000B0F6,
0000AE0B,
0000BB91,
0000CEB0,
0000D8FD,
0000D26F,
0000BEE9,
0000AB99,
0000A5EB,
0000B256,
0000C94B,
0000DC68,
0000E05C,
0000D4A9,
0000C3F8,
0000BCBF,
0000C74C,
0000E003,
0000F9D2,
00000724,
00000327,
0000F515,
0000EB2A,
0000F0D3,
000006C4,
0000226E,
00003538,
00003674,
00002952,
00001A9F,
000017F1,
00002645,
00003E8E,
00005281,
0000566B,
00004931,
00003516,
000028AB,
00002CD0,
00003E99,
0000515B,
00005762,
00004B68,
0000343A,
00002019,
00001AF6,
0000264A,
0000381D,
000041F1,
00003ABF,
0000253D,
00000E0B,
00000311,
000009FF,
00001C69,
00002C41,
00002D83,
00001E83,
00000914,
0000FBD3,
00000014,
00001385,
000029BE,
000034C9,
00002EB6,
00001DAC,
00000FA7,
000010D1,
00002323,
00003CF7,
00004FA5,
00005189,
00004494,
000034EC,
00003085,
00003D7E,
000055DB,
00006B9B,
0000724A,
00006785,
00005495,
00004805,
00004B9B,
00005D9A,
000071F0,
00007A7E,
000070CF,
00005A81,
00004574,
00003E3D,
00004788,
00005848,
000061F9,
00005AA0,
000043B6,
0000292B,
00001942,
00001ACE,
0000288F,
000034D9,
0000330A,
00002044,
00000573,
0000F135,
0000EDDC,
0000FA5E,
00000B16,
000011CD,
00000785,
0000F14C,
0000DCC6,
0000D6D2,
0000E2AB,
0000F7B5,
0000075D,
00000723,
0000F7C3,
0000E4AF,
0000DC2A,
0000E571,
0000FBB3,
00001158,
0000194E,
00000FF5,
0000FD93,
0000F096,
0000F39E,
00000621,
00001CC3,
00002914,
00002379,
00001058,
0000FD11,
0000F6C0,
0000013B,
0000146A,
000021D7,
00001E9B,
00000AE6,
0000F1DA,
0000E1EC,
0000E2FD,
0000F0F5,
0000FE9A,
0000FEB9,
0000ED3C,
0000D20A,
0000BBA3,
0000B536,
0000BEFF,
0000CE2A,
0000D451,
0000C971,
0000B173,
0000998B,
00008F2E,
000096DA,
0000A909,
0000B762,
0000B69D,
0000A643,
00009106,
00008566,
00008BB7,
0000A065,
0000B666,
0000C02A,
0000B8E3,
0000A7D0,
00009B32,
00009E76,
0000B254,
0000CC3D,
0000DD95,
0000DDAF,
0000CFB7,
0000C077,
0000BD80,
0000CBCB,
0000E444,
0000F89B,
0000FD15,
0000F08F,
0000DD46,
0000D1C3,
0000D6DD,
0000E9A1,
0000FD5D,
00000455,
0000F93F,
0000E2E0,
0000CF73,
0000CAE5,
0000D6AC,
0000E8CD,
0000F2C7,
0000EB93,
0000D5E7,
0000BE64,
0000B2F4,
0000B94A,
0000CAFD,
0000DA05,
0000DA62,
0000CA6F,
0000B406,
0000A5C9,
0000A916,
0000BBA1,
0000D10B,
0000DB64,
0000D4C5,
0000C35C,
0000B52B,
0000B664,
0000C904,
0000E36C,
0000F6F7,
0000FA04,
0000EE88,
0000E0A9,
0000DE5D,
0000EDC1,
000008D8,
000021A0,
00002B9F,
0000246F,
00001554,
00000CD1,
000014A7,
00002B11,
000043F5,
0000512C,
00004C38,
00003AAF,
00002A67,
000027ED,
000035E5,
00004B3B,
00005961,
00005657,
0000438E,
00002CF2,
000020C1,
000025CA,
000036CA,
00004614,
00004705,
000036BE,
00001E2C,
00000BF1,
00000A61,
00001876,
00002A91,
0000327F,
00002947,
000013FE,
00000052,
0000FB26,
000007BC,
00001D81,
00002DEA,
00002E7C,
00001FF9,
00000DDC,
0000066C,
000010EB,
0000288C,
00003FBD,
0000496A,
000041F8,
000031AB,
000026F2,
00002C6D,
0000418E,
00005AF6,
00006A30,
0000679C,
0000579C,
00004787,
00004475,
00005232,
0000689F,
0000793C,
0000791D,
00006866,
00005233,
000044F2,
0000487A,
000058AD,
0000684C,
00006A1C,
00005A04,
00003FE5,
00002A3C,
00002437,
00002E10,
00003CF3,
0000427B,
000036A6,
00001D61,
000003E3,
0000F7A7,
0000FD2F,
00000CFB,
000018BA,
0000152A,
000001DE,
0000E990,
0000DAC6,
0000DDDD,
0000EF4A,
0000020A,
00000895,
0000FE28,
0000EA03,
0000DA6F,
0000DAE1,
0000EC12,
00000378,
0000127A,
0000106D,
0000007D,
0000EF76,
0000EAE5,
0000F7C1,
00000EF3,
00002229,
000025A1,
00001836,
0000041B,
0000F7D5,
0000FC32,
00000E3A,
00002133,
0000275A,
00001B5B,
000003F8,
0000EF64,
0000E984,
0000F3CA,
00000435,
00000C41,
000002E4,
0000EAD1,
0000D0A6,
0000C24E,
0000C57B,
0000D3C9,
0000DF2D,
0000DBAF,
0000C7AC,
0000AD04,
00009A5F,
00009922,
0000A708,
0000B7B8,
0000BD4E,
0000B1E9,
00009BC0,
000088DF,
0000857F,
000093A7,
0000A9BE,
0000B928,
0000B84C,
0000A922,
000097DA,
0000926C,
00009EF9,
0000B789,
0000CE18,
0000D630,
0000CD6A,
0000BD08,
0000B38D,
0000BAB5,
0000D0B8,
0000E977,
0000F6C6,
0000F21E,
0000E112,
0000D16F,
0000CFBB,
0000DE92,
0000F4D7,
000003F6,
000001E8,
0000F016,
0000DA65,
0000CF0C,
0000D4D6,
0000E67A,
0000F646,
0000F796,
0000E787,
0000CF06,
0000BCB3,
0000BAE3,
0000C893,
0000DA25,
0000E169,
0000D76C,
0000C147,
0000ACAE,
0000A689,
0000B224,
0000C6F1,
0000D66D,
0000D624,
0000C6E1,
0000B425,
0000AC41,
0000B67C,
0000CE11,
0000E572,
0000EF93,
0000E8DB,
0000D995,
0000D031,
0000D750,
0000EE68,
00000A15,
00001BE6,
00001C37,
00000F67,
000002C8,
0000036E,
00001520,
00002FB7,
000044AC,
0000490C,
00003CF3,
00002B74,
000022F4,
00002B43,
00004038,
0000548C,
00005AFE,
00004F6A,
000039AC,
0000283A,
0000263B,
000033E6,
00004661,
00004F44,
0000468C,
00003023,
00001942,
00000F61,
00001708,
000028B7,
00003622,
0000340A,
00002207,
00000AD9,
0000FD0F,
00000108,
00001344,
000026C6,
00002E0D,
0000245C,
000010FC,
0000023E,
0000039B,
000015D2,
00002E60,
00003EB0,
00003E19,
00002FCC,
00002095,
00001E04,
00002D10,
000046A0,
00005C61,
0000628D,
000057FB,
000046DA,
00003DAA,
00004533,
00005A75,
000070AF,
00007A17,
0000714F,
00005D12,
00004B8B,
00004897,
0000559E,
0000689B,
000072FF,
00006BBA,
00005579,
00003CD6,
00002FB6,
000033C8,
000042A5,
00004E42,
00004AA4,
00003628,
00001AB3,
000006EB,
0000043C,
00001063,
00001F0E,
0000225C,
00001476,
0000FB99,
0000E5D6,
0000DF72,
0000EA79,
0000FD5C,
00000987,
00000569,
0000F304,
0000DE8B,
0000D601,
0000DF8B,
0000F538,
00000908,
00000E8A,
00000359,
0000F0BC,
0000E534,
0000EA7E,
0000FED2,
0000160D,
00002204,
00001C2B,
00000A10,
0000F97C,
0000F6EE,
000004FA,
00001A81,
000028E6,
00002618,
0000137B,
0000FCEE,
0000F09F,
0000F552,
000005B7,
00001419,
000013CB,
000001E9,
0000E75B,
0000D2BD,
0000CE63,
0000D948,
0000E7CE,
0000EBC8,
0000DE42,
0000C45C,
0000ABC9,
0000A17A,
0000A8C0,
0000B910,
0000C3F2,
0000BEF9,
0000AAF6,
00009375,
000086CD,
00008C4F,
00009F3F,
0000B218,
0000B7D6,
0000ACE7,
0000999D,
00008C70,
00009006,
0000A3DA,
0000BC8F,
0000CBB4,
0000C9A8,
0000BACB,
0000AC72,
0000ABAD,
0000BC43,
0000D60B,
0000EA7A,
0000EE97,
0000E27B,
0000D131,
0000C919,
0000D1FB,
0000E7A8,
0000FCD1,
0000042A,
0000F98D,
0000E4CB,
0000D453,
0000D345,
0000E1D1,
0000F518,
0000FEAD,
0000F687,
0000E08E,
0000C9F6,
0000C039,
0000C7DA,
0000D95C,
0000E672,
0000E3E0,
0000D142,
0000B95B,
0000AABE,
0000ADD2,
0000BF19,
0000D1A0,
0000D7ED,
0000CD48,
0000B905,
0000A979,
0000AA27,
0000BBD7,
0000D40A,
0000E433,
0000E3B0,
0000D5B8,
0000C71B,
0000C56D,
0000D5AA,
0000F0BB,
0000084B,
00001099,
0000087A,
0000FA1C,
0000F3FA,
0000FED9,
000017B6,
000031C9,
00003F43,
00003AC1,
00002AF2,
00001DFB,
00001FB2,
00003176,
00004938,
00005861,
000055D8,
00004443,
00003032,
00002784,
00002FE1,
000042DB,
00005262,
00005277,
00004173,
00002937,
00001869,
00001873,
00002713,
000037F8,
00003D45,
00003122,
000019D3,
0000056E,
0000003D,
00000C51,
00002023,
00002D26,
000029CE,
00001826,
00000469,
0000FCA0,
000006F6,
00001D83,
0000324D,
000038E8,
00002EF3,
00001DB8,
000013BE,
00001AC4,
00003102,
00004A59,
00005899,
00005536,
000045BC,
000037F0,
0000384E,
00004966,
0000620F,
000073A8,
00007419,
000064BE,
0000516C,
0000484D,
00005019,
0000637B,
000074B3,
0000770D,
0000679E,
00004F44,
00003C99,
000039E9,
0000462C,
000055BD,
00005A6E,
00004D48,
0000336A,
00001A87,
00000F91,
000015DA,
000024DD,
00002E22,
00002742,
00001115,
0000F72D,
0000E7E6,
0000EA9B,
0000FA95,
00000A58,
00000CEA,
0000FEC1,
0000E835,
0000D7C8,
0000D828,
0000E8D6,
0000FE7B,
00000AAD,
000005D2,
0000F44D,
0000E376,
0000E05F,
0000EED3,
000006A6,
00001951,
00001BD8,
00000E51,
0000FBC5,
0000F28F,
0000FA73,
00000F3A,
00002393,
00002A2B,
00001ED1,
00000952,
0000F817,
0000F636,
000003D7,
00001616,
00001E80,
00001504,
0000FD87,
0000E535,
0000D984,
0000DEF6,
0000EE0B,
0000F873,
0000F2F4,
0000DD28,
0000C1D4,
0000AF8E,
0000AEC2,
0000BBF5,
0000CA3A,
0000CC1A,
0000BCE8,
0000A3FE,
00008FB8,
00008BA2,
0000988C,
0000AC00,
0000B77B,
0000B262,
00009FF5,
00008D0B,
00008741,
00009399,
0000AB03,
0000BF31,
0000C464,
0000B974,
0000A895,
0000A041,
0000A941,
0000C090,
0000D964,
0000E5ED,
0000E0C3,
0000D093,
0000C37D,
0000C551,
0000D766,
0000EFA8,
0000FF7A,
0000FDB9,
0000ED04,
0000D9E4,
0000D231,
0000DB8A,
0000EF79,
0000FFE9,
000000D3,
0000F08F,
0000D8F3,
0000C8A5,
0000C90B,
0000D7E0,
0000E8D2,
0000EE02,
0000E19D,
0000C9E5,
0000B4F4,
0000AF16,
0000BA63,
0000CD57,
0000D96C,
0000D51B,
0000C277,
0000ADC2,
0000A50D,
0000AE8B,
0000C45B,
0000D88A,
0000DEB4,
0000D480,
0000C33E,
0000B97B,
0000C0FB,
0000D7FB,
0000F25F,
000001F9,
00000043,
0000F2C7,
0000E74A,
0000EA45,
0000FE49,
00001A28,
00002F3D,
0000336C,
0000280A,
000018E7,
00001424,
00002073,
00003875,
00004E62,
0000557E,
00004AD5,
0000373D,
00002946,
00002B35,
00003BF9,
00004FE8,
000058CB,
00004FA8,
00003995,
00002446,
00001CA6,
00002606,
000037DF,
000043BA,
00003F31,
00002B1D,
00001312,
00000572,
00000999,
00001ADA,
00002BBB,
00002F48,
000021FF,
00000C41,
0000FC96,
0000FDB1,
00000F1B,
00002587,
00003291,
00002EA3,
00001E27,
00000E7A,
00000CB4,
00001CA2,
0000361E,
00004A9E,
00004F29,
000043D5,
000033AB,
00002D03,
0000379E,
00004F44,
0000669A,
0000704A,
0000681D,
000055D9,
000047DE,
0000493D,
00005A15,
00006F79,
00007AED,
0000745A,
00005F99,
000049D3,
00004075,
000047F8,
000058D9,
000064C2,
00006074,
00004B85,
000030B9,
00001EA3,
00001DAF,
00002A63,
000037D1,
00003888,
000027DD,
00000D2D,
0000F6DC,
0000F07A,
0000FADD,
00000B97,
0000142C,
00000C0C,
0000F67D,
0000E05E,
0000D755,
0000E06C,
0000F49A,
00000598,
000007B0,
0000F9C2,
0000E602,
0000DAF4,
0000E161,
0000F64A,
00000CE6,
00001765,
00001062,
0000FE88,
0000EFF4,
0000F073,
00000159,
0000188F,
00002771,
000024D8,
0000135B,
0000FF7E,
0000F710,
0000FFA8,
000012CB,
0000225C,
0000224E,
000010EE,
0000F812,
0000E655,
0000E519,
0000F216,
000000F3,
000003D3,
0000F4DE,
0000DA55,
0000C253,
0000B925,
0000C0E5,
0000D011,
0000D828,
0000CFAA,
0000B8AB,
00009F78,
00009226,
000096F2,
0000A801,
0000B76B,
0000B8D2,
0000A9E7,
00009402,
000085BA,
000088DA,
00009BA7,
0000B20C,
0000BDE4,
0000B8AB,
0000A7F1,
00009981,
000099D7,
0000AB85,
0000C560,
0000D8C2,
0000DB8E,
0000CF18,
0000BF2D,
0000B9E9,
0000C5FB,
0000DDFF,
0000F427,
0000FBAF,
0000F19D,
0000DEBF,
0000D19F,
0000D479,
0000E633,
0000FB1E,
000004FA,
0000FCC7,
0000E794,
0000D30E,
0000CC1D,
0000D60D,
0000E852,
0000F474,
0000F009,
0000DBEC,
0000C3B0,
0000B5B8,
0000B963,
0000CA05,
0000DA2B,
0000DCE4,
0000CEB3,
0000B800,
0000A759,
0000A779,
0000B7F2,
0000CD7C,
0000D9BB,
0000D521,
0000C421,
0000B41D,
0000B237,
0000C23E,
0000DC14,
0000F135,
0000F6AB,
0000EC8F,
0000DDEC,
0000D91D,
0000E5E1,
00000000,
00001A1F,
000026E3,
00002214,
00001371,
00000955,
00000ECB,
000023EC,
00003DC2,
00004DC9,
00004BE3,
00003BDF,
00002ADF,
00002645,
00003284,
0000480E,
00005887,
000058A7,
00004800,
0000314D,
0000231C,
000025D5,
000035FB,
0000469D,
00004A48,
00003C50,
00002414,
00000FF7,
00000B8C,
000017AE,
000029F3,
000033E3,
00002CF2,
0000186C,
00000339,
0000FB06,
000004E2,
000019CD,
00002B87,
00002E61,
00002141,
00000E63,
00000451,
00000BD9,
00002201,
00003A05,
00004617,
000040D3,
000030E8,
00002472,
0000273E,
00003AA0,
0000547B,
00006629,
0000667F,
0000580F,
00004755,
0000421C,
00004DF4,
00006459,
00007726,
00007A46,
00006BFE,
00005619,
0000472E,
00004895,
000057FF,
0000690E,
00006DDA,
00006088,
00004755,
00003056,
000027D8,
00002FEF,
00003F1B,
000046DB,
00003DAD,
000025AB,
00000B22,
0000FC2D,
0000FF0D,
00000DEA,
00001AE7,
000019AB,
000007EE,
0000EF12,
0000DDB2,
0000DDA4,
0000ED35,
00000058,
000008F0,
00000082,
0000ECA5,
0000DB28,
0000D88F,
0000E771,
0000FEA7,
00000F8D,
0000100C,
00000178,
0000EF9E,
0000E89B,
0000F31A,
000009B6,
00001E9F,
0000250C,
000019FE,
0000063E,
0000F850,
0000FA68,
00000B66,
00001F94,
000028AB,
00001FA2,
00000983,
0000F3F4,
0000EBD4,
0000F469,
00000523,
00000F86,
00000924,
0000F2D3,
0000D823,
0000C778,
0000C82F,
0000D59D,
0000E251,
0000E15D,
0000CF47,
0000B47B,
00009F8C,
00009B3E,
0000A727,
0000B808,
0000BF8B,
0000B62D,
0000A067,
00008BA6,
00008513,
00009087,
0000A5EB,
0000B6C3,
0000B822,
0000AA27,
000097E3,
00008FB6,
00009966,
0000B0BC,
0000C862,
0000D2FD,
0000CC55,
0000BC2B,
0000B0D7,
0000B562,
0000C9E2,
0000E35E,
0000F34C,
0000F186,
0000E1D9,
0000D15D,
0000CD6F,
0000DA79,
0000F0E5,
0000024F,
0000036A,
0000F3BF,
0000DE01,
0000D0B8,
0000D445,
0000E526,
0000F667,
0000FA8E,
0000ECEE,
0000D4E3,
0000C0CF,
0000BC46,
0000C821,
0000D9FA,
0000E35A,
0000DBBA,
0000C66B,
0000B058,
0000A735,
0000B018,
0000C407,
0000D4CB,
0000D6BA,
0000C8C3,
0000B52B,
0000AA82,
0000B19E,
0000C78B,
0000DF8D,
0000EBDC,
0000E719,
0000D7F6,
0000CC94,
0000D0C3,
0000E5D8,
000001B7,
000015BB,
000018B6,
00000D39,
0000FFBD,
0000FE07,
00000DA1,
00002805,
00003F05,
00004685,
00003CC2,
00002B80,
0000214C,
00002776,
00003BA5,
00005175,
00005AF3,
0000523E,
00003D89,
00002AE5,
00002694,
000032A9,
0000459D,
000050EA,
00004B0C,
0000361B,
00001E63,
000011FE,
0000172E,
00002820,
000036F5,
0000375B,
0000270D,
00000F71,
0000FF2D,
00000017,
00001087,
00002476,
00002DCF,
0000261C,
000012FC,
00000247,
00000086,
00001058,
0000289A,
00003AAF,
00003C83,
00002F6D,
00001F3D,
00001A13,
0000269C,
00003F70,
000056BF,
00005FBF,
0000576B,
0000468C,
00003B9C,
000040CF,
000054FD,
00006C67,
000078BF,
000072F5,
0000600B,
00004D9E,
00004885,
00005400,
00006774,
0000745E,
00007048,
00005C02,
00004318,
000033E6,
000035C6,
0000440B,
0000513E,
00005072,
00003E2C,
000022D8,
00000D0C,
0000078D,
000011F5,
0000210A,
0000267C,
00001ACB,
00000279,
0000EAFC,
0000E180,
0000E9EA,
0000FC29,
000009CA,
000007E9,
0000F6AE,
0000E12F,
0000D5D5,
0000DC6D,
0000F0C6,
0000058D,
00000D71,
0000043B,
0000F1AF,
0000E428,
0000E6AF,
0000F95A,
0000112D,
00001FA1,
00001C8A,
00000BB3,
0000FA2E,
0000F553,
00000185,
0000172A,
000027D8,
00002838,
000017CB,
0000013F,
0000F316,
0000F5A8,
0000056B,
00001565,
0000181A,
000008D3,
0000EEEB,
0000D8BE,
0000D1DE,
0000DB23,
0000EA26,
0000F06F,
0000E579,
0000CC96,
0000B2B8,
0000A592,
0000AA43,
0000B9D4,
0000C617,
0000C367,
0000B0BC,
00009862,
000088F3,
00008B4D,
00009C85,
0000AFE7,
0000B7B3,
0000AE94,
00009B42,
00008BE7,
00008C58,
00009DF1,
0000B69A,
0000C7B2,
0000C810,
0000BA44,
0000AACA,
0000A767,
0000B5A7,
0000CEFE,
0000E53C,
0000EC42,
0000E248,
0000D10D,
0000C718,
0000CDB3,
0000E27D,
0000F90A,
00000360,
0000FB97,
0000E7DA,
0000D632,
0000D2DA,
0000DFDD,
0000F3AF,
0000FFC3,
0000FA92,
0000E62D,
0000CEDE,
0000C2BB,
0000C808,
0000D8ED,
0000E78D,
0000E797,
0000D6C9,
0000BE8D,
0000AD89,
0000AD9E,
0000BD25,
0000D01F,
0000D87C,
0000CFCE,
0000BBBD,
0000AA28,
0000A79F,
0000B6C8,
0000CE8A,
0000E04E,
0000E205,
0000D50E,
0000C53F,
0000C0BD,
0000CE37,
0000E84A,
00000127,
00000C06,
000005E4,
0000F786,
0000EF67,
0000F7B5,
00000F45,
00002A56,
00003A93,
000038E5,
00002A48,
00001C50,
00001BCD,
00002BF6,
00004429,
000055D9,
00005687,
000046FB,
000032B8,
00002813,
00002E60,
000040E7,
0000522E,
00005542,
000046A5,
00002EBE,
00001C20,
0000198E,
000026A4,
00003826,
00003FC7,
0000360A,
00001F72,
00000979,
00000153,
00000AE8,
00001E2F,
00002CBB,
00002BAD,
00001B35,
00000673,
0000FBD6,
0000032F,
00001858,
00002E05,
000036E7,
00002ECF,
00001D85,
00001169,
00001586,
000029F5,
000043BD,
00005453,
0000538E,
00004535,
00003658,
0000344C,
00004371,
00005C26,
00006FFA,
00007390,
00006663,
00005319,
0000482A,
00004DE8,
000060C1,
000073B1,
00007933,
00006C8B,
0000550A,
00004107,
00003C0E,
000046F0,
00005740,
00005E86,
00005437,
00003BA4,
000021BE,
00001438,
00001832,
000026B8,
0000319D,
00002D43,
000018A5,
0000FE17,
0000EC35,
0000EBE7,
0000FA49,
00000AAE,
00000F61,
00000312,
0000EC85,
0000D9E8,
0000D71A,
0000E57F,
0000FB06,
00000912,
00000684,
0000F5F0,
0000E3D5,
0000DDFC,
0000E9F3,
0000012E,
00001582,
00001ACC,
00000F44,
0000FCA7,
0000F176,
0000F6F8,
00000AC8,
00002075,
000029FF,
00002175,
00000CFC,
0000FA97,
0000F679,
000002A4,
00001587,
0000208E,
00001A2A,
00000467,
0000EB8A,
0000DDA4,
0000E0F2,
0000EF9D,
0000FBC4,
0000F915,
0000E54D,
0000C9D8,
0000B55C,
0000B1BE,
0000BD5B,
0000CC38,
0000D04A,
0000C32A,
0000AA87,
00009446,
00008D01,
00009765,
0000AA62,
0000B769,
0000B475,
0000A2EE,
00008EB1,
000085E9,
00008F51,
0000A58B,
0000BACD,
0000C256,
0000B926,
0000A805,
00009D73,
0000A39F,
0000B960,
0000D2F0,
0000E1FC,
0000DF6B,
0000D034,
0000C1E7,
0000C150,
0000D1A0,
0000EA2E,
0000FC65,
0000FDC2,
0000EF04,
0000DBA4,
0000D1F3,
0000D93A,
0000ECBC,
0000FEF8,
000002F1,
0000F527,
0000DDF9,
0000CBF6,
0000C9DE,
0000D749,
0000E8F8,
0000F09F,
0000E6BE,
0000CFDD,
0000B974,
0000B0BC,
0000B99F,
0000CC1A,
0000D9C5,
0000D7C6,
0000C654,
0000B096,
0000A502,
0000AB74,
0000BFC8,
0000D4BD,
0000DD0C,
0000D48C,
0000C30D,
0000B6F4,
0000BB54,
0000D049,
0000EAE0,
0000FC92,
0000FD38,
0000F099,
0000E3C9,
0000E41A,
0000F5EB,
00001198,
000028B0,
00002FCF,
0000266B,
00001725,
0000106D,
00001A8E,
000031EF,
00004984,
000053BF,
00004BDB,
0000391F,
000029DC,
00002993,
0000390F,
00004DDC,
00005977,
00005352,
00003EB9,
00002894,
00001E97,
000025DB,
0000376D,
0000451D,
0000434D,
000030FA,
00001879,
0000086A,
000009BA,
00001986,
00002B2A,
000030F4,
0000259B,
00000FEA,
0000FE18,
0000FC0A,
00000B29,
0000216E,
00003045,
00002E91,
00001EEE,
00000DE2,
0000093A,
00001689,
00002F48,
0000454B,
00004C73,
000042F8,
00003296,
000029D0,
000031E8,
00004877,
00006107,
00006D94,
00006826,
000056DE,
000047B4,
000046D8,
00005642,
00006C59,
00007A81,
00007721,
00006440,
00004E17,
000042B2,
00004848,
000058F8,
000066DE,
000065A1,
000052FC,
00003854,
00002451,
000020D3,
00002C37,
00003A85,
00003DB2,
00002F5A,
0000152F,
0000FD1C,
0000F3BF,
0000FBCB,
00000C36,
0000167C,
0000109C,
0000FC08,
0000E4A5,
0000D8A6,
0000DECD,
0000F1C6,
000003CE,
0000082B,
0000FBE5,
0000E7CA,
0000DA5F,
0000DDD7,
0000F10D,
0000083F,
0000151B,
0000108A,
0000FF83,
0000EF93,
0000ED86,
0000FC88,
000013EE,
0000251F,
00002591,
000015FD,
000001D8,
0000F76B,
0000FDF6,
000010B6,
00002223,
0000253A,
00001670,
0000FE22,
0000EAD6,
0000E746,
0000F305,
000002D1,
00000859,
0000FC1D,
0000E29F,
0000C95A,
0000BD85,
0000C30D,
0000D1F0,
0000DBC9,
0000D5C4,
0000C01B,
0000A5FC,
000095E4,
000097B4,
0000A753,
0000B786,
0000BB0E,
0000ADCD,
0000979A,
000086E3,
000086C4,
00009761,
0000ADCE,
0000BB8B,
0000B879,
0000A864,
00009864,
000095D0,
0000A50A,
0000BE72,
0000D393,
0000D90E,
0000CE55,
0000BE08,
0000B696,
0000C043,
0000D774,
0000EF15,
0000F994,
0000F224,
0000E007,
0000D184,
0000D216,
0000E27F,
0000F844,
000004DA,
0000FFAE,
0000EC02,
0000D6B9,
0000CD81,
0000D56F,
0000E78A,
0000F59F,
0000F40F,
0000E1D4,
0000C942,
0000B8FB,
0000B9EC,
0000C936,
0000DA36,
0000DF3F,
0000D30E,
0000BC72,
0000A9A9,
0000A69F,
0000B4C5,
0000CA1B,
0000D813,
0000D599,
0000C551,
0000B3C8,
0000AED4,
0000BC0B,
0000D4EF,
0000EB59,
0000F32F,
0000EAAC,
0000DB91,
0000D461,
0000DE60,
0000F728,
0000123F,
000021A3,
00001F57,
00001178,
000005FC,
00000909,
00001C94,
000036FC,
0000499C,
00004AD5,
00003CA4,
00002B3B,
0000249C,
00002EF5,
0000445F,
000056EA,
00005A37,
00004BFA,
00003591,
0000259E,
000025FB,
00003503,
000046B6,
00004D0C,
0000419C,
00002A19,
0000146D,
00000D39,
00001733,
00002954,
0000351B,
0000308D,
00001D20,
000006C1,
0000FBAB,
000002A3,
0000165F,
00002923,
00002E3D,
000022BA,
00000F71,
000002EB,
00000765,
00001BBC,
00003435,
00004280,
00003F89,
00003049,
00002251,
0000226B,
000033C3,
00004DAC,
0000618A,
000064CE,
00005830,
0000471D,
00003FD6,
0000499A,
00005F9B,
00007449,
00007A9A,
00006EFA,
000059BD,
00004963,
0000489E,
000056F7,
00006926,
000070D2,
00006675,
00004E8D,
0000368F,
00002BAF,
000031D6,
00004101,
00004ACA,
0000445D,
00002DF6,
000012C4,
00000147,
00000166,
00000F0B,
00001D03,
00001E14,
00000E26,
0000F51A,
0000E165,
0000DE29,
0000EB96,
0000FEC5,
00000940,
000002EF,
0000EFA8,
0000DC87,
0000D6EC,
0000E33D,
0000F9DF,
00000C62,
00000F6A,
0000026D,
0000F00B,
0000E6B2,
0000EEA8,
0000044D,
00001A8F,
000023D6,
00001B51,
0000083D,
0000F8DD,
0000F8A3,
0000084B,
00001D55,
0000292E,
0000233A,
00000EB4,
0000F87B,
0000EE33,
0000F4EA,
000005A2,
00001224,
00000ECB,
0000FA8D,
0000DFBC,
0000CCF6,
0000CB27,
0000D771,
0000E532,
0000E6BE,
0000D6D5,
0000BC4A,
0000A560,
00009E07,
0000A7B8,
0000B878,
0000C1C3,
0000BA8C,
0000A57F,
00008F31,
00008582,
00008E10,
0000A266,
0000B465,
0000B7FB,
0000AB6B,
0000987B,
00008DB6,
00009465,
0000AA25,
0000C282,
0000CF7B,
0000CB14,
0000BB6C,
0000AE77,
0000B05B,
0000C309,
0000DCDD,
0000EF2F,
0000F059,
0000E254,
0000D14A,
0000CB37,
0000D642,
0000EC7B,
0000FFEC,
0000042D,
0000F6EC,
0000E17D,
0000D27D,
0000D3BF,
0000E397,
0000F601,
0000FCEF,
0000F1F5,
0000DAC3,
0000C541,
0000BE0F,
0000C7E3,
0000D9B6,
0000E50A,
0000DFE7,
0000CBC6,
0000B498,
0000A89E,
0000AEA5,
0000C167,
0000D330,
0000D755,
0000CAEA,
0000B6CF,
0000A995,
0000AD7F,
0000C172,
0000D9BB,
0000E80F,
0000E561,
0000D6AE,
0000C98C,
0000CAC8,
0000DD92,
0000F93C,
00000F2D,
000014D6,
00000AEB,
0000FCD9,
0000F8DC,
0000062E,
00001FFD,
000038B4,
00004341,
00003C08,
00002B57,
00001FA4,
00002398,
000036B5,
00004DAA,
00005A15,
00005467,
00004117,
00002D91,
00002703,
00003150,
0000446F,
000051F5,
00004F0A,
00003BE8,
000023BC,
00001504,
000017A8,
00002793,
00003793,
00003A72,
00002C1D,
00001476,
000001FA,
0000FFD4,
00000E33,
0000223D,
00002D82,
000027F0,
00001563,
00000302,
0000FE32,
00000B5E,
000022F4,
0000368B,
00003AC7,
00002F26,
00001E4A,
000016A4,
0000207C,
00003833,
000050B6,
00005C6B,
00005680,
0000462E,
000039B3,
00003C7E,
00004F46,
00006781,
00007698,
000073E5,
0000629E,
00004F96,
0000486C,
00005225,
000065BB,
000074EE,
00007412,
00006215,
00004943,
00003835,
000037D1,
00004536,
000053BD,
000055B9,
000045E8,
00002B1D,
0000139B,
00000B56,
000013C7,
000022F9,
00002A6A,
00002114,
000009AA,
0000F0C9,
0000E453,
0000E9F3,
0000FB39,
00000A0E,
00000A6B,
0000FA9B,
0000E46A,
0000D66C,
0000D9F2,
0000EC9E,
00000203,
00000C25,
0000050E,
0000F2E1,
0000E392,
0000E34A,
0000F3FD,
00000C03,
00001CB6,
00001C6E,
00000D1F,
0000FAF2,
0000F3DB,
0000FDFD,
00001362,
0000260E,
00002994,
00001B96,
00000565,
0000F595,
0000F5F2,
000004C7,
0000160D,
00001BAD,
00000F37,
0000F656,
0000DEEC,
0000D596,
0000DD07,
0000EC39,
0000F4AA,
0000EC65,
0000D4E3,
0000BA18,
0000AA47,
0000AC43,
0000BACA,
0000C82F,
0000C7CB,
0000B6BD,
00009DEB,
00008BEE,
00008B12,
00009A45,
0000ADDB,
0000B794,
0000B06A,
00009D62,
00008C1B,
00008968,
0000987F,
0000B0BA,
0000C382,
0000C64D,
0000B9D2,
0000A980,
0000A395,
0000AF4A,
0000C7CD,
0000DF84,
0000E95C,
0000E1B6,
0000D0DA,
0000C539,
0000C975,
0000DD0C,
0000F4A2,
000001CE,
0000FCFE,
0000EA9D,
0000D810,
0000D27E,
0000DDC3,
0000F1CD,
0000002C,
0000FE06,
0000EB8A,
0000D3E3,
0000C58E,
0000C86D,
0000D86D,
0000E858,
0000EAFC,
0000DC44,
0000C418,
0000B0F6,
0000AE0B,
0000BB91,
0000CEB0,
0000D8FD,
0000D26F,
0000BEE9,
0000AB99,
0000A5EB,
0000B256,
0000C94B,
0000DC68,
0000E05C,
0000D4A9,
0000C3F8,
0000BCBF,
0000C74C,
0000E003,
0000F9D2,
00000724,
00000327,
0000F515,
0000EB2A,
0000F0D3,
000006C4,
0000226E,
00003538,
00003674,
00002952,
00001A9F,
000017F1,
00002645,
00003E8E,
00005281,
0000566B,
00004931,
00003516,
000028AB,
00002CD0,
00003E99,
0000515B,
00005762,
00004B68,
0000343A,
00002019,
00001AF6,
0000264A,
0000381D,
000041F1,
00003ABF,
0000253D,
00000E0B,
00000311,
000009FF,
00001C69,
00002C41,
00002D83,
00001E83,
00000914,
0000FBD3,
00000014,
00001385,
000029BE,
000034C9,
00002EB6,
00001DAC,
00000FA7,
000010D1,
00002323,
00003CF7,
00004FA5,
00005189,
00004494,
000034EC,
00003085,
00003D7E,
000055DB,
00006B9B,
0000724A,
00006785,
00005495,
00004805,
00004B9B,
00005D9A,
000071F0,
00007A7E,
000070CF,
00005A81,
00004574,
00003E3D,
00004788,
00005848,
000061F9,
00005AA0,
000043B6,
0000292B,
00001942,
00001ACE,
0000288F,
000034D9,
0000330A,
00002044,
00000573,
0000F135,
0000EDDC,
0000FA5E,
00000B16,
000011CD,
00000785,
0000F14C,
0000DCC6,
0000D6D2,
0000E2AB,
0000F7B5,
0000075D,
00000723,
0000F7C3,
0000E4AF,
0000DC2A,
0000E571,
0000FBB3,
00001158,
0000194E,
00000FF5,
0000FD93,
0000F096,
0000F39E,
00000621,
00001CC3,
00002914,
00002379,
00001058,
0000FD11,
0000F6C0,
0000013B,
0000146A,
000021D7,
00001E9B,
00000AE6,
0000F1DA,
0000E1EC,
0000E2FD,
0000F0F5,
0000FE9A,
0000FEB9,
0000ED3C,
0000D20A,
0000BBA3,
0000B536,
0000BEFF,
0000CE2A,
0000D451,
0000C971,
0000B173,
0000998B,
00008F2E,
000096DA,
0000A909,
0000B762,
0000B69D,
0000A643,
00009106,
00008566,
00008BB7,
0000A065,
0000B666,
0000C02A,
0000B8E3,
0000A7D0,
00009B32,
00009E76,
0000B254,
0000CC3D,
0000DD95,
0000DDAF,
0000CFB7,
0000C077,
0000BD80,
0000CBCB,
0000E444,
0000F89B,
0000FD15,
0000F08F,
0000DD46,
0000D1C3,
0000D6DD,
0000E9A1,
0000FD5D,
00000455,
0000F93F,
0000E2E0,
0000CF73,
0000CAE5,
0000D6AC,
0000E8CD,
0000F2C7,
0000EB93,
0000D5E7,
0000BE64,
0000B2F4,
0000B94A,
0000CAFD,
0000DA05,
0000DA62,
0000CA6F,
0000B406,
0000A5C9,
0000A916,
0000BBA1,
0000D10B,
0000DB64,
0000D4C5,
0000C35C,
0000B52B,
0000B664,
0000C904,
0000E36C,
0000F6F7,
0000FA04,
0000EE88,
0000E0A9,
0000DE5D,
0000EDC1,
000008D8,
000021A0,
00002B9F,
0000246F,
00001554,
00000CD1,
000014A7,
00002B11,
000043F5,
0000512C,
00004C38,
00003AAF,
00002A67,
000027ED,
000035E5,
00004B3B,
00005961,
00005657,
0000438E,
00002CF2,
000020C1,
000025CA,
000036CA,
00004614,
00004705,
000036BE,
00001E2C,
00000BF1,
00000A61,
00001876,
00002A91,
0000327F,
00002947,
000013FE,
00000052,
0000FB26,
000007BC,
00001D81,
00002DEA,
00002E7C,
00001FF9,
00000DDC,
0000066C,
000010EB,
0000288C,
00003FBD,
0000496A,
000041F8,
000031AB,
000026F2,
00002C6D,
0000418E,
00005AF6,
00006A30,
0000679C,
0000579C,
00004787,
00004475,
00005232,
0000689F,
0000793C,
0000791D,
00006866,
00005233,
000044F2,
0000487A,
000058AD,
0000684C,
00006A1C,
00005A04,
00003FE5,
00002A3C,
00002437,
00002E10,
00003CF3,
0000427B,
000036A6,
00001D61,
000003E3,
0000F7A7,
0000FD2F,
00000CFB,
000018BA,
0000152A,
000001DE,
0000E990,
0000DAC6,
0000DDDD,
0000EF4A,
0000020A,
00000895,
0000FE28,
0000EA03,
0000DA6F,
0000DAE1,
0000EC12,
00000378,
0000127A,
0000106D,
0000007D,
0000EF76,
0000EAE5,
0000F7C1,
00000EF3,
00002229,
000025A1,
00001836,
0000041B,
0000F7D5,
0000FC32,
00000E3A,
00002133,
0000275A,
00001B5B,
000003F8,
0000EF64,
0000E984,
0000F3CA,
00000435,
00000C41,
000002E4,
0000EAD1,
0000D0A6,
0000C24E,
0000C57B,
0000D3C9,
0000DF2D,
0000DBAF,
0000C7AC,
0000AD04,
00009A5F,
00009922,
0000A708,
0000B7B8,
0000BD4E,
0000B1E9,
00009BC0,
000088DF,
0000857F,
000093A7,
0000A9BE,
0000B928,
0000B84C,
0000A922,
000097DA,
0000926C,
00009EF9,
0000B789,
0000CE18,
0000D630,
0000CD6A,
0000BD08,
0000B38D,
0000BAB5,
0000D0B8,
0000E977,
0000F6C6,
0000F21E,
0000E112,
0000D16F,
0000CFBB,
0000DE92,
0000F4D7,
000003F6,
000001E8,
0000F016,
0000DA65,
0000CF0C,
0000D4D6,
0000E67A,
0000F646,
0000F796,
0000E787,
0000CF06,
0000BCB3,
0000BAE3,
0000C893,
0000DA25,
0000E169,
0000D76C,
0000C147,
0000ACAE,
0000A689,
0000B224,
0000C6F1,
0000D66D,
0000D624,
0000C6E1,
0000B425,
0000AC41,
0000B67C,
0000CE11,
0000E572,
0000EF93,
0000E8DB,
0000D995,
0000D031,
0000D750,
0000EE68,
00000A15,
00001BE6,
00001C37,
00000F67,
000002C8,
0000036E,
00001520,
00002FB7,
000044AC,
0000490C,
00003CF3,
00002B74,
000022F4,
00002B43,
00004038,
0000548C,
00005AFE,
00004F6A,
000039AC,
0000283A,
0000263B,
000033E6,
00004661,
00004F44,
0000468C,
00003023,
00001942,
00000F61,
00001708,
000028B7,
00003622,
0000340A,
00002207,
00000AD9,
0000FD0F,
00000108,
00001344,
000026C6,
00002E0D,
0000245C,
000010FC,
0000023E,
0000039B,
000015D2,
00002E60,
00003EB0,
00003E19,
00002FCC,
00002095,
00001E04,
00002D10,
000046A0,
00005C61,
0000628D,
000057FB,
000046DA,
00003DAA,
00004533,
00005A75,
000070AF,
00007A17,
0000714F,
00005D12,
00004B8B,
00004897,
0000559E,
0000689B,
000072FF,
00006BBA,
00005579,
00003CD6,
00002FB6,
000033C8,
000042A5,
00004E42,
00004AA4,
00003628,
00001AB3,
000006EB,
0000043C,
00001063,
00001F0E,
0000225C,
00001476,
0000FB99,
0000E5D6,
0000DF72,
0000EA79,
0000FD5C,
00000987,
00000569,
0000F304,
0000DE8B,
0000D601,
0000DF8B,
0000F538,
00000908,
00000E8A,
00000359,
0000F0BC,
0000E534,
0000EA7E,
0000FED2,
0000160D,
00002204,
00001C2B,
00000A10,
0000F97C,
0000F6EE,
000004FA,
00001A81,
000028E6,
00002618,
0000137B,
0000FCEE,
0000F09F,
0000F552,
000005B7,
00001419,
000013CB,
000001E9,
0000E75B,
0000D2BD,
0000CE63,
0000D948,
0000E7CE,
0000EBC8,
0000DE42,
0000C45C,
0000ABC9,
0000A17A,
0000A8C0,
0000B910,
0000C3F2,
0000BEF9,
0000AAF6,
00009375,
000086CD,
00008C4F,
00009F3F,
0000B218,
0000B7D6,
0000ACE7,
0000999D,
00008C70,
00009006,
0000A3DA,
0000BC8F,
0000CBB4,
0000C9A8,
0000BACB,
0000AC72,
0000ABAD,
0000BC43,
0000D60B,
0000EA7A,
0000EE97,
0000E27B,
0000D131,
0000C919,
0000D1FB,
0000E7A8,
0000FCD1,
0000042A,
0000F98D,
0000E4CB,
0000D453,
0000D345,
0000E1D1,
0000F518,
0000FEAD,
0000F687,
0000E08E,
0000C9F6,
0000C039,
0000C7DA,
0000D95C,
0000E672,
0000E3E0,
0000D142,
0000B95B,
0000AABE,
0000ADD2,
0000BF19,
0000D1A0,
0000D7ED,
0000CD48,
0000B905,
0000A979,
0000AA27,
0000BBD7,
0000D40A,
0000E433,
0000E3B0,
0000D5B8,
0000C71B,
0000C56D,
0000D5AA,
0000F0BB,
0000084B,
00001099,
0000087A,
0000FA1C,
0000F3FA,
0000FED9,
000017B6,
000031C9,
00003F43,
00003AC1,
00002AF2,
00001DFB,
00001FB2,
00003176,
00004938,
00005861,
000055D8,
00004443,
00003032,
00002784,
00002FE1,
000042DB,
00005262,
00005277,
00004173,
00002937,
00001869,
00001873,
00002713,
000037F8,
00003D45,
00003122,
000019D3,
0000056E,
0000003D,
00000C51,
00002023,
00002D26,
000029CE,
00001826,
00000469,
0000FCA0,
000006F6,
00001D83,
0000324D,
000038E8,
00002EF3,
00001DB8,
000013BE,
00001AC4,
00003102,
00004A59,
00005899,
00005536,
000045BC,
000037F0,
0000384E,
00004966,
0000620F,
000073A8,
00007419,
000064BE,
0000516C,
0000484D,
00005019,
0000637B,
000074B3,
0000770D,
0000679E,
00004F44,
00003C99,
000039E9,
0000462C,
000055BD,
00005A6E,
00004D48,
0000336A,
00001A87,
00000F91,
000015DA,
000024DD,
00002E22,
00002742,
00001115,
0000F72D,
0000E7E6,
0000EA9B,
0000FA95,
00000A58,
00000CEA,
0000FEC1,
0000E835,
0000D7C8,
0000D828,
0000E8D6,
0000FE7B,
00000AAD,
000005D2,
0000F44D,
0000E376,
0000E05F,
0000EED3,
000006A6,
00001951,
00001BD8,
00000E51,
0000FBC5,
0000F28F,
0000FA73,
00000F3A,
00002393,
00002A2B,
00001ED1,
00000952,
0000F817,
0000F636,
000003D7,
00001616,
00001E80,
00001504,
0000FD87,
0000E535,
0000D984,
0000DEF6,
0000EE0B,
0000F873,
0000F2F4,
0000DD28,
0000C1D4,
0000AF8E,
0000AEC2,
0000BBF5,
0000CA3A,
0000CC1A,
0000BCE8,
0000A3FE,
00008FB8,
00008BA2,
0000988C,
0000AC00,
0000B77B,
0000B262,
00009FF5,
00008D0B,
00008741,
00009399,
0000AB03,
0000BF31,
0000C464,
0000B974,
0000A895,
0000A041,
0000A941,
0000C090,
0000D964,
0000E5ED,
0000E0C3,
0000D093,
0000C37D,
0000C551,
0000D766,
0000EFA8,
0000FF7A,
0000FDB9,
0000ED04,
0000D9E4,
0000D231,
0000DB8A,
0000EF79,
0000FFE9,
000000D3,
0000F08F,
0000D8F3,
0000C8A5,
0000C90B,
0000D7E0,
0000E8D2,
0000EE02,
0000E19D,
0000C9E5,
0000B4F4,
0000AF16,
0000BA63,
0000CD57,
0000D96C,
0000D51B,
0000C277,
0000ADC2,
0000A50D,
0000AE8B,
0000C45B,
0000D88A,
0000DEB4,
0000D480,
0000C33E,
0000B97B,
0000C0FB,
0000D7FB,
0000F25F,
000001F9,
00000043,
0000F2C7,
0000E74A,
0000EA45,
0000FE49,
00001A28,
00002F3D,
0000336C,
0000280A,
000018E7,
00001424,
00002073,
00003875,
00004E62,
0000557E,
00004AD5,
0000373D,
00002946,
00002B35,
00003BF9,
00004FE8,
000058CB,
00004FA8,
00003995,
00002446,
00001CA6,
00002606,
000037DF,
000043BA,
00003F31,
00002B1D,
00001312,
00000572,
00000999,
00001ADA,
00002BBB,
00002F48,
000021FF,
00000C41,
0000FC96,
0000FDB1,
00000F1B,
00002587,
00003291,
00002EA3,
00001E27,
00000E7A,
00000CB4,
00001CA2,
0000361E,
00004A9E,
00004F29,
000043D5,
000033AB,
00002D03,
0000379E,
00004F44,
0000669A,
0000704A,
0000681D,
000055D9,
000047DE,
0000493D,
00005A15,
00006F79,
00007AED,
0000745A,
00005F99,
000049D3,
00004075,
000047F8,
000058D9,
000064C2,
00006074,
00004B85,
000030B9,
00001EA3,
00001DAF,
00002A63,
000037D1,
00003888,
000027DD,
00000D2D,
0000F6DC,
0000F07A,
0000FADD,
00000B97,
0000142C,
00000C0C,
0000F67D,
0000E05E,
0000D755,
0000E06C,
0000F49A,
00000598,
000007B0,
0000F9C2,
0000E602,
0000DAF4,
0000E161,
0000F64A,
00000CE6,
00001765,
00001062,
0000FE88,
0000EFF4,
0000F073,
00000159,
0000188F,
00002771,
000024D8,
0000135B,
0000FF7E,
0000F710,
0000FFA8,
000012CB,
0000225C,
0000224E,
000010EE,
0000F812,
0000E655,
0000E519,
0000F216,
000000F3,
000003D3,
0000F4DE,
0000DA55,
0000C253,
0000B925,
0000C0E5,
0000D011,
0000D828,
0000CFAA,
0000B8AB,
00009F78,
00009226,
000096F2,
0000A801,
0000B76B,
0000B8D2,
0000A9E7,
00009402,
000085BA,
000088DA,
00009BA7,
0000B20C,
0000BDE4,
0000B8AB,
0000A7F1,
00009981,
000099D7,
0000AB85,
0000C560,
0000D8C2,
0000DB8E,
0000CF18,
0000BF2D,
0000B9E9,
0000C5FB,
0000DDFF,
0000F427,
0000FBAF,
0000F19D,
0000DEBF,
0000D19F,
0000D479,
0000E633,
0000FB1E,
000004FA,
0000FCC7,
0000E794,
0000D30E,
0000CC1D,
0000D60D,
0000E852,
0000F474,
0000F009,
0000DBEC,
0000C3B0,
0000B5B8,
0000B963,
0000CA05,
0000DA2B,
0000DCE4,
0000CEB3,
0000B800,
0000A759,
0000A779,
0000B7F2,
0000CD7C,
0000D9BB,
0000D521,
0000C421,
0000B41D,
0000B237,
0000C23E,
0000DC14,
0000F135,
0000F6AB,
0000EC8F,
0000DDEC,
0000D91D,
0000E5E1,
00000000,
00001A1F,
000026E3,
00002214,
00001371,
00000955,
00000ECB,
000023EC,
00003DC2,
00004DC9,
00004BE3,
00003BDF,
00002ADF,
00002645,
00003284,
0000480E,
00005887,
000058A7,
00004800,
0000314D,
0000231C,
000025D5,
000035FB,
0000469D,
00004A48,
00003C50,
00002414,
00000FF7,
00000B8C,
000017AE,
000029F3,
000033E3,
00002CF2,
0000186C,
00000339,
0000FB06,
000004E2,
000019CD,
00002B87,
00002E61,
00002141,
00000E63,
00000451,
00000BD9,
00002201,
00003A05,
00004617,
000040D3,
000030E8,
00002472,
0000273E,
00003AA0,
0000547B,
00006629,
0000667F,
0000580F,
00004755,
0000421C,
00004DF4,
00006459,
00007726,
00007A46,
00006BFE,
00005619,
0000472E,
00004895,
000057FF,
0000690E,
00006DDA,
00006088,
00004755,
00003056,
000027D8,
00002FEF,
00003F1B,
000046DB,
00003DAD,
000025AB,
00000B22,
0000FC2D,
0000FF0D,
00000DEA,
00001AE7,
000019AB,
000007EE,
0000EF12,
0000DDB2,
0000DDA4,
0000ED35,
00000058,
000008F0,
00000082,
0000ECA5,
0000DB28,
0000D88F,
0000E771,
0000FEA7,
00000F8D,
0000100C,
00000178,
0000EF9E,
0000E89B,
0000F31A,
000009B6,
00001E9F,
0000250C,
000019FE,
0000063E,
0000F850,
0000FA68,
00000B66,
00001F94,
000028AB,
00001FA2,
00000983,
0000F3F4,
0000EBD4,
0000F469,
00000523,
00000F86,
00000924,
0000F2D3,
0000D823,
0000C778,
0000C82F,
0000D59D,
0000E251,
0000E15D,
0000CF47,
0000B47B,
00009F8C,
00009B3E,
0000A727,
0000B808,
0000BF8B,
0000B62D,
0000A067,
00008BA6,
00008513,
00009087,
0000A5EB,
0000B6C3,
0000B822,
0000AA27,
000097E3,
00008FB6,
00009966,
0000B0BC,
0000C862,
0000D2FD,
0000CC55,
0000BC2B,
0000B0D7,
0000B562,
0000C9E2,
0000E35E,
0000F34C,
0000F186,
0000E1D9,
0000D15D,
0000CD6F,
0000DA79,
0000F0E5,
0000024F,
0000036A,
0000F3BF,
0000DE01,
0000D0B8,
0000D445,
0000E526,
0000F667,
0000FA8E,
0000ECEE,
0000D4E3,
0000C0CF,
0000BC46,
0000C821,
0000D9FA,
0000E35A,
0000DBBA,
0000C66B,
0000B058,
0000A735,
0000B018,
0000C407,
0000D4CB,
0000D6BA,
0000C8C3,
0000B52B,
0000AA82,
0000B19E,
0000C78B,
0000DF8D,
0000EBDC,
0000E719,
0000D7F6,
0000CC94,
0000D0C3,
0000E5D8,
000001B7,
000015BB,
000018B6,
00000D39,
0000FFBD,
0000FE07,
00000DA1,
00002805,
00003F05,
00004685,
00003CC2,
00002B80,
0000214C,
00002776,
00003BA5,
00005175,
00005AF3,
0000523E,
00003D89,
00002AE5,
00002694,
000032A9,
0000459D,
000050EA,
00004B0C,
0000361B,
00001E63,
000011FE,
0000172E,
00002820,
000036F5,
0000375B,
0000270D,
00000F71,
0000FF2D,
00000017,
00001087,
00002476,
00002DCF,
0000261C,
000012FC,
00000247,
00000086,
00001058,
0000289A,
00003AAF,
00003C83,
00002F6D,
00001F3D,
00001A13,
0000269C,
00003F70,
000056BF,
00005FBF,
0000576B,
0000468C,
00003B9C,
000040CF,
000054FD,
00006C67,
000078BF,
000072F5,
0000600B,
00004D9E,
00004885,
00005400,
00006774,
0000745E,
00007048,
00005C02,
00004318,
000033E6,
000035C6,
0000440B,
0000513E,
00005072,
00003E2C,
000022D8,
00000D0C,
0000078D,
000011F5,
0000210A,
0000267C,
00001ACB,
00000279,
0000EAFC,
0000E180,
0000E9EA,
0000FC29,
000009CA,
000007E9,
0000F6AE,
0000E12F,
0000D5D5,
0000DC6D,
0000F0C6,
0000058D,
00000D71,
0000043B,
0000F1AF,
0000E428,
0000E6AF,
0000F95A,
0000112D,
00001FA1,
00001C8A,
00000BB3,
0000FA2E,
0000F553,
00000185,
0000172A,
000027D8,
00002838,
000017CB,
0000013F,
0000F316,
0000F5A8,
0000056B,
00001565,
0000181A,
000008D3,
0000EEEB,
0000D8BE,
0000D1DE,
0000DB23,
0000EA26,
0000F06F,
0000E579,
0000CC96,
0000B2B8,
0000A592,
0000AA43,
0000B9D4,
0000C617,
0000C367,
0000B0BC,
00009862,
000088F3,
00008B4D,
00009C85,
0000AFE7,
0000B7B3,
0000AE94,
00009B42,
00008BE7,
00008C58,
00009DF1,
0000B69A,
0000C7B2,
0000C810,
0000BA44,
0000AACA,
0000A767,
0000B5A7,
0000CEFE,
0000E53C,
0000EC42,
0000E248,
0000D10D,
0000C718,
0000CDB3,
0000E27D,
0000F90A,
00000360,
0000FB97,
0000E7DA,
0000D632,
0000D2DA,
0000DFDD,
0000F3AF,
0000FFC3,
0000FA92,
0000E62D,
0000CEDE,
0000C2BB,
0000C808,
0000D8ED,
0000E78D,
0000E797,
0000D6C9,
0000BE8D,
0000AD89,
0000AD9E,
0000BD25,
0000D01F,
0000D87C,
0000CFCE,
0000BBBD,
0000AA28,
0000A79F,
0000B6C8,
0000CE8A,
0000E04E,
0000E205,
0000D50E,
0000C53F,
0000C0BD,
0000CE37,
0000E84A,
00000127,
00000C06,
000005E4,
0000F786,
0000EF67,
0000F7B5,
00000F45,
00002A56,
00003A93,
000038E5,
00002A48,
00001C50,
00001BCD,
00002BF6,
00004429,
000055D9,
00005687,
000046FB,
000032B8,
00002813,
00002E60,
000040E7,
0000522E,
00005542,
000046A5,
00002EBE,
00001C20,
0000198E,
000026A4,
00003826,
00003FC7,
0000360A,
00001F72,
00000979,
00000153,
00000AE8,
00001E2F,
00002CBB,
00002BAD,
00001B35,
00000673,
0000FBD6,
0000032F,
00001858,
00002E05,
000036E7,
00002ECF,
00001D85,
00001169,
00001586,
000029F5,
000043BD,
00005453,
0000538E,
00004535,
00003658,
0000344C,
00004371,
00005C26,
00006FFA,
00007390,
00006663,
00005319,
0000482A,
00004DE8,
000060C1,
000073B1,
00007933,
00006C8B,
0000550A,
00004107,
00003C0E,
000046F0,
00005740,
00005E86,
00005437,
00003BA4,
000021BE,
00001438,
00001832,
000026B8,
0000319D,
00002D43,
000018A5,
0000FE17,
0000EC35,
0000EBE7,
0000FA49,
00000AAE,
00000F61,
00000312,
0000EC85,
0000D9E8,
0000D71A,
0000E57F,
0000FB06,
00000912,
00000684,
0000F5F0,
0000E3D5,
0000DDFC,
0000E9F3,
0000012E,
00001582,
00001ACC,
00000F44,
0000FCA7,
0000F176,
0000F6F8,
00000AC8,
00002075,
000029FF,
00002175,
00000CFC,
0000FA97,
0000F679,
000002A4,
00001587,
0000208E,
00001A2A,
00000467,
0000EB8A,
0000DDA4,
0000E0F2,
0000EF9D,
0000FBC4,
0000F915,
0000E54D,
0000C9D8,
0000B55C,
0000B1BE,
0000BD5B,
0000CC38,
0000D04A,
0000C32A,
0000AA87,
00009446,
00008D01,
00009765,
0000AA62,
0000B769,
0000B475,
0000A2EE,
00008EB1,
000085E9,
00008F51,
0000A58B,
0000BACD,
0000C256,
0000B926,
0000A805,
00009D73,
0000A39F,
0000B960,
0000D2F0,
0000E1FC,
0000DF6B,
0000D034,
0000C1E7,
0000C150,
0000D1A0,
0000EA2E,
0000FC65,
0000FDC2,
0000EF04,
0000DBA4,
0000D1F3,
0000D93A,
0000ECBC,
0000FEF8,
000002F1,
0000F527,
0000DDF9,
0000CBF6,
0000C9DE,
0000D749,
0000E8F8,
0000F09F,
0000E6BE,
0000CFDD,
0000B974,
0000B0BC,
0000B99F,
0000CC1A,
0000D9C5,
0000D7C6,
0000C654,
0000B096,
0000A502,
0000AB74,
0000BFC8,
0000D4BD,
0000DD0C,
0000D48C,
0000C30D,
0000B6F4,
0000BB54,
0000D049,
0000EAE0,
0000FC92,
0000FD38,
0000F099,
0000E3C9,
0000E41A,
0000F5EB,
00001198,
000028B0,
00002FCF,
0000266B,
00001725,
0000106D,
00001A8E,
000031EF,
00004984,
000053BF,
00004BDB,
0000391F,
000029DC,
00002993,
0000390F,
00004DDC,
00005977,
00005352,
00003EB9,
00002894,
00001E97,
000025DB,
0000376D,
0000451D,
0000434D,
000030FA,
00001879,
0000086A,
000009BA,
00001986,
00002B2A,
000030F4,
0000259B,
00000FEA,
0000FE18,
0000FC0A,
00000B29,
0000216E,
00003045,
00002E91,
00001EEE,
00000DE2,
0000093A,
00001689,
00002F48,
0000454B,
00004C73,
000042F8,
00003296,
000029D0,
000031E8,
00004877,
00006107,
00006D94,
00006826,
000056DE,
000047B4,
000046D8,
00005642,
00006C59,
00007A81,
00007721,
00006440,
00004E17,
000042B2,
00004848,
000058F8,
000066DE,
000065A1,
000052FC,
00003854,
00002451,
000020D3,
00002C37,
00003A85,
00003DB2,
00002F5A,
0000152F,
0000FD1C,
0000F3BF,
0000FBCB,
00000C36,
0000167C,
0000109C,
0000FC08,
0000E4A5,
0000D8A6,
0000DECD,
0000F1C6,
000003CE,
0000082B,
0000FBE5,
0000E7CA,
0000DA5F,
0000DDD7,
0000F10D,
0000083F,
0000151B,
0000108A,
0000FF83,
0000EF93,
0000ED86,
0000FC88,
000013EE,
0000251F,
00002591,
000015FD,
000001D8,
0000F76B,
0000FDF6,
000010B6,
00002223,
0000253A,
00001670,
0000FE22,
0000EAD6,
0000E746,
0000F305,
000002D1,
00000859,
0000FC1D,
0000E29F,
0000C95A,
0000BD85,
0000C30D,
0000D1F0,
0000DBC9,
0000D5C4,
0000C01B,
0000A5FC,
000095E4,
000097B4,
0000A753,
0000B786,
0000BB0E,
0000ADCD,
0000979A,
000086E3,
000086C4,
00009761,
0000ADCE,
0000BB8B,
0000B879,
0000A864,
00009864,
000095D0,
0000A50A,
0000BE72,
0000D393,
0000D90E,
0000CE55,
0000BE08,
0000B696,
0000C043,
0000D774,
0000EF15,
0000F994,
0000F224,
0000E007,
0000D184,
0000D216,
0000E27F,
0000F844,
000004DA,
0000FFAE,
0000EC02,
0000D6B9,
0000CD81,
0000D56F,
0000E78A,
0000F59F,
0000F40F,
0000E1D4,
0000C942,
0000B8FB,
0000B9EC,
0000C936,
0000DA36,
0000DF3F,
0000D30E,
0000BC72,
0000A9A9,
0000A69F,
0000B4C5,
0000CA1B,
0000D813,
0000D599,
0000C551,
0000B3C8,
0000AED4,
0000BC0B,
0000D4EF,
0000EB59,
0000F32F,
0000EAAC,
0000DB91,
0000D461,
0000DE60,
0000F728,
0000123F,
000021A3,
00001F57,
00001178,
000005FC,
00000909,
00001C94,
000036FC,
0000499C,
00004AD5,
00003CA4,
00002B3B,
0000249C,
00002EF5,
0000445F,
000056EA,
00005A37,
00004BFA,
00003591,
0000259E,
000025FB,
00003503,
000046B6,
00004D0C,
0000419C,
00002A19,
0000146D,
00000D39,
00001733,
00002954,
0000351B,
0000308D,
00001D20,
000006C1,
0000FBAB,
000002A3,
0000165F,
00002923,
00002E3D,
000022BA,
00000F71,
000002EB,
00000765,
00001BBC,
00003435,
00004280,
00003F89,
00003049,
00002251,
0000226B,
000033C3,
00004DAC,
0000618A,
000064CE,
00005830,
0000471D,
00003FD6,
0000499A,
00005F9B,
00007449,
00007A9A,
00006EFA,
000059BD,
00004963,
0000489E,
000056F7,
00006926,
000070D2,
00006675,
00004E8D,
0000368F,
00002BAF,
000031D6,
00004101,
00004ACA,
0000445D,
00002DF6,
000012C4,
00000147,
00000166,
00000F0B,
00001D03,
00001E14,
00000E26,
0000F51A,
0000E165,
0000DE29,
0000EB96,
0000FEC5,
00000940,
000002EF,
0000EFA8,
0000DC87,
0000D6EC,
0000E33D,
0000F9DF,
00000C62,
00000F6A,
0000026D,
0000F00B,
0000E6B2,
0000EEA8,
0000044D,
00001A8F,
000023D6,
00001B51,
0000083D,
0000F8DD,
0000F8A3,
0000084B,
00001D55,
0000292E,
0000233A,
00000EB4,
0000F87B,
0000EE33,
0000F4EA,
000005A2,
00001224,
00000ECB,
0000FA8D,
0000DFBC,
0000CCF6,
0000CB27,
0000D771,
0000E532,
0000E6BE,
0000D6D5,
0000BC4A,
0000A560,
00009E07,
0000A7B8,
0000B878,
0000C1C3,
0000BA8C,
0000A57F,
00008F31,
00008582,
00008E10,
0000A266,
0000B465,
0000B7FB,
0000AB6B,
0000987B,
00008DB6,
00009465,
0000AA25,
0000C282,
0000CF7B,
0000CB14,
0000BB6C,
0000AE77,
0000B05B,
0000C309,
0000DCDD,
0000EF2F,
0000F059,
0000E254,
0000D14A,
0000CB37,
0000D642,
0000EC7B,
0000FFEC,
0000042D,
0000F6EC,
0000E17D,
0000D27D,
0000D3BF,
0000E397,
0000F601,
0000FCEF,
0000F1F5,
0000DAC3,
0000C541,
0000BE0F,
0000C7E3,
0000D9B6,
0000E50A,
0000DFE7,
0000CBC6,
0000B498,
0000A89E,
0000AEA5,
0000C167,
0000D330,
0000D755,
0000CAEA,
0000B6CF,
0000A995,
0000AD7F,
0000C172,
0000D9BB,
0000E80F,
0000E561,
0000D6AE,
0000C98C,
0000CAC8,
0000DD92,
0000F93C,
00000F2D,
000014D6,
00000AEB,
0000FCD9,
0000F8DC,
0000062E,
00001FFD,
000038B4,
00004341,
00003C08,
00002B57,
00001FA4,
00002398,
000036B5,
00004DAA,
00005A15,
00005467,
00004117,
00002D91,
00002703,
00003150,
0000446F,
000051F5,
00004F0A,
00003BE8,
000023BC,
00001504,
000017A8,
00002793,
00003793,
00003A72,
00002C1D,
00001476,
000001FA,
0000FFD4,
00000E33,
0000223D,
00002D82,
000027F0,
00001563,
00000302,
0000FE32,
00000B5E,
000022F4,
0000368B,
00003AC7,
00002F26,
00001E4A,
000016A4,
0000207C,
00003833,
000050B6,
00005C6B,
00005680,
0000462E,
000039B3,
00003C7E,
00004F46,
00006781,
00007698,
000073E5,
0000629E,
00004F96,
0000486C,
00005225,
000065BB,
000074EE,
00007412,
00006215,
00004943,
00003835,
000037D1,
00004536,
000053BD,
000055B9,
000045E8,
00002B1D,
0000139B,
00000B56,
000013C7,
000022F9,
00002A6A,
00002114,
000009AA,
0000F0C9,
0000E453,
0000E9F3,
0000FB39,
00000A0E,
00000A6B,
0000FA9B,
0000E46A,
0000D66C,
0000D9F2,
0000EC9E,
00000203,
00000C25,
0000050E,
0000F2E1,
0000E392,
0000E34A,
0000F3FD,
00000C03,
00001CB6,
00001C6E,
00000D1F,
0000FAF2,
0000F3DB,
0000FDFD,
00001362,
0000260E,
00002994,
00001B96,
00000565,
0000F595,
0000F5F2,
000004C7,
0000160D,
00001BAD,
00000F37,
0000F656,
0000DEEC,
0000D596,
0000DD07,
0000EC39,
0000F4AA,
0000EC65,
0000D4E3,
0000BA18,
0000AA47,
0000AC43,
0000BACA,
0000C82F,
0000C7CB,
0000B6BD,
00009DEB,
00008BEE,
00008B12,
00009A45,
0000ADDB,
0000B794,
0000B06A,
00009D62,
00008C1B,
00008968,
0000987F,
0000B0BA,
0000C382,
0000C64D,
0000B9D2,
0000A980,
0000A395,
0000AF4A,
0000C7CD,
0000DF84,
0000E95C,
0000E1B6,
0000D0DA,
0000C539,
0000C975,
0000DD0C,
0000F4A2,
000001CE,
0000FCFE,
0000EA9D,
0000D810,
0000D27E,
0000DDC3,
0000F1CD,
0000002C,
0000FE06,
0000EB8A,
0000D3E3,
0000C58E,
0000C86D,
0000D86D,
0000E858,
0000EAFC,
0000DC44,
0000C418,
0000B0F6,
0000AE0B,
0000BB91,
0000CEB0,
0000D8FD,
0000D26F,
0000BEE9,
0000AB99,
0000A5EB,
0000B256,
0000C94B,
0000DC68,
0000E05C,
0000D4A9,
0000C3F8,
0000BCBF,
0000C74C,
0000E003,
0000F9D2,
00000724,
00000327,
0000F515,
0000EB2A,
0000F0D3,
000006C4,
0000226E,
00003538,
00003674,
00002952,
00001A9F,
000017F1,
00002645,
00003E8E,
00005281,
0000566B,
00004931,
00003516,
000028AB,
00002CD0,
00003E99,
0000515B,
00005762,
00004B68,
0000343A,
00002019,
00001AF6,
0000264A,
0000381D,
000041F1,
00003ABF,
0000253D,
00000E0B,
00000311,
000009FF,
00001C69,
00002C41,
00002D83,
00001E83,
00000914,
0000FBD3,
00000014,
00001385,
000029BE,
000034C9,
00002EB6,
00001DAC,
00000FA7,
000010D1,
00002323,
00003CF7,
00004FA5,
00005189,
00004494,
000034EC,
00003085,
00003D7E,
000055DB,
00006B9B,
0000724A,
00006785,
00005495,
00004805,
00004B9B,
00005D9A,
000071F0,
00007A7E,
000070CF,
00005A81,
00004574,
00003E3D,
00004788,
00005848,
000061F9,
00005AA0,
000043B6,
0000292B,
00001942,
00001ACE,
0000288F,
000034D9,
0000330A,
00002044,
00000573,
0000F135,
0000EDDC,
0000FA5E,
00000B16,
000011CD,
00000785,
0000F14C,
0000DCC6,
0000D6D2,
0000E2AB,
0000F7B5,
0000075D,
00000723,
0000F7C3,
0000E4AF,
0000DC2A,
0000E571,
0000FBB3,
00001158,
0000194E,
00000FF5,
0000FD93,
0000F096,
0000F39E,
00000621,
00001CC3,
00002914,
00002379,
00001058,
0000FD11,
0000F6C0,
0000013B,
0000146A,
000021D7,
00001E9B,
00000AE6,
0000F1DA,
0000E1EC,
0000E2FD,
0000F0F5,
0000FE9A,
0000FEB9,
0000ED3C,
0000D20A,
0000BBA3,
0000B536,
0000BEFF,
0000CE2A,
0000D451,
0000C971,
0000B173,
0000998B,
00008F2E,
000096DA,
0000A909,
0000B762,
0000B69D,
0000A643,
00009106,
00008566,
00008BB7,
0000A065,
0000B666,
0000C02A,
0000B8E3,
0000A7D0,
00009B32,
00009E76,
0000B254,
0000CC3D,
0000DD95,
0000DDAF,
0000CFB7,
0000C077,
0000BD80,
0000CBCB,
0000E444,
0000F89B,
0000FD15,
0000F08F,
0000DD46,
0000D1C3,
0000D6DD,
0000E9A1,
0000FD5D,
00000455,
0000F93F,
0000E2E0,
0000CF73,
0000CAE5,
0000D6AC,
0000E8CD,
0000F2C7,
0000EB93,
0000D5E7,
0000BE64,
0000B2F4,
0000B94A,
0000CAFD,
0000DA05,
0000DA62,
0000CA6F,
0000B406,
0000A5C9,
0000A916,
0000BBA1,
0000D10B,
0000DB64,
0000D4C5,
0000C35C,
0000B52B,
0000B664,
0000C904,
0000E36C,
0000F6F7,
0000FA04,
0000EE88,
0000E0A9,
0000DE5D,
0000EDC1,
000008D8,
000021A0,
00002B9F,
0000246F,
00001554,
00000CD1,
000014A7,
00002B11,
000043F5,
0000512C,
00004C38,
00003AAF,
00002A67,
000027ED,
000035E5,
00004B3B,
00005961,
00005657,
0000438E,
00002CF2,
000020C1,
000025CA,
000036CA,
00004614,
00004705,
000036BE,
00001E2C,
00000BF1,
00000A61,
00001876,
00002A91,
0000327F,
00002947,
000013FE,
00000052,
0000FB26,
000007BC,
00001D81,
00002DEA,
00002E7C,
00001FF9,
00000DDC,
0000066C,
000010EB,
0000288C,
00003FBD,
0000496A,
000041F8,
000031AB,
000026F2,
00002C6D,
0000418E,
00005AF6,
00006A30,
0000679C,
0000579C,
00004787,
00004475,
00005232,
0000689F,
0000793C,
0000791D,
00006866,
00005233,
000044F2,
0000487A,
000058AD,
0000684C,
00006A1C,
00005A04,
00003FE5,
00002A3C,
00002437,
00002E10,
00003CF3,
0000427B,
000036A6,
00001D61,
000003E3,
0000F7A7,
0000FD2F,
00000CFB,
000018BA,
0000152A,
000001DE,
0000E990,
0000DAC6,
0000DDDD,
0000EF4A,
0000020A,
00000895,
0000FE28,
0000EA03,
0000DA6F,
0000DAE1,
0000EC12,
00000378,
0000127A,
0000106D,
0000007D,
0000EF76,
0000EAE5,
0000F7C1,
00000EF3,
00002229,
000025A1,
00001836,
0000041B,
0000F7D5,
0000FC32,
00000E3A,
00002133,
0000275A,
00001B5B,
000003F8,
0000EF64,
0000E984,
0000F3CA,
00000435,
00000C41,
000002E4,
0000EAD1,
0000D0A6,
0000C24E,
0000C57B,
0000D3C9,
0000DF2D,
0000DBAF,
0000C7AC,
0000AD04,
00009A5F,
00009922,
0000A708,
0000B7B8,
0000BD4E,
0000B1E9,
00009BC0,
000088DF,
0000857F,
000093A7,
0000A9BE,
0000B928,
0000B84C,
0000A922,
000097DA,
0000926C,
00009EF9,
0000B789,
0000CE18,
0000D630,
0000CD6A,
0000BD08,
0000B38D,
0000BAB5,
0000D0B8,
0000E977,
0000F6C6,
0000F21E,
0000E112,
0000D16F,
0000CFBB,
0000DE92,
0000F4D7,
000003F6,
000001E8,
0000F016,
0000DA65,
0000CF0C,
0000D4D6,
0000E67A,
0000F646,
0000F796,
0000E787,
0000CF06,
0000BCB3,
0000BAE3,
0000C893,
0000DA25,
0000E169,
0000D76C,
0000C147,
0000ACAE,
0000A689,
0000B224,
0000C6F1,
0000D66D,
0000D624,
0000C6E1,
0000B425,
0000AC41,
0000B67C,
0000CE11,
0000E572,
0000EF93,
0000E8DB,
0000D995,
0000D031,
0000D750,
0000EE68,
00000A15,
00001BE6,
00001C37,
00000F67,
000002C8,
0000036E,
00001520,
00002FB7,
000044AC,
0000490C,
00003CF3,
00002B74,
000022F4,
00002B43,
00004038,
0000548C,
00005AFE,
00004F6A,
000039AC,
0000283A,
0000263B,
000033E6,
00004661,
00004F44,
0000468C,
00003023,
00001942,
00000F61,
00001708,
000028B7,
00003622,
0000340A,
00002207,
00000AD9,
0000FD0F,
00000108,
00001344,
000026C6,
00002E0D,
0000245C,
000010FC,
0000023E,
0000039B,
000015D2,
00002E60,
00003EB0,
00003E19,
00002FCC,
00002095,
00001E04,
00002D10,
000046A0,
00005C61,
0000628D,
000057FB,
000046DA,
00003DAA,
00004533,
00005A75,
000070AF,
00007A17,
0000714F,
00005D12,
00004B8B,
00004897,
0000559E,
0000689B,
000072FF,
00006BBA,
00005579,
00003CD6,
00002FB6,
000033C8,
000042A5,
00004E42,
00004AA4,
00003628,
00001AB3,
000006EB,
0000043C,
00001063,
00001F0E,
0000225C,
00001476,
0000FB99,
0000E5D6,
0000DF72,
0000EA79,
0000FD5C,
00000987,
00000569,
0000F304,
0000DE8B,
0000D601,
0000DF8B,
0000F538,
00000908,
00000E8A,
00000359,
0000F0BC,
0000E534,
0000EA7E,
0000FED2,
0000160D,
00002204,
00001C2B,
00000A10,
0000F97C,
0000F6EE,
000004FA,
00001A81,
000028E6,
00002618,
0000137B,
0000FCEE,
0000F09F,
0000F552,
000005B7,
00001419,
000013CB,
000001E9,
0000E75B,
0000D2BD,
0000CE63,
0000D948,
0000E7CE,
0000EBC8,
0000DE42,
0000C45C,
0000ABC9,
0000A17A,
0000A8C0,
0000B910,
0000C3F2,
0000BEF9,
0000AAF6,
00009375,
000086CD,
00008C4F,
00009F3F,
0000B218,
0000B7D6,
0000ACE7,
0000999D,
00008C70,
00009006,
0000A3DA,
0000BC8F,
0000CBB4,
0000C9A8,
0000BACB,
0000AC72,
0000ABAD,
0000BC43,
0000D60B,
0000EA7A,
0000EE97,
0000E27B,
0000D131,
0000C919,
0000D1FB,
0000E7A8,
0000FCD1,
0000042A,
0000F98D,
0000E4CB,
0000D453,
0000D345,
0000E1D1,
0000F518,
0000FEAD,
0000F687,
0000E08E,
0000C9F6,
0000C039,
0000C7DA,
0000D95C,
0000E672,
0000E3E0,
0000D142,
0000B95B,
0000AABE,
0000ADD2,
0000BF19,
0000D1A0,
0000D7ED,
0000CD48,
0000B905,
0000A979,
0000AA27,
0000BBD7,
0000D40A,
0000E433,
0000E3B0,
0000D5B8,
0000C71B,
0000C56D,
0000D5AA,
0000F0BB,
0000084B,
00001099,
0000087A,
0000FA1C,
0000F3FA,
0000FED9,
000017B6,
000031C9,
00003F43,
00003AC1,
00002AF2,
00001DFB,
00001FB2,
00003176,
00004938,
00005861,
000055D8,
00004443,
00003032,
00002784,
00002FE1,
000042DB,
00005262,
00005277,
00004173,
00002937,
00001869,
00001873,
00002713,
000037F8,
00003D45,
00003122,
000019D3,
0000056E,
0000003D,
00000C51,
00002023,
00002D26,
000029CE,
00001826,
00000469,
0000FCA0,
000006F6,
00001D83,
0000324D,
000038E8,
00002EF3,
00001DB8,
000013BE,
00001AC4,
00003102,
00004A59,
00005899,
00005536,
000045BC,
000037F0,
0000384E,
00004966,
0000620F,
000073A8,
00007419,
000064BE,
0000516C,
0000484D,
00005019,
0000637B,
000074B3,
0000770D,
0000679E,
00004F44,
00003C99,
000039E9,
0000462C,
000055BD,
00005A6E,
00004D48,
0000336A,
00001A87,
00000F91,
000015DA,
000024DD,
00002E22,
00002742,
00001115,
0000F72D,
0000E7E6,
0000EA9B,
0000FA95,
00000A58,
00000CEA,
0000FEC1,
0000E835,
0000D7C8,
0000D828,
0000E8D6,
0000FE7B;
